violation_type,frame,track_id,leader_track_id,class_name,lane,d
Tailgating,2,55,8.0,car,Outer,1.1660665351155686
Tailgating,3,55,8.0,car,Outer,1.212014513185922
Tailgating,4,55,8.0,car,Outer,1.242963751123718
Tailgating,7,55,8.0,car,Outer,1.3226525469073713
Tailgating,8,55,8.0,car,Outer,1.365044552947246
Tailgating,10,55,8.0,car,Outer,1.3304924483611094
Tailgating,11,55,84.0,car,Outer,0.6301874190236986
Tailgating,12,55,84.0,car,Outer,0.5944517542714974
Tailgating,13,55,84.0,car,Outer,0.5570368054143784
Tailgating,13,73,65.0,motorcycle,Outer,2.669286252352249
Tailgating,13,65,95.0,motorcycle,Outer,0.14186057396291804
Tailgating,14,55,84.0,car,Outer,0.5145233246988714
Tailgating,14,73,65.0,motorcycle,Outer,2.6690493892284652
Tailgating,14,65,95.0,motorcycle,Outer,0.10352238402652385
Tailgating,15,55,84.0,car,Outer,0.4698643184849292
Tailgating,15,73,65.0,motorcycle,Outer,2.6633179261062616
Tailgating,15,65,95.0,motorcycle,Outer,0.06450722335521271
Tailgating,16,73,65.0,motorcycle,Outer,2.6576717961696343
Tailgating,16,65,95.0,motorcycle,Outer,0.035408358393440746
Tailgating,17,73,65.0,motorcycle,Outer,2.6490592573711846
Tailgating,17,65,95.0,motorcycle,Outer,0.008899894960725328
Tailgating,18,73,95.0,motorcycle,Outer,2.62651455037711
Tailgating,18,65,101.0,motorcycle,Outer,3.3705955654334687
Tailgating,19,73,95.0,motorcycle,Outer,2.5941549376957878
Tailgating,20,73,95.0,motorcycle,Outer,2.5766912456722024
Tailgating,21,73,95.0,motorcycle,Outer,2.564681111464629
Tailgating,21,95,65.0,motorcycle,Outer,0.027616792699882434
Tailgating,22,73,95.0,motorcycle,Outer,2.5571786265603165
Tailgating,22,95,65.0,motorcycle,Outer,0.02325327607417198
Tailgating,23,73,95.0,motorcycle,Outer,2.5475548414666718
Tailgating,23,95,65.0,motorcycle,Outer,0.016672955372305637
Tailgating,24,73,95.0,motorcycle,Outer,2.5368815143095014
Tailgating,24,95,65.0,motorcycle,Outer,0.00997013808423509
Tailgating,25,73,95.0,motorcycle,Outer,2.526396623955539
Tailgating,25,95,65.0,motorcycle,Outer,0.0026444904645986254
Tailgating,26,73,65.0,motorcycle,Outer,2.5129679246179375
Tailgating,26,95,101.0,motorcycle,Outer,3.3152653906644707
Tailgating,27,73,65.0,motorcycle,Outer,2.4987127337814288
Tailgating,28,73,65.0,motorcycle,Outer,2.4838995168212925
Tailgating,29,73,65.0,motorcycle,Outer,2.4689387091244765
Tailgating,30,73,95.0,motorcycle,Outer,2.4620347479612903
Tailgating,30,65,116.0,motorcycle,Outer,2.3510050921535335
Tailgating,31,73,95.0,motorcycle,Outer,2.4548925532623795
Tailgating,31,95,65.0,motorcycle,Outer,0.0038732030600457834
Tailgating,31,65,116.0,motorcycle,Outer,2.328115620955974
Tailgating,32,73,121.0,motorcycle,Outer,0.5499703063020323
Tailgating,32,95,65.0,motorcycle,Outer,0.006319634988048433
Tailgating,32,65,116.0,motorcycle,Outer,2.304637683301546
Tailgating,33,73,121.0,motorcycle,Outer,0.46507273301340396
Tailgating,33,121,95.0,motorcycle,Outer,1.7937475085914407
Tailgating,33,95,65.0,motorcycle,Outer,0.007111948889643229
Tailgating,33,65,116.0,motorcycle,Outer,2.2786740554139993
Tailgating,34,55,84.0,car,Outer,0.404225936676062
Tailgating,34,73,121.0,motorcycle,Outer,0.3710374167324533
Tailgating,34,121,95.0,motorcycle,Outer,1.886049693668072
Tailgating,34,95,65.0,motorcycle,Outer,0.006497491435061036
Tailgating,34,65,116.0,motorcycle,Outer,2.253515068064095
Tailgating,35,55,84.0,car,Outer,0.4408952901647259
Tailgating,35,73,121.0,motorcycle,Outer,0.2968291389601864
Tailgating,35,121,95.0,motorcycle,Outer,1.961081356283577
Tailgating,35,95,65.0,motorcycle,Outer,0.005397734624415566
Tailgating,35,65,116.0,motorcycle,Outer,2.2400699234575328
Tailgating,36,55,84.0,car,Outer,0.4838612882485902
Tailgating,36,73,121.0,motorcycle,Outer,0.2276254872803403
Tailgating,36,121,95.0,motorcycle,Outer,2.0342389367979457
Tailgating,36,95,65.0,motorcycle,Outer,0.004911808106093516
Tailgating,36,65,116.0,motorcycle,Outer,2.22769461627084
Tailgating,37,55,84.0,car,Outer,0.5309051292316048
Tailgating,37,121,95.0,motorcycle,Outer,2.1098936116436775
Tailgating,37,95,65.0,motorcycle,Outer,0.0019185113182697137
Tailgating,38,55,84.0,car,Outer,0.5817485701256571
Tailgating,38,73,121.0,motorcycle,Outer,0.10002976437721252
Tailgating,38,121,65.0,motorcycle,Outer,2.174952391734667
Tailgating,39,55,84.0,car,Outer,0.6339527751077448
Tailgating,39,121,65.0,motorcycle,Outer,2.2854058700467847
Tailgating,40,55,84.0,car,Outer,0.6726720414059255
Tailgating,40,121,73.0,motorcycle,Outer,0.09620685251422356
Tailgating,40,73,65.0,motorcycle,Outer,2.4953383451493663
Tailgating,41,55,84.0,car,Outer,0.6981833115984428
Tailgating,41,121,73.0,motorcycle,Outer,0.18804917388483647
Tailgating,41,73,65.0,motorcycle,Outer,2.5193172081491584
Tailgating,42,121,73.0,motorcycle,Outer,0.27968879953116443
Tailgating,42,73,65.0,motorcycle,Outer,2.5461929868907998
Tailgating,43,55,84.0,car,Outer,0.6846717230391823
Tailgating,43,121,73.0,motorcycle,Outer,0.39066834044579385
Tailgating,44,55,84.0,car,Outer,0.6406311415308504
Tailgating,44,121,73.0,motorcycle,Outer,0.5079561682340421
Tailgating,44,73,65.0,motorcycle,Outer,2.5383526859647243
Tailgating,45,55,84.0,car,Outer,0.5883473000335688
Tailgating,45,121,73.0,motorcycle,Outer,0.6295118935486017
Tailgating,45,73,65.0,motorcycle,Outer,2.518512836560972
Tailgating,46,66,57.0,motorcycle,Outer,0.010004068613733715
Tailgating,46,55,84.0,car,Outer,0.5329218309845343
Tailgating,46,121,73.0,motorcycle,Outer,0.7565915489521697
Tailgating,46,73,65.0,motorcycle,Outer,2.49096132445369
Tailgating,47,55,84.0,car,Outer,0.4756668366129844
Tailgating,47,121,73.0,motorcycle,Outer,0.8873543072394157
Tailgating,47,73,65.0,motorcycle,Outer,2.455782433723431
Tailgating,48,55,84.0,car,Outer,0.4181203874990279
Tailgating,48,121,73.0,motorcycle,Outer,1.0077847580411396
Tailgating,48,73,65.0,motorcycle,Outer,2.4155168041537545
Tailgating,49,55,84.0,car,Outer,0.3752180204827711
Tailgating,49,121,73.0,motorcycle,Outer,1.1355757097807189
Tailgating,49,73,65.0,motorcycle,Outer,2.3710699652333314
Tailgating,50,121,73.0,motorcycle,Outer,1.2529257697914913
Tailgating,50,73,65.0,motorcycle,Outer,2.347984600606041
Tailgating,50,95,116.0,motorcycle,Outer,2.182465633198958
Tailgating,51,55,84.0,car,Outer,0.41271302756436573
Tailgating,51,121,73.0,motorcycle,Outer,1.3645760148472166
Tailgating,51,73,65.0,motorcycle,Outer,2.3422401598538234
Tailgating,51,65,95.0,motorcycle,Outer,0.04084142885585345
Tailgating,51,95,116.0,motorcycle,Outer,2.165335370751716
Tailgating,52,55,84.0,car,Outer,0.45559128469845295
Tailgating,52,121,73.0,motorcycle,Outer,1.4740019032645935
Tailgating,52,73,65.0,motorcycle,Outer,2.3456656700526173
Tailgating,52,65,95.0,motorcycle,Outer,0.04295793804454325
Tailgating,52,95,116.0,motorcycle,Outer,2.144131641378246
Tailgating,53,55,84.0,car,Outer,0.5043673608512561
Tailgating,53,121,73.0,motorcycle,Outer,1.5784990877163643
Tailgating,53,73,65.0,motorcycle,Outer,2.355412466504434
Tailgating,53,65,95.0,motorcycle,Outer,0.042692637493129564
Tailgating,53,95,116.0,motorcycle,Outer,2.121231070346144
Tailgating,54,57,66.0,motorcycle,Outer,0.06480720250590255
Tailgating,54,121,73.0,motorcycle,Outer,1.6831498820884676
Tailgating,54,73,65.0,motorcycle,Outer,2.3665089848756895
Tailgating,54,65,95.0,motorcycle,Outer,0.038601840213298884
Tailgating,54,95,116.0,motorcycle,Outer,2.102236498500745
Tailgating,55,57,66.0,motorcycle,Outer,0.05584519090084133
Tailgating,55,121,73.0,motorcycle,Outer,1.7881043415358693
Tailgating,55,73,65.0,motorcycle,Outer,2.377772155524571
Tailgating,55,65,95.0,motorcycle,Outer,0.03194662007675573
Tailgating,55,95,116.0,motorcycle,Outer,2.086371777430411
Tailgating,56,57,66.0,motorcycle,Outer,0.05970135225915028
Tailgating,56,66,55.0,motorcycle,Outer,1.7139364811529227
Tailgating,56,73,65.0,motorcycle,Outer,2.3895151981731573
Tailgating,56,65,95.0,motorcycle,Outer,0.02197496579442279
Tailgating,56,95,116.0,motorcycle,Outer,2.0728874876516645
Tailgating,57,66,55.0,motorcycle,Outer,1.695539924636966
Tailgating,57,55,84.0,car,Outer,0.49812426381014685
Tailgating,57,73,65.0,motorcycle,Outer,2.3973403595443536
Tailgating,57,65,95.0,motorcycle,Outer,0.01130250236259967
Tailgating,57,95,116.0,motorcycle,Outer,2.0651401859730005
Tailgating,58,57,66.0,motorcycle,Outer,0.0933326157623692
Tailgating,58,66,55.0,motorcycle,Outer,1.6908102535999907
Tailgating,58,55,84.0,car,Outer,0.46355492393754827
Tailgating,58,73,65.0,motorcycle,Outer,2.3969743273374764
Tailgating,58,65,95.0,motorcycle,Outer,0.004524935608712266
Tailgating,59,66,55.0,motorcycle,Outer,1.6946471248928818
Tailgating,59,55,84.0,car,Outer,0.4214258086399274
Tailgating,59,73,65.0,motorcycle,Outer,2.392102196338706
Tailgating,59,65,95.0,motorcycle,Outer,0.0016051497292310468
Tailgating,60,55,84.0,car,Outer,0.37544329254907866
Tailgating,60,73,95.0,motorcycle,Outer,2.3863366997071087
Tailgating,60,65,116.0,motorcycle,Outer,2.053486873920407
Tailgating,61,73,95.0,motorcycle,Outer,2.393538031384465
Tailgating,61,95,65.0,motorcycle,Outer,0.0012877663807266478
Tailgating,61,65,116.0,motorcycle,Outer,2.0465925507718468
Tailgating,62,57,66.0,motorcycle,Outer,0.2201037267669257
Tailgating,62,73,95.0,motorcycle,Outer,2.4092738995734773
Tailgating,62,95,65.0,motorcycle,Outer,0.0010081242862227675
Tailgating,62,65,116.0,motorcycle,Outer,2.039688647899242
Tailgating,63,57,66.0,motorcycle,Outer,0.2588650714433601
Tailgating,63,73,95.0,motorcycle,Outer,2.428644126128572
Tailgating,63,95,65.0,motorcycle,Outer,0.0004952507912278222
Tailgating,63,65,116.0,motorcycle,Outer,2.033557701173707
Tailgating,64,122,73.0,person,Outer,2.947992874727215
Tailgating,64,73,65.0,motorcycle,Outer,2.4538105547221396
Tailgating,64,65,95.0,motorcycle,Outer,0.00029372707003586966
Tailgating,64,95,116.0,motorcycle,Outer,2.024478163676609
Tailgating,65,122,73.0,person,Outer,2.8461296058286885
Tailgating,65,73,65.0,motorcycle,Outer,2.480539708349531
Tailgating,65,65,95.0,motorcycle,Outer,0.0013078702960537575
Tailgating,65,95,116.0,motorcycle,Outer,2.014017701885674
Tailgating,66,122,73.0,person,Outer,2.722658183016274
Tailgating,66,73,65.0,motorcycle,Outer,2.5107562045028162
Tailgating,66,65,95.0,motorcycle,Outer,0.000998932967106077
Tailgating,66,95,116.0,motorcycle,Outer,2.005291546264263
Tailgating,67,122,73.0,person,Outer,2.5857289880753624
Tailgating,67,73,65.0,motorcycle,Outer,2.5428353407664916
Tailgating,67,65,95.0,motorcycle,Outer,0.0016812508267404092
Tailgating,67,95,116.0,motorcycle,Outer,1.9973438336659932
Tailgating,68,57,66.0,motorcycle,Outer,0.1830193029025932
Tailgating,68,122,73.0,person,Outer,2.4474324568050374
Tailgating,69,57,66.0,motorcycle,Outer,0.14313483586022743
Tailgating,69,55,84.0,car,Outer,0.40173464736286457
Tailgating,69,122,73.0,person,Outer,2.3124121319598294
Tailgating,70,57,66.0,motorcycle,Outer,0.10214486852746303
Tailgating,70,122,73.0,person,Outer,2.1764388543769333
Tailgating,71,122,73.0,person,Outer,2.1219628826955237
Tailgating,73,57,66.0,motorcycle,Outer,0.14199952382923742
Tailgating,73,55,84.0,car,Outer,0.4508022862583195
Tailgating,74,57,66.0,motorcycle,Outer,0.18090545742017383
Tailgating,74,55,84.0,car,Outer,0.4851314978615588
Tailgating,74,73,65.0,motorcycle,Outer,2.6237688686651297
Tailgating,75,57,66.0,motorcycle,Outer,0.224675490691993
Tailgating,75,55,84.0,car,Outer,0.525087787034404
Tailgating,75,73,65.0,motorcycle,Outer,2.6061165906980612
Tailgating,76,57,66.0,motorcycle,Outer,0.27041695654082715
Tailgating,76,55,84.0,car,Outer,0.5677272353208033
Tailgating,76,73,65.0,motorcycle,Outer,2.577482323621076
Tailgating,77,57,66.0,motorcycle,Outer,0.31602486126952223
Tailgating,77,73,65.0,motorcycle,Outer,2.539743257638325
Tailgating,78,57,66.0,motorcycle,Outer,0.34958525440909444
Tailgating,78,73,65.0,motorcycle,Outer,2.4936023054677774
Tailgating,79,73,65.0,motorcycle,Outer,2.446874174598636
Tailgating,80,73,65.0,motorcycle,Outer,2.4059124819137008
Tailgating,81,55,84.0,car,Outer,0.5174249285873707
Tailgating,81,73,65.0,motorcycle,Outer,2.3784930905388455
Tailgating,82,55,84.0,car,Outer,0.4819269936802499
Tailgating,82,73,65.0,motorcycle,Outer,2.360639713291206
Tailgating,83,55,84.0,car,Outer,0.44290332776238456
Tailgating,83,73,65.0,motorcycle,Outer,2.2847796820124717
Tailgating,83,65,95.0,motorcycle,Outer,0.0003084409686739462
Tailgating,84,73,95.0,motorcycle,Outer,2.2319355452680583
Tailgating,84,95,65.0,motorcycle,Outer,0.0011885238617196563
Tailgating,84,65,116.0,motorcycle,Outer,2.0256315997928986
Tailgating,85,73,95.0,motorcycle,Outer,2.2019065464660534
Tailgating,85,95,65.0,motorcycle,Outer,0.0023584129109134214
Tailgating,85,65,116.0,motorcycle,Outer,2.0269056934281924
Tailgating,86,73,95.0,motorcycle,Outer,2.184736242025754
Tailgating,86,95,65.0,motorcycle,Outer,0.0019672240530953867
Tailgating,86,65,116.0,motorcycle,Outer,2.033581280424212
Tailgating,87,137,140.0,person,Outer,2.172754798087642
Tailgating,87,73,95.0,motorcycle,Outer,2.174095873722501
Tailgating,87,95,65.0,motorcycle,Outer,0.0015290377460898653
Tailgating,87,65,116.0,motorcycle,Outer,2.042858275396533
Tailgating,88,137,140.0,person,Outer,2.2063153571195935
Tailgating,89,55,84.0,car,Outer,0.45831896588470267
Tailgating,89,137,140.0,person,Outer,2.2396878770781314
Tailgating,90,55,84.0,car,Outer,0.4976621060666949
Tailgating,90,137,140.0,person,Outer,2.273574738638535
Tailgating,91,55,84.0,car,Outer,0.5395832589652041
Tailgating,91,137,140.0,person,Outer,2.308503945178859
Tailgating,91,73,65.0,motorcycle,Outer,2.127485773774597
Tailgating,92,55,84.0,car,Outer,0.582911078437472
Tailgating,92,137,140.0,person,Outer,2.3430222209331015
Tailgating,92,73,65.0,motorcycle,Outer,2.0732477663032514
Tailgating,92,95,116.0,motorcycle,Outer,2.090024891423173
Tailgating,93,55,84.0,car,Outer,0.6292456275716335
Tailgating,93,137,140.0,person,Outer,2.3810651758096575
Tailgating,93,73,65.0,motorcycle,Outer,2.0036711564312206
Tailgating,93,65,95.0,motorcycle,Outer,0.011930068950958429
Tailgating,93,95,116.0,motorcycle,Outer,2.087779788542518
Tailgating,94,55,84.0,car,Outer,0.6616850191266619
Tailgating,94,73,65.0,motorcycle,Outer,1.9285822916940036
Tailgating,94,65,95.0,motorcycle,Outer,0.012567375713759269
Tailgating,94,95,116.0,motorcycle,Outer,2.0809042003349734
Tailgating,95,73,65.0,motorcycle,Outer,1.8502878564399206
Tailgating,95,65,95.0,motorcycle,Outer,0.012595688965606254
Tailgating,95,95,116.0,motorcycle,Outer,2.071057775609629
Tailgating,96,73,65.0,motorcycle,Outer,1.770739289867635
Tailgating,96,65,95.0,motorcycle,Outer,0.012171508319097326
Tailgating,96,95,116.0,motorcycle,Outer,2.057057853216875
Tailgating,97,73,65.0,motorcycle,Outer,1.7640304736466814
Tailgating,97,65,95.0,motorcycle,Outer,0.011209220157655653
Tailgating,97,95,116.0,motorcycle,Outer,2.0402840224502232
Tailgating,98,55,84.0,car,Outer,0.667064801541987
Tailgating,98,73,65.0,motorcycle,Outer,1.7685899692074365
Tailgating,98,65,95.0,motorcycle,Outer,0.008151531646666708
Tailgating,98,95,116.0,motorcycle,Outer,2.0300152086143846
Tailgating,99,55,84.0,car,Outer,0.6293473322663622
Tailgating,99,65,95.0,motorcycle,Outer,0.003908782874862731
Tailgating,99,95,116.0,motorcycle,Outer,2.0262218014963365
Tailgating,100,55,84.0,car,Outer,0.591381604374965
Tailgating,100,65,95.0,motorcycle,Outer,0.0009239253577775989
Tailgating,100,95,116.0,motorcycle,Outer,2.0246981650039686
Tailgating,101,55,84.0,car,Outer,0.5616138176568396
Tailgating,101,95,65.0,motorcycle,Outer,0.0001110260069726256
Tailgating,101,65,116.0,motorcycle,Outer,2.0278394885818867
Tailgating,102,55,84.0,car,Outer,0.5360188364680204
Tailgating,102,65,116.0,motorcycle,Outer,2.0333959870605285
Tailgating,103,55,84.0,car,Outer,0.5004678283952826
Tailgating,103,95,65.0,motorcycle,Outer,0.0006773986767330365
Tailgating,103,65,116.0,motorcycle,Outer,2.04097041236746
Tailgating,104,55,84.0,car,Outer,0.45672949515036226
Tailgating,104,95,65.0,motorcycle,Outer,0.00018038850265398134
Tailgating,104,65,116.0,motorcycle,Outer,2.0511649900355104
Tailgating,105,95,65.0,motorcycle,Outer,6.585956850061298e-05
Tailgating,105,65,116.0,motorcycle,Outer,2.0624762113827626
Tailgating,107,156,87.0,motorcycle,Outer,1.5309437919196038
Tailgating,107,15,92.0,car,Outer,1.4165588349487122
Tailgating,108,55,84.0,car,Outer,0.3857594341478479
Tailgating,109,55,84.0,car,Outer,0.3531767405971277
Tailgating,110,156,87.0,motorcycle,Outer,1.5713485135984568
Tailgating,110,55,84.0,car,Outer,0.3301212179557462
Tailgating,111,156,87.0,motorcycle,Outer,1.591219324846419
Tailgating,112,156,87.0,motorcycle,Outer,1.6070284042182792
Tailgating,113,156,87.0,motorcycle,Outer,1.6508533689540812
Tailgating,114,156,87.0,motorcycle,Outer,1.6919203692159785
Tailgating,114,65,116.0,motorcycle,Outer,2.1946143431015224
Tailgating,115,156,87.0,motorcycle,Outer,1.733942821759788
Tailgating,115,65,116.0,motorcycle,Outer,2.205980886802263
Tailgating,116,156,87.0,motorcycle,Outer,1.7744447393935099
Tailgating,116,87,1.0,motorcycle,Outer,1.9955321923854534
Tailgating,116,158,37.0,motorcycle,Outer,0.4640107118402969
Tailgating,116,65,116.0,motorcycle,Outer,2.2167545186123285
Tailgating,117,156,87.0,motorcycle,Outer,1.8154448341762035
Tailgating,117,158,37.0,motorcycle,Outer,0.5088695475208044
Tailgating,117,65,116.0,motorcycle,Outer,2.2303609750518723
Tailgating,118,156,87.0,motorcycle,Outer,1.8523038428302478
Tailgating,119,156,87.0,motorcycle,Outer,1.890735719993975
Tailgating,120,156,87.0,motorcycle,Outer,1.9306300650152395
Tailgating,121,156,87.0,motorcycle,Outer,1.971210598765262
Tailgating,121,57,66.0,motorcycle,Outer,0.37300159919541226
Tailgating,121,158,37.0,motorcycle,Outer,0.6031487728858744
Tailgating,122,156,87.0,motorcycle,Outer,2.013061065395956
Tailgating,122,57,1.0,motorcycle,Outer,0.011540695695751854
Tailgating,122,158,37.0,motorcycle,Outer,0.6628513424255471
Tailgating,123,109,83.0,motorcycle,Inner,0.8689077940364822
Tailgating,123,156,87.0,motorcycle,Outer,2.0580821776853226
Tailgating,123,158,37.0,motorcycle,Outer,0.7071518528222637
Tailgating,123,73,95.0,motorcycle,Outer,2.330514133687645
Tailgating,124,109,83.0,motorcycle,Inner,0.8806437784388476
Tailgating,124,156,87.0,motorcycle,Outer,2.1025960581281224
Tailgating,124,158,37.0,motorcycle,Outer,0.7579515949058855
Tailgating,124,73,95.0,motorcycle,Outer,2.2848707567806543
Tailgating,125,109,83.0,motorcycle,Inner,0.8911073808959353
Tailgating,125,156,87.0,motorcycle,Outer,2.1468329714953973
Tailgating,125,158,37.0,motorcycle,Outer,0.8219334273115916
Tailgating,125,73,65.0,motorcycle,Outer,2.258806966028949
Tailgating,125,95,116.0,motorcycle,Outer,2.380536689475481
Tailgating,126,156,87.0,motorcycle,Outer,2.192030634046709
Tailgating,126,158,37.0,motorcycle,Outer,0.8861622573279085
Tailgating,126,73,65.0,motorcycle,Outer,2.243474745931847
Tailgating,127,109,83.0,motorcycle,Inner,0.9089163112937769
Tailgating,127,156,87.0,motorcycle,Outer,2.2347073388788012
Tailgating,127,158,37.0,motorcycle,Outer,0.9440586248256165
Tailgating,127,73,65.0,motorcycle,Outer,2.2368646355530037
Tailgating,128,156,87.0,motorcycle,Outer,2.2720517758996537
Tailgating,128,15,92.0,car,Outer,0.9843997894625323
Tailgating,128,158,37.0,motorcycle,Outer,0.9914149491109444
Tailgating,128,73,65.0,motorcycle,Outer,2.2359005422985914
Tailgating,129,156,87.0,motorcycle,Outer,2.309722932748531
Tailgating,129,55,84.0,car,Outer,0.39172187393026675
Tailgating,129,158,37.0,motorcycle,Outer,1.0384984183807875
Tailgating,129,73,65.0,motorcycle,Outer,2.237011812077673
Tailgating,130,156,87.0,motorcycle,Outer,2.3479368009677413
Tailgating,130,55,84.0,car,Outer,0.4276033849728136
Tailgating,130,158,37.0,motorcycle,Outer,1.1004842394251433
Tailgating,130,73,65.0,motorcycle,Outer,2.311282542470779
Tailgating,131,156,87.0,motorcycle,Outer,2.3884904955785204
Tailgating,131,55,84.0,car,Outer,0.46453010304392534
Tailgating,131,158,37.0,motorcycle,Outer,1.1512563828927422
Tailgating,131,73,65.0,motorcycle,Outer,2.3759209121117153
Tailgating,132,156,87.0,motorcycle,Outer,2.431103892200141
Tailgating,132,87,1.0,motorcycle,Outer,2.27105622519761
Tailgating,132,55,84.0,car,Outer,0.5025853239282776
Tailgating,132,15,92.0,car,Outer,0.9822934629635258
Tailgating,132,158,37.0,motorcycle,Outer,1.1962937231100303
Tailgating,132,73,65.0,motorcycle,Outer,2.4187924211449667
Tailgating,132,65,95.0,motorcycle,Outer,9.484552732613337e-05
Tailgating,133,156,87.0,motorcycle,Outer,2.475002226689818
Tailgating,133,55,84.0,car,Outer,0.5450572852634894
Tailgating,133,158,37.0,motorcycle,Outer,1.244768198001611
Tailgating,133,73,95.0,motorcycle,Outer,2.3877443052820384
Tailgating,133,95,65.0,motorcycle,Outer,0.00012475403344651436
Tailgating,134,156,87.0,motorcycle,Outer,2.524416553344694
Tailgating,134,55,84.0,car,Outer,0.5758337333857501
Tailgating,134,158,37.0,motorcycle,Outer,1.2952553376766995
Tailgating,134,73,95.0,motorcycle,Outer,2.3254735780959193
Tailgating,134,95,65.0,motorcycle,Outer,0.0005819374300683257
Tailgating,135,156,162.0,motorcycle,Outer,1.9104268381002951
Tailgating,135,55,84.0,car,Outer,0.6043793972921724
Tailgating,135,158,37.0,motorcycle,Outer,1.3480507318976847
Tailgating,135,73,95.0,motorcycle,Outer,2.2485692055990216
Tailgating,135,95,65.0,motorcycle,Outer,0.0012408958588695103
Tailgating,136,156,162.0,motorcycle,Outer,1.9506094216217458
Tailgating,136,158,37.0,motorcycle,Outer,1.405955576732517
Tailgating,136,73,95.0,motorcycle,Outer,2.1631705307842446
Tailgating,137,109,83.0,motorcycle,Inner,0.9708778048529583
Tailgating,137,156,162.0,motorcycle,Outer,1.984654890814165
Tailgating,137,162,87.0,motorcycle,Outer,0.6360974939707499
Tailgating,137,15,92.0,car,Outer,0.9989480569500163
Tailgating,137,158,37.0,motorcycle,Outer,1.4551872517512388
Tailgating,137,73,95.0,motorcycle,Outer,2.07281776556495
Tailgating,138,109,83.0,motorcycle,Inner,0.975338003215654
Tailgating,138,156,162.0,motorcycle,Outer,2.020933518189173
Tailgating,138,158,37.0,motorcycle,Outer,1.5039324644433094
Tailgating,138,73,95.0,motorcycle,Outer,1.9671662801746015
Tailgating,139,109,83.0,motorcycle,Inner,0.987320756120428
Tailgating,139,156,162.0,motorcycle,Outer,2.0561641680036136
Tailgating,139,158,37.0,motorcycle,Outer,1.5563467666990773
Tailgating,139,73,95.0,motorcycle,Outer,1.8637766345887699
Tailgating,140,109,83.0,motorcycle,Inner,1.006180659177962
Tailgating,140,156,162.0,motorcycle,Outer,2.090899168021813
Tailgating,140,73,95.0,motorcycle,Outer,1.8381157011177591
Tailgating,141,109,83.0,motorcycle,Inner,1.0328746699103324
Tailgating,141,156,162.0,motorcycle,Outer,2.1247059610659176
Tailgating,141,162,87.0,motorcycle,Outer,0.6960368827273615
Tailgating,142,109,83.0,motorcycle,Inner,1.0526062539879832
Tailgating,142,156,162.0,motorcycle,Outer,2.136032128179713
Tailgating,142,162,87.0,motorcycle,Outer,0.7360462368986422
Tailgating,142,87,163.0,motorcycle,Outer,2.3650664136444974
Tailgating,142,73,95.0,motorcycle,Outer,1.8923337549933215
Tailgating,143,109,83.0,motorcycle,Inner,1.0690159967842074
Tailgating,143,166,156.0,motorcycle,Outer,3.9884041126126952
Tailgating,143,156,162.0,motorcycle,Outer,2.1496456620098705
Tailgating,143,162,87.0,motorcycle,Outer,0.7753514337311375
Tailgating,143,73,95.0,motorcycle,Outer,1.9535285632095043
Tailgating,144,109,83.0,motorcycle,Inner,1.0867453326459586
Tailgating,144,166,156.0,motorcycle,Outer,3.851365247199786
Tailgating,144,156,162.0,motorcycle,Outer,2.164958646659248
Tailgating,144,162,87.0,motorcycle,Outer,0.8134537566446043
Tailgating,144,73,95.0,motorcycle,Outer,2.026864305816866
Tailgating,145,109,83.0,motorcycle,Inner,1.107814622984031
Tailgating,145,166,156.0,motorcycle,Outer,3.719801334408118
Tailgating,145,156,162.0,motorcycle,Outer,2.179726264324642
Tailgating,145,162,87.0,motorcycle,Outer,0.8527106429283553
Tailgating,145,73,95.0,motorcycle,Outer,2.105514762339774
Tailgating,146,156,162.0,motorcycle,Outer,2.1956612945863805
Tailgating,146,162,87.0,motorcycle,Outer,0.892138406962742
Tailgating,146,73,95.0,motorcycle,Outer,2.1872438474533653
Tailgating,147,156,162.0,motorcycle,Outer,2.2116231733379115
Tailgating,147,162,87.0,motorcycle,Outer,0.9320689847816522
Tailgating,147,73,95.0,motorcycle,Outer,2.2492971423740045
Tailgating,148,156,162.0,motorcycle,Outer,2.225854098365748
Tailgating,148,162,87.0,motorcycle,Outer,0.9677127797675099
Tailgating,148,164,122.0,car,Outer,0.8943871369655506
Tailgating,148,73,95.0,motorcycle,Outer,2.289549988683031
Tailgating,149,156,162.0,motorcycle,Outer,2.2392838235630443
Tailgating,149,162,87.0,motorcycle,Outer,1.005298540444507
Tailgating,149,164,122.0,car,Outer,0.8541298435139814
Tailgating,149,73,95.0,motorcycle,Outer,2.312522427043108
Tailgating,150,156,162.0,motorcycle,Outer,2.2516750272534884
Tailgating,150,162,87.0,motorcycle,Outer,1.045555050780039
Tailgating,150,87,163.0,motorcycle,Outer,2.452133861000706
Tailgating,150,164,122.0,car,Outer,0.8129015434956895
Tailgating,150,73,95.0,motorcycle,Outer,2.3171541585709945
Tailgating,151,156,162.0,motorcycle,Outer,2.2625084295598312
Tailgating,151,162,87.0,motorcycle,Outer,1.0890415575703678
Tailgating,151,87,163.0,motorcycle,Outer,2.462273549459674
Tailgating,151,164,122.0,car,Outer,0.7724124704721848
Tailgating,152,109,83.0,motorcycle,Inner,1.2947264520760722
Tailgating,152,156,162.0,motorcycle,Outer,2.2719978825311564
Tailgating,152,162,87.0,motorcycle,Outer,1.1347861742519094
Tailgating,152,87,163.0,motorcycle,Outer,2.471956828894097
Tailgating,152,164,122.0,car,Outer,0.7316761654007583
Tailgating,153,156,162.0,motorcycle,Outer,2.2811709831679376
Tailgating,153,162,87.0,motorcycle,Outer,1.1814444835123683
Tailgating,153,87,163.0,motorcycle,Outer,2.481579142726006
Tailgating,153,164,122.0,car,Outer,0.6904538670049951
Tailgating,154,156,162.0,motorcycle,Outer,2.2913943811907767
Tailgating,154,162,87.0,motorcycle,Outer,1.2271664716405317
Tailgating,154,164,122.0,car,Outer,0.6477166534043112
Tailgating,155,156,162.0,motorcycle,Outer,2.302271590016222
Tailgating,155,162,87.0,motorcycle,Outer,1.2721059476958183
Tailgating,155,164,122.0,car,Outer,0.6038431725553662
Tailgating,156,156,162.0,motorcycle,Outer,2.314869228735428
Tailgating,156,162,87.0,motorcycle,Outer,1.3137845264016879
Tailgating,156,164,122.0,car,Outer,0.5608176191191728
Tailgating,157,156,162.0,motorcycle,Outer,2.328306484246658
Tailgating,157,162,87.0,motorcycle,Outer,1.354231137293533
Tailgating,157,87,163.0,motorcycle,Outer,2.514965011208143
Tailgating,157,164,122.0,car,Outer,0.5194041667712193
Tailgating,158,156,162.0,motorcycle,Outer,2.3432014028268067
Tailgating,158,162,87.0,motorcycle,Outer,1.386525863285053
Tailgating,158,87,163.0,motorcycle,Outer,2.5277049745672175
Tailgating,158,164,122.0,car,Outer,0.48243999418773037
Tailgating,158,73,95.0,motorcycle,Outer,2.232782273576992
Tailgating,159,156,162.0,motorcycle,Outer,2.358633285352576
Tailgating,159,162,87.0,motorcycle,Outer,1.4184869722798428
Tailgating,159,87,163.0,motorcycle,Outer,2.5439412897196587
Tailgating,159,55,84.0,car,Outer,0.6140175569329818
Tailgating,159,164,122.0,car,Outer,0.4438888626280763
Tailgating,159,73,95.0,motorcycle,Outer,2.2117737168218663
Tailgating,159,171,134.0,car,Outer,1.0940228004991195
Tailgating,160,156,162.0,motorcycle,Outer,2.3751063831229975
Tailgating,160,162,87.0,motorcycle,Outer,1.4483479191717947
Tailgating,160,87,163.0,motorcycle,Outer,2.563726321794503
Tailgating,160,55,84.0,car,Outer,0.5874975678617134
Tailgating,160,164,122.0,car,Outer,0.4035788570811477
Tailgating,160,73,95.0,motorcycle,Outer,2.188038989156209
Tailgating,160,171,134.0,car,Outer,1.2415942615478326
Tailgating,161,156,162.0,motorcycle,Outer,2.389701340762781
Tailgating,161,162,87.0,motorcycle,Outer,1.4859183685244624
Tailgating,161,164,122.0,car,Outer,0.3626569850185634
Tailgating,161,73,95.0,motorcycle,Outer,2.1608795100240803
Tailgating,161,171,134.0,car,Outer,1.2351773333753322
Tailgating,162,156,162.0,motorcycle,Outer,2.403342045762503
Tailgating,162,162,87.0,motorcycle,Outer,1.5288493469957
Tailgating,162,164,122.0,car,Outer,0.3213180856651515
Tailgating,162,73,95.0,motorcycle,Outer,2.1314852475156822
Tailgating,162,171,134.0,car,Outer,1.2374179973567538
Tailgating,163,156,162.0,motorcycle,Outer,2.415832992665541
Tailgating,163,162,87.0,motorcycle,Outer,1.5781585393084419
Tailgating,163,164,122.0,car,Outer,0.279294934079093
Tailgating,163,73,95.0,motorcycle,Outer,2.1060970275774498
Tailgating,163,171,134.0,car,Outer,1.236438181446407
Tailgating,164,156,162.0,motorcycle,Outer,2.428833829332753
Tailgating,164,162,87.0,motorcycle,Outer,1.6260988348975822
Tailgating,164,164,122.0,car,Outer,0.2356388681091312
Tailgating,164,171,134.0,car,Outer,1.229293519741366
Tailgating,165,156,162.0,motorcycle,Outer,2.4409096199063405
Tailgating,165,162,87.0,motorcycle,Outer,1.6986463213349106
Tailgating,165,164,122.0,car,Outer,0.19043659918736922
Tailgating,165,171,134.0,car,Outer,1.188286901459347
Tailgating,166,156,162.0,motorcycle,Outer,2.4546070225586982
Tailgating,166,162,87.0,motorcycle,Outer,1.7796844470567075
Tailgating,166,164,122.0,car,Outer,0.14587815467959933
Tailgating,166,171,134.0,car,Outer,1.1424495453749268
Tailgating,167,156,162.0,motorcycle,Outer,2.467630963852722
Tailgating,167,162,87.0,motorcycle,Outer,1.8725629796494692
Tailgating,167,87,1.0,motorcycle,Outer,2.5987448594876565
Tailgating,167,164,122.0,car,Outer,0.10273948424088136
Tailgating,167,171,134.0,car,Outer,1.0931605813580152
Tailgating,168,156,162.0,motorcycle,Outer,2.4804200100618266
Tailgating,168,162,87.0,motorcycle,Outer,1.9531753757678778
Tailgating,168,55,84.0,car,Outer,0.5066340711753518
Tailgating,168,164,122.0,car,Outer,0.06455840500540984
Tailgating,168,171,134.0,car,Outer,1.047207814690811
Tailgating,169,156,162.0,motorcycle,Outer,2.495788562495892
Tailgating,169,162,87.0,motorcycle,Outer,2.0139557160119677
Tailgating,169,87,1.0,motorcycle,Outer,2.5670452508807653
Tailgating,169,55,84.0,car,Outer,0.46912451359832535
Tailgating,169,164,122.0,car,Outer,0.027164479782072294
Tailgating,169,171,134.0,car,Outer,0.9980485222275832
Tailgating,170,156,162.0,motorcycle,Outer,2.5141811254448094
Tailgating,170,162,87.0,motorcycle,Outer,2.060095377991465
Tailgating,170,87,1.0,motorcycle,Outer,2.5761012661685285
Tailgating,170,55,84.0,car,Outer,0.4261003965509378
Tailgating,170,171,134.0,car,Outer,0.9794652777622601
Tailgating,171,156,162.0,motorcycle,Outer,2.530740471228106
Tailgating,171,162,87.0,motorcycle,Outer,2.1032197462340383
Tailgating,171,87,1.0,motorcycle,Outer,2.5913456446197323
Tailgating,171,55,84.0,car,Outer,0.38148371877149784
Tailgating,171,171,134.0,car,Outer,0.9497132350839641
Tailgating,172,156,162.0,motorcycle,Outer,2.5459049486389262
Tailgating,172,162,87.0,motorcycle,Outer,2.1218475547944835
Tailgating,172,87,1.0,motorcycle,Outer,2.632088639780505
Tailgating,172,55,84.0,car,Outer,0.3355972129825623
Tailgating,172,171,134.0,car,Outer,0.9134139612500545
Tailgating,173,156,162.0,motorcycle,Outer,2.5609468561479156
Tailgating,173,162,87.0,motorcycle,Outer,2.129574897833497
Tailgating,173,87,1.0,motorcycle,Outer,2.682255460178058
Tailgating,173,171,134.0,car,Outer,0.880041377956622
Tailgating,174,156,162.0,motorcycle,Outer,2.5785247931671473
Tailgating,174,162,87.0,motorcycle,Outer,2.124292002812091
Tailgating,174,87,1.0,motorcycle,Outer,2.7425468063356417
Tailgating,174,171,134.0,car,Outer,0.8505011211214232
Tailgating,175,156,162.0,motorcycle,Outer,2.597897574520835
Tailgating,175,162,87.0,motorcycle,Outer,2.121045065972449
Tailgating,175,87,1.0,motorcycle,Outer,2.8034176873968994
Tailgating,175,171,134.0,car,Outer,0.8229790110701666
Tailgating,176,156,162.0,motorcycle,Outer,2.61493855609518
Tailgating,176,162,87.0,motorcycle,Outer,2.1334906644679354
Tailgating,176,87,1.0,motorcycle,Outer,2.8505057119978288
Tailgating,176,171,134.0,car,Outer,0.795203634898815
Tailgating,177,156,162.0,motorcycle,Outer,2.6223574395183187
Tailgating,177,162,87.0,motorcycle,Outer,2.15776434971238
Tailgating,177,87,1.0,motorcycle,Outer,2.8878496928530075
Tailgating,177,176,140.0,person,Outer,2.2166354179943943
Tailgating,177,171,134.0,car,Outer,0.7358615695425211
Tailgating,178,156,162.0,motorcycle,Outer,2.6254736139569435
Tailgating,178,162,87.0,motorcycle,Outer,2.184308931853724
Tailgating,178,87,1.0,motorcycle,Outer,2.91792448806283
Tailgating,178,176,140.0,person,Outer,2.2201550386458173
Tailgating,178,171,134.0,car,Outer,0.6931673351739651
Tailgating,179,156,162.0,motorcycle,Outer,2.623271341147391
Tailgating,179,162,87.0,motorcycle,Outer,2.2143767978611284
Tailgating,179,87,1.0,motorcycle,Outer,2.9480802120500806
Tailgating,179,66,55.0,motorcycle,Outer,1.8895935294318604
Tailgating,179,176,140.0,person,Outer,2.221408881941331
Tailgating,179,171,134.0,car,Outer,0.6558326079825002
Tailgating,180,156,162.0,motorcycle,Outer,2.617281852417123
Tailgating,180,162,87.0,motorcycle,Outer,2.2483353524661376
Tailgating,180,87,1.0,motorcycle,Outer,2.977545670110454
Tailgating,180,66,55.0,motorcycle,Outer,1.8487533952011088
Tailgating,180,177,171.0,person,Outer,2.6179356101270232
Tailgating,180,171,134.0,car,Outer,0.6210959915456299
Tailgating,181,156,162.0,motorcycle,Outer,2.601398777426976
Tailgating,181,162,87.0,motorcycle,Outer,2.2874166474165776
Tailgating,181,87,1.0,motorcycle,Outer,3.00537647969479
Tailgating,181,164,178.0,car,Outer,0.13437918641696725
Tailgating,181,177,171.0,person,Outer,2.6392484320686127
Tailgating,181,171,134.0,car,Outer,0.5859873461292602
Tailgating,182,156,162.0,motorcycle,Outer,2.579630769690331
Tailgating,182,162,87.0,motorcycle,Outer,2.3290900366681835
Tailgating,182,87,1.0,motorcycle,Outer,3.0319464587426324
Tailgating,182,164,178.0,car,Outer,0.08876863883779962
Tailgating,182,177,171.0,person,Outer,2.677281361833455
Tailgating,182,171,134.0,car,Outer,0.5500372819554541
Tailgating,183,156,162.0,motorcycle,Outer,2.5555881430853193
Tailgating,183,162,87.0,motorcycle,Outer,2.3717862630079485
Tailgating,183,87,1.0,motorcycle,Outer,3.0585905173599106
Tailgating,183,57,66.0,motorcycle,Outer,0.2245613560596238
Tailgating,183,164,178.0,car,Outer,0.07832666636084779
Tailgating,183,177,171.0,person,Outer,2.7159664583976184
Tailgating,183,171,134.0,car,Outer,0.5144712903933091
Tailgating,184,156,162.0,motorcycle,Outer,2.5339329211538972
Tailgating,184,162,87.0,motorcycle,Outer,2.415563944075508
Tailgating,184,87,1.0,motorcycle,Outer,3.0836827178772346
Tailgating,184,57,66.0,motorcycle,Outer,0.11825207260904466
Tailgating,184,164,178.0,car,Outer,0.058134062893961364
Tailgating,184,177,171.0,person,Outer,2.751099574402524
Tailgating,184,171,134.0,car,Outer,0.48175223474191026
Tailgating,185,109,83.0,motorcycle,Inner,1.7064710791366897
Tailgating,185,156,162.0,motorcycle,Outer,2.5137199484529487
Tailgating,185,162,87.0,motorcycle,Outer,2.4591297643471166
Tailgating,185,87,1.0,motorcycle,Outer,3.108239142261822
Tailgating,185,66,57.0,motorcycle,Outer,0.013575525353133689
Tailgating,185,57,55.0,motorcycle,Outer,2.0777360235319917
Tailgating,185,164,178.0,car,Outer,0.028928815575451402
Tailgating,185,177,171.0,person,Outer,2.791252542536667
Tailgating,185,171,134.0,car,Outer,0.4500401774593159
Tailgating,186,109,83.0,motorcycle,Inner,1.6453691348949484
Tailgating,186,156,162.0,motorcycle,Outer,2.4946408512573863
Tailgating,186,162,87.0,motorcycle,Outer,2.5035115494263787
Tailgating,186,87,1.0,motorcycle,Outer,3.13089237850079
Tailgating,186,66,57.0,motorcycle,Outer,0.15751495111641423
Tailgating,186,57,55.0,motorcycle,Outer,1.9564602863493883
Tailgating,186,164,178.0,car,Outer,0.0031212577034480985
Tailgating,186,177,171.0,person,Outer,2.789203190170447
Tailgating,186,171,134.0,car,Outer,0.41919874561819226
Tailgating,187,109,83.0,motorcycle,Inner,1.5743430070331201
Tailgating,187,156,162.0,motorcycle,Outer,2.4903197437436613
Tailgating,187,162,87.0,motorcycle,Outer,2.545814909832772
Tailgating,187,87,10.0,motorcycle,Outer,1.8980510743381784
Tailgating,187,10,130.0,car,Outer,0.0075284889047284795
Tailgating,187,130,1.0,car,Outer,1.5425150423141942
Tailgating,187,66,57.0,motorcycle,Outer,0.30643748264001813
Tailgating,187,57,55.0,motorcycle,Outer,1.8304060049486504
Tailgating,187,177,171.0,person,Outer,2.7892091593474775
Tailgating,187,171,134.0,car,Outer,0.3854788537749761
Tailgating,188,109,83.0,motorcycle,Inner,1.49700691382659
Tailgating,188,156,162.0,motorcycle,Outer,2.5120535052228017
Tailgating,188,162,87.0,motorcycle,Outer,2.581999736628829
Tailgating,188,87,10.0,motorcycle,Outer,1.9034441754549931
Tailgating,188,10,130.0,car,Outer,0.007838695837047037
Tailgating,188,130,1.0,car,Outer,1.5605544674221916
Tailgating,188,57,55.0,motorcycle,Outer,1.7015394951914107
Tailgating,188,178,164.0,motorcycle,Outer,0.01876063434684909
Tailgating,188,177,171.0,person,Outer,2.7922704909328844
Tailgating,188,171,134.0,car,Outer,0.35345219818529583
Tailgating,189,109,83.0,motorcycle,Inner,1.4218633587520049
Tailgating,189,156,162.0,motorcycle,Outer,2.555517009630508
Tailgating,189,162,87.0,motorcycle,Outer,2.6162347477849854
Tailgating,189,87,10.0,motorcycle,Outer,1.9113169878646377
Tailgating,189,10,130.0,car,Outer,0.008171670665506387
Tailgating,189,130,1.0,car,Outer,1.5814080826344317
Tailgating,189,57,55.0,motorcycle,Outer,1.5711304595452746
Tailgating,189,178,164.0,motorcycle,Outer,0.011301940053936964
Tailgating,189,177,171.0,person,Outer,2.795962674320142
Tailgating,189,171,134.0,car,Outer,0.3184414915956625
Tailgating,190,38,99.0,car,Inner,3.0566529850342565
Tailgating,190,109,83.0,motorcycle,Inner,1.3508245880631524
Tailgating,190,156,162.0,motorcycle,Outer,2.612751243195419
Tailgating,190,162,87.0,motorcycle,Outer,2.653901211391611
Tailgating,190,87,10.0,motorcycle,Outer,1.9188449426283876
Tailgating,190,10,130.0,car,Outer,0.008511886210057036
Tailgating,190,130,1.0,car,Outer,1.6012857708054224
Tailgating,190,57,55.0,motorcycle,Outer,1.4992584803013738
Tailgating,190,178,164.0,motorcycle,Outer,0.012120124071784233
Tailgating,190,177,171.0,person,Outer,2.7995652246302893
Tailgating,190,171,134.0,car,Outer,0.2807394796613685
Tailgating,191,38,99.0,car,Inner,3.0936662050566834
Tailgating,191,109,83.0,motorcycle,Inner,1.3472914703103052
Tailgating,191,156,162.0,motorcycle,Outer,2.678141859834807
Tailgating,191,162,87.0,motorcycle,Outer,2.6918943201128194
Tailgating,191,87,10.0,motorcycle,Outer,1.9290204351753955
Tailgating,191,10,130.0,car,Outer,0.008165103501762262
Tailgating,191,130,163.0,car,Outer,1.6196739871080952
Tailgating,191,57,55.0,motorcycle,Outer,1.4621060430545667
Tailgating,191,178,164.0,motorcycle,Outer,0.01580885930202701
Tailgating,191,177,171.0,person,Outer,2.8039705078740864
Tailgating,191,171,134.0,car,Outer,0.2378678180620263
Tailgating,192,38,99.0,car,Inner,3.133342365922543
Tailgating,192,156,162.0,motorcycle,Outer,2.7481172008291743
Tailgating,192,162,87.0,motorcycle,Outer,2.730816607018452
Tailgating,192,87,10.0,motorcycle,Outer,1.9405825581058054
Tailgating,192,10,130.0,car,Outer,0.007207698151690369
Tailgating,192,130,163.0,car,Outer,1.6369156962215312
Tailgating,192,178,164.0,motorcycle,Outer,0.01727945062894756
Tailgating,192,109,177.0,motorcycle,Outer,1.476518000258665
Tailgating,192,177,171.0,person,Outer,2.8069663896001456
Tailgating,192,171,134.0,car,Outer,0.19278199174023727
Tailgating,193,38,99.0,car,Inner,3.1745338567570642
Tailgating,193,156,162.0,motorcycle,Outer,2.818969053267151
Tailgating,193,162,87.0,motorcycle,Outer,2.7711777106334674
Tailgating,193,87,10.0,motorcycle,Outer,1.951943839126941
Tailgating,193,10,130.0,car,Outer,0.006548347497724624
Tailgating,193,130,163.0,car,Outer,1.6522646085445127
Tailgating,193,178,164.0,motorcycle,Outer,0.018307719077187163
Tailgating,193,109,177.0,motorcycle,Outer,1.6124808161812327
Tailgating,193,177,171.0,person,Outer,2.811750441783573
Tailgating,193,171,134.0,car,Outer,0.1477328122471309
Tailgating,193,134,156.0,motorcycle,Outer,3.9835822301761
Tailgating,194,38,99.0,car,Inner,3.216212691606827
Tailgating,194,156,162.0,motorcycle,Outer,2.8719095308792224
Tailgating,194,162,87.0,motorcycle,Outer,2.813157462772953
Tailgating,194,87,10.0,motorcycle,Outer,1.9647015718280954
Tailgating,194,10,130.0,car,Outer,0.005376177439460224
Tailgating,194,130,163.0,car,Outer,1.6659700703202611
Tailgating,194,178,164.0,motorcycle,Outer,0.02468329268714065
Tailgating,194,109,177.0,motorcycle,Outer,1.7671176484042106
Tailgating,194,177,171.0,person,Outer,2.8175325955180184
Tailgating,194,171,134.0,car,Outer,0.10293927010163012
Tailgating,194,134,156.0,motorcycle,Outer,3.815221079347542
Tailgating,195,38,99.0,car,Inner,3.257644055929576
Tailgating,195,156,162.0,motorcycle,Outer,2.9007977311246576
Tailgating,195,162,87.0,motorcycle,Outer,2.85591795502507
Tailgating,195,87,10.0,motorcycle,Outer,1.978120166797257
Tailgating,195,10,130.0,car,Outer,0.004143747829956074
Tailgating,195,130,163.0,car,Outer,1.679202893326332
Tailgating,195,178,164.0,motorcycle,Outer,0.03498624307085611
Tailgating,195,109,177.0,motorcycle,Outer,1.9357518704641963
Tailgating,195,177,171.0,person,Outer,2.8208126488823932
Tailgating,195,171,134.0,car,Outer,0.058386981134189525
Tailgating,195,134,156.0,motorcycle,Outer,3.672738831940136
Tailgating,196,156,162.0,motorcycle,Outer,2.9061532762104254
Tailgating,196,162,87.0,motorcycle,Outer,2.901342971687625
Tailgating,196,87,10.0,motorcycle,Outer,1.9904236541179061
Tailgating,196,10,130.0,car,Outer,0.0028014909456560563
Tailgating,196,130,163.0,car,Outer,1.691202734331532
Tailgating,196,178,164.0,motorcycle,Outer,0.03928672178910924
Tailgating,196,109,177.0,motorcycle,Outer,2.1113172975359564
Tailgating,196,177,171.0,person,Outer,2.8217494889483863
Tailgating,196,171,134.0,car,Outer,0.015056799784999925
Tailgating,196,134,156.0,motorcycle,Outer,3.5560628961470395
Tailgating,197,156,162.0,motorcycle,Outer,2.8942349497666524
Tailgating,197,162,87.0,motorcycle,Outer,2.9444722803315115
Tailgating,197,87,130.0,motorcycle,Outer,2.0050369686968867
Tailgating,197,130,1.0,car,Outer,1.7023448516945503
Tailgating,197,178,164.0,motorcycle,Outer,0.04176234189528076
Tailgating,197,109,177.0,motorcycle,Outer,2.2909115910759095
Tailgating,197,177,134.0,person,Outer,2.9073244899287762
Tailgating,197,134,171.0,motorcycle,Outer,0.02374879946781697
Tailgating,197,171,156.0,car,Outer,3.29386334315816
Tailgating,198,156,162.0,motorcycle,Outer,2.8738128780042103
Tailgating,198,162,87.0,motorcycle,Outer,2.9841272685286664
Tailgating,198,87,130.0,motorcycle,Outer,2.0138900476254245
Tailgating,198,130,10.0,car,Outer,0.01228600896030647
Tailgating,198,10,1.0,car,Outer,1.7014548745458091
Tailgating,198,178,164.0,motorcycle,Outer,0.03855285389493642
Tailgating,198,109,177.0,motorcycle,Outer,2.424999975579448
Tailgating,198,177,134.0,person,Outer,2.871402873270675
Tailgating,198,134,171.0,motorcycle,Outer,0.05772206309483646
Tailgating,198,171,156.0,car,Outer,3.187450268133119
Tailgating,199,156,162.0,motorcycle,Outer,2.8442853643815225
Tailgating,199,162,87.0,motorcycle,Outer,3.0252979180660375
Tailgating,199,87,130.0,motorcycle,Outer,2.0233043554599455
Tailgating,199,130,10.0,car,Outer,0.011807545951664718
Tailgating,199,10,1.0,car,Outer,1.7094736035158427
Tailgating,199,178,164.0,motorcycle,Outer,0.034859736940303115
Tailgating,199,109,177.0,motorcycle,Outer,2.541927330118137
Tailgating,199,177,134.0,person,Outer,2.8397608151823794
Tailgating,199,134,171.0,motorcycle,Outer,0.09185225696142957
Tailgating,199,171,156.0,car,Outer,3.083914591151322
Tailgating,200,156,162.0,motorcycle,Outer,2.814068190599951
Tailgating,200,162,87.0,motorcycle,Outer,3.066428142360996
Tailgating,200,87,130.0,motorcycle,Outer,2.034300043562956
Tailgating,200,130,10.0,car,Outer,0.010444861335152272
Tailgating,200,10,1.0,car,Outer,1.719960571843797
Tailgating,200,183,37.0,person,Outer,0.18319638388681286
Tailgating,200,178,164.0,motorcycle,Outer,0.03250047806008125
Tailgating,200,109,177.0,motorcycle,Outer,2.6648726867191916
Tailgating,200,177,134.0,person,Outer,2.804189990939012
Tailgating,200,134,171.0,motorcycle,Outer,0.12908769418870342
Tailgating,200,171,156.0,car,Outer,2.9768749625934308
Tailgating,201,156,162.0,motorcycle,Outer,2.786540452618326
Tailgating,201,162,87.0,motorcycle,Outer,3.1088341948402163
Tailgating,201,87,130.0,motorcycle,Outer,2.0442201321528777
Tailgating,201,130,10.0,car,Outer,0.009147365613239885
Tailgating,201,10,1.0,car,Outer,1.7317407234037017
Tailgating,201,183,37.0,person,Outer,0.14717442569173747
Tailgating,201,178,164.0,motorcycle,Outer,0.024214949876195633
Tailgating,201,109,177.0,motorcycle,Outer,2.7901096753257755
Tailgating,201,177,134.0,person,Outer,2.7662289079864597
Tailgating,201,134,171.0,motorcycle,Outer,0.16617109419603898
Tailgating,201,171,156.0,car,Outer,2.8654214022806976
Tailgating,202,171,156.0,car,Outer,2.749549558980541
Tailgating,202,156,162.0,motorcycle,Outer,2.761243566103233
Tailgating,202,162,87.0,motorcycle,Outer,3.151895733930047
Tailgating,202,87,130.0,motorcycle,Outer,2.0538112109635813
Tailgating,202,130,10.0,car,Outer,0.00889165285551701
Tailgating,202,10,1.0,car,Outer,1.7429652190459528
Tailgating,202,178,164.0,motorcycle,Outer,0.012793135410976634
Tailgating,202,109,177.0,motorcycle,Outer,2.9133340476495566
Tailgating,202,177,134.0,person,Outer,2.7296681470722954
Tailgating,202,134,171.0,motorcycle,Outer,0.20454643977538556
Tailgating,203,38,99.0,car,Inner,3.199165138428986
Tailgating,203,171,156.0,car,Outer,2.6680288339252867
Tailgating,203,162,87.0,motorcycle,Outer,3.1962024761958876
Tailgating,203,87,130.0,motorcycle,Outer,2.0619420880480632
Tailgating,203,130,10.0,car,Outer,0.007150197887432649
Tailgating,203,10,163.0,car,Outer,1.7571084755843231
Tailgating,203,178,164.0,motorcycle,Outer,0.005957709748352498
Tailgating,203,109,177.0,motorcycle,Outer,3.0337696724687424
Tailgating,203,177,134.0,person,Outer,2.6948287134903417
Tailgating,203,134,171.0,motorcycle,Outer,0.2437168426251258
Tailgating,204,38,99.0,car,Inner,3.1596206052916918
Tailgating,204,171,156.0,car,Outer,2.601343024769626
Tailgating,204,162,87.0,motorcycle,Outer,3.24087520310693
Tailgating,204,87,130.0,motorcycle,Outer,2.071719821229843
Tailgating,204,130,10.0,car,Outer,0.0033165263820473566
Tailgating,204,10,163.0,car,Outer,1.7724734050510962
Tailgating,204,178,164.0,motorcycle,Outer,0.0018652350381007721
Tailgating,204,109,177.0,motorcycle,Outer,3.1493171365323493
Tailgating,204,177,134.0,person,Outer,2.660776638748101
Tailgating,204,134,171.0,motorcycle,Outer,0.2869191720954356
Tailgating,205,38,99.0,car,Inner,3.118222263373757
Tailgating,205,171,156.0,car,Outer,2.5442525309576656
Tailgating,205,162,87.0,motorcycle,Outer,3.285517229695555
Tailgating,205,87,130.0,motorcycle,Outer,2.082686920243299
Tailgating,205,130,10.0,car,Outer,0.0018324283010548955
Tailgating,205,10,163.0,car,Outer,1.786206711626804
Tailgating,205,140,164.0,person,Outer,3.6500265628915285
Tailgating,205,164,178.0,car,Outer,0.00024212990560992296
Tailgating,205,109,177.0,motorcycle,Outer,3.262224745320774
Tailgating,205,177,134.0,person,Outer,2.6280000521373807
Tailgating,205,134,171.0,motorcycle,Outer,0.3301755563532731
Tailgating,206,171,156.0,car,Outer,2.4928095527056
Tailgating,206,162,87.0,motorcycle,Outer,3.3303486211893656
Tailgating,206,87,130.0,motorcycle,Outer,2.091552084727714
Tailgating,206,130,10.0,car,Outer,0.0013423955525768065
Tailgating,206,10,163.0,car,Outer,1.8020302589437713
Tailgating,206,109,177.0,motorcycle,Outer,3.386683400139713
Tailgating,206,177,134.0,person,Outer,2.5945676849779913
Tailgating,206,134,171.0,motorcycle,Outer,0.37470069043741827
Tailgating,207,134,171.0,motorcycle,Outer,0.4197916759014228
Tailgating,207,171,156.0,car,Outer,2.456165482577352
Tailgating,207,162,87.0,motorcycle,Outer,3.3738823920346324
Tailgating,207,87,130.0,motorcycle,Outer,2.0995108399374782
Tailgating,207,130,10.0,car,Outer,0.0009515103817615627
Tailgating,207,10,163.0,car,Outer,1.8178563024387333
Tailgating,207,80,140.0,car,Outer,2.3533852569074276
Tailgating,207,109,177.0,motorcycle,Outer,3.49214404839561
Tailgating,207,177,134.0,person,Outer,2.564041807929648
Tailgating,208,134,171.0,motorcycle,Outer,0.4625521513326883
Tailgating,208,171,156.0,car,Outer,2.44166998746449
Tailgating,208,156,162.0,motorcycle,Outer,2.2351660170234853
Tailgating,208,162,87.0,motorcycle,Outer,3.4127246594859417
Tailgating,208,87,130.0,motorcycle,Outer,2.1050523439329747
Tailgating,208,130,10.0,car,Outer,0.000706817431912377
Tailgating,208,10,163.0,car,Outer,1.8333011135344637
Tailgating,208,80,140.0,car,Outer,2.3568987119614904
Tailgating,208,177,134.0,person,Outer,2.5376391058599057
Tailgating,209,134,171.0,motorcycle,Outer,0.504382787558657
Tailgating,209,171,156.0,car,Outer,2.436862350527207
Tailgating,209,156,162.0,motorcycle,Outer,2.1156097283295012
Tailgating,209,162,87.0,motorcycle,Outer,3.449207831780768
Tailgating,209,87,10.0,motorcycle,Outer,2.1129846819833995
Tailgating,209,10,130.0,car,Outer,0.00028467851999420656
Tailgating,209,130,110.0,car,Outer,1.7626821254939284
Tailgating,209,80,140.0,car,Outer,2.3524373478080536
Tailgating,209,109,177.0,motorcycle,Outer,3.6662579850886146
Tailgating,209,177,134.0,person,Outer,2.512444727134393
Tailgating,210,134,171.0,motorcycle,Outer,0.5435988782448649
Tailgating,210,171,156.0,car,Outer,2.4058340621715533
Tailgating,210,162,87.0,motorcycle,Outer,3.4824348247601837
Tailgating,210,87,10.0,motorcycle,Outer,2.1234638123807192
Tailgating,210,10,130.0,car,Outer,0.0008548146439623864
Tailgating,210,130,110.0,car,Outer,1.7683356904569556
Tailgating,210,80,140.0,car,Outer,2.3242486806810354
Tailgating,211,134,171.0,motorcycle,Outer,0.574804927611574
Tailgating,211,171,156.0,car,Outer,2.3645500076679693
Tailgating,211,162,87.0,motorcycle,Outer,3.512971767319301
Tailgating,211,87,10.0,motorcycle,Outer,2.132757079142225
Tailgating,211,10,130.0,car,Outer,0.0004418896344223878
Tailgating,211,130,110.0,car,Outer,1.7739330892300411
Tailgating,211,80,140.0,car,Outer,2.2804629058851087
Tailgating,212,38,99.0,car,Inner,3.1695480490962407
Tailgating,212,134,171.0,motorcycle,Outer,0.6037726549150859
Tailgating,212,171,156.0,car,Outer,2.3176231852338898
Tailgating,212,162,87.0,motorcycle,Outer,3.541577467359615
Tailgating,212,87,130.0,motorcycle,Outer,2.141123302319674
Tailgating,212,130,10.0,car,Outer,0.0007523091971788496
Tailgating,212,10,110.0,car,Outer,1.7787498593062212
Tailgating,212,80,140.0,car,Outer,2.2256014036834277
Tailgating,213,134,171.0,motorcycle,Outer,0.6370674984333554
Tailgating,213,171,156.0,car,Outer,2.2699967179071843
Tailgating,213,162,87.0,motorcycle,Outer,3.568507783107269
Tailgating,213,87,130.0,motorcycle,Outer,2.1500085181426325
Tailgating,213,130,10.0,car,Outer,0.0025630487304965236
Tailgating,213,10,110.0,car,Outer,1.7815279698381763
Tailgating,213,80,140.0,car,Outer,2.1662942504389084
Tailgating,214,134,171.0,motorcycle,Outer,0.6523513239447615
Tailgating,214,171,156.0,car,Outer,2.2190000940437766
Tailgating,214,162,87.0,motorcycle,Outer,3.592289810002854
Tailgating,214,87,130.0,motorcycle,Outer,2.1627939714354256
Tailgating,214,130,10.0,car,Outer,0.004428887442702833
Tailgating,214,10,110.0,car,Outer,1.7814809240708513
Tailgating,214,183,37.0,person,Outer,0.1428006763801913
Tailgating,214,80,140.0,car,Outer,2.11796755601717
Tailgating,215,134,171.0,motorcycle,Outer,0.6614845063133888
Tailgating,215,171,156.0,car,Outer,2.165984810395657
Tailgating,215,162,87.0,motorcycle,Outer,3.6141545587612334
Tailgating,215,87,130.0,motorcycle,Outer,2.1778425707812548
Tailgating,215,130,10.0,car,Outer,0.006709801088219488
Tailgating,215,10,110.0,car,Outer,1.7792768328217052
Tailgating,215,66,57.0,motorcycle,Outer,0.5462700985762984
Tailgating,215,183,37.0,person,Outer,0.15703697564722183
Tailgating,215,80,140.0,car,Outer,2.0700922896051774
Tailgating,216,134,171.0,motorcycle,Outer,0.6881105156485796
Tailgating,216,171,156.0,car,Outer,2.103921351545337
Tailgating,216,162,87.0,motorcycle,Outer,3.632936211829746
Tailgating,216,87,130.0,motorcycle,Outer,2.190076048408129
Tailgating,216,130,10.0,car,Outer,0.008948750398267057
Tailgating,216,10,110.0,car,Outer,1.7800132003280271
Tailgating,216,80,140.0,car,Outer,2.024702370518833
Tailgating,217,134,171.0,motorcycle,Outer,0.7279574402659769
Tailgating,217,171,156.0,car,Outer,2.032509690382489
Tailgating,217,162,87.0,motorcycle,Outer,3.65333772263756
Tailgating,217,87,130.0,motorcycle,Outer,2.1984484280434504
Tailgating,217,130,10.0,car,Outer,0.010485859985341642
Tailgating,217,10,110.0,car,Outer,1.7831789812656011
Tailgating,217,66,57.0,motorcycle,Outer,0.6197663947947587
Tailgating,217,176,80.0,person,Outer,1.4655281381545897
Tailgating,217,80,140.0,car,Outer,1.9910681493954323
Tailgating,218,171,156.0,car,Outer,1.9674423837963024
Tailgating,218,162,87.0,motorcycle,Outer,3.671844909174326
Tailgating,218,87,130.0,motorcycle,Outer,2.2045540203109897
Tailgating,218,130,10.0,car,Outer,0.011501941175682753
Tailgating,218,10,110.0,car,Outer,1.7895078243339135
Tailgating,218,176,80.0,person,Outer,1.6094827985927391
Tailgating,218,80,140.0,car,Outer,1.9649336011170666
Tailgating,219,134,171.0,motorcycle,Outer,0.8053210880195715
Tailgating,219,171,156.0,car,Outer,1.8998745417532081
Tailgating,219,87,130.0,motorcycle,Outer,2.2107936118670577
Tailgating,219,130,10.0,car,Outer,0.012329493115211778
Tailgating,219,10,110.0,car,Outer,1.7979271795971685
Tailgating,219,176,80.0,person,Outer,1.7649252902723578
Tailgating,220,134,171.0,motorcycle,Outer,0.8229735866437564
Tailgating,220,171,156.0,car,Outer,1.832120734806158
Tailgating,220,87,130.0,motorcycle,Outer,2.2165390673118166
Tailgating,220,130,10.0,car,Outer,0.012107581542761781
Tailgating,220,10,110.0,car,Outer,1.8107372490398872
Tailgating,220,176,80.0,person,Outer,1.9365109423569316
Tailgating,220,80,140.0,car,Outer,1.8896857742365663
Tailgating,221,134,171.0,motorcycle,Outer,0.868041010186461
Tailgating,221,87,130.0,motorcycle,Outer,2.2217209511219562
Tailgating,221,130,10.0,car,Outer,0.012490920383479208
Tailgating,221,10,110.0,car,Outer,1.8284703033490468
Tailgating,221,176,80.0,person,Outer,2.1221722458693444
Tailgating,221,80,140.0,car,Outer,1.8470500532800296
Tailgating,222,87,130.0,motorcycle,Outer,2.225127872087034
Tailgating,222,130,10.0,car,Outer,0.01333346933181549
Tailgating,222,10,110.0,car,Outer,1.8497865381123384
Tailgating,222,176,80.0,person,Outer,2.3106774612114465
Tailgating,222,80,140.0,car,Outer,1.8047846781106567
Tailgating,223,134,171.0,motorcycle,Outer,0.9689494829145168
Tailgating,223,87,130.0,motorcycle,Outer,2.2305962218047117
Tailgating,223,130,10.0,car,Outer,0.013601523524721165
Tailgating,223,10,110.0,car,Outer,1.8738604395849023
Tailgating,223,176,80.0,person,Outer,2.5010623837911776
Tailgating,223,80,140.0,car,Outer,1.7675268113970541
Tailgating,224,134,171.0,motorcycle,Outer,1.0112396010948101
Tailgating,224,87,130.0,motorcycle,Outer,2.2418795110615384
Tailgating,224,130,10.0,car,Outer,0.012100183551087895
Tailgating,224,10,110.0,car,Outer,1.8978995661227727
Tailgating,224,176,80.0,person,Outer,2.6371776383825916
Tailgating,224,80,140.0,car,Outer,1.7283416290456945
Tailgating,225,134,171.0,motorcycle,Outer,1.0524864977593726
Tailgating,225,87,130.0,motorcycle,Outer,2.2568195452772284
Tailgating,225,130,10.0,car,Outer,0.009230563364623662
Tailgating,225,10,110.0,car,Outer,1.9215589533259811
Tailgating,225,176,80.0,person,Outer,2.741853098485341
Tailgating,225,80,140.0,car,Outer,1.6880877570494663
Tailgating,226,87,130.0,motorcycle,Outer,2.27243481267992
Tailgating,226,130,10.0,car,Outer,0.005018301402748326
Tailgating,226,10,110.0,car,Outer,1.9474250775767286
Tailgating,226,176,80.0,person,Outer,2.834463701750499
Tailgating,226,80,140.0,car,Outer,1.6588094201575623
Tailgating,227,87,130.0,motorcycle,Outer,2.28546392773277
Tailgating,227,130,10.0,car,Outer,0.0024856880351096762
Tailgating,227,10,110.0,car,Outer,1.971656281006913
Tailgating,227,80,140.0,car,Outer,1.6211279228793265
Tailgating,228,87,130.0,motorcycle,Outer,2.293016504948835
Tailgating,228,130,10.0,car,Outer,0.00016516655643691264
Tailgating,228,10,110.0,car,Outer,1.9946291921853485
Tailgating,228,80,140.0,car,Outer,1.583834773544469
Tailgating,229,87,10.0,motorcycle,Outer,2.3012583617484452
Tailgating,229,10,130.0,car,Outer,0.0031526878342474584
Tailgating,229,130,110.0,car,Outer,2.012982995592133
Tailgating,229,80,140.0,car,Outer,1.542479708610737
Tailgating,230,134,171.0,motorcycle,Outer,1.3372925080106748
Tailgating,230,87,10.0,motorcycle,Outer,2.3111974399850945
Tailgating,230,10,130.0,car,Outer,0.006813475796760532
Tailgating,230,130,110.0,car,Outer,2.026427403546223
Tailgating,230,80,140.0,car,Outer,1.4945754693834719
Tailgating,231,134,171.0,motorcycle,Outer,1.37656822725305
Tailgating,231,87,130.0,motorcycle,Outer,2.3349243994814026
Tailgating,231,130,10.0,car,Outer,0.014836012650786889
Tailgating,231,80,140.0,car,Outer,1.4259836473465508
Tailgating,232,134,171.0,motorcycle,Outer,1.4131680269579405
Tailgating,232,87,130.0,motorcycle,Outer,2.354830963891123
Tailgating,232,130,10.0,car,Outer,0.048688684157053325
Tailgating,232,80,140.0,car,Outer,1.348019386176216
Tailgating,233,134,171.0,motorcycle,Outer,1.4500055326840366
Tailgating,233,87,130.0,motorcycle,Outer,2.3790778647369164
Tailgating,233,130,10.0,car,Outer,0.08749843406869573
Tailgating,233,80,140.0,car,Outer,1.2701502080199196
Tailgating,234,134,171.0,motorcycle,Outer,1.4889639120496185
Tailgating,234,87,130.0,motorcycle,Outer,2.4072941054340027
Tailgating,234,130,10.0,car,Outer,0.11426493597808601
Tailgating,234,80,140.0,car,Outer,1.1909981453224332
Tailgating,235,38,99.0,car,Inner,3.236869348924763
Tailgating,235,134,171.0,motorcycle,Outer,1.5291463586479979
Tailgating,235,87,130.0,motorcycle,Outer,2.43727952966578
Tailgating,235,80,140.0,car,Outer,1.1110657933304482
Tailgating,236,38,99.0,car,Inner,3.194715593203999
Tailgating,236,134,171.0,motorcycle,Outer,1.5599226656349159
Tailgating,236,87,130.0,motorcycle,Outer,2.462633627770561
Tailgating,236,130,10.0,car,Outer,0.1391501067085845
Tailgating,236,10,110.0,car,Outer,1.891532571236826
Tailgating,236,80,140.0,car,Outer,1.0294832015552609
Tailgating,237,134,171.0,motorcycle,Outer,1.5961096267496706
Tailgating,237,87,130.0,motorcycle,Outer,2.4834154139716547
Tailgating,237,130,10.0,car,Outer,0.14637767382197683
Tailgating,237,10,110.0,car,Outer,1.887381995659332
Tailgating,237,80,140.0,car,Outer,0.9460598264560576
Tailgating,238,87,130.0,motorcycle,Outer,2.4982820077616537
Tailgating,238,130,10.0,car,Outer,0.12387382670962978
Tailgating,238,10,110.0,car,Outer,1.9162725552114106
Tailgating,238,80,140.0,car,Outer,0.8807585300171593
Tailgating,239,134,171.0,motorcycle,Outer,1.6449794586514066
Tailgating,239,87,130.0,motorcycle,Outer,2.5128021328258408
Tailgating,239,130,10.0,car,Outer,0.08605100256623474
Tailgating,239,10,110.0,car,Outer,1.963038406614143
Tailgating,239,80,140.0,car,Outer,0.8181315431431108
Tailgating,240,134,171.0,motorcycle,Outer,1.666149191006584
Tailgating,240,87,130.0,motorcycle,Outer,2.521526080324391
Tailgating,240,130,10.0,car,Outer,0.045683358346238996
Tailgating,240,10,110.0,car,Outer,2.019080333364972
Tailgating,240,80,140.0,car,Outer,0.7571422419791752
Tailgating,241,134,171.0,motorcycle,Outer,1.695786061551609
Tailgating,241,87,10.0,motorcycle,Outer,2.5426042741292303
Tailgating,241,10,130.0,car,Outer,0.0015072791508385333
Tailgating,241,130,110.0,car,Outer,2.0679273048535047
Tailgating,241,80,140.0,car,Outer,0.7012343206364497
Tailgating,242,134,171.0,motorcycle,Outer,1.7306896177290567
Tailgating,242,87,10.0,motorcycle,Outer,2.53224814173437
Tailgating,242,10,130.0,car,Outer,0.04658364588828356
Tailgating,242,130,110.0,car,Outer,2.0615868944999542
Tailgating,242,80,140.0,car,Outer,0.6481582122216442
Tailgating,243,134,171.0,motorcycle,Outer,1.7717747744335932
Tailgating,243,87,10.0,motorcycle,Outer,2.5274023660722738
Tailgating,243,10,130.0,car,Outer,0.07831125244056551
Tailgating,243,130,110.0,car,Outer,2.064692532680508
Tailgating,243,80,140.0,car,Outer,0.5993798061991522
Tailgating,244,134,171.0,motorcycle,Outer,1.8007430980841976
Tailgating,244,87,10.0,motorcycle,Outer,2.52787366016512
Tailgating,244,10,130.0,car,Outer,0.0977797869785738
Tailgating,244,130,110.0,car,Outer,2.074651106176066
Tailgating,245,38,99.0,car,Inner,3.1350121139007334
Tailgating,245,109,83.0,motorcycle,Inner,3.0652474404018215
Tailgating,245,134,171.0,motorcycle,Outer,1.8239613822439822
Tailgating,245,87,10.0,motorcycle,Outer,2.5326299858852734
Tailgating,245,10,130.0,car,Outer,0.10449636887396342
Tailgating,245,130,110.0,car,Outer,2.0930428187196055
Tailgating,246,38,99.0,car,Inner,3.0942767333374364
Tailgating,246,109,83.0,motorcycle,Inner,2.996314891493709
Tailgating,246,134,171.0,motorcycle,Outer,1.8732742514782632
Tailgating,246,87,10.0,motorcycle,Outer,2.565294850123933
Tailgating,246,130,110.0,car,Outer,2.1134130572357734
Tailgating,246,80,140.0,car,Outer,0.48485103015670755
Tailgating,247,38,99.0,car,Inner,3.050822866248256
Tailgating,247,109,83.0,motorcycle,Inner,2.9285845477657895
Tailgating,247,134,171.0,motorcycle,Outer,1.9192728359176794
Tailgating,247,87,10.0,motorcycle,Outer,2.6124346631208675
Tailgating,247,130,110.0,car,Outer,2.130236805441146
Tailgating,247,66,57.0,motorcycle,Outer,0.6015943070125597
Tailgating,247,80,140.0,car,Outer,0.44850860843793744
Tailgating,248,109,83.0,motorcycle,Inner,2.9062558190415113
Tailgating,248,134,171.0,motorcycle,Outer,1.9525133940482848
Tailgating,248,87,130.0,motorcycle,Outer,2.6486878620344045
Tailgating,248,130,10.0,car,Outer,0.017710829444669843
Tailgating,248,66,57.0,motorcycle,Outer,0.5542256228232161
Tailgating,248,80,140.0,car,Outer,0.4127375848040906
Tailgating,249,134,171.0,motorcycle,Outer,1.9809893333725523
Tailgating,249,87,130.0,motorcycle,Outer,2.634790564318934
Tailgating,249,130,10.0,car,Outer,0.07754287738442678
Tailgating,249,66,57.0,motorcycle,Outer,0.5042722281330316
Tailgating,249,80,140.0,car,Outer,0.36836542640247855
Tailgating,250,134,171.0,motorcycle,Outer,2.018777112768723
Tailgating,250,87,130.0,motorcycle,Outer,2.628366052034792
Tailgating,250,130,10.0,car,Outer,0.12032581223430633
Tailgating,250,66,57.0,motorcycle,Outer,0.4539893547105762
Tailgating,250,80,140.0,car,Outer,0.31071072705292213
Tailgating,251,109,83.0,motorcycle,Inner,2.9520783058819147
Tailgating,251,87,130.0,motorcycle,Outer,2.6284806590391394
Tailgating,251,130,10.0,car,Outer,0.14816652074339443
Tailgating,251,66,57.0,motorcycle,Outer,0.403412541991349
Tailgating,251,80,140.0,car,Outer,0.22982270856883621
Tailgating,252,109,83.0,motorcycle,Inner,2.985138655374476
Tailgating,252,87,130.0,motorcycle,Outer,2.6343854919229837
Tailgating,252,130,10.0,car,Outer,0.16390438023332135
Tailgating,252,10,110.0,car,Outer,2.12414213535942
Tailgating,252,66,57.0,motorcycle,Outer,0.3516107930872169
Tailgating,252,80,140.0,car,Outer,0.15236385972628583
Tailgating,253,109,83.0,motorcycle,Inner,3.0168352072144984
Tailgating,253,134,171.0,motorcycle,Outer,2.1522965212536054
Tailgating,253,87,130.0,motorcycle,Outer,2.6401508382415813
Tailgating,253,130,10.0,car,Outer,0.14833549106844426
Tailgating,253,10,110.0,car,Outer,2.1656619588765658
Tailgating,253,80,140.0,car,Outer,0.08964588941678138
Tailgating,254,134,171.0,motorcycle,Outer,2.188697419522786
Tailgating,254,87,130.0,motorcycle,Outer,2.64233891063975
Tailgating,254,130,10.0,car,Outer,0.11691705327704818
Tailgating,254,10,110.0,car,Outer,2.2270347737281804
Tailgating,254,80,140.0,car,Outer,0.02903865130057861
Tailgating,255,134,171.0,motorcycle,Outer,2.223414569390184
Tailgating,255,87,130.0,motorcycle,Outer,2.6420694144179824
Tailgating,255,130,10.0,car,Outer,0.07812624470993643
Tailgating,255,10,110.0,car,Outer,2.2986619988292114
Tailgating,256,134,171.0,motorcycle,Outer,2.2575034592677863
Tailgating,256,171,87.0,car,Outer,3.9723990130096842
Tailgating,256,87,130.0,motorcycle,Outer,2.6437338207377925
Tailgating,256,130,10.0,car,Outer,0.048569189716041634
Tailgating,256,10,110.0,car,Outer,2.3616680048676812
Tailgating,256,57,55.0,motorcycle,Outer,1.4339157351365892
Tailgating,257,134,171.0,motorcycle,Outer,2.298640002883294
Tailgating,257,171,87.0,car,Outer,3.867796574636244
Tailgating,257,87,130.0,motorcycle,Outer,2.6473430645217513
Tailgating,257,130,10.0,car,Outer,0.02656581148246948
Tailgating,257,10,110.0,car,Outer,2.4139132469292472
Tailgating,258,171,87.0,car,Outer,3.7734151188783067
Tailgating,258,87,130.0,motorcycle,Outer,2.651368611098275
Tailgating,258,130,10.0,car,Outer,0.01103629758069323
Tailgating,258,10,110.0,car,Outer,2.4571704626962476
Tailgating,258,57,55.0,motorcycle,Outer,1.3757223457725405
Tailgating,259,134,171.0,motorcycle,Outer,2.3838316413479737
Tailgating,259,171,87.0,car,Outer,3.6717503200563635
Tailgating,259,87,130.0,motorcycle,Outer,2.656742915667027
Tailgating,259,130,10.0,car,Outer,0.002166324818012801
Tailgating,259,10,110.0,car,Outer,2.491423141934695
Tailgating,259,57,55.0,motorcycle,Outer,1.337749873742122
Tailgating,260,134,171.0,motorcycle,Outer,2.4201361575299183
Tailgating,260,171,87.0,car,Outer,3.5689087610479033
Tailgating,260,87,10.0,motorcycle,Outer,2.659615852578241
Tailgating,260,10,130.0,car,Outer,0.0031258007344767158
Tailgating,260,130,110.0,car,Outer,2.5178861587043095
Tailgating,260,57,55.0,motorcycle,Outer,1.2954517412620894
Tailgating,261,134,171.0,motorcycle,Outer,2.4498047831435503
Tailgating,261,171,87.0,car,Outer,3.464612371647654
Tailgating,261,87,10.0,motorcycle,Outer,2.6673248926059956
Tailgating,261,10,130.0,car,Outer,0.00576472930706822
Tailgating,261,130,1.0,car,Outer,2.8961031402025954
Tailgating,262,134,171.0,motorcycle,Outer,2.477628774641945
Tailgating,262,171,87.0,car,Outer,3.359018165037829
Tailgating,262,87,10.0,motorcycle,Outer,2.677150176297431
Tailgating,262,10,130.0,car,Outer,0.009511545657859437
Tailgating,262,130,1.0,car,Outer,2.924430358663639
Tailgating,263,134,171.0,motorcycle,Outer,2.5226141540436005
Tailgating,263,171,87.0,car,Outer,3.253425218542503
Tailgating,263,87,10.0,motorcycle,Outer,2.6856470132700654
Tailgating,263,10,130.0,car,Outer,0.011712611296685379
Tailgating,263,130,1.0,car,Outer,2.9538613212614417
Tailgating,264,134,171.0,motorcycle,Outer,2.5550237379429537
Tailgating,264,171,87.0,car,Outer,3.1472109215811783
Tailgating,264,87,10.0,motorcycle,Outer,2.6963744571711614
Tailgating,264,10,130.0,car,Outer,0.016852151709638052
Tailgating,264,130,1.0,car,Outer,2.979523239057531
Tailgating,265,134,171.0,motorcycle,Outer,2.5842511391859104
Tailgating,265,171,87.0,car,Outer,3.040176756405511
Tailgating,265,87,10.0,motorcycle,Outer,2.709067308260234
Tailgating,265,10,130.0,car,Outer,0.02377649247258705
Tailgating,265,130,1.0,car,Outer,3.003155212175373
Tailgating,265,57,55.0,motorcycle,Outer,1.331867540481821
Tailgating,266,134,171.0,motorcycle,Outer,2.62518558021065
Tailgating,266,171,87.0,car,Outer,2.9344226076996076
Tailgating,266,87,10.0,motorcycle,Outer,2.7241756250194586
Tailgating,266,10,130.0,car,Outer,0.026664497901810955
Tailgating,266,130,163.0,car,Outer,3.026996509109225
Tailgating,266,57,55.0,motorcycle,Outer,1.3737352149539568
Tailgating,267,171,87.0,car,Outer,2.8265181943903004
Tailgating,267,87,10.0,motorcycle,Outer,2.741207884754908
Tailgating,267,10,130.0,car,Outer,0.027140312569028404
Tailgating,267,130,163.0,car,Outer,3.052022939627902
Tailgating,267,57,55.0,motorcycle,Outer,1.4207266534853247
Tailgating,268,171,87.0,car,Outer,2.729868586803739
Tailgating,268,87,10.0,motorcycle,Outer,2.7551392986529604
Tailgating,268,10,130.0,car,Outer,0.027544579586913438
Tailgating,268,130,163.0,car,Outer,3.07540732270517
Tailgating,268,57,55.0,motorcycle,Outer,1.4694637717543713
Tailgating,269,171,87.0,car,Outer,2.6288066305715323
Tailgating,269,87,10.0,motorcycle,Outer,2.771641405394494
Tailgating,269,10,130.0,car,Outer,0.02580110446220789
Tailgating,269,130,163.0,car,Outer,3.100217285181345
Tailgating,269,57,55.0,motorcycle,Outer,1.5076114515218169
Tailgating,270,171,87.0,car,Outer,2.526843957607521
Tailgating,270,87,10.0,motorcycle,Outer,2.788514869248334
Tailgating,270,10,130.0,car,Outer,0.024074744402679545
Tailgating,270,130,163.0,car,Outer,3.1252158596027466
Tailgating,271,171,87.0,car,Outer,2.4239093363000026
Tailgating,271,87,10.0,motorcycle,Outer,2.8040776879125446
Tailgating,271,10,130.0,car,Outer,0.01760474854914228
Tailgating,271,130,163.0,car,Outer,3.1551568435743658
Tailgating,271,176,37.0,person,Outer,0.2251995234703476
Tailgating,272,171,87.0,car,Outer,2.320125736560851
Tailgating,272,87,10.0,motorcycle,Outer,2.8185318007822193
Tailgating,272,10,130.0,car,Outer,0.008484491639745361
Tailgating,272,130,163.0,car,Outer,3.1883501234642013
Tailgating,273,87,10.0,motorcycle,Outer,2.8270438770902113
Tailgating,273,10,130.0,car,Outer,0.03146839189705184
Tailgating,274,10,130.0,car,Outer,0.06811529633126369
Tailgating,275,10,130.0,car,Outer,0.10984100468888097
Tailgating,276,87,10.0,motorcycle,Outer,2.782725496934519
Tailgating,276,10,130.0,car,Outer,0.14207493348966177
Tailgating,277,109,83.0,motorcycle,Inner,3.4075047183198257
Tailgating,277,87,10.0,motorcycle,Outer,2.778892837828878
Tailgating,277,10,130.0,car,Outer,0.16385365219250891
Tailgating,278,109,83.0,motorcycle,Inner,3.4454659159750194
Tailgating,278,87,10.0,motorcycle,Outer,2.779308178558916
Tailgating,278,10,130.0,car,Outer,0.17626670038789055
Tailgating,278,130,163.0,car,Outer,3.2221133180524437
Tailgating,278,176,37.0,person,Outer,0.2684210099776675
Tailgating,279,109,83.0,motorcycle,Inner,3.4847314452258122
Tailgating,279,87,10.0,motorcycle,Outer,2.7826165696628573
Tailgating,279,10,130.0,car,Outer,0.18356294235329804
Tailgating,279,130,163.0,car,Outer,3.250143720169992
Tailgating,279,176,37.0,person,Outer,0.2918962401112527
Tailgating,280,109,83.0,motorcycle,Inner,3.5220116816989417
Tailgating,280,87,10.0,motorcycle,Outer,2.7909026268512087
Tailgating,280,10,130.0,car,Outer,0.16499651969296406
Tailgating,280,130,163.0,car,Outer,3.3024269568118805
Tailgating,281,109,83.0,motorcycle,Inner,3.55715795975403
Tailgating,281,87,10.0,motorcycle,Outer,2.8221178149281374
Tailgating,281,10,130.0,car,Outer,0.13010048321862255
Tailgating,281,130,163.0,car,Outer,3.3698382959023108
Tailgating,281,66,57.0,motorcycle,Outer,0.47816963860410516
Tailgating,282,109,83.0,motorcycle,Inner,3.590909193695897
Tailgating,282,87,10.0,motorcycle,Outer,2.861994236348072
Tailgating,282,10,130.0,car,Outer,0.0872845516470089
Tailgating,282,130,163.0,car,Outer,3.44534188115419
Tailgating,282,66,57.0,motorcycle,Outer,0.524252211778433
Tailgating,282,176,37.0,person,Outer,0.2747434218547849
Tailgating,283,109,83.0,motorcycle,Inner,3.6183868465771263
Tailgating,283,87,10.0,motorcycle,Outer,2.8938270085504816
Tailgating,283,10,130.0,car,Outer,0.052989247337525525
Tailgating,283,130,163.0,car,Outer,3.5101253329021054
Tailgating,283,176,37.0,person,Outer,0.23996616591054734
Tailgating,284,87,10.0,motorcycle,Outer,2.918738297952682
Tailgating,284,10,130.0,car,Outer,0.029156293167176415
Tailgating,284,130,163.0,car,Outer,3.5636285124062437
Tailgating,284,176,37.0,person,Outer,0.20335724115516365
Tailgating,285,87,10.0,motorcycle,Outer,2.9380566899848297
Tailgating,285,10,130.0,car,Outer,0.014793632292771757
Tailgating,285,130,163.0,car,Outer,3.6080155265270886
Tailgating,285,176,37.0,person,Outer,0.16620121838440166
Tailgating,286,87,10.0,motorcycle,Outer,2.956635768933206
Tailgating,286,10,130.0,car,Outer,0.005943330584073883
Tailgating,286,130,163.0,car,Outer,3.6451511142933337
Tailgating,286,176,37.0,person,Outer,0.12594795825627025
Tailgating,287,87,130.0,motorcycle,Outer,2.972375296884304
Tailgating,287,130,10.0,car,Outer,0.0014705809039397104
Tailgating,287,10,163.0,car,Outer,3.67949040630149
Tailgating,287,176,37.0,person,Outer,0.0861957208352246
Tailgating,288,87,10.0,motorcycle,Outer,2.991884138395484
Tailgating,288,10,130.0,car,Outer,0.021066578993351938
Tailgating,288,176,37.0,person,Outer,0.07324672569140665
Tailgating,288,80,221.0,car,Outer,1.326639078865877
Tailgating,289,87,10.0,motorcycle,Outer,3.005788857936238
Tailgating,289,10,130.0,car,Outer,0.05354302208880706
Tailgating,289,80,221.0,car,Outer,1.3060685610625449
Tailgating,290,87,10.0,motorcycle,Outer,3.0154462280602368
Tailgating,290,10,130.0,car,Outer,0.07883033272235256
Tailgating,290,80,221.0,car,Outer,1.287148028794404
Tailgating,291,87,10.0,motorcycle,Outer,3.022549186694444
Tailgating,291,10,130.0,car,Outer,0.09976762892460718
Tailgating,291,130,163.0,car,Outer,3.6976056615712105
Tailgating,291,80,221.0,car,Outer,1.267826213036841
Tailgating,292,87,10.0,motorcycle,Outer,3.028551463096957
Tailgating,292,10,130.0,car,Outer,0.11508354219413423
Tailgating,292,130,163.0,car,Outer,3.7193425625411396
Tailgating,292,80,221.0,car,Outer,1.2447509120397162
Tailgating,293,87,10.0,motorcycle,Outer,3.0333751042305708
Tailgating,293,10,130.0,car,Outer,0.12371829933382134
Tailgating,293,130,163.0,car,Outer,3.750600918577156
Tailgating,293,80,221.0,car,Outer,1.2446111217576385
Tailgating,294,87,10.0,motorcycle,Outer,3.0352865158075253
Tailgating,294,10,130.0,car,Outer,0.1259356314435604
Tailgating,294,130,163.0,car,Outer,3.790635339809095
Tailgating,294,80,221.0,car,Outer,1.2423779454591903
Tailgating,295,87,10.0,motorcycle,Outer,3.035995386861941
Tailgating,295,10,130.0,car,Outer,0.10000506743675103
Tailgating,295,130,163.0,car,Outer,3.8578403552759517
Tailgating,295,80,221.0,car,Outer,1.2397322494211247
Tailgating,295,221,225.0,car,Outer,0.08729444544089301
Tailgating,296,87,10.0,motorcycle,Outer,3.038044817580613
Tailgating,296,10,130.0,car,Outer,0.06582932954866594
Tailgating,296,130,163.0,car,Outer,3.932268706873288
Tailgating,296,80,221.0,car,Outer,1.236813347192797
Tailgating,296,221,225.0,car,Outer,0.0791613131316591
Tailgating,297,87,10.0,motorcycle,Outer,3.039935651965628
Tailgating,297,10,130.0,car,Outer,0.03950540463860777
Tailgating,297,130,163.0,car,Outer,3.9973019997230734
Tailgating,297,80,221.0,car,Outer,1.2278921362327053
Tailgating,297,221,225.0,car,Outer,0.06906418225966443
Tailgating,298,87,10.0,motorcycle,Outer,3.041320396255525
Tailgating,298,10,130.0,car,Outer,0.017952478550888166
Tailgating,298,80,221.0,car,Outer,1.21770479018157
Tailgating,298,221,225.0,car,Outer,0.05377832919540808
Tailgating,299,87,10.0,motorcycle,Outer,3.0410735181843473
Tailgating,299,10,130.0,car,Outer,0.0033632682463086883
Tailgating,299,80,221.0,car,Outer,1.213917819498558
Tailgating,299,221,225.0,car,Outer,0.0352956672261184
Tailgating,300,87,130.0,motorcycle,Outer,3.033885628517425
Tailgating,300,130,10.0,car,Outer,0.004852450075482709
Tailgating,300,80,221.0,car,Outer,1.1859020870092873
Tailgating,301,87,130.0,motorcycle,Outer,3.0236510034944732
Tailgating,301,130,10.0,car,Outer,0.008107627470294613
Tailgating,301,80,221.0,car,Outer,1.1752766331196105
Tailgating,302,87,130.0,motorcycle,Outer,3.0134818539322765
Tailgating,302,130,10.0,car,Outer,0.00911211424103122
Tailgating,302,80,221.0,car,Outer,1.1738379412286246
Tailgating,302,221,225.0,car,Outer,0.04668671161453848
Tailgating,303,87,130.0,motorcycle,Outer,3.0016739554074334
Tailgating,303,130,10.0,car,Outer,0.008099483152591716
Tailgating,303,221,225.0,car,Outer,0.046672942783549755
Tailgating,304,87,130.0,motorcycle,Outer,2.990535453549469
Tailgating,304,130,10.0,car,Outer,0.006801221407131362
Tailgating,304,221,225.0,car,Outer,0.04633448571965236
Tailgating,305,87,130.0,motorcycle,Outer,2.980093472797322
Tailgating,305,130,10.0,car,Outer,0.005039151963745059
Tailgating,305,221,225.0,car,Outer,0.04620756525755268
Tailgating,306,87,130.0,motorcycle,Outer,2.9703267040370958
Tailgating,306,130,10.0,car,Outer,0.0046136685760165596
Tailgating,306,221,225.0,car,Outer,0.046925924082515336
Tailgating,307,87,130.0,motorcycle,Outer,2.957684126045779
Tailgating,307,130,10.0,car,Outer,0.004812742435865833
Tailgating,307,221,225.0,car,Outer,0.018219270657576208
Tailgating,308,130,10.0,car,Outer,0.005987093392379175
Tailgating,308,221,225.0,car,Outer,0.005568573420882097
Tailgating,309,87,130.0,motorcycle,Outer,2.9364412813750707
Tailgating,309,130,10.0,car,Outer,0.00674835966249494
Tailgating,309,221,225.0,car,Outer,0.0016636123275755668
Tailgating,310,38,99.0,car,Inner,3.089287301873374
Tailgating,310,87,130.0,motorcycle,Outer,2.9288111558901666
Tailgating,310,130,10.0,car,Outer,0.007775018621710313
Tailgating,310,221,225.0,car,Outer,0.00015185258029217234
Tailgating,311,38,99.0,car,Inner,3.130641334261162
Tailgating,311,87,130.0,motorcycle,Outer,2.922958162539948
Tailgating,311,130,10.0,car,Outer,0.007706462478850575
Tailgating,312,38,99.0,car,Inner,3.17329825826998
Tailgating,312,87,130.0,motorcycle,Outer,2.9177355322804464
Tailgating,312,130,10.0,car,Outer,0.00757855838768123
Tailgating,313,38,99.0,car,Inner,3.2162868694263143
Tailgating,313,87,130.0,motorcycle,Outer,2.9128830705630704
Tailgating,313,130,10.0,car,Outer,0.00673645946788817
Tailgating,313,225,221.0,car,Outer,0.0036027746966962454
Tailgating,314,38,99.0,car,Inner,3.2589598962506554
Tailgating,314,87,130.0,motorcycle,Outer,2.9115712151380104
Tailgating,314,130,10.0,car,Outer,0.0048566662343637506
Tailgating,314,234,163.0,person,Outer,0.49063982067794143
Tailgating,314,221,225.0,car,Outer,0.005122703029824976
Tailgating,315,38,99.0,car,Inner,3.301219169028669
Tailgating,315,87,130.0,motorcycle,Outer,2.9129974610668503
Tailgating,315,130,10.0,car,Outer,0.001806057467398796
Tailgating,315,234,163.0,person,Outer,0.5874307454792512
Tailgating,315,221,225.0,car,Outer,0.020013311973131633
Tailgating,316,87,10.0,motorcycle,Outer,2.91030158017342
Tailgating,316,10,130.0,car,Outer,0.0006940136329568999
Tailgating,316,234,163.0,person,Outer,0.6512969137443025
Tailgating,316,221,225.0,car,Outer,0.029164672438410262
Tailgating,317,87,10.0,motorcycle,Outer,2.921617849740962
Tailgating,317,10,130.0,car,Outer,0.0055310512665406346
Tailgating,317,234,163.0,person,Outer,0.6951520429219822
Tailgating,317,221,225.0,car,Outer,0.035462573325435384
Tailgating,318,87,130.0,motorcycle,Outer,2.958725327158154
Tailgating,318,234,163.0,person,Outer,0.726566015725361
Tailgating,318,221,225.0,car,Outer,0.038579933359751364
Tailgating,319,87,10.0,motorcycle,Outer,3.0271237806943376
Tailgating,319,221,225.0,car,Outer,0.04050700700728531
Tailgating,320,87,10.0,motorcycle,Outer,3.0809004473575268
Tailgating,320,234,124.0,person,Outer,0.4192010214922684
Tailgating,321,87,10.0,motorcycle,Outer,3.1452512411186215
Tailgating,321,10,130.0,car,Outer,0.06967560061821147
Tailgating,321,234,124.0,person,Outer,0.49315399461758513
Tailgating,322,87,10.0,motorcycle,Outer,3.2203904528094345
Tailgating,322,10,130.0,car,Outer,0.07364582164925129
Tailgating,322,234,124.0,person,Outer,0.5122627825515859
Tailgating,323,237,87.0,motorcycle,Outer,2.563167704137084
Tailgating,323,87,10.0,motorcycle,Outer,3.3019255367585068
Tailgating,323,10,130.0,car,Outer,0.07646416932334309
Tailgating,323,234,124.0,person,Outer,0.5287330650418559
Tailgating,324,237,87.0,motorcycle,Outer,2.399840486024028
Tailgating,324,87,10.0,motorcycle,Outer,3.3714904578076252
Tailgating,324,10,130.0,car,Outer,0.0743851754470025
Tailgating,324,234,124.0,person,Outer,0.5409060735218978
Tailgating,325,87,10.0,motorcycle,Outer,3.4332708661540376
Tailgating,325,10,130.0,car,Outer,0.06795808538981447
Tailgating,325,234,124.0,person,Outer,0.5500530854164333
Tailgating,326,87,10.0,motorcycle,Outer,3.478165574098048
Tailgating,326,10,130.0,car,Outer,0.055436490084932136
Tailgating,326,234,124.0,person,Outer,0.5710784463020567
Tailgating,326,55,84.0,motorcycle,Outer,0.4271492743940734
Tailgating,327,237,87.0,motorcycle,Outer,2.041173588031665
Tailgating,327,87,10.0,motorcycle,Outer,3.4922999270354254
Tailgating,327,10,130.0,car,Outer,0.03717251700823473
Tailgating,327,234,124.0,person,Outer,0.5904698937739531
Tailgating,328,87,10.0,motorcycle,Outer,3.487043420309833
Tailgating,328,10,130.0,car,Outer,0.028817330363892186
Tailgating,329,237,87.0,motorcycle,Outer,1.8958863223371414
Tailgating,329,10,130.0,car,Outer,0.01776533643461081
Tailgating,329,124,163.0,motorcycle,Outer,0.49964458528966355
Tailgating,329,221,225.0,car,Outer,0.026215880836605223
Tailgating,330,237,87.0,motorcycle,Outer,1.8266057319949054
Tailgating,330,10,130.0,car,Outer,0.009456567234707192
Tailgating,330,124,163.0,motorcycle,Outer,0.4805518733796248
Tailgating,330,221,225.0,car,Outer,0.023366202698020297
Tailgating,331,237,87.0,motorcycle,Outer,1.763385844912509
Tailgating,331,10,130.0,car,Outer,0.003919298554319744
Tailgating,331,124,163.0,motorcycle,Outer,0.4499624612585593
Tailgating,331,221,225.0,car,Outer,0.020949896344560653
Tailgating,332,237,87.0,motorcycle,Outer,1.7033612808050624
Tailgating,332,130,10.0,car,Outer,0.000409732721677554
Tailgating,332,124,163.0,motorcycle,Outer,0.41432926398693604
Tailgating,333,237,87.0,motorcycle,Outer,1.6401975195500749
Tailgating,333,130,10.0,car,Outer,0.003609206815026645
Tailgating,333,124,163.0,motorcycle,Outer,0.3709544391460752
Tailgating,333,55,84.0,motorcycle,Outer,0.37799272657698585
Tailgating,333,221,225.0,car,Outer,0.021317970450118344
Tailgating,334,237,87.0,motorcycle,Outer,1.5589755706297066
Tailgating,334,130,10.0,car,Outer,0.005458113558237543
Tailgating,334,124,163.0,motorcycle,Outer,0.3279079397888181
Tailgating,335,237,87.0,motorcycle,Outer,1.4517891174829614
Tailgating,335,87,130.0,motorcycle,Outer,3.288239546893526
Tailgating,335,130,10.0,car,Outer,0.0077579010962581406
Tailgating,335,124,163.0,motorcycle,Outer,0.28586016427866323
Tailgating,336,237,87.0,motorcycle,Outer,1.3233848507924701
Tailgating,336,87,130.0,motorcycle,Outer,3.303055901242789
Tailgating,336,130,10.0,car,Outer,0.008930839271491537
Tailgating,336,124,163.0,motorcycle,Outer,0.24424559357739958
Tailgating,336,176,37.0,person,Outer,0.8302903371875852
Tailgating,337,237,87.0,motorcycle,Outer,1.1837561465910074
Tailgating,337,87,130.0,motorcycle,Outer,3.3320565181390283
Tailgating,337,130,10.0,car,Outer,0.007749289814089549
Tailgating,337,124,163.0,motorcycle,Outer,0.2022567419480251
Tailgating,337,176,37.0,person,Outer,0.865657640978291
Tailgating,338,237,87.0,motorcycle,Outer,1.0485519595398718
Tailgating,338,87,130.0,motorcycle,Outer,3.3680033249350347
Tailgating,338,130,10.0,car,Outer,0.005023117325993734
Tailgating,338,124,163.0,motorcycle,Outer,0.1669093103602142
Tailgating,338,55,84.0,motorcycle,Outer,0.4227005967847651
Tailgating,338,176,37.0,person,Outer,0.8983185986063212
Tailgating,339,237,87.0,motorcycle,Outer,0.9351680010819036
Tailgating,339,87,130.0,motorcycle,Outer,3.3810763977673552
Tailgating,339,130,10.0,car,Outer,0.0020983813977992227
Tailgating,339,124,163.0,motorcycle,Outer,0.13548745726176772
Tailgating,339,55,84.0,motorcycle,Outer,0.46298350633100055
Tailgating,340,237,87.0,motorcycle,Outer,0.8292521147343772
Tailgating,340,87,10.0,motorcycle,Outer,3.385352361829685
Tailgating,340,10,130.0,car,Outer,0.0009702336702461867
Tailgating,340,55,84.0,motorcycle,Outer,0.5079954153344325
Tailgating,341,237,87.0,motorcycle,Outer,0.7334481603831885
Tailgating,341,87,10.0,motorcycle,Outer,3.3792402502976233
Tailgating,341,10,130.0,car,Outer,0.0030885616408920396
Tailgating,341,55,84.0,motorcycle,Outer,0.5550338499925871
Tailgating,342,237,87.0,motorcycle,Outer,0.6613839437982699
Tailgating,342,10,130.0,car,Outer,0.005445847297288246
Tailgating,342,55,84.0,motorcycle,Outer,0.6019112197015475
Tailgating,342,176,37.0,person,Outer,0.8913831687288083
Tailgating,343,237,87.0,motorcycle,Outer,0.6079401653399482
Tailgating,343,10,130.0,car,Outer,0.006767525051949032
Tailgating,343,55,84.0,motorcycle,Outer,0.6504566440454271
Tailgating,343,176,37.0,person,Outer,0.8441515013437142
Tailgating,344,237,87.0,motorcycle,Outer,0.5662066929549882
Tailgating,344,10,130.0,car,Outer,0.00663891401965283
Tailgating,344,55,84.0,motorcycle,Outer,0.6839847432457985
Tailgating,344,176,37.0,person,Outer,0.7854074025771173
Tailgating,345,38,99.0,car,Inner,3.228082387564819
Tailgating,345,237,87.0,motorcycle,Outer,0.5312572401156631
Tailgating,345,10,130.0,car,Outer,0.005091168064165172
Tailgating,345,124,163.0,motorcycle,Outer,0.16216545618521788
Tailgating,345,176,37.0,person,Outer,0.7205655812484087
Tailgating,345,243,225.0,motorcycle,Outer,2.5134480877779133
Tailgating,346,38,99.0,car,Inner,3.189269414405126
Tailgating,346,237,87.0,motorcycle,Outer,0.4740859548661036
Tailgating,346,10,130.0,car,Outer,0.004336552138093507
Tailgating,346,176,37.0,person,Outer,0.6639848931951873
Tailgating,346,243,225.0,motorcycle,Outer,2.4944377725058904
Tailgating,347,38,99.0,car,Inner,3.148793999755208
Tailgating,347,237,87.0,motorcycle,Outer,0.4777835611161786
Tailgating,347,87,10.0,motorcycle,Outer,3.055621514491191
Tailgating,347,10,130.0,car,Outer,0.004216550090855802
Tailgating,347,176,37.0,person,Outer,0.6140915451091652
Tailgating,347,243,225.0,motorcycle,Outer,2.4728701310889787
Tailgating,348,38,99.0,car,Inner,3.1071960894860475
Tailgating,348,237,87.0,motorcycle,Outer,0.5039213077306919
Tailgating,348,87,10.0,motorcycle,Outer,2.948916758972352
Tailgating,348,10,130.0,car,Outer,0.005362935711140937
Tailgating,348,55,84.0,motorcycle,Outer,0.6871647437540767
Tailgating,348,243,225.0,motorcycle,Outer,2.453592502106724
Tailgating,349,38,99.0,car,Inner,3.064826309814484
Tailgating,349,237,87.0,motorcycle,Outer,0.5334185031221264
Tailgating,349,87,10.0,motorcycle,Outer,2.8356512740897246
Tailgating,349,10,130.0,car,Outer,0.005902822185144857
Tailgating,350,237,87.0,motorcycle,Outer,0.5614972262969005
Tailgating,350,87,10.0,motorcycle,Outer,2.719638990631099
Tailgating,350,10,130.0,car,Outer,0.006406194687068138
Tailgating,350,124,163.0,motorcycle,Outer,0.1493195088508668
Tailgating,351,237,87.0,motorcycle,Outer,0.5928556885311937
Tailgating,351,87,10.0,motorcycle,Outer,2.6000316072956142
Tailgating,351,10,130.0,car,Outer,0.0067913245118901375
Tailgating,351,124,163.0,motorcycle,Outer,0.12459346959536466
Tailgating,351,55,84.0,motorcycle,Outer,0.6156872234120163
Tailgating,352,237,87.0,motorcycle,Outer,0.6260117348040389
Tailgating,352,87,10.0,motorcycle,Outer,2.477544856104739
Tailgating,352,10,130.0,car,Outer,0.00785152073596882
Tailgating,352,124,163.0,motorcycle,Outer,0.09239515608576906
Tailgating,352,55,84.0,motorcycle,Outer,0.5922249001837266
Tailgating,352,84,17.0,motorcycle,Outer,0.6025504743256169
Tailgating,352,176,37.0,person,Outer,0.675470876498372
Tailgating,353,237,87.0,motorcycle,Outer,0.6602537815601823
Tailgating,353,87,10.0,motorcycle,Outer,2.3523086661018846
Tailgating,353,10,130.0,car,Outer,0.008401393730928467
Tailgating,353,55,84.0,motorcycle,Outer,0.5545783688688536
Tailgating,353,84,17.0,motorcycle,Outer,0.6027415458323833
Tailgating,354,237,87.0,motorcycle,Outer,0.6307177891329546
Tailgating,354,10,130.0,car,Outer,0.007967485887050143
Tailgating,354,55,84.0,motorcycle,Outer,0.5293571517737764
Tailgating,354,84,17.0,motorcycle,Outer,0.6036706267689831
Tailgating,355,237,87.0,motorcycle,Outer,0.5836192521703412
Tailgating,355,10,130.0,car,Outer,0.007629829615718788
Tailgating,355,84,17.0,motorcycle,Outer,0.6051714841509747
Tailgating,356,237,87.0,motorcycle,Outer,0.5365036887181367
Tailgating,356,10,130.0,car,Outer,0.0035168070949707594
Tailgating,356,84,17.0,motorcycle,Outer,0.607208898893192
Tailgating,356,176,37.0,person,Outer,0.7742774553339059
Tailgating,357,237,87.0,motorcycle,Outer,0.4870273958690159
Tailgating,357,10,130.0,car,Outer,0.0013537952922760654
Tailgating,357,45,240.0,car,Outer,0.12919964689333863
Tailgating,358,237,87.0,motorcycle,Outer,0.4411956824286216
Tailgating,358,130,10.0,car,Outer,0.001591970503820343
Tailgating,358,55,84.0,motorcycle,Outer,0.6115530062949339
Tailgating,359,237,87.0,motorcycle,Outer,0.3943478753035054
Tailgating,359,130,10.0,car,Outer,0.0073447926352607305
Tailgating,360,237,87.0,motorcycle,Outer,0.3393737990288332
Tailgating,360,130,10.0,car,Outer,0.009999469144646599
Tailgating,361,237,87.0,motorcycle,Outer,0.29094037349601715
Tailgating,361,130,10.0,car,Outer,0.01306693232661774
Tailgating,362,237,87.0,motorcycle,Outer,0.2465426657283161
Tailgating,362,130,10.0,car,Outer,0.015462651488824945
Tailgating,362,55,84.0,motorcycle,Outer,0.5462710708667204
Tailgating,363,237,87.0,motorcycle,Outer,0.19889676052537952
Tailgating,363,130,10.0,car,Outer,0.01913977678769761
Tailgating,363,55,84.0,motorcycle,Outer,0.5028431445091303
Tailgating,364,38,99.0,car,Inner,3.0855322792613062
Tailgating,364,237,87.0,motorcycle,Outer,0.15874736618855387
Tailgating,364,130,10.0,car,Outer,0.020585436471918517
Tailgating,364,55,84.0,motorcycle,Outer,0.4493221191116467
Tailgating,365,38,99.0,car,Inner,3.1272095800427655
Tailgating,365,237,87.0,motorcycle,Outer,0.12176576506650653
Tailgating,365,130,10.0,car,Outer,0.019591660343025997
Tailgating,365,55,84.0,motorcycle,Outer,0.39135120256479355
Tailgating,365,84,17.0,motorcycle,Outer,0.6136589564100503
Tailgating,365,183,176.0,person,Outer,1.2898792924889928
Tailgating,366,38,99.0,car,Inner,3.1707585658356456
Tailgating,366,237,87.0,motorcycle,Outer,0.08727061195196446
Tailgating,366,130,10.0,car,Outer,0.011025099314765521
Tailgating,366,183,176.0,person,Outer,1.3025348216701298
Tailgating,367,237,87.0,motorcycle,Outer,0.06454959672946309
Tailgating,367,183,176.0,person,Outer,1.315908323489957
Tailgating,368,237,87.0,motorcycle,Outer,0.041372314737857734
Tailgating,368,183,176.0,person,Outer,1.3348922598484538
Tailgating,369,38,99.0,car,Inner,3.2467960361582433
Tailgating,369,237,87.0,motorcycle,Outer,0.016539299449108508
Tailgating,369,183,176.0,person,Outer,1.353648351990409
Tailgating,370,237,10.0,motorcycle,Outer,1.6337912920455606
Tailgating,370,10,130.0,car,Outer,0.23239855907230172
Tailgating,370,85,234.0,motorcycle,Outer,0.45126467862133274
Tailgating,371,237,10.0,motorcycle,Outer,1.3636105422579852
Tailgating,371,10,130.0,car,Outer,0.3766756152175733
Tailgating,371,85,234.0,motorcycle,Outer,0.4662918488319419
Tailgating,371,84,17.0,motorcycle,Outer,0.618238373525093
Tailgating,372,237,10.0,motorcycle,Outer,1.0650284704514046
Tailgating,372,10,130.0,car,Outer,0.5461424653800897
Tailgating,372,85,234.0,motorcycle,Outer,0.48388503395368043
Tailgating,372,84,17.0,motorcycle,Outer,0.6052541806749153
Tailgating,373,237,130.0,motorcycle,Outer,1.6129513357938157
Tailgating,373,85,234.0,motorcycle,Outer,0.5065533638011189
Tailgating,373,84,17.0,motorcycle,Outer,0.5910543759353974
Tailgating,373,176,37.0,person,Outer,1.0979445529844887
Tailgating,373,247,87.0,motorcycle,Outer,3.2464316874459054
Tailgating,374,237,130.0,motorcycle,Outer,1.5164282826465525
Tailgating,374,85,234.0,motorcycle,Outer,0.5324836909710369
Tailgating,374,84,17.0,motorcycle,Outer,0.5783668017667419
Tailgating,374,176,37.0,person,Outer,1.1388635066608293
Tailgating,374,248,114.0,person,Outer,3.823430594373996
Tailgating,374,247,87.0,motorcycle,Outer,3.193054716820057
Tailgating,375,237,130.0,motorcycle,Outer,1.416705031175578
Tailgating,375,85,234.0,motorcycle,Outer,0.5598346756838548
Tailgating,375,176,37.0,person,Outer,1.1826915275745877
Tailgating,375,248,114.0,person,Outer,3.7730088532963575
Tailgating,375,247,87.0,motorcycle,Outer,3.1431246973571705
Tailgating,376,247,87.0,motorcycle,Outer,3.061051747095169
Tailgating,376,237,130.0,motorcycle,Outer,1.3174900162938272
Tailgating,376,85,234.0,motorcycle,Outer,0.5863104360415275
Tailgating,376,84,17.0,motorcycle,Outer,0.5597479781870881
Tailgating,376,176,37.0,person,Outer,1.2178379250500502
Tailgating,376,248,114.0,person,Outer,3.7211462719228146
Tailgating,377,247,87.0,motorcycle,Outer,2.9816061454208245
Tailgating,377,237,130.0,motorcycle,Outer,1.2406808504121478
Tailgating,377,85,234.0,motorcycle,Outer,0.6103070850275307
Tailgating,377,176,37.0,person,Outer,1.2478416713959293
Tailgating,377,248,114.0,person,Outer,3.6622372872908633
Tailgating,378,247,87.0,motorcycle,Outer,2.9112007169036405
Tailgating,378,237,130.0,motorcycle,Outer,1.1700961494173212
Tailgating,378,85,234.0,motorcycle,Outer,0.6288259293982913
Tailgating,378,248,114.0,person,Outer,3.609899365175786
Tailgating,379,247,87.0,motorcycle,Outer,2.8422494303621817
Tailgating,379,237,130.0,motorcycle,Outer,1.0846865707200373
Tailgating,379,85,234.0,motorcycle,Outer,0.6454121044871464
Tailgating,379,248,114.0,person,Outer,3.50804156128306
Tailgating,380,247,87.0,motorcycle,Outer,2.7863745727477163
Tailgating,380,237,130.0,motorcycle,Outer,0.9879864192932204
Tailgating,380,85,234.0,motorcycle,Outer,0.660981698984264
Tailgating,380,225,221.0,car,Outer,0.05535652206424284
Tailgating,380,248,114.0,person,Outer,3.3889550492993457
Tailgating,381,247,87.0,motorcycle,Outer,2.7434643697738856
Tailgating,381,237,130.0,motorcycle,Outer,0.9009057157981369
Tailgating,381,85,234.0,motorcycle,Outer,0.6763273546741044
Tailgating,381,225,221.0,car,Outer,0.11245492769392966
Tailgating,381,248,114.0,person,Outer,3.28126401604025
Tailgating,382,38,99.0,car,Inner,3.2312260411848945
Tailgating,382,247,87.0,motorcycle,Outer,2.7037584447182743
Tailgating,382,237,130.0,motorcycle,Outer,0.8187793418834961
Tailgating,382,85,234.0,motorcycle,Outer,0.692031090992682
Tailgating,382,225,221.0,car,Outer,0.17811833717958725
Tailgating,382,248,114.0,person,Outer,3.175575301593722
Tailgating,383,247,87.0,motorcycle,Outer,2.664678250377948
Tailgating,383,237,130.0,motorcycle,Outer,0.7208967123256255
Tailgating,383,85,234.0,motorcycle,Outer,0.7086722839394148
Tailgating,383,225,221.0,car,Outer,0.2493214651662474
Tailgating,383,248,114.0,person,Outer,3.0711066922332813
Tailgating,384,247,87.0,motorcycle,Outer,2.5937408232826944
Tailgating,384,85,234.0,motorcycle,Outer,0.7251780560092059
Tailgating,384,225,221.0,car,Outer,0.32037932501686833
Tailgating,384,248,114.0,person,Outer,2.9647686466080234
Tailgating,384,114,247.0,person,Outer,1.1209043988075194
Tailgating,385,247,87.0,motorcycle,Outer,2.487939033349946
Tailgating,385,85,234.0,motorcycle,Outer,0.7421197582670171
Tailgating,385,225,221.0,car,Outer,0.3530938764009036
Tailgating,385,248,114.0,person,Outer,2.8542604567868053
Tailgating,385,114,247.0,person,Outer,1.24009337741622
Tailgating,386,247,87.0,motorcycle,Outer,2.3693689212048645
Tailgating,386,87,130.0,motorcycle,Outer,0.9160602954532056
Tailgating,386,85,234.0,motorcycle,Outer,0.7585379149644429
Tailgating,386,248,114.0,person,Outer,2.7513758551544223
Tailgating,386,114,247.0,person,Outer,1.3563579851115848
Tailgating,387,247,87.0,motorcycle,Outer,2.24439137096173
Tailgating,387,87,130.0,motorcycle,Outer,0.9213519952477018
Tailgating,387,85,234.0,motorcycle,Outer,0.774514184067515
Tailgating,387,225,221.0,car,Outer,0.31221137359679124
Tailgating,387,248,114.0,person,Outer,2.6594664121764855
Tailgating,388,247,87.0,motorcycle,Outer,2.1249207542361943
Tailgating,388,87,130.0,motorcycle,Outer,0.9504015029716644
Tailgating,388,85,234.0,motorcycle,Outer,0.7887780628617804
Tailgating,388,225,221.0,car,Outer,0.26067163582708713
Tailgating,388,248,114.0,person,Outer,2.577057195508906
Tailgating,389,247,87.0,motorcycle,Outer,1.9986878134351571
Tailgating,389,85,234.0,motorcycle,Outer,0.8033914307947659
Tailgating,389,225,221.0,car,Outer,0.19796349779316674
Tailgating,389,248,114.0,person,Outer,2.4928750068438577
Tailgating,390,247,87.0,motorcycle,Outer,1.8664771463036463
Tailgating,390,85,234.0,motorcycle,Outer,0.8206205102058728
Tailgating,390,225,221.0,car,Outer,0.1293745636150597
Tailgating,390,248,114.0,person,Outer,2.409717450445463
Tailgating,391,247,87.0,motorcycle,Outer,1.7546288816427449
Tailgating,391,85,234.0,motorcycle,Outer,0.8322568197900642
Tailgating,391,55,84.0,motorcycle,Outer,0.4299871918933742
Tailgating,391,225,221.0,car,Outer,0.0585559129140979
Tailgating,391,248,114.0,person,Outer,2.33316986197337
Tailgating,392,85,234.0,motorcycle,Outer,0.8408405305896804
Tailgating,392,55,84.0,motorcycle,Outer,0.46328746015006683
Tailgating,392,225,221.0,car,Outer,0.025368031273359706
Tailgating,392,248,114.0,person,Outer,2.261665620651479
Tailgating,393,85,234.0,motorcycle,Outer,0.8479411454377265
Tailgating,393,55,84.0,motorcycle,Outer,0.5029918992463187
Tailgating,393,84,8.0,motorcycle,Outer,0.566176195981325
Tailgating,393,248,114.0,person,Outer,2.1940274727060634
Tailgating,394,85,234.0,motorcycle,Outer,0.858641161536791
Tailgating,394,55,84.0,motorcycle,Outer,0.548054201477867
Tailgating,394,248,114.0,person,Outer,2.1227598452625567
Tailgating,395,85,234.0,motorcycle,Outer,0.8717332940256447
Tailgating,395,55,84.0,motorcycle,Outer,0.595687701393265
Tailgating,395,248,114.0,person,Outer,2.049695624662354
Tailgating,396,85,234.0,motorcycle,Outer,0.8905394163866485
Tailgating,396,55,84.0,motorcycle,Outer,0.6439581854849012
Tailgating,396,248,114.0,person,Outer,1.978601124847868
Tailgating,397,85,234.0,motorcycle,Outer,0.9084363902355795
Tailgating,397,55,84.0,motorcycle,Outer,0.6773312704646273
Tailgating,397,248,114.0,person,Outer,1.9066711695068135
Tailgating,398,85,234.0,motorcycle,Outer,0.9297459583958058
Tailgating,398,55,84.0,motorcycle,Outer,0.6995400688192142
Tailgating,398,248,114.0,person,Outer,1.8428074587874144
Tailgating,399,85,234.0,motorcycle,Outer,0.9545073522917896
Tailgating,399,248,114.0,person,Outer,1.776497820446323
Tailgating,400,85,234.0,motorcycle,Outer,0.9837029906040873
Tailgating,400,84,8.0,motorcycle,Outer,0.5726639134907376
Tailgating,400,248,114.0,person,Outer,1.7053988519124823
Tailgating,401,85,234.0,motorcycle,Outer,1.0111832622243204
Tailgating,401,248,114.0,person,Outer,1.6303738398441578
Tailgating,402,85,234.0,motorcycle,Outer,1.0373969891770582
Tailgating,402,248,114.0,person,Outer,1.5535456361427005
Tailgating,403,85,234.0,motorcycle,Outer,1.0584555114522562
Tailgating,403,55,84.0,motorcycle,Outer,0.6953629400212554
Tailgating,403,248,114.0,person,Outer,1.4689037068661972
Tailgating,404,85,234.0,motorcycle,Outer,1.0790762410006907
Tailgating,404,55,84.0,motorcycle,Outer,0.6445159061033698
Tailgating,404,248,114.0,person,Outer,1.3783539498007342
Tailgating,405,85,234.0,motorcycle,Outer,1.09971583190324
Tailgating,405,55,84.0,motorcycle,Outer,0.5875421601988189
Tailgating,405,248,114.0,person,Outer,1.2845024903717988
Tailgating,406,38,99.0,car,Inner,3.2306154759371064
Tailgating,406,85,234.0,motorcycle,Outer,1.1212628291748417
Tailgating,406,55,84.0,motorcycle,Outer,0.5280077464922981
Tailgating,406,248,114.0,person,Outer,1.186524553511238
Tailgating,407,38,99.0,car,Inner,3.1939231849598233
Tailgating,407,85,234.0,motorcycle,Outer,1.1373138799843594
Tailgating,407,55,84.0,motorcycle,Outer,0.48373738193309634
Tailgating,407,248,114.0,person,Outer,1.086304282724442
Tailgating,408,38,99.0,car,Inner,3.154715683046852
Tailgating,408,85,234.0,motorcycle,Outer,1.1497417909447742
Tailgating,408,55,84.0,motorcycle,Outer,0.4537401750371414
Tailgating,408,248,114.0,person,Outer,0.995832208228297
Tailgating,409,85,234.0,motorcycle,Outer,1.1626207765239531
Tailgating,409,55,84.0,motorcycle,Outer,0.40745218104379183
Tailgating,409,248,114.0,person,Outer,0.9014873653772931
Tailgating,410,85,234.0,motorcycle,Outer,1.1766935276908985
Tailgating,410,45,240.0,car,Outer,0.04619778210886443
Tailgating,410,248,114.0,person,Outer,0.8067691117879051
Tailgating,411,245,83.0,motorcycle,Inner,0.01809780236648894
Tailgating,411,85,234.0,motorcycle,Outer,1.1916700465232901
Tailgating,411,248,114.0,person,Outer,0.7121607381004831
Tailgating,412,245,83.0,motorcycle,Inner,0.05996536954872179
Tailgating,412,85,234.0,motorcycle,Outer,1.207554249083193
Tailgating,412,248,114.0,person,Outer,0.6175225802553461
Tailgating,413,245,83.0,motorcycle,Inner,0.09728591523663435
Tailgating,413,85,234.0,motorcycle,Outer,1.2232206932344762
Tailgating,413,248,114.0,person,Outer,0.5243669144372805
Tailgating,414,38,99.0,car,Inner,3.1771173983497265
Tailgating,414,245,83.0,motorcycle,Inner,0.12978093252574402
Tailgating,414,85,234.0,motorcycle,Outer,1.2411235448050932
Tailgating,414,248,114.0,person,Outer,0.43531585321465993
Tailgating,415,38,99.0,car,Inner,3.214354790359957
Tailgating,415,245,83.0,motorcycle,Inner,0.16276394207047237
Tailgating,415,85,234.0,motorcycle,Outer,1.2595347397722043
Tailgating,415,55,84.0,motorcycle,Outer,0.35629735640979193
Tailgating,415,248,114.0,person,Outer,0.34790947993974136
Tailgating,416,245,83.0,motorcycle,Inner,0.19495278933038562
Tailgating,416,85,234.0,motorcycle,Outer,1.2785989496926367
Tailgating,416,248,114.0,person,Outer,0.2621198561413772
Tailgating,417,245,83.0,motorcycle,Inner,0.2381413145028787
Tailgating,417,85,234.0,motorcycle,Outer,1.2989292325726676
Tailgating,417,248,114.0,person,Outer,0.18122745101239188
Tailgating,418,245,83.0,motorcycle,Inner,0.27993226639168584
Tailgating,418,85,234.0,motorcycle,Outer,1.3173672580689992
Tailgating,418,248,114.0,person,Outer,0.11333205153063289
Tailgating,419,245,83.0,motorcycle,Inner,0.3291962997695789
Tailgating,419,85,234.0,motorcycle,Outer,1.3380218617298132
Tailgating,419,248,114.0,person,Outer,0.05115049041418333
Tailgating,420,245,83.0,motorcycle,Inner,0.3942731522972999
Tailgating,420,85,234.0,motorcycle,Outer,1.3596509532662862
Tailgating,420,248,247.0,person,Outer,3.9861592477294367
Tailgating,421,245,83.0,motorcycle,Inner,0.4744516020951602
Tailgating,421,85,234.0,motorcycle,Outer,1.3844039885802293
Tailgating,421,176,37.0,person,Outer,1.9404687326502073
Tailgating,421,248,247.0,person,Outer,3.998814636263242
Tailgating,422,245,83.0,motorcycle,Inner,0.5620879005316927
Tailgating,422,85,234.0,motorcycle,Outer,1.411009434322124
Tailgating,422,176,37.0,person,Outer,1.971410619330772
Tailgating,423,245,83.0,motorcycle,Inner,0.65573273145698
Tailgating,423,85,234.0,motorcycle,Outer,1.4395030982258339
Tailgating,423,176,37.0,person,Outer,2.0038499559290224
Tailgating,424,199,200.0,car,Inner,1.2481317860444245
Tailgating,424,245,83.0,motorcycle,Inner,0.7558851922524189
Tailgating,424,85,234.0,motorcycle,Outer,1.4679851441320988
Tailgating,424,55,8.0,motorcycle,Outer,1.05273672475243
Tailgating,425,38,99.0,car,Inner,3.215818011849513
Tailgating,425,199,200.0,car,Inner,1.2105697457702618
Tailgating,425,245,83.0,motorcycle,Inner,0.8604821515144162
Tailgating,425,85,234.0,motorcycle,Outer,1.496752914497549
Tailgating,425,55,8.0,motorcycle,Outer,1.0947742580285293
Tailgating,426,38,99.0,car,Inner,3.257197666612943
Tailgating,426,199,200.0,car,Inner,1.1688205403726413
Tailgating,426,245,83.0,motorcycle,Inner,0.9639719035904893
Tailgating,426,85,234.0,motorcycle,Outer,1.52967182490849
Tailgating,426,55,8.0,motorcycle,Outer,1.1584289281078128
Tailgating,427,199,200.0,car,Inner,1.1212547983916565
Tailgating,427,245,83.0,motorcycle,Inner,1.0576526537213713
Tailgating,427,85,234.0,motorcycle,Outer,1.5662792036895576
Tailgating,427,55,8.0,motorcycle,Outer,1.2195464332312245
Tailgating,428,199,200.0,car,Inner,1.0703779057243126
Tailgating,428,245,83.0,motorcycle,Inner,1.1349237130479386
Tailgating,428,85,234.0,motorcycle,Outer,1.6032927598966593
Tailgating,428,55,8.0,motorcycle,Outer,1.2791916691118874
Tailgating,429,199,200.0,car,Inner,1.010573290990053
Tailgating,429,245,83.0,motorcycle,Inner,1.2071155716435193
Tailgating,429,85,234.0,motorcycle,Outer,1.641769231070914
Tailgating,429,55,8.0,motorcycle,Outer,1.3548207075525045
Tailgating,430,199,200.0,car,Inner,0.9622321709326175
Tailgating,430,245,83.0,motorcycle,Inner,1.2771241136139193
Tailgating,430,85,234.0,motorcycle,Outer,1.6794746573762263
Tailgating,430,55,8.0,motorcycle,Outer,1.4263311043637779
Tailgating,431,38,99.0,car,Inner,3.227893600733023
Tailgating,431,245,83.0,motorcycle,Inner,1.3433947740284673
Tailgating,431,85,234.0,motorcycle,Outer,1.7166111927909218
Tailgating,431,55,8.0,motorcycle,Outer,1.490340147520866
Tailgating,432,245,83.0,motorcycle,Inner,1.40656271335128
Tailgating,432,85,234.0,motorcycle,Outer,1.7536858591539075
Tailgating,432,55,8.0,motorcycle,Outer,1.5466554882446721
Tailgating,433,245,83.0,motorcycle,Inner,1.471569336707261
Tailgating,433,85,234.0,motorcycle,Outer,1.785656982309023
Tailgating,433,55,8.0,motorcycle,Outer,1.5824874141401117
Tailgating,434,38,99.0,car,Inner,3.146361319498789
Tailgating,434,245,83.0,motorcycle,Inner,1.5373289011085172
Tailgating,434,85,234.0,motorcycle,Outer,1.8135705599573215
Tailgating,434,55,8.0,motorcycle,Outer,1.6212749981056997
Tailgating,435,38,99.0,car,Inner,3.1058002148755017
Tailgating,435,245,83.0,motorcycle,Inner,1.603282115825175
Tailgating,435,85,234.0,motorcycle,Outer,1.83718027129039
Tailgating,435,55,8.0,motorcycle,Outer,1.6620695546296824
Tailgating,436,245,83.0,motorcycle,Inner,1.6691977606809825
Tailgating,436,85,234.0,motorcycle,Outer,1.8604149735149242
Tailgating,437,245,83.0,motorcycle,Inner,1.7337894142187333
Tailgating,437,85,234.0,motorcycle,Outer,1.891488036661825
Tailgating,438,245,83.0,motorcycle,Inner,1.7919726277142323
Tailgating,438,85,234.0,motorcycle,Outer,1.9255474637208108
Tailgating,439,38,99.0,car,Inner,3.022529635052321
Tailgating,439,247,265.0,motorcycle,Outer,0.0984815143087397
Tailgating,439,85,234.0,motorcycle,Outer,1.958850858819885
Tailgating,440,247,265.0,motorcycle,Outer,0.08920133981722561
Tailgating,440,85,234.0,motorcycle,Outer,1.9928037051467133
Tailgating,441,247,265.0,motorcycle,Outer,0.08949436180046373
Tailgating,441,85,234.0,motorcycle,Outer,2.0289990590028433
Tailgating,442,85,234.0,motorcycle,Outer,2.0671987129138696
Tailgating,443,85,234.0,motorcycle,Outer,2.1059733771104816
Tailgating,444,85,234.0,motorcycle,Outer,2.129990799236898
Tailgating,445,85,234.0,motorcycle,Outer,2.145717959069659
Tailgating,446,85,234.0,motorcycle,Outer,2.145140230422288
Tailgating,446,234,163.0,person,Outer,1.5402069658373967
Tailgating,447,85,234.0,motorcycle,Outer,2.136998995735272
Tailgating,447,234,163.0,person,Outer,1.5904831911824735
Tailgating,448,85,234.0,motorcycle,Outer,2.1211774058791457
Tailgating,448,234,163.0,person,Outer,1.6441448951879123
Tailgating,449,85,234.0,motorcycle,Outer,2.1218499745692
Tailgating,449,234,163.0,person,Outer,1.6839372691563614
Tailgating,450,85,234.0,motorcycle,Outer,2.1274998953759896
Tailgating,450,234,163.0,person,Outer,1.7192753406096024
Tailgating,451,85,234.0,motorcycle,Outer,2.1270609196229926
Tailgating,451,234,163.0,person,Outer,1.7586407211449966
Tailgating,452,85,234.0,motorcycle,Outer,2.1257680828517596
Tailgating,452,234,163.0,person,Outer,1.7981741724079452
Tailgating,453,85,234.0,motorcycle,Outer,2.1403718232898665
Tailgating,454,85,234.0,motorcycle,Outer,2.1616717848694016
Tailgating,455,85,234.0,motorcycle,Outer,2.186461692753069
Tailgating,456,85,234.0,motorcycle,Outer,2.1956340454969436
Tailgating,457,85,234.0,motorcycle,Outer,2.2020762221290426
Tailgating,457,234,163.0,person,Outer,1.9048051995252606
Tailgating,458,85,234.0,motorcycle,Outer,2.220560230661544
Tailgating,459,85,234.0,motorcycle,Outer,2.247213850821642
Tailgating,460,85,234.0,motorcycle,Outer,2.2812676039864574
Tailgating,461,85,234.0,motorcycle,Outer,2.3201426325696968
Tailgating,462,85,234.0,motorcycle,Outer,2.361842056150625
Tailgating,462,66,55.0,motorcycle,Outer,1.2932154068265822
Tailgating,463,85,234.0,motorcycle,Outer,2.40475643641413
Tailgating,463,66,55.0,motorcycle,Outer,1.2517957315848036
Tailgating,464,85,234.0,motorcycle,Outer,2.4481518088105907
Tailgating,464,66,55.0,motorcycle,Outer,1.2096672988213204
Tailgating,465,85,234.0,motorcycle,Outer,2.4922646907973105
Tailgating,465,66,55.0,motorcycle,Outer,1.1672041024982371
Tailgating,466,85,234.0,motorcycle,Outer,2.5345694859061814
Tailgating,466,66,55.0,motorcycle,Outer,1.125566445370362
Tailgating,467,199,200.0,car,Inner,0.9646491627129592
Tailgating,467,85,234.0,motorcycle,Outer,2.574536233892903
Tailgating,468,199,200.0,car,Inner,0.9993251169639996
Tailgating,468,85,234.0,motorcycle,Outer,2.6099006600510775
Tailgating,469,199,200.0,car,Inner,1.0290693639994473
Tailgating,469,85,234.0,motorcycle,Outer,2.6463117779337337
Tailgating,470,199,200.0,car,Inner,1.0563854742144108
Tailgating,470,85,234.0,motorcycle,Outer,2.685457018976939
Tailgating,471,199,200.0,car,Inner,1.085167377017122
Tailgating,471,85,234.0,motorcycle,Outer,2.7237849778738177
Tailgating,472,199,200.0,car,Inner,1.1148558147336474
Tailgating,472,85,234.0,motorcycle,Outer,2.7622277395613146
Tailgating,473,199,200.0,car,Inner,1.1144718295175187
Tailgating,473,85,234.0,motorcycle,Outer,2.8009717460128623
Tailgating,474,85,234.0,motorcycle,Outer,2.8397411215456665
Tailgating,475,85,234.0,motorcycle,Outer,2.878574415061549
Tailgating,476,85,234.0,motorcycle,Outer,2.9180072526839016
Tailgating,477,85,234.0,motorcycle,Outer,2.957555868017208
Tailgating,478,85,234.0,motorcycle,Outer,2.9951831390913437
Tailgating,479,85,234.0,motorcycle,Outer,3.032764532863981
Tailgating,480,85,234.0,motorcycle,Outer,3.069080332482199
Tailgating,481,85,234.0,motorcycle,Outer,3.102190892561241
Tailgating,482,85,234.0,motorcycle,Outer,3.133230459096923
Tailgating,483,85,234.0,motorcycle,Outer,3.16538410513675
Tailgating,484,85,234.0,motorcycle,Outer,3.197143769448834
Tailgating,485,85,234.0,motorcycle,Outer,3.2281341625530096
Tailgating,486,269,85.0,person,Outer,3.929205930139545
Tailgating,486,85,234.0,motorcycle,Outer,3.2601784389449056
Tailgating,486,266,225.0,person,Outer,2.374336887639614
Tailgating,487,269,85.0,person,Outer,3.8121730920474812
Tailgating,487,85,234.0,motorcycle,Outer,3.2942869110149524
Tailgating,487,266,225.0,person,Outer,2.563670275257547
Tailgating,488,269,85.0,person,Outer,3.7042435315229114
Tailgating,488,85,234.0,motorcycle,Outer,3.3290957010938635
Tailgating,488,266,225.0,person,Outer,2.7801513885335054
Tailgating,489,269,85.0,person,Outer,3.5920723498466605
Tailgating,489,85,234.0,motorcycle,Outer,3.370269911908468
Tailgating,489,266,225.0,person,Outer,3.0093710715764934
Tailgating,490,269,85.0,person,Outer,3.4792869123953687
Tailgating,490,85,234.0,motorcycle,Outer,3.4114560176220987
Tailgating,490,266,225.0,person,Outer,3.244871319872514
Tailgating,491,269,85.0,person,Outer,3.3678007948048596
Tailgating,491,85,234.0,motorcycle,Outer,3.4488599117929537
Tailgating,491,266,225.0,person,Outer,3.481163938671119
Tailgating,492,269,85.0,person,Outer,3.2563404981265913
Tailgating,492,85,234.0,motorcycle,Outer,3.4848338255911315
Tailgating,492,266,275.0,person,Outer,0.8386981812739843
Tailgating,493,269,85.0,person,Outer,3.147068424151414
Tailgating,493,85,234.0,motorcycle,Outer,3.5188082146314934
Tailgating,493,266,275.0,person,Outer,1.275074151024447
Tailgating,493,275,225.0,motorcycle,Outer,2.5694111710376317
Tailgating,494,269,85.0,person,Outer,3.03456777699381
Tailgating,494,85,234.0,motorcycle,Outer,3.553028915984754
Tailgating,494,275,225.0,motorcycle,Outer,2.411748509396705
Tailgating,495,269,85.0,person,Outer,2.9211956753923602
Tailgating,495,85,234.0,motorcycle,Outer,3.5864763827850705
Tailgating,495,275,225.0,motorcycle,Outer,2.3251614695655545
Tailgating,496,269,85.0,person,Outer,2.8045968253035487
Tailgating,496,85,234.0,motorcycle,Outer,3.6159439205739314
Tailgating,496,275,225.0,motorcycle,Outer,2.2722397191456842
Tailgating,497,269,85.0,person,Outer,2.689188174917333
Tailgating,497,85,234.0,motorcycle,Outer,3.6428250033971588
Tailgating,497,275,225.0,motorcycle,Outer,2.2374219926207792
Tailgating,498,269,85.0,person,Outer,2.5847196511649213
Tailgating,498,85,234.0,motorcycle,Outer,3.6680627291495274
Tailgating,498,275,225.0,motorcycle,Outer,2.2136437471837276
Tailgating,499,269,85.0,person,Outer,2.4772579071287204
Tailgating,499,85,234.0,motorcycle,Outer,3.6963421364454034
Tailgating,499,275,225.0,motorcycle,Outer,2.083618173631202
Tailgating,500,269,85.0,person,Outer,2.372088731584393
Tailgating,500,85,234.0,motorcycle,Outer,3.728454644939093
Tailgating,500,275,225.0,motorcycle,Outer,2.0494142650805993
Tailgating,501,269,85.0,person,Outer,2.2709428358519648
Tailgating,501,85,234.0,motorcycle,Outer,3.7642816196955584
Tailgating,502,269,85.0,person,Outer,2.1718806089110734
Tailgating,502,85,234.0,motorcycle,Outer,3.802722177741892
Tailgating,503,269,85.0,person,Outer,2.071931580626386
Tailgating,503,85,234.0,motorcycle,Outer,3.8445897865754275
Tailgating,504,269,85.0,person,Outer,1.9666698641506861
Tailgating,504,85,234.0,motorcycle,Outer,3.8916769574082384
Tailgating,505,269,85.0,person,Outer,1.857745552572323
Tailgating,505,85,234.0,motorcycle,Outer,3.941456951680002
Tailgating,506,269,85.0,person,Outer,1.7387855389891154
Tailgating,506,85,234.0,motorcycle,Outer,3.9929473391626735
Tailgating,507,269,85.0,person,Outer,1.6096676209420993
Tailgating,508,269,85.0,person,Outer,1.485069405493843
Tailgating,509,269,85.0,person,Outer,1.3532578608025223
Tailgating,510,269,85.0,person,Outer,1.2269320896851301
Tailgating,511,269,85.0,person,Outer,1.0632960868565957
Tailgating,511,275,225.0,motorcycle,Outer,2.0143661561812385
Tailgating,512,269,85.0,person,Outer,0.8895853392186582
Tailgating,512,275,225.0,motorcycle,Outer,2.0083520114520157
Tailgating,513,269,85.0,person,Outer,0.7215046956883215
Tailgating,513,275,225.0,motorcycle,Outer,2.0746278965264757
Tailgating,514,269,85.0,person,Outer,0.5543082824525187
Tailgating,514,275,225.0,motorcycle,Outer,2.1069740427046377
Tailgating,515,269,85.0,person,Outer,0.38780873960605206
Tailgating,516,269,85.0,person,Outer,0.22302228372421123
Tailgating,517,269,85.0,person,Outer,0.049018026848260496
Tailgating,517,55,8.0,car,Outer,1.6301447988613151
Tailgating,517,266,225.0,person,Outer,3.8566539192048537
Tailgating,518,85,269.0,motorcycle,Outer,0.07866367528942064
Tailgating,518,55,8.0,car,Outer,1.5953606155603477
Tailgating,519,55,8.0,car,Outer,1.556954532664897
Tailgating,520,55,8.0,car,Outer,1.5166768536467072
Tailgating,521,55,8.0,car,Outer,1.475723072985016
Tailgating,522,55,8.0,car,Outer,1.4347833901703348
Tailgating,523,55,8.0,car,Outer,1.394257334764364
Tailgating,528,199,200.0,car,Inner,0.9070291531965793
Tailgating,529,199,200.0,car,Inner,0.8765596936942753
Tailgating,530,199,200.0,car,Inner,0.8696771316498658
Tailgating,543,55,8.0,car,Outer,1.445434993540138
Tailgating,544,55,8.0,car,Outer,1.479416458373344
Tailgating,545,55,8.0,car,Outer,1.5162417517482214
Tailgating,546,55,8.0,car,Outer,1.555024185025458
Tailgating,547,55,8.0,car,Outer,1.5952000669006827
Tailgating,548,55,8.0,car,Outer,1.6231016537684577
Tailgating,554,199,200.0,car,Inner,1.0057826043649558
Tailgating,554,66,55.0,motorcycle,Outer,1.32353792444037
Tailgating,555,199,200.0,car,Inner,1.0460648971784068
Tailgating,555,66,55.0,motorcycle,Outer,1.2846978570253322
Tailgating,556,66,55.0,motorcycle,Outer,1.2477638796864639
Tailgating,557,66,55.0,motorcycle,Outer,1.2121605181507817
Tailgating,558,66,55.0,motorcycle,Outer,1.1895753329682346
Tailgating,563,66,55.0,motorcycle,Outer,1.28990607439275
Tailgating,564,66,55.0,motorcycle,Outer,1.3278065697280366
Tailgating,566,66,55.0,motorcycle,Outer,1.3916652032010632
Tailgating,567,55,293.0,car,Outer,0.8530437248330577
Tailgating,567,8,17.0,motorcycle,Outer,0.2598758035572591
Tailgating,568,234,286.0,person,Outer,1.0066342549994003
Tailgating,568,55,293.0,car,Outer,0.8236896695026872
Tailgating,568,8,17.0,motorcycle,Outer,0.2307778841353099
Tailgating,569,234,286.0,person,Outer,0.9526117470604513
Tailgating,569,55,293.0,car,Outer,0.7873975439176375
Tailgating,570,234,286.0,person,Outer,0.8848052549981829
Tailgating,570,55,293.0,car,Outer,0.7481300331117532
Tailgating,571,234,286.0,person,Outer,0.8097408996283758
Tailgating,571,55,293.0,car,Outer,0.7050865433811763
Tailgating,572,234,286.0,person,Outer,0.7311047811764295
Tailgating,572,66,55.0,motorcycle,Outer,1.562992822894445
Tailgating,572,55,293.0,car,Outer,0.6648611097814942
Tailgating,573,234,286.0,person,Outer,0.6655228780923704
Tailgating,573,66,55.0,motorcycle,Outer,1.4759588884247596
Tailgating,573,55,293.0,car,Outer,0.6290327153717569
Tailgating,574,234,286.0,person,Outer,0.6107741166521687
Tailgating,574,66,55.0,motorcycle,Outer,1.4016086618029457
Tailgating,574,8,17.0,motorcycle,Outer,0.26090944728234794
Tailgating,575,66,55.0,motorcycle,Outer,1.26423848530079
Tailgating,575,8,17.0,motorcycle,Outer,0.2982989769674164
Tailgating,576,234,163.0,person,Outer,2.5494977173662674
Tailgating,576,66,55.0,motorcycle,Outer,1.0882512002122917
Tailgating,577,234,163.0,person,Outer,2.6165721460494282
Tailgating,577,66,55.0,motorcycle,Outer,0.891824276746443
Tailgating,578,234,163.0,person,Outer,2.693949783947119
Tailgating,578,66,55.0,motorcycle,Outer,0.7072962279753712
Tailgating,579,234,163.0,person,Outer,2.7802759682033757
Tailgating,579,66,55.0,motorcycle,Outer,0.5277316764443064
Tailgating,580,234,163.0,person,Outer,2.877292992524333
Tailgating,580,66,55.0,motorcycle,Outer,0.42881479980493925
Tailgating,581,234,163.0,person,Outer,2.981300561680019
Tailgating,581,66,55.0,motorcycle,Outer,0.2997672582615407
Tailgating,582,234,163.0,person,Outer,3.086192489875233
Tailgating,582,66,55.0,motorcycle,Outer,0.23005515058417184
Tailgating,583,234,163.0,person,Outer,3.1337297990496378
Tailgating,584,234,163.0,person,Outer,3.1696130736087116
Tailgating,590,38,99.0,car,Inner,3.072419934559265
Tailgating,591,38,99.0,car,Inner,3.1123981038266657
Tailgating,592,38,99.0,car,Inner,3.155012054005464
Tailgating,593,38,99.0,car,Inner,3.1964114664396925
Tailgating,593,234,204.0,person,Outer,2.565403232886942
Tailgating,593,204,163.0,motorcycle,Outer,1.0312485969088787
Tailgating,594,234,204.0,person,Outer,2.462772407653851
Tailgating,594,204,163.0,motorcycle,Outer,1.0768999113344164
Tailgating,595,234,204.0,person,Outer,2.3505804994805692
Tailgating,595,204,163.0,motorcycle,Outer,1.1240498179573792
Tailgating,596,204,163.0,motorcycle,Outer,1.1704680499727333
Tailgating,597,204,163.0,motorcycle,Outer,1.2166250489915431
Tailgating,598,38,99.0,car,Inner,3.152015671832033
Tailgating,598,204,163.0,motorcycle,Outer,1.260914627975229
Tailgating,598,55,293.0,car,Outer,0.526425692424089
Tailgating,599,38,99.0,car,Inner,3.110821196421603
Tailgating,599,204,163.0,motorcycle,Outer,1.3087465073122295
Tailgating,599,55,293.0,car,Outer,0.5465839832276643
Tailgating,600,38,99.0,car,Inner,3.0686433527486963
Tailgating,600,234,204.0,person,Outer,2.1668498334879542
Tailgating,600,204,163.0,motorcycle,Outer,1.3555257083973027
Tailgating,601,234,204.0,person,Outer,2.1865355997022906
Tailgating,601,204,163.0,motorcycle,Outer,1.404121110514693
Tailgating,601,55,293.0,car,Outer,0.5754435574983231
Tailgating,602,234,204.0,person,Outer,2.2201693041977824
Tailgating,602,204,163.0,motorcycle,Outer,1.453090279283385
Tailgating,602,55,293.0,car,Outer,0.6034903149465225
Tailgating,603,234,204.0,person,Outer,2.2144715516490856
Tailgating,603,204,163.0,motorcycle,Outer,1.5034606770766203
Tailgating,603,55,293.0,car,Outer,0.6369737367822208
Tailgating,604,234,204.0,person,Outer,2.1992565715771337
Tailgating,604,204,1.0,motorcycle,Outer,1.5568037604985383
Tailgating,605,234,204.0,person,Outer,2.1789665726461087
Tailgating,605,204,1.0,motorcycle,Outer,1.6120047475777073
Tailgating,606,204,1.0,motorcycle,Outer,1.6686781259812955
Tailgating,607,204,1.0,motorcycle,Outer,1.7279312439698722
Tailgating,608,204,1.0,motorcycle,Outer,1.781521377135307
Tailgating,608,240,45.0,car,Outer,0.08229250126932015
Tailgating,609,204,1.0,motorcycle,Outer,1.8365655631565285
Tailgating,609,240,45.0,car,Outer,0.13105795957099392
Tailgating,610,38,99.0,car,Inner,3.0708792246999432
Tailgating,610,204,1.0,motorcycle,Outer,1.8931622109782837
Tailgating,611,204,1.0,motorcycle,Outer,1.94714032258097
Tailgating,612,204,1.0,motorcycle,Outer,1.999237888195353
Tailgating,613,204,1.0,motorcycle,Outer,2.0476616043477707
Tailgating,614,286,204.0,motorcycle,Outer,0.1980300397559645
Tailgating,614,204,1.0,motorcycle,Outer,2.0962791723139786
Tailgating,615,286,204.0,motorcycle,Outer,0.2905101315865233
Tailgating,615,204,1.0,motorcycle,Outer,2.145519877021619
Tailgating,615,240,45.0,car,Outer,0.13774381235825833
Tailgating,616,286,204.0,motorcycle,Outer,0.38007636062907746
Tailgating,616,204,163.0,motorcycle,Outer,2.1942316770570307
Tailgating,616,240,45.0,car,Outer,0.09147155370108837
Tailgating,617,38,99.0,car,Inner,3.0562914074987844
Tailgating,617,286,204.0,motorcycle,Outer,0.46973328189204955
Tailgating,617,204,163.0,motorcycle,Outer,2.244066093807199
Tailgating,618,286,204.0,motorcycle,Outer,0.5621242096557878
Tailgating,618,204,163.0,motorcycle,Outer,2.291354908143373
Tailgating,619,286,204.0,motorcycle,Outer,0.6566620552295768
Tailgating,619,204,180.0,motorcycle,Outer,1.0323703110328655
Tailgating,619,180,163.0,motorcycle,Outer,1.467765937418724
Tailgating,620,234,286.0,person,Outer,0.6826923147814962
Tailgating,620,286,204.0,motorcycle,Outer,0.702978732291111
Tailgating,620,204,180.0,motorcycle,Outer,1.070189587452318
Tailgating,620,180,163.0,motorcycle,Outer,1.4883256939988794
Tailgating,621,38,99.0,car,Inner,3.0682028506193655
Tailgating,621,286,204.0,motorcycle,Outer,0.5956230764676007
Tailgating,621,204,180.0,motorcycle,Outer,1.1089022623974918
Tailgating,621,180,163.0,motorcycle,Outer,1.5090893435070147
Tailgating,622,38,99.0,car,Inner,3.1027671377729367
Tailgating,622,286,204.0,motorcycle,Outer,0.479029861191967
Tailgating,622,204,180.0,motorcycle,Outer,1.148243915885427
Tailgating,622,180,163.0,motorcycle,Outer,1.5301595970082662
Tailgating,622,240,45.0,car,Outer,0.12961407292067578
Tailgating,623,38,99.0,car,Inner,3.1439062295155633
Tailgating,623,286,204.0,motorcycle,Outer,0.36360545500286723
Tailgating,623,204,180.0,motorcycle,Outer,1.18636316825108
Tailgating,623,180,163.0,motorcycle,Outer,1.5529939309626903
Tailgating,623,240,45.0,car,Outer,0.16540858692667962
Tailgating,624,286,204.0,motorcycle,Outer,0.24989592110551193
Tailgating,624,204,180.0,motorcycle,Outer,1.2254841457729464
Tailgating,624,180,163.0,motorcycle,Outer,1.5765576780498607
Tailgating,625,286,204.0,motorcycle,Outer,0.13822515764719906
Tailgating,625,204,180.0,motorcycle,Outer,1.2644945261019582
Tailgating,625,180,163.0,motorcycle,Outer,1.6006163761365362
Tailgating,625,240,45.0,car,Outer,0.14178564038521965
Tailgating,626,286,204.0,motorcycle,Outer,0.02360596154991437
Tailgating,626,204,180.0,motorcycle,Outer,1.3082196890182618
Tailgating,626,180,163.0,motorcycle,Outer,1.623356870389227
Tailgating,627,204,286.0,motorcycle,Outer,0.024780055590610157
Tailgating,627,180,163.0,motorcycle,Outer,1.6468834835409534
Tailgating,628,204,286.0,motorcycle,Outer,0.03003877799374868
Tailgating,628,286,180.0,motorcycle,Outer,1.233941106729028
Tailgating,628,180,163.0,motorcycle,Outer,1.668319054343048
Tailgating,629,85,83.0,motorcycle,Inner,0.0193199836771878
Tailgating,629,204,286.0,motorcycle,Outer,0.008545201306812246
Tailgating,629,286,180.0,motorcycle,Outer,1.2907781211756686
Tailgating,629,180,163.0,motorcycle,Outer,1.689333969707433
Tailgating,629,240,45.0,car,Outer,0.11147057732065128
Tailgating,630,85,83.0,motorcycle,Inner,0.08396892039781534
Tailgating,630,286,204.0,motorcycle,Outer,0.02741128873107537
Tailgating,630,204,180.0,motorcycle,Outer,1.461080035406934
Tailgating,630,180,163.0,motorcycle,Outer,1.7084312640373318
Tailgating,630,240,45.0,car,Outer,0.07784543150947519
Tailgating,631,85,83.0,motorcycle,Inner,0.1494032186589193
Tailgating,631,286,204.0,motorcycle,Outer,0.0684544338318541
Tailgating,631,204,180.0,motorcycle,Outer,1.500679038630875
Tailgating,631,180,163.0,motorcycle,Outer,1.7265841432430549
Tailgating,631,240,45.0,car,Outer,0.06245037335855745
Tailgating,632,85,83.0,motorcycle,Inner,0.2155567699938884
Tailgating,632,286,204.0,motorcycle,Outer,0.11137579526184681
Tailgating,632,204,180.0,motorcycle,Outer,1.540567263217371
Tailgating,632,180,163.0,motorcycle,Outer,1.7443229610068531
Tailgating,632,240,45.0,car,Outer,0.05510708113486706
Tailgating,633,85,83.0,motorcycle,Inner,0.28022148262661306
Tailgating,633,286,204.0,motorcycle,Outer,0.15219626877503256
Tailgating,633,204,180.0,motorcycle,Outer,1.5813046793363534
Tailgating,633,180,163.0,motorcycle,Outer,1.7633404865990243
Tailgating,634,85,83.0,motorcycle,Inner,0.34523357989776954
Tailgating,634,286,204.0,motorcycle,Outer,0.1682105809087611
Tailgating,634,204,180.0,motorcycle,Outer,1.622303217023052
Tailgating,634,180,163.0,motorcycle,Outer,1.7831422703209774
Tailgating,634,240,45.0,car,Outer,0.026686207301956942
Tailgating,635,85,83.0,motorcycle,Inner,0.41045740549311877
Tailgating,635,286,204.0,motorcycle,Outer,0.1591604681969327
Tailgating,635,204,180.0,motorcycle,Outer,1.6632261457327828
Tailgating,635,180,163.0,motorcycle,Outer,1.8042950266280333
Tailgating,635,240,45.0,car,Outer,0.011835163110851256
Tailgating,636,85,83.0,motorcycle,Inner,0.47575959696791886
Tailgating,636,204,180.0,motorcycle,Outer,1.7031382941416195
Tailgating,636,180,163.0,motorcycle,Outer,1.8268011836046147
Tailgating,637,85,83.0,motorcycle,Inner,0.5409076436244696
Tailgating,637,204,180.0,motorcycle,Outer,1.7419448786843925
Tailgating,637,180,163.0,motorcycle,Outer,1.8502639095467104
Tailgating,638,38,99.0,car,Inner,3.2104270005161566
Tailgating,638,85,83.0,motorcycle,Inner,0.5995811736607137
Tailgating,638,302,286.0,motorcycle,Outer,0.5452924853065048
Tailgating,638,204,180.0,motorcycle,Outer,1.7771654652664142
Tailgating,638,180,163.0,motorcycle,Outer,1.8725518596089226
Tailgating,639,38,99.0,car,Inner,3.2492433847070323
Tailgating,639,85,83.0,motorcycle,Inner,0.6611622379597294
Tailgating,639,302,204.0,motorcycle,Outer,0.5559641105517985
Tailgating,639,204,286.0,motorcycle,Outer,0.03750540872517697
Tailgating,639,180,163.0,motorcycle,Outer,1.8968097627627138
Tailgating,639,55,293.0,car,Outer,0.9784687457539487
Tailgating,640,38,99.0,car,Inner,3.292812085874744
Tailgating,640,85,83.0,motorcycle,Inner,0.7251472181797377
Tailgating,640,302,204.0,motorcycle,Outer,0.4932224062522463
Tailgating,640,204,286.0,motorcycle,Outer,0.09635870099338666
Tailgating,640,180,163.0,motorcycle,Outer,1.921797329821652
Tailgating,641,85,83.0,motorcycle,Inner,0.7903241263585862
Tailgating,641,302,204.0,motorcycle,Outer,0.4288945208228811
Tailgating,641,204,286.0,motorcycle,Outer,0.15116889402408912
Tailgating,641,180,163.0,motorcycle,Outer,1.9481169640474785
Tailgating,642,85,83.0,motorcycle,Inner,0.8562210480103881
Tailgating,642,204,286.0,motorcycle,Outer,0.2041830796336558
Tailgating,642,180,163.0,motorcycle,Outer,1.9752702914467946
Tailgating,643,85,83.0,motorcycle,Inner,0.9215659884250491
Tailgating,643,204,286.0,motorcycle,Outer,0.25226913249199456
Tailgating,643,180,163.0,motorcycle,Outer,2.003658005442444
Tailgating,644,85,83.0,motorcycle,Inner,0.9867266569915594
Tailgating,644,204,286.0,motorcycle,Outer,0.2985825859922467
Tailgating,644,180,163.0,motorcycle,Outer,2.0433281117963324
Tailgating,644,293,8.0,motorcycle,Outer,0.5819759847355503
Tailgating,645,85,83.0,motorcycle,Inner,1.0521866462143912
Tailgating,645,302,204.0,motorcycle,Outer,0.1560196664897844
Tailgating,645,204,286.0,motorcycle,Outer,0.34155221056846413
Tailgating,645,180,163.0,motorcycle,Outer,2.0796045649901607
Tailgating,645,293,8.0,motorcycle,Outer,0.6022909815996228
Tailgating,646,85,83.0,motorcycle,Inner,1.117679618620687
Tailgating,646,302,204.0,motorcycle,Outer,0.08442986708658769
Tailgating,646,204,286.0,motorcycle,Outer,0.3839824436176318
Tailgating,646,180,163.0,motorcycle,Outer,2.1118713474035737
Tailgating,646,293,8.0,motorcycle,Outer,0.6278052967130071
Tailgating,647,85,83.0,motorcycle,Inner,1.1834945916338246
Tailgating,647,302,204.0,motorcycle,Outer,0.01903078972494662
Tailgating,647,204,286.0,motorcycle,Outer,0.4207704826858354
Tailgating,647,180,262.0,motorcycle,Outer,2.2780546733773024
Tailgating,647,293,8.0,motorcycle,Outer,0.6582402528920698
Tailgating,648,85,83.0,motorcycle,Inner,1.2427152352463695
Tailgating,648,204,302.0,motorcycle,Outer,0.036740759968167544
Tailgating,648,302,286.0,motorcycle,Outer,0.4416397094397022
Tailgating,648,180,262.0,motorcycle,Outer,2.3027361654908773
Tailgating,648,293,8.0,motorcycle,Outer,0.6907362257450504
Tailgating,648,225,316.0,car,Outer,2.7176479076622084
Tailgating,649,85,83.0,motorcycle,Inner,1.30475021575753
Tailgating,649,204,302.0,motorcycle,Outer,0.0912405229846825
Tailgating,649,180,262.0,motorcycle,Outer,2.3259252167627418
Tailgating,649,293,8.0,motorcycle,Outer,0.7245750272989033
Tailgating,649,225,316.0,car,Outer,3.2991897673914865
Tailgating,650,85,83.0,motorcycle,Inner,1.3690438082740506
Tailgating,650,204,302.0,motorcycle,Outer,0.14271629848131154
Tailgating,650,180,262.0,motorcycle,Outer,2.3496272582347664
Tailgating,650,293,8.0,motorcycle,Outer,0.7615320599276958
Tailgating,650,225,316.0,car,Outer,3.8746640315323733
Tailgating,651,85,83.0,motorcycle,Inner,1.4330918871670943
Tailgating,651,204,302.0,motorcycle,Outer,0.1897161381751616
Tailgating,651,180,262.0,motorcycle,Outer,2.3667239947033485
Tailgating,651,293,8.0,motorcycle,Outer,0.7909384191657579
Tailgating,651,225,314.0,car,Outer,0.13177362148045227
Tailgating,652,85,312.0,motorcycle,Inner,0.03568116879090761
Tailgating,652,204,302.0,motorcycle,Outer,0.23461044867707076
Tailgating,652,180,262.0,motorcycle,Outer,2.389522237793761
Tailgating,652,293,8.0,motorcycle,Outer,0.8147679389685853
Tailgating,652,314,316.0,car,Outer,3.8585500587312374
Tailgating,653,85,312.0,motorcycle,Inner,0.1009720546019845
Tailgating,653,204,302.0,motorcycle,Outer,0.2760325767833533
Tailgating,653,180,262.0,motorcycle,Outer,2.4172013521624205
Tailgating,653,293,8.0,motorcycle,Outer,0.8340354218802639
Tailgating,653,314,316.0,car,Outer,3.829186848258445
Tailgating,654,85,312.0,motorcycle,Inner,0.16529072326478983
Tailgating,654,204,302.0,motorcycle,Outer,0.3204012602615482
Tailgating,654,180,262.0,motorcycle,Outer,2.4463803394731074
Tailgating,654,225,314.0,car,Outer,0.19573071475593046
Tailgating,654,314,316.0,car,Outer,3.799518891183306
Tailgating,655,85,312.0,motorcycle,Inner,0.229420113951765
Tailgating,655,204,234.0,motorcycle,Outer,0.0020842106687254543
Tailgating,655,286,180.0,motorcycle,Outer,1.277154706236573
Tailgating,655,180,262.0,motorcycle,Outer,2.4764157890079703
Tailgating,655,225,314.0,car,Outer,0.1821673158473855
Tailgating,655,314,316.0,car,Outer,3.781584896852994
Tailgating,656,85,312.0,motorcycle,Inner,0.2931167237522114
Tailgating,656,204,234.0,motorcycle,Outer,0.06930876594602176
Tailgating,656,286,180.0,motorcycle,Outer,1.1947362957258618
Tailgating,656,180,262.0,motorcycle,Outer,2.5077765568514225
Tailgating,656,225,314.0,car,Outer,0.1668452522480164
Tailgating,656,314,316.0,car,Outer,3.7629467589224403
Tailgating,657,85,312.0,motorcycle,Inner,0.3555748645976842
Tailgating,657,204,234.0,motorcycle,Outer,0.11867926910618104
Tailgating,657,286,180.0,motorcycle,Outer,1.1212135503944773
Tailgating,657,180,262.0,motorcycle,Outer,2.538908040680346
Tailgating,657,225,314.0,car,Outer,0.15200732213907958
Tailgating,657,314,316.0,car,Outer,3.743260413777205
Tailgating,658,85,312.0,motorcycle,Inner,0.4119942119438261
Tailgating,658,204,234.0,motorcycle,Outer,0.15782857823612745
Tailgating,658,286,180.0,motorcycle,Outer,1.0605617395554559
Tailgating,658,180,262.0,motorcycle,Outer,2.566514678632194
Tailgating,658,225,314.0,car,Outer,0.13788553489528055
Tailgating,658,314,316.0,car,Outer,3.7254515955782135
Tailgating,659,85,312.0,motorcycle,Inner,0.4697452452780154
Tailgating,659,204,234.0,motorcycle,Outer,0.1947237567477865
Tailgating,659,286,180.0,motorcycle,Outer,0.9997890738498864
Tailgating,659,180,262.0,motorcycle,Outer,2.5953290302286067
Tailgating,659,225,314.0,car,Outer,0.12597399139167012
Tailgating,659,314,316.0,car,Outer,3.7062801163334824
Tailgating,660,204,234.0,motorcycle,Outer,0.23186187453480614
Tailgating,660,286,180.0,motorcycle,Outer,0.9463926065260572
Tailgating,660,180,262.0,motorcycle,Outer,2.6239379835261576
Tailgating,660,225,314.0,car,Outer,0.11437568239991137
Tailgating,660,314,316.0,car,Outer,3.6882220084318638
Tailgating,661,204,234.0,motorcycle,Outer,0.2710361855962943
Tailgating,661,180,262.0,motorcycle,Outer,2.653474018059255
Tailgating,661,225,314.0,car,Outer,0.10256907129981185
Tailgating,661,314,316.0,car,Outer,3.6884057196284634
Tailgating,662,204,234.0,motorcycle,Outer,0.29572144296933917
Tailgating,662,180,262.0,motorcycle,Outer,2.6841808504184983
Tailgating,662,225,314.0,car,Outer,0.09162419718420892
Tailgating,662,314,316.0,car,Outer,3.7000998711915343
Tailgating,663,204,234.0,motorcycle,Outer,0.3034407906266893
Tailgating,663,234,302.0,person,Outer,0.41515796738314664
Tailgating,663,302,286.0,motorcycle,Outer,0.5671876500081632
Tailgating,663,180,262.0,motorcycle,Outer,2.7158051669821712
Tailgating,663,225,314.0,car,Outer,0.07920642613188038
Tailgating,663,314,316.0,car,Outer,3.704270431903307
Tailgating,664,204,234.0,motorcycle,Outer,0.3306776031067022
Tailgating,664,180,262.0,motorcycle,Outer,2.7491543291463727
Tailgating,664,225,314.0,car,Outer,0.06920636598855284
Tailgating,664,314,316.0,car,Outer,3.7023211614025784
Tailgating,665,204,234.0,motorcycle,Outer,0.36441818391518793
Tailgating,665,302,286.0,motorcycle,Outer,0.5444023303143514
Tailgating,665,180,262.0,motorcycle,Outer,2.783005188838434
Tailgating,665,225,314.0,car,Outer,0.0612785846013849
Tailgating,665,314,316.0,car,Outer,3.694932740660498
Tailgating,666,204,234.0,motorcycle,Outer,0.39997971503589264
Tailgating,666,302,286.0,motorcycle,Outer,0.5470546296120389
Tailgating,666,180,262.0,motorcycle,Outer,2.8168560791730783
Tailgating,666,225,314.0,car,Outer,0.054637069963700914
Tailgating,666,314,316.0,car,Outer,3.6788515326786073
Tailgating,667,204,234.0,motorcycle,Outer,0.4309959160422096
Tailgating,667,302,180.0,motorcycle,Outer,1.4682896988405492
Tailgating,667,180,262.0,motorcycle,Outer,2.852754127715994
Tailgating,667,225,314.0,car,Outer,0.04928958761831268
Tailgating,667,314,316.0,car,Outer,3.6686491533134387
Tailgating,668,204,234.0,motorcycle,Outer,0.4547735457687087
Tailgating,668,302,180.0,motorcycle,Outer,1.428479147645702
Tailgating,668,180,262.0,motorcycle,Outer,2.885675571500177
Tailgating,668,225,314.0,car,Outer,0.0457584457313166
Tailgating,668,314,316.0,car,Outer,3.634107037762845
Tailgating,669,204,234.0,motorcycle,Outer,0.4760363524352798
Tailgating,669,302,180.0,motorcycle,Outer,1.3882908640841962
Tailgating,669,180,262.0,motorcycle,Outer,2.9185479598941986
Tailgating,669,225,314.0,car,Outer,0.042273158174185005
Tailgating,669,314,316.0,car,Outer,3.5899815984069616
Tailgating,670,204,234.0,motorcycle,Outer,0.499115625989378
Tailgating,670,180,262.0,motorcycle,Outer,2.9512120214324185
Tailgating,670,225,314.0,car,Outer,0.038962566424582186
Tailgating,670,314,316.0,car,Outer,3.5593605294070176
Tailgating,671,204,234.0,motorcycle,Outer,0.5716515645336997
Tailgating,671,180,262.0,motorcycle,Outer,2.983816558966185
Tailgating,671,225,314.0,car,Outer,0.03556836232917394
Tailgating,671,314,316.0,car,Outer,3.5368253525977953
Tailgating,672,204,234.0,motorcycle,Outer,0.6661778870598957
Tailgating,672,180,262.0,motorcycle,Outer,3.016821247474459
Tailgating,672,225,314.0,car,Outer,0.03235255731877035
Tailgating,672,314,316.0,car,Outer,3.519399958551847
Tailgating,673,204,234.0,motorcycle,Outer,0.7777582679959397
Tailgating,673,180,262.0,motorcycle,Outer,3.050095445111348
Tailgating,673,225,314.0,car,Outer,0.028620934053931103
Tailgating,673,314,316.0,car,Outer,3.5085630626153
Tailgating,674,204,234.0,motorcycle,Outer,0.9097673207041169
Tailgating,674,180,262.0,motorcycle,Outer,3.0825037148475785
Tailgating,674,225,314.0,car,Outer,0.024056550721544414
Tailgating,674,314,316.0,car,Outer,3.4910579327193525
Tailgating,675,204,234.0,motorcycle,Outer,1.0527143647869543
Tailgating,675,180,294.0,motorcycle,Outer,0.8731073867822714
Tailgating,675,294,262.0,car,Outer,2.4276270275248186
Tailgating,675,225,314.0,car,Outer,0.01881135489976613
Tailgating,675,314,316.0,car,Outer,3.4794724838267364
Tailgating,676,204,234.0,motorcycle,Outer,1.2046629578981511
Tailgating,676,302,180.0,motorcycle,Outer,1.1211561619167967
Tailgating,676,180,294.0,motorcycle,Outer,0.8947983233384269
Tailgating,676,294,262.0,car,Outer,2.442277829656543
Tailgating,676,225,314.0,car,Outer,0.014921945836041397
Tailgating,676,314,316.0,car,Outer,3.448058529769748
Tailgating,677,204,234.0,motorcycle,Outer,1.360329293710838
Tailgating,677,302,180.0,motorcycle,Outer,1.0829936868744499
Tailgating,677,180,294.0,motorcycle,Outer,0.918084013454936
Tailgating,677,294,262.0,car,Outer,2.459595227917275
Tailgating,677,55,293.0,car,Outer,0.6375177698329914
Tailgating,677,225,314.0,car,Outer,0.012778112731327364
Tailgating,677,314,316.0,car,Outer,3.4111793466241553
Tailgating,678,204,302.0,motorcycle,Outer,2.365109434369077
Tailgating,678,302,180.0,motorcycle,Outer,1.0473118652035622
Tailgating,678,180,294.0,motorcycle,Outer,0.9414631031815048
Tailgating,678,55,293.0,car,Outer,0.5983082183723114
Tailgating,678,225,316.0,car,Outer,3.3808066165890924
Tailgating,679,204,302.0,motorcycle,Outer,2.472964190175824
Tailgating,679,302,180.0,motorcycle,Outer,1.008652046048225
Tailgating,679,180,294.0,motorcycle,Outer,0.96717708093828
Tailgating,679,294,262.0,car,Outer,2.4912135897030314
Tailgating,679,55,293.0,car,Outer,0.5556166041348797
Tailgating,679,225,316.0,car,Outer,3.3330270485194013
Tailgating,680,204,302.0,motorcycle,Outer,2.5709967546350443
Tailgating,680,302,180.0,motorcycle,Outer,0.9694147346118808
Tailgating,680,180,294.0,motorcycle,Outer,0.9937001333311757
Tailgating,680,294,262.0,car,Outer,2.5065819416649724
Tailgating,680,55,293.0,car,Outer,0.5122531688531242
Tailgating,680,225,316.0,car,Outer,3.287375728365087
Tailgating,681,204,302.0,motorcycle,Outer,2.6624952202036694
Tailgating,681,302,180.0,motorcycle,Outer,0.9295974434132545
Tailgating,681,180,294.0,motorcycle,Outer,1.021693956820792
Tailgating,681,294,262.0,car,Outer,2.519933233936536
Tailgating,681,55,293.0,car,Outer,0.4651677440866487
Tailgating,681,225,316.0,car,Outer,3.249944101756574
Tailgating,682,204,302.0,motorcycle,Outer,2.7517087396883992
Tailgating,682,180,294.0,motorcycle,Outer,1.0521676216912739
Tailgating,682,294,262.0,car,Outer,2.5320946962277597
Tailgating,682,55,293.0,car,Outer,0.4157200650706214
Tailgating,682,225,316.0,car,Outer,3.2175162253307077
Tailgating,683,204,302.0,motorcycle,Outer,2.8402517679291717
Tailgating,683,180,294.0,motorcycle,Outer,1.083431440982083
Tailgating,683,294,262.0,car,Outer,2.5443563271615424
Tailgating,683,55,293.0,car,Outer,0.35317233300526385
Tailgating,683,225,316.0,car,Outer,3.2142329199157995
Tailgating,684,204,302.0,motorcycle,Outer,2.9309687277192475
Tailgating,684,180,294.0,motorcycle,Outer,1.1134785395781817
Tailgating,684,294,262.0,car,Outer,2.5568014901003973
Tailgating,684,225,316.0,car,Outer,3.2189327660112843
Tailgating,685,204,302.0,motorcycle,Outer,3.023777945791947
Tailgating,685,180,294.0,motorcycle,Outer,1.1430516270068003
Tailgating,685,294,262.0,car,Outer,2.5694023282155567
Tailgating,685,293,8.0,motorcycle,Outer,1.0348096091850698
Tailgating,685,225,316.0,car,Outer,3.2287799282735494
Tailgating,686,204,302.0,motorcycle,Outer,3.1147733261421946
Tailgating,686,180,294.0,motorcycle,Outer,1.1711328224535271
Tailgating,686,294,262.0,car,Outer,2.582089531231306
Tailgating,686,293,8.0,motorcycle,Outer,1.0493306769175856
Tailgating,686,225,316.0,car,Outer,3.2465180979177966
Tailgating,687,204,302.0,motorcycle,Outer,3.2055705351728845
Tailgating,687,180,294.0,motorcycle,Outer,1.2023488476210116
Tailgating,687,294,262.0,car,Outer,2.593312073072842
Tailgating,687,225,314.0,car,Outer,0.006562803013745229
Tailgating,687,314,316.0,car,Outer,3.2665113594176622
Tailgating,688,204,302.0,motorcycle,Outer,3.288049443127239
Tailgating,688,180,294.0,motorcycle,Outer,1.2314054075787697
Tailgating,688,294,262.0,car,Outer,2.6044598236924776
Tailgating,688,17,240.0,motorcycle,Outer,0.20881626031265313
Tailgating,688,225,314.0,car,Outer,0.004656854964133129
Tailgating,688,314,316.0,car,Outer,3.2900795391113333
Tailgating,689,204,302.0,motorcycle,Outer,3.372267126650175
Tailgating,689,180,294.0,motorcycle,Outer,1.2583668456200259
Tailgating,689,294,262.0,car,Outer,2.6175959631279544
Tailgating,689,17,240.0,motorcycle,Outer,0.1732066389645268
Tailgating,689,225,314.0,car,Outer,0.003216849951789058
Tailgating,689,314,316.0,car,Outer,3.311105249775402
Tailgating,690,204,302.0,motorcycle,Outer,3.4548486503477247
Tailgating,690,180,294.0,motorcycle,Outer,1.2836735429795714
Tailgating,690,294,262.0,car,Outer,2.630755358988237
Tailgating,690,17,240.0,motorcycle,Outer,0.14056400956319748
Tailgating,690,225,314.0,car,Outer,0.002063222362693249
Tailgating,690,314,316.0,car,Outer,3.319257633435839
Tailgating,691,204,302.0,motorcycle,Outer,3.5328647535388473
Tailgating,691,180,294.0,motorcycle,Outer,1.3093183299153779
Tailgating,691,294,262.0,car,Outer,2.643840067927987
Tailgating,691,17,240.0,motorcycle,Outer,0.11059421470034198
Tailgating,691,225,314.0,car,Outer,0.0006283392708301032
Tailgating,691,314,316.0,car,Outer,3.3283635092368553
Tailgating,692,204,302.0,motorcycle,Outer,3.6072509537773745
Tailgating,692,180,294.0,motorcycle,Outer,1.334983632016828
Tailgating,692,294,262.0,car,Outer,2.6571865633365515
Tailgating,692,17,240.0,motorcycle,Outer,0.08226951331230499
Tailgating,692,314,225.0,car,Outer,0.0006002561763218374
Tailgating,692,225,316.0,car,Outer,3.333310362266257
Tailgating,693,204,302.0,motorcycle,Outer,3.680345827204405
Tailgating,693,180,294.0,motorcycle,Outer,1.3642819958312864
Tailgating,693,294,163.0,car,Outer,2.508783497465674
Tailgating,693,17,240.0,motorcycle,Outer,0.052819951685228
Tailgating,693,314,225.0,car,Outer,0.0006010570271563917
Tailgating,693,225,316.0,car,Outer,3.334439348944318
Tailgating,694,204,302.0,motorcycle,Outer,3.7465566959541916
Tailgating,694,180,294.0,motorcycle,Outer,1.3931596213944928
Tailgating,694,294,163.0,car,Outer,2.520878417621826
Tailgating,694,17,45.0,motorcycle,Outer,0.028604909796142858
Tailgating,694,314,316.0,car,Outer,3.3294521580283245
Tailgating,695,204,302.0,motorcycle,Outer,3.810378847927351
Tailgating,695,180,294.0,motorcycle,Outer,1.4227221324817607
Tailgating,695,294,163.0,car,Outer,2.534544935379739
Tailgating,695,225,314.0,car,Outer,0.14807952729203977
Tailgating,695,314,316.0,car,Outer,3.3149711372984174
Tailgating,696,204,302.0,motorcycle,Outer,3.869251602741162
Tailgating,696,180,294.0,motorcycle,Outer,1.4520798780946167
Tailgating,696,294,163.0,car,Outer,2.5497293517242534
Tailgating,696,225,314.0,car,Outer,0.22609320312856715
Tailgating,697,204,302.0,motorcycle,Outer,3.9369160827690415
Tailgating,697,180,294.0,motorcycle,Outer,1.4863473167199215
Tailgating,697,225,314.0,car,Outer,0.2782331564282094
Tailgating,698,180,294.0,motorcycle,Outer,1.5202648170964757
Tailgating,698,293,8.0,motorcycle,Outer,0.9218220936888847
Tailgating,698,225,314.0,car,Outer,0.31947153057192634
Tailgating,699,180,294.0,motorcycle,Outer,1.5569948815952424
Tailgating,699,293,8.0,motorcycle,Outer,0.8772703714860253
Tailgating,699,225,316.0,car,Outer,3.7686329623064845
Tailgating,700,180,294.0,motorcycle,Outer,1.5903486845120154
Tailgating,700,294,163.0,car,Outer,2.6024713276366485
Tailgating,700,225,316.0,car,Outer,3.858628784981824
Tailgating,701,180,294.0,motorcycle,Outer,1.621734265794477
Tailgating,701,294,163.0,car,Outer,2.62082810225668
Tailgating,701,293,8.0,motorcycle,Outer,0.9093930574287545
Tailgating,702,180,302.0,motorcycle,Outer,0.028994331028841303
Tailgating,702,294,262.0,car,Outer,2.8081015681234196
Tailgating,702,293,8.0,motorcycle,Outer,0.9514224333780428
Tailgating,703,180,302.0,motorcycle,Outer,0.08118971464096215
Tailgating,703,294,262.0,car,Outer,2.825114582129665
Tailgating,704,180,302.0,motorcycle,Outer,0.13335469772976416
Tailgating,704,294,262.0,car,Outer,2.8433628995563387
Tailgating,705,180,302.0,motorcycle,Outer,0.18557312303351794
Tailgating,705,294,262.0,car,Outer,2.8619842109551072
Tailgating,705,293,8.0,motorcycle,Outer,1.0329998127939013
Tailgating,706,180,302.0,motorcycle,Outer,0.2373827206606246
Tailgating,706,294,262.0,car,Outer,2.88037302085467
Tailgating,706,293,8.0,motorcycle,Outer,1.0680118145266717
Tailgating,706,225,316.0,car,Outer,3.8969939237033078
Tailgating,707,180,302.0,motorcycle,Outer,0.28972153435238535
Tailgating,707,294,262.0,car,Outer,2.8958489488941797
Tailgating,707,225,316.0,car,Outer,3.908535739259784
Tailgating,708,180,302.0,motorcycle,Outer,0.3356830483197416
Tailgating,708,294,262.0,car,Outer,2.90654437979538
Tailgating,708,225,316.0,car,Outer,3.9360167544789793
Tailgating,709,180,302.0,motorcycle,Outer,0.3828967095203367
Tailgating,709,294,262.0,car,Outer,2.9168920162341325
Tailgating,709,293,8.0,motorcycle,Outer,0.9946380374684821
Tailgating,709,225,316.0,car,Outer,3.972157206323334
Tailgating,710,180,302.0,motorcycle,Outer,0.43194875033253755
Tailgating,710,294,262.0,car,Outer,2.928733370049781
Tailgating,711,180,302.0,motorcycle,Outer,0.48335855786910203
Tailgating,711,294,262.0,car,Outer,2.940833332853736
Tailgating,711,293,8.0,motorcycle,Outer,0.9284576565822945
Tailgating,712,180,302.0,motorcycle,Outer,0.5366566616008575
Tailgating,712,294,262.0,car,Outer,2.9523550016258517
Tailgating,712,293,8.0,motorcycle,Outer,0.8878436270730176
Tailgating,713,180,302.0,motorcycle,Outer,0.5909457744449406
Tailgating,713,294,262.0,car,Outer,2.9631860380354684
Tailgating,713,293,8.0,motorcycle,Outer,0.8576803368130611
Tailgating,713,240,17.0,car,Outer,0.1391260254125435
Tailgating,714,180,302.0,motorcycle,Outer,0.6412229121291831
Tailgating,714,240,17.0,car,Outer,0.11575568812021776
Tailgating,715,180,302.0,motorcycle,Outer,0.6891494787013699
Tailgating,715,240,17.0,car,Outer,0.08795855509878152
Tailgating,716,180,302.0,motorcycle,Outer,0.7338980783843413
Tailgating,716,240,17.0,car,Outer,0.05741188366033386
Tailgating,717,180,302.0,motorcycle,Outer,0.7770776992579121
Tailgating,717,240,17.0,car,Outer,0.024496089118178133
Tailgating,718,180,302.0,motorcycle,Outer,0.81446881304122
Tailgating,718,55,293.0,car,Outer,0.5242776413571221
Tailgating,718,240,17.0,car,Outer,0.0013814115096707836
Tailgating,719,180,302.0,motorcycle,Outer,0.8540796840725507
Tailgating,719,55,293.0,car,Outer,0.5361895561767684
Tailgating,720,180,302.0,motorcycle,Outer,0.8943376515214468
Tailgating,720,55,293.0,car,Outer,0.5558750974097546
Tailgating,721,180,302.0,motorcycle,Outer,0.9412475580323242
Tailgating,721,55,293.0,car,Outer,0.5819887047890867
Tailgating,722,180,302.0,motorcycle,Outer,0.9917754208857806
Tailgating,722,262,163.0,motorcycle,Outer,0.08708406775980956
Tailgating,723,180,302.0,motorcycle,Outer,1.047473814228831
Tailgating,723,240,17.0,car,Outer,0.05190159571572008
Tailgating,724,180,302.0,motorcycle,Outer,1.1053402675289563
Tailgating,725,180,302.0,motorcycle,Outer,1.1642730123559624
Tailgating,726,180,302.0,motorcycle,Outer,1.2244098793101692
Tailgating,726,55,293.0,car,Outer,0.5266997885619782
Tailgating,726,240,17.0,car,Outer,0.14401380753908236
Tailgating,727,180,302.0,motorcycle,Outer,1.2873588359295225
Tailgating,727,55,293.0,car,Outer,0.4978080489037111
Tailgating,727,240,17.0,car,Outer,0.1825430478804526
Tailgating,728,180,302.0,motorcycle,Outer,1.3458970236249401
Tailgating,728,262,1.0,motorcycle,Outer,0.06059586540681787
Tailgating,728,55,293.0,car,Outer,0.46077746902546907
Tailgating,728,240,17.0,car,Outer,0.230134951721547
Tailgating,729,180,302.0,motorcycle,Outer,1.4058938379725021
Tailgating,729,262,1.0,motorcycle,Outer,0.02537027568585888
Tailgating,729,240,17.0,car,Outer,0.2827662643970269
Tailgating,730,180,302.0,motorcycle,Outer,1.467121434455536
Tailgating,730,240,17.0,car,Outer,0.3154275620643465
Tailgating,731,180,302.0,motorcycle,Outer,1.5299782942063447
Tailgating,731,240,17.0,car,Outer,0.36245745377120364
Tailgating,732,180,302.0,motorcycle,Outer,1.5936813723203507
Tailgating,732,55,8.0,car,Outer,1.4746635570745876
Tailgating,732,240,17.0,car,Outer,0.4196212966105647
Tailgating,732,225,314.0,car,Outer,0.005633461736200228
Tailgating,733,180,302.0,motorcycle,Outer,1.6567452917755017
Tailgating,733,55,8.0,car,Outer,1.5133509085901107
Tailgating,733,240,17.0,car,Outer,0.45861723151111805
Tailgating,734,180,302.0,motorcycle,Outer,1.7179886101042672
Tailgating,734,294,1.0,car,Outer,2.91841273046059
Tailgating,734,55,8.0,car,Outer,1.5565436343347168
Tailgating,735,180,302.0,motorcycle,Outer,1.7778991762147873
Tailgating,735,294,1.0,car,Outer,2.939431944626258
Tailgating,735,55,8.0,car,Outer,1.6026003158332702
Tailgating,736,180,302.0,motorcycle,Outer,1.8392613137423357
Tailgating,736,294,1.0,car,Outer,2.9639249032421
Tailgating,736,55,8.0,car,Outer,1.649713860910805
Tailgating,736,225,316.0,car,Outer,3.766916508244787
Tailgating,737,38,99.0,car,Inner,3.2185656371932
Tailgating,737,180,302.0,motorcycle,Outer,1.9000437522712645
Tailgating,737,294,1.0,car,Outer,2.994343727078042
Tailgating,737,55,8.0,car,Outer,1.6806715384211313
Tailgating,738,38,99.0,car,Inner,3.175480601980514
Tailgating,738,180,302.0,motorcycle,Outer,1.954204173734855
Tailgating,738,294,163.0,car,Outer,3.026367876470104
Tailgating,739,38,99.0,car,Inner,3.1297466671369802
Tailgating,739,180,302.0,motorcycle,Outer,2.009845204561876
Tailgating,739,294,163.0,car,Outer,3.0585210443794986
Tailgating,740,38,99.0,car,Inner,3.0826054950414754
Tailgating,740,180,302.0,motorcycle,Outer,2.0655049669266607
Tailgating,740,294,163.0,car,Outer,3.092345035802949
Tailgating,741,38,99.0,car,Inner,3.0351718889359764
Tailgating,741,180,302.0,motorcycle,Outer,2.122861319814247
Tailgating,741,294,163.0,car,Outer,3.1188463633135135
Tailgating,742,180,302.0,motorcycle,Outer,2.181173837632003
Tailgating,742,294,163.0,car,Outer,3.143525899454638
Tailgating,743,180,302.0,motorcycle,Outer,2.2407846697658016
Tailgating,743,294,163.0,car,Outer,3.1651725663377714
Tailgating,744,180,302.0,motorcycle,Outer,2.3021230655103624
Tailgating,744,294,163.0,car,Outer,3.1840261473443463
Tailgating,745,180,302.0,motorcycle,Outer,2.3645348283550516
Tailgating,745,294,163.0,car,Outer,3.203061502120692
Tailgating,746,180,302.0,motorcycle,Outer,2.427139144892072
Tailgating,746,294,163.0,car,Outer,3.2211802491635217
Tailgating,747,180,294.0,motorcycle,Outer,3.2600799952641033
Tailgating,747,294,163.0,car,Outer,3.239703865874418
Tailgating,748,180,294.0,motorcycle,Outer,3.294904229033284
Tailgating,748,294,163.0,car,Outer,3.2561761034394854
Tailgating,749,180,294.0,motorcycle,Outer,3.331492900521124
Tailgating,749,294,163.0,car,Outer,3.2739391696106317
Tailgating,750,180,294.0,motorcycle,Outer,3.367423374558909
Tailgating,750,294,163.0,car,Outer,3.292474971222287
Tailgating,751,180,294.0,motorcycle,Outer,3.403658539244284
Tailgating,751,294,163.0,car,Outer,3.3111674565316975
Tailgating,752,180,294.0,motorcycle,Outer,3.440026703879958
Tailgating,752,294,163.0,car,Outer,3.327944653684242
Tailgating,753,180,294.0,motorcycle,Outer,3.4791814176021916
Tailgating,753,294,163.0,car,Outer,3.3434284247292525
Tailgating,754,180,294.0,motorcycle,Outer,3.519917462323664
Tailgating,754,294,163.0,car,Outer,3.3588501962368453
Tailgating,755,180,294.0,motorcycle,Outer,3.5617592280377934
Tailgating,755,294,163.0,car,Outer,3.3743969234449116
Tailgating,756,180,294.0,motorcycle,Outer,3.601012374419336
Tailgating,756,294,163.0,car,Outer,3.3890322895776923
Tailgating,757,180,294.0,motorcycle,Outer,3.638785760280886
Tailgating,757,294,163.0,car,Outer,3.407007725973731
Tailgating,758,180,294.0,motorcycle,Outer,3.6725216879438207
Tailgating,758,294,163.0,car,Outer,3.423773082816353
Tailgating,759,180,294.0,motorcycle,Outer,3.709128029301406
Tailgating,759,294,163.0,car,Outer,3.4409978506555814
Tailgating,760,180,294.0,motorcycle,Outer,3.7460259304671264
Tailgating,760,294,163.0,car,Outer,3.458803974129306
Tailgating,761,180,294.0,motorcycle,Outer,3.7821402778674886
Tailgating,761,294,163.0,car,Outer,3.4768363709188206
Tailgating,762,180,294.0,motorcycle,Outer,3.817894427956902
Tailgating,762,294,163.0,car,Outer,3.4946506490787312
Tailgating,762,55,8.0,car,Outer,1.6698441105814492
Tailgating,763,180,294.0,motorcycle,Outer,3.8550467588205746
Tailgating,763,294,163.0,car,Outer,3.513317452752142
Tailgating,764,180,294.0,motorcycle,Outer,3.8903135918521987
Tailgating,764,294,163.0,car,Outer,3.5319828959557444
Tailgating,765,180,254.0,motorcycle,Outer,1.863303979565036
Tailgating,765,254,294.0,motorcycle,Outer,2.516543305824875
Tailgating,765,294,163.0,car,Outer,3.5511180296467053
Tailgating,766,180,254.0,motorcycle,Outer,1.8530518501768516
Tailgating,766,254,294.0,motorcycle,Outer,2.5639541421463865
Tailgating,766,294,163.0,car,Outer,3.570972696964597
Tailgating,767,180,294.0,motorcycle,Outer,3.9941895731198844
Tailgating,767,294,163.0,car,Outer,3.5908428956822718
Tailgating,767,55,8.0,car,Outer,1.2376213475357922
Tailgating,768,294,163.0,car,Outer,3.608676627159238
Tailgating,768,55,8.0,car,Outer,0.7789218353244278
Tailgating,769,294,163.0,car,Outer,3.628362923057214
Tailgating,769,55,8.0,car,Outer,0.30497053547323016
Tailgating,770,294,163.0,car,Outer,3.6498554952187607
Tailgating,770,1,8.0,car,Outer,3.030036924143243
Tailgating,770,55,240.0,car,Outer,0.8486092423986957
Tailgating,771,294,163.0,car,Outer,3.67027141850568
Tailgating,771,1,8.0,car,Outer,2.990995078570659
Tailgating,771,55,240.0,car,Outer,0.29737032120662443
Tailgating,772,294,163.0,car,Outer,3.6929159722669915
Tailgating,772,1,8.0,car,Outer,2.9715774434448217
Tailgating,772,55,17.0,car,Outer,0.6025986146564907
Tailgating,773,294,262.0,car,Outer,3.790032537333483
Tailgating,773,262,163.0,motorcycle,Outer,0.16824003774024066
Tailgating,773,55,17.0,car,Outer,0.08016689086161133
Tailgating,774,294,262.0,car,Outer,3.5963199275627424
Tailgating,774,262,163.0,motorcycle,Outer,0.38015442626352297
Tailgating,774,55,332.0,car,Outer,2.572952537220841
Tailgating,775,294,262.0,car,Outer,3.388524576290108
Tailgating,775,262,163.0,motorcycle,Outer,0.6079664498585337
Tailgating,775,55,332.0,car,Outer,2.506673700984803
Tailgating,776,294,262.0,car,Outer,3.170769339815197
Tailgating,776,262,163.0,motorcycle,Outer,0.8444254162280209
Tailgating,777,294,262.0,car,Outer,2.950458103471202
Tailgating,777,262,163.0,motorcycle,Outer,1.081264093075035
Tailgating,777,1,8.0,car,Outer,3.043902172933093
Tailgating,778,294,262.0,car,Outer,2.7266099593564905
Tailgating,778,262,163.0,motorcycle,Outer,1.3186821262818433
Tailgating,778,1,8.0,car,Outer,3.0876143675230474
Tailgating,779,294,262.0,car,Outer,2.5056543836439182
Tailgating,779,262,163.0,motorcycle,Outer,1.5537096150833363
Tailgating,779,1,8.0,car,Outer,3.1130896038498523
Tailgating,780,294,262.0,car,Outer,2.469666102102368
Tailgating,780,262,1.0,motorcycle,Outer,1.6035727359594656
Tailgating,781,294,262.0,car,Outer,2.4661216811438926
Tailgating,782,294,262.0,car,Outer,2.476764399325082
Tailgating,783,294,262.0,car,Outer,2.4958164406276704
Tailgating,784,294,262.0,car,Outer,2.517562036812419
Tailgating,785,294,262.0,car,Outer,2.538577841560389
Tailgating,786,294,262.0,car,Outer,2.554933723993818
Tailgating,787,294,262.0,car,Outer,2.5645338521515733
Tailgating,788,294,262.0,car,Outer,2.569807331276716
Tailgating,789,294,262.0,car,Outer,2.5721061876551894
Tailgating,790,294,262.0,car,Outer,2.575461949845368
Tailgating,791,294,262.0,car,Outer,2.5765152270806415
Tailgating,792,294,262.0,car,Outer,2.5762351800578327
Tailgating,794,294,262.0,car,Outer,2.583504938843688
Tailgating,794,163,8.0,car,Outer,3.025510421643096
Tailgating,795,294,262.0,car,Outer,2.591380630744329
Tailgating,795,163,8.0,car,Outer,2.986614033585359
Tailgating,796,294,262.0,car,Outer,2.6054657229597393
Tailgating,796,163,8.0,car,Outer,2.966266495339701
Tailgating,797,294,262.0,car,Outer,2.6202231922396546
Tailgating,798,294,262.0,car,Outer,2.634583241127023
Tailgating,801,163,8.0,car,Outer,3.003617208202179
Tailgating,802,163,8.0,car,Outer,3.0411603003281
Tailgating,803,163,8.0,car,Outer,3.061727009505933
Tailgating,809,294,262.0,car,Outer,2.6263105515562195
Tailgating,810,294,262.0,car,Outer,2.6441234883069717
Tailgating,811,294,262.0,car,Outer,2.664217467448674
Tailgating,812,294,262.0,car,Outer,2.6853799737834385
Tailgating,812,348,225.0,motorcycle,Outer,1.9101608995890706
Tailgating,813,294,262.0,car,Outer,2.7115788199321513
Tailgating,813,348,225.0,motorcycle,Outer,1.882603178101023
Tailgating,814,294,262.0,car,Outer,2.7474094008909407
Tailgating,814,348,225.0,motorcycle,Outer,1.8699628056144737
Tailgating,815,294,262.0,car,Outer,2.7991006973260473
Tailgating,815,45,17.0,car,Outer,1.2921237517600794
Tailgating,816,294,354.0,car,Outer,0.8347121511146489
Tailgating,816,45,17.0,car,Outer,1.2766738753155156
Tailgating,817,294,354.0,car,Outer,0.9222443298727078
Tailgating,817,45,17.0,car,Outer,1.2757128146555632
Tailgating,818,294,354.0,car,Outer,1.003137946987283
Tailgating,819,294,354.0,car,Outer,1.0817367973132301
Tailgating,819,45,17.0,car,Outer,1.2703269344808654
Tailgating,820,294,354.0,car,Outer,1.1528578519894594
Tailgating,821,294,354.0,car,Outer,1.218759280052687
Tailgating,822,294,354.0,car,Outer,1.2715646501334
Tailgating,823,294,354.0,car,Outer,1.3120287292158044
Tailgating,823,45,17.0,car,Outer,1.360438750852752
Tailgating,824,294,354.0,car,Outer,1.3459823981136263
Tailgating,825,294,354.0,car,Outer,1.3776141533840447
Tailgating,826,294,354.0,car,Outer,1.4115795583981772
Tailgating,826,45,17.0,car,Outer,1.4591151618120801
Tailgating,827,294,354.0,car,Outer,1.4483452422919023
Tailgating,828,294,354.0,car,Outer,1.4820700096400667
Tailgating,828,240,17.0,car,Outer,1.4658898154620852
Tailgating,829,294,354.0,car,Outer,1.5180892917233304
Tailgating,829,358,331.0,person,Outer,3.470163673020737
Tailgating,830,294,354.0,car,Outer,1.5561756726219058
Tailgating,830,295,8.0,person,Outer,2.4043533557826677
Tailgating,830,358,331.0,person,Outer,3.4290124041027945
Tailgating,831,294,354.0,car,Outer,1.5965694864132856
Tailgating,831,295,8.0,person,Outer,2.837161293197794
Tailgating,831,358,331.0,person,Outer,3.3775894354819886
Tailgating,832,294,354.0,car,Outer,1.6369482655601137
Tailgating,832,295,8.0,person,Outer,3.293110060902545
Tailgating,832,358,331.0,person,Outer,3.332857922299834
Tailgating,833,294,354.0,car,Outer,1.6766336226940568
Tailgating,833,295,163.0,person,Outer,0.02307615934219502
Tailgating,833,358,331.0,person,Outer,3.28793559720324
Tailgating,834,294,354.0,car,Outer,1.7161724796443012
Tailgating,834,295,163.0,person,Outer,0.06191414906978888
Tailgating,834,358,331.0,person,Outer,3.236389687193948
Tailgating,835,294,354.0,car,Outer,1.7557050649572266
Tailgating,835,240,55.0,car,Outer,1.5754697885939168
Tailgating,835,358,331.0,person,Outer,3.150090707383903
Tailgating,836,294,354.0,car,Outer,1.7941157699287902
Tailgating,836,358,331.0,person,Outer,3.0689947491239433
Tailgating,837,38,99.0,car,Inner,3.127356104975276
Tailgating,837,294,354.0,car,Outer,1.8329768396156556
Tailgating,837,358,331.0,person,Outer,2.9922756987010635
Tailgating,838,38,99.0,car,Inner,3.1694257425520576
Tailgating,838,294,354.0,car,Outer,1.8664267453218515
Tailgating,838,358,331.0,person,Outer,2.927709636907233
Tailgating,839,38,99.0,car,Inner,3.2138618699821677
Tailgating,839,294,354.0,car,Outer,1.902888795700041
Tailgating,839,358,331.0,person,Outer,2.860364796785692
Tailgating,840,294,354.0,car,Outer,1.9399776302461151
Tailgating,840,358,331.0,person,Outer,2.791112199598272
Tailgating,841,294,354.0,car,Outer,1.9799694539433328
Tailgating,841,358,331.0,person,Outer,2.7239906541153247
Tailgating,842,294,354.0,car,Outer,2.0215889809127576
Tailgating,842,358,331.0,person,Outer,2.658032828453511
Tailgating,843,294,354.0,car,Outer,2.0645140082952738
Tailgating,843,358,331.0,person,Outer,2.586683868228147
Tailgating,844,294,354.0,car,Outer,2.108084584300405
Tailgating,844,358,331.0,person,Outer,2.5094993998257595
Tailgating,845,294,354.0,car,Outer,2.15269888162704
Tailgating,845,358,331.0,person,Outer,2.4285167708268443
Tailgating,846,294,354.0,car,Outer,2.197569553726574
Tailgating,847,294,354.0,car,Outer,2.2397914032501087
Tailgating,848,294,354.0,car,Outer,2.2748639456867394
Tailgating,849,294,354.0,car,Outer,2.310800145535696
Tailgating,850,38,99.0,car,Inner,3.191002862431501
Tailgating,850,294,354.0,car,Outer,2.346329910074598
Tailgating,851,38,99.0,car,Inner,3.150978407403586
Tailgating,851,294,354.0,car,Outer,2.383288568167659
Tailgating,852,38,99.0,car,Inner,3.108681419145711
Tailgating,852,294,354.0,car,Outer,2.4207405244683766
Tailgating,852,262,295.0,motorcycle,Outer,2.5703320595842167
Tailgating,853,38,99.0,car,Inner,3.0662207748911334
Tailgating,853,294,354.0,car,Outer,2.4567585313320084
Tailgating,853,262,295.0,motorcycle,Outer,2.5637840705359776
Tailgating,853,364,8.0,car,Outer,1.4481775028249233
Tailgating,854,294,354.0,car,Outer,2.494931876468588
Tailgating,854,262,295.0,motorcycle,Outer,2.5623664034476135
Tailgating,854,364,8.0,car,Outer,1.5149844365869523
Tailgating,855,294,354.0,car,Outer,2.532756375814617
Tailgating,855,332,37.0,person,Outer,1.903856538097979
Tailgating,856,362,367.0,person,Inner,0.4398294427978455
Tailgating,856,294,354.0,car,Outer,2.5740510759977475
Tailgating,856,332,37.0,person,Outer,1.8777441460057844
Tailgating,857,362,83.0,person,Inner,0.00804969565597983
Tailgating,857,294,354.0,car,Outer,2.617616292061723
Tailgating,858,294,354.0,car,Outer,2.656641193785954
Tailgating,859,294,354.0,car,Outer,2.6928520403398633
Tailgating,859,364,8.0,car,Outer,1.592541473914299
Unsafe Overtaking,18,65,95.0,motorcycle,Outer,0.027638631985656303
Unsafe Overtaking,26,95,65.0,motorcycle,Outer,0.00271651646615112
Unsafe Overtaking,30,65,95.0,motorcycle,Outer,0.020696786482439222
Unsafe Overtaking,40,73,121.0,motorcycle,Outer,3.5126168255278998
Unsafe Overtaking,46,66,1.0,motorcycle,Outer,1.794928355341991
Unsafe Overtaking,60,65,95.0,motorcycle,Outer,0.0018317381071391026
Unsafe Overtaking,64,95,65.0,motorcycle,Outer,0.009200202411467018
Unsafe Overtaking,84,65,95.0,motorcycle,Outer,0.0019993526535344586
Unsafe Overtaking,101,65,95.0,motorcycle,Outer,8.759695072413365e-05
Unsafe Overtaking,125,95,65.0,motorcycle,Outer,0.009360075558998204
Unsafe Overtaking,133,65,95.0,motorcycle,Outer,0.001398011599079041
Unsafe Overtaking,170,164,122.0,car,Outer,4.966645419213027
Unsafe Overtaking,185,57,66.0,motorcycle,Outer,4.253346286889055
Unsafe Overtaking,187,164,178.0,car,Outer,0.1125555593269425
Unsafe Overtaking,197,171,134.0,car,Outer,1.5733542309969657
Unsafe Overtaking,205,178,164.0,motorcycle,Outer,0.0005842714341994792
Unsafe Overtaking,209,130,10.0,car,Outer,0.0002982585124762238
Unsafe Overtaking,212,10,130.0,car,Outer,0.00011845198136128943
Unsafe Overtaking,229,130,10.0,car,Outer,0.004832241670602144
Unsafe Overtaking,241,130,10.0,car,Outer,0.038887377277191604
Unsafe Overtaking,255,80,140.0,car,Outer,4.758859143519967
Unsafe Overtaking,260,130,10.0,car,Outer,0.0008996498165885214
Unsafe Overtaking,287,10,130.0,car,Outer,0.016450148698400113
Unsafe Overtaking,300,10,130.0,car,Outer,0.003330724932713025
Unsafe Overtaking,311,221,225.0,car,Outer,0.009361731939190321
Unsafe Overtaking,314,225,221.0,car,Outer,0.012474290194386839
Unsafe Overtaking,316,130,10.0,car,Outer,0.0016608266249953374
Unsafe Overtaking,332,10,130.0,car,Outer,4.6033648544607786e-05
Unsafe Overtaking,340,130,10.0,car,Outer,0.0015680072152832736
Unsafe Overtaking,358,10,130.0,car,Outer,0.0002561833658063506
Unsafe Overtaking,370,237,87.0,motorcycle,Outer,5.666243188535876
Unsafe Overtaking,420,248,114.0,person,Outer,2.5566005522530695
Unsafe Overtaking,518,269,85.0,person,Outer,4.743270614076923
Unsafe Overtaking,582,296,225.0,car,Outer,0.0029105176414283562
Unsafe Overtaking,630,204,286.0,motorcycle,Outer,3.6939585284885013
Unsafe Overtaking,648,302,204.0,motorcycle,Outer,2.0783097509673354
Unsafe Overtaking,692,225,314.0,car,Outer,0.03286167513543248
Unsafe Overtaking,694,314,225.0,car,Outer,0.039405824394428635
Unsafe Overtaking,736,225,314.0,car,Outer,0.008760534783217366
Unsafe Overtaking,747,225,314.0,car,Outer,0.004800975270100594
Unsafe Overtaking,770,1,262.0,car,Outer,2.498881797050924
Unsafe Overtaking,770,55,8.0,car,Outer,0.6587236817318534
Unsafe Overtaking,772,55,240.0,car,Outer,2.071670868964958
Unsafe Overtaking,772,55,45.0,car,Outer,2.065886636831749
Unsafe Overtaking,774,55,17.0,car,Outer,0.03947355861527768
Unsafe Overtaking,815,45,240.0,car,Outer,0.022102191418593264
Sudden Braking,774,55,,car,Outer,-28.13785714285709
Sudden Braking,775,55,,car,Outer,-50.590285714285685
Sudden Braking,776,55,,car,Outer,-58.952142857142874
Sudden Braking,777,55,,car,Outer,-63.68699999999998
Sudden Braking,778,55,,car,Outer,-65.41157142857143
Sudden Braking,779,55,,car,Outer,-65.62585714285716
Sudden Braking,780,55,,car,Outer,-65.93914285714285
Sudden Braking,191,57,,motorcycle,Outer,-10.152857142857119
Sudden Braking,192,57,,motorcycle,Outer,-17.09614285714286
Sudden Braking,193,57,,motorcycle,Outer,-20.63914285714286
Sudden Braking,194,57,,motorcycle,Outer,-22.45200000000002
Sudden Braking,582,66,,motorcycle,Outer,-8.157857142857159
Sudden Braking,583,66,,motorcycle,Outer,-16.571142857142842
Sudden Braking,584,66,,motorcycle,Outer,-21.444428571428567
Sudden Braking,99,73,,motorcycle,Outer,-7.805142857142848
Sudden Braking,141,73,,motorcycle,Outer,-9.864857142857165
Sudden Braking,142,73,,motorcycle,Outer,-8.736428571428544
Sudden Braking,286,80,,car,Outer,-17.655000000000022
Sudden Braking,287,80,,car,Outer,-17.987571428571407
Sudden Braking,288,80,,car,Outer,-19.232142857142875
Sudden Braking,289,80,,car,Outer,-19.411285714285697
Sudden Braking,550,85,,motorcycle,Outer,-8.550428571428563
Sudden Braking,571,85,,motorcycle,Inner,-8.70042857142856
Sudden Braking,572,85,,motorcycle,Inner,-14.285571428571453
Sudden Braking,573,85,,motorcycle,Inner,-17.55814285714286
Sudden Braking,574,85,,motorcycle,Inner,-19.483285714285703
Sudden Braking,575,85,,motorcycle,Inner,-20.515285714285735
Sudden Braking,328,87,,motorcycle,Outer,-9.57814285714286
Sudden Braking,33,101,,car,Outer,-23.569285714285748
Sudden Braking,34,101,,car,Outer,-23.67385714285714
Sudden Braking,35,101,,car,Outer,-20.43385714285714
Sudden Braking,249,109,,motorcycle,Inner,-10.787999999999997
Sudden Braking,72,122,,person,Outer,-9.778285714285712
Sudden Braking,73,122,,person,Outer,-13.952571428571442
Sudden Braking,96,134,,motorcycle,Outer,-9.764571428571438
Sudden Braking,97,134,,motorcycle,Outer,-10.6062857142857
Sudden Braking,98,134,,motorcycle,Outer,-12.54042857142859
Sudden Braking,99,134,,motorcycle,Outer,-12.574285714285725
Sudden Braking,161,134,,motorcycle,Outer,-20.894142857142867
Sudden Braking,162,134,,motorcycle,Outer,-20.87828571428573
Sudden Braking,163,134,,motorcycle,Outer,-21.510857142857134
Sudden Braking,164,134,,motorcycle,Outer,-21.895285714285716
Sudden Braking,165,134,,motorcycle,Outer,-21.63385714285714
Sudden Braking,197,156,,motorcycle,Outer,-8.167285714285724
Sudden Braking,198,156,,motorcycle,Outer,-11.196428571428566
Sudden Braking,226,176,,person,Outer,-10.908857142857155
Sudden Braking,227,176,,person,Outer,-14.396999999999993
Sudden Braking,786,180,,motorcycle,Outer,-8.001428571428564
Sudden Braking,787,180,,motorcycle,Outer,-11.339142857142859
Sudden Braking,655,204,,motorcycle,Outer,-6.573428571428561
Sudden Braking,656,204,,motorcycle,Outer,-13.72842857142854
Sudden Braking,657,204,,motorcycle,Outer,-17.49042857142859
Sudden Braking,658,204,,motorcycle,Outer,-19.818428571428576
Sudden Braking,659,204,,motorcycle,Outer,-20.284285714285716
Sudden Braking,660,204,,motorcycle,Outer,-20.230714285714292
Sudden Braking,680,204,,motorcycle,Outer,-7.237714285714265
Sudden Braking,681,204,,motorcycle,Outer,-9.109714285714325
Sudden Braking,682,204,,motorcycle,Outer,-9.89271428571426
Sudden Braking,683,204,,motorcycle,Outer,-10.454571428571441
Sudden Braking,684,204,,motorcycle,Outer,-10.367999999999977
Sudden Braking,712,204,,motorcycle,Outer,-9.05528571428572
Sudden Braking,713,204,,motorcycle,Outer,-13.096285714285706
Sudden Braking,714,204,,motorcycle,Outer,-15.455142857142858
Sudden Braking,651,225,,car,Outer,-36.76842857142853
Sudden Braking,652,225,,car,Outer,-62.74671428571439
Sudden Braking,653,225,,car,Outer,-66.77185714285706
Sudden Braking,654,225,,car,Outer,-66.4427142857143
Sudden Braking,655,225,,car,Outer,-66.25757142857145
Sudden Braking,656,225,,car,Outer,-65.99485714285716
Sudden Braking,657,225,,car,Outer,-64.82871428571428
Sudden Braking,584,234,,person,Outer,-6.377571428571418
Sudden Braking,780,262,,motorcycle,Outer,-16.30500000000002
Sudden Braking,781,262,,motorcycle,Outer,-25.06285714285714
Sudden Braking,782,262,,motorcycle,Outer,-28.770428571428546
Sudden Braking,783,262,,motorcycle,Outer,-30.771857142857158
Sudden Braking,784,262,,motorcycle,Outer,-31.0152857142857
Sudden Braking,494,266,,person,Outer,-19.18799999999999
Sudden Braking,495,266,,person,Outer,-26.585142857142845
Sudden Braking,496,266,,person,Outer,-26.44071428571429
Sudden Braking,497,266,,person,Outer,-25.90457142857142
Sudden Braking,495,275,,motorcycle,Outer,-16.867500000000017
Sudden Braking,496,275,,motorcycle,Outer,-15.996299999999986
Sudden Braking,497,275,,motorcycle,Outer,-13.46220000000001
Sudden Braking,498,275,,motorcycle,Outer,-11.309142857142863
Sudden Braking,500,275,,motorcycle,Outer,-39.41399999999999
Sudden Braking,621,286,,motorcycle,Outer,-20.442428571428586
Sudden Braking,622,286,,motorcycle,Outer,-18.941571428571446
Sudden Braking,623,286,,motorcycle,Outer,-18.51428571428571
Sudden Braking,624,286,,motorcycle,Outer,-18.791571428571423
Sudden Braking,625,286,,motorcycle,Outer,-18.716142857142852
Sudden Braking,653,293,,motorcycle,Outer,-12.478285714285708
Sudden Braking,654,293,,motorcycle,Outer,-16.735285714285727
Sudden Braking,655,293,,motorcycle,Outer,-18.867000000000008
Sudden Braking,833,295,,person,Outer,-204.84150000000002
Sudden Braking,834,295,,person,Outer,-127.61309999999997
Sudden Braking,835,295,,person,Outer,-88.49140000000006
Sudden Braking,836,295,,person,Outer,-64.2182857142857
Sudden Braking,837,295,,person,Outer,-123.96899999999997
Sudden Braking,838,295,,person,Outer,-123.95357142857145
Sudden Braking,839,295,,person,Outer,-123.78557142857144
Vehicle Stoppage,90,1,,car,Outer,0.06126467171217122
Vehicle Stoppage,91,1,,car,Outer,0.06354439393053787
Vehicle Stoppage,92,1,,car,Outer,0.06794644950253044
Vehicle Stoppage,93,1,,car,Outer,0.06602423797364503
Vehicle Stoppage,94,1,,car,Outer,0.061931332942219086
Vehicle Stoppage,95,1,,car,Outer,0.056957528036246395
Vehicle Stoppage,96,1,,car,Outer,0.05341582162617868
Vehicle Stoppage,97,1,,car,Outer,0.04853967449417001
Vehicle Stoppage,98,1,,car,Outer,0.04446166888455916
Vehicle Stoppage,99,1,,car,Outer,0.03948936565709346
Vehicle Stoppage,100,1,,car,Outer,0.03664000545851915
Vehicle Stoppage,101,1,,car,Outer,0.035902646142034346
Vehicle Stoppage,102,1,,car,Outer,0.036372792029208345
Vehicle Stoppage,103,1,,car,Outer,0.03785023117498607
Vehicle Stoppage,104,1,,car,Outer,0.03708638564217591
Vehicle Stoppage,105,1,,car,Outer,0.03545588808646919
Vehicle Stoppage,106,1,,car,Outer,0.03358392472598055
Vehicle Stoppage,107,1,,car,Outer,0.031847919869277756
Vehicle Stoppage,108,1,,car,Outer,0.030152943471570135
Vehicle Stoppage,109,1,,car,Outer,0.02839242856819178
Vehicle Stoppage,110,1,,car,Outer,0.027101660465732574
Vehicle Stoppage,111,1,,car,Outer,0.02655880268385812
Vehicle Stoppage,112,1,,car,Outer,0.026608645211660908
Vehicle Stoppage,113,1,,car,Outer,0.02691189328159261
Vehicle Stoppage,114,1,,car,Outer,0.027505090437953406
Vehicle Stoppage,115,1,,car,Outer,0.027985174646579604
Vehicle Stoppage,116,1,,car,Outer,0.026430664009817306
Vehicle Stoppage,117,1,,car,Outer,0.022817756243765298
Vehicle Stoppage,118,1,,car,Outer,0.01818350901228817
Vehicle Stoppage,119,1,,car,Outer,0.01323064624271773
Vehicle Stoppage,120,1,,car,Outer,0.008345058418010672
Vehicle Stoppage,121,1,,car,Outer,0.005147815070492545
Vehicle Stoppage,122,1,,car,Outer,0.007218032973050892
Vehicle Stoppage,123,1,,car,Outer,0.009621330469327944
Vehicle Stoppage,124,1,,car,Outer,0.00956033472217267
Vehicle Stoppage,125,1,,car,Outer,0.008429116205157681
Vehicle Stoppage,126,1,,car,Outer,0.006014149981500405
Vehicle Stoppage,127,1,,car,Outer,0.0033241540277187736
Vehicle Stoppage,128,1,,car,Outer,0.000223606797747869
Vehicle Stoppage,129,1,,car,Outer,0.0037589892258368587
Vehicle Stoppage,130,1,,car,Outer,0.008102468759577403
Vehicle Stoppage,131,1,,car,Outer,0.011384638773366644
Vehicle Stoppage,132,1,,car,Outer,0.01376408369634154
Vehicle Stoppage,133,1,,car,Outer,0.0168077363139726
Vehicle Stoppage,134,1,,car,Outer,0.019464069461444414
Vehicle Stoppage,135,1,,car,Outer,0.024120530674098223
Vehicle Stoppage,136,1,,car,Outer,0.027997321300439828
Vehicle Stoppage,137,1,,car,Outer,0.032033888305978336
Vehicle Stoppage,138,1,,car,Outer,0.03633854702654101
Vehicle Stoppage,139,1,,car,Outer,0.0407659171367474
Vehicle Stoppage,140,1,,car,Outer,0.04071031810241795
Vehicle Stoppage,141,1,,car,Outer,0.03922206011927692
Vehicle Stoppage,142,1,,car,Outer,0.03471901496298705
Vehicle Stoppage,143,1,,car,Outer,0.033092597359529824
Vehicle Stoppage,144,1,,car,Outer,0.03140334377100389
Vehicle Stoppage,145,1,,car,Outer,0.030084215130202565
Vehicle Stoppage,146,1,,car,Outer,0.028445034716095597
Vehicle Stoppage,147,1,,car,Outer,0.03000016666620483
Vehicle Stoppage,148,1,,car,Outer,0.03289999999999793
Vehicle Stoppage,149,1,,car,Outer,0.036934672057569375
Vehicle Stoppage,150,1,,car,Outer,0.035707702250351116
Vehicle Stoppage,151,1,,car,Outer,0.0356709966219011
Vehicle Stoppage,152,1,,car,Outer,0.03658250948199208
Vehicle Stoppage,153,1,,car,Outer,0.039138855374165935
Vehicle Stoppage,154,1,,car,Outer,0.041223779545312506
Vehicle Stoppage,155,1,,car,Outer,0.04291969244997142
Vehicle Stoppage,156,1,,car,Outer,0.04560098683142471
Vehicle Stoppage,157,1,,car,Outer,0.05044333454481556
Vehicle Stoppage,158,1,,car,Outer,0.053460452672983216
Vehicle Stoppage,159,1,,car,Outer,0.05478001460386476
Vehicle Stoppage,160,1,,car,Outer,0.055084752881360825
Vehicle Stoppage,161,1,,car,Outer,0.05439485269765773
Vehicle Stoppage,162,1,,car,Outer,0.05331885220069551
Vehicle Stoppage,163,1,,car,Outer,0.0493340653098833
Vehicle Stoppage,164,1,,car,Outer,0.043741170537607926
Vehicle Stoppage,165,1,,car,Outer,0.03802906782975221
Vehicle Stoppage,166,1,,car,Outer,0.033742702914853664
Vehicle Stoppage,167,1,,car,Outer,0.03333376666385414
Vehicle Stoppage,168,1,,car,Outer,0.036085592692924155
Vehicle Stoppage,169,1,,car,Outer,0.04026127171364057
Vehicle Stoppage,170,1,,car,Outer,0.044206447493551425
Vehicle Stoppage,171,1,,car,Outer,0.04800374985352753
Vehicle Stoppage,172,1,,car,Outer,0.052243277079450534
Vehicle Stoppage,173,1,,car,Outer,0.05598901678007792
Vehicle Stoppage,174,1,,car,Outer,0.05934180651109721
Vehicle Stoppage,175,1,,car,Outer,0.0625003199991808
Vehicle Stoppage,176,1,,car,Outer,0.06672428343564733
Vehicle Stoppage,177,1,,car,Outer,0.07031201888723893
Vehicle Stoppage,178,1,,car,Outer,0.07212773391698825
Vehicle Stoppage,179,1,,car,Outer,0.07371383859222375
Vehicle Stoppage,180,1,,car,Outer,0.07575968584940257
Vehicle Stoppage,181,1,,car,Outer,0.0793463294677197
Vehicle Stoppage,182,1,,car,Outer,0.08395385637360457
Vehicle Stoppage,183,1,,car,Outer,0.08729684988589695
Vehicle Stoppage,184,1,,car,Outer,0.09061131275949895
Vehicle Stoppage,185,1,,car,Outer,0.09391725081155254
Vehicle Stoppage,186,1,,car,Outer,0.0960438441546362
Vehicle Stoppage,187,1,,car,Outer,0.09787267238610903
Vehicle Stoppage,188,1,,car,Outer,0.09882125277489856
Vehicle Stoppage,189,1,,car,Outer,0.10017609495283536
Vehicle Stoppage,190,1,,car,Outer,0.10249536574889725
Vehicle Stoppage,191,1,,car,Outer,0.1045650037058267
Vehicle Stoppage,192,1,,car,Outer,0.10625050588115394
Vehicle Stoppage,193,1,,car,Outer,0.10801120312263719
Vehicle Stoppage,194,1,,car,Outer,0.10909138371108128
Vehicle Stoppage,195,1,,car,Outer,0.11007433851720208
Vehicle Stoppage,196,1,,car,Outer,0.10961865717112096
Vehicle Stoppage,197,1,,car,Outer,0.10779615020954902
Vehicle Stoppage,198,1,,car,Outer,0.10640324243180084
Vehicle Stoppage,199,1,,car,Outer,0.10591718463025941
Vehicle Stoppage,200,1,,car,Outer,0.10637448002223304
Vehicle Stoppage,201,1,,car,Outer,0.10725455701274145
Vehicle Stoppage,202,1,,car,Outer,0.10841978601713209
Vehicle Stoppage,203,1,,car,Outer,0.10972205794642766
Vehicle Stoppage,204,1,,car,Outer,0.11100040540466218
Vehicle Stoppage,205,1,,car,Outer,0.11211141779498265
Vehicle Stoppage,206,1,,car,Outer,0.11240071174151973
Vehicle Stoppage,207,1,,car,Outer,0.11380004393672741
Vehicle Stoppage,208,1,,car,Outer,0.11540004332754925
Vehicle Stoppage,209,1,,car,Outer,0.11760272105695817
Vehicle Stoppage,210,1,,car,Outer,0.1195094138551387
Vehicle Stoppage,211,1,,car,Outer,0.12110037159315251
Vehicle Stoppage,212,1,,car,Outer,0.1226068921390622
Vehicle Stoppage,213,1,,car,Outer,0.12342738756046377
Vehicle Stoppage,214,1,,car,Outer,0.1216256962981104
Vehicle Stoppage,215,1,,car,Outer,0.11860948528680229
Vehicle Stoppage,216,1,,car,Outer,0.11499204320299583
Vehicle Stoppage,217,1,,car,Outer,0.11283589854297663
Vehicle Stoppage,218,1,,car,Outer,0.11094007391380463
Vehicle Stoppage,219,1,,car,Outer,0.10909454615149292
Vehicle Stoppage,220,1,,car,Outer,0.10853662976157155
Vehicle Stoppage,221,1,,car,Outer,0.1098089249560284
Vehicle Stoppage,222,1,,car,Outer,0.11268739947305917
Vehicle Stoppage,223,1,,car,Outer,0.11371772069470994
Vehicle Stoppage,224,1,,car,Outer,0.1149525554304958
Vehicle Stoppage,225,1,,car,Outer,0.11598555944599195
Vehicle Stoppage,226,1,,car,Outer,0.11672810287158498
Vehicle Stoppage,227,1,,car,Outer,0.11743785590686029
Vehicle Stoppage,228,1,,car,Outer,0.11828393804739719
Vehicle Stoppage,229,1,,car,Outer,0.11820160743407954
Vehicle Stoppage,230,1,,car,Outer,0.11869157510118722
Vehicle Stoppage,231,1,,car,Outer,0.11736000170415758
Vehicle Stoppage,232,1,,car,Outer,0.1156671085486255
Vehicle Stoppage,233,1,,car,Outer,0.11360704203525303
Vehicle Stoppage,234,1,,car,Outer,0.11064989832801744
Vehicle Stoppage,235,1,,car,Outer,0.10748023074034892
Vehicle Stoppage,236,1,,car,Outer,0.10590037771415095
Vehicle Stoppage,237,1,,car,Outer,0.10553317014095237
Vehicle Stoppage,238,1,,car,Outer,0.10553317014095911
Vehicle Stoppage,239,1,,car,Outer,0.10474774460578573
Vehicle Stoppage,240,1,,car,Outer,0.10428048714884629
Vehicle Stoppage,241,1,,car,Outer,0.10448066806831073
Vehicle Stoppage,242,1,,car,Outer,0.10499547609301929
Vehicle Stoppage,243,1,,car,Outer,0.10456218245618648
Vehicle Stoppage,244,1,,car,Outer,0.10283822246616246
Vehicle Stoppage,245,1,,car,Outer,0.10069776561572828
Vehicle Stoppage,246,1,,car,Outer,0.09862180286326275
Vehicle Stoppage,247,1,,car,Outer,0.09600749970705064
Vehicle Stoppage,248,1,,car,Outer,0.09339941113304348
Vehicle Stoppage,249,1,,car,Outer,0.0907573688468313
Vehicle Stoppage,250,1,,car,Outer,0.08816399491855971
Vehicle Stoppage,251,1,,car,Outer,0.08575039358510321
Vehicle Stoppage,252,1,,car,Outer,0.08320348550391553
Vehicle Stoppage,253,1,,car,Outer,0.08060055831071831
Vehicle Stoppage,254,1,,car,Outer,0.07976772530290645
Vehicle Stoppage,255,1,,car,Outer,0.08065048046973952
Vehicle Stoppage,256,1,,car,Outer,0.0825702731011588
Vehicle Stoppage,257,1,,car,Outer,0.08450940776031689
Vehicle Stoppage,258,1,,car,Outer,0.08568342896966946
Vehicle Stoppage,259,1,,car,Outer,0.08654305286966206
Vehicle Stoppage,260,1,,car,Outer,0.08645975942598362
Vehicle Stoppage,261,1,,car,Outer,0.0846378166069988
Vehicle Stoppage,262,1,,car,Outer,0.08195535369943467
Vehicle Stoppage,263,1,,car,Outer,0.0788388229237356
Vehicle Stoppage,264,1,,car,Outer,0.07652849142639108
Vehicle Stoppage,265,1,,car,Outer,0.07455313541360893
Vehicle Stoppage,266,1,,car,Outer,0.07082379543627518
Vehicle Stoppage,267,1,,car,Outer,0.06735131773024713
Vehicle Stoppage,268,1,,car,Outer,0.06516947138039328
Vehicle Stoppage,269,1,,car,Outer,0.06432122511270955
Vehicle Stoppage,270,1,,car,Outer,0.06376213609972334
Vehicle Stoppage,271,1,,car,Outer,0.06359630492410867
Vehicle Stoppage,272,1,,car,Outer,0.06385616649940198
Vehicle Stoppage,273,1,,car,Outer,0.06555737944732128
Vehicle Stoppage,274,1,,car,Outer,0.06693549133307365
Vehicle Stoppage,275,1,,car,Outer,0.06815409011937845
Vehicle Stoppage,276,1,,car,Outer,0.06856850589009728
Vehicle Stoppage,277,1,,car,Outer,0.06929538224153509
Vehicle Stoppage,278,1,,car,Outer,0.06992009725393263
Vehicle Stoppage,279,1,,car,Outer,0.07302410560903398
Vehicle Stoppage,280,1,,car,Outer,0.07722408950580557
Vehicle Stoppage,281,1,,car,Outer,0.08094596963407652
Vehicle Stoppage,282,1,,car,Outer,0.08403719414640126
Vehicle Stoppage,283,1,,car,Outer,0.0859790672198729
Vehicle Stoppage,284,1,,car,Outer,0.08721341639908238
Vehicle Stoppage,285,1,,car,Outer,0.08809177033071633
Vehicle Stoppage,286,1,,car,Outer,0.08724872491905158
Vehicle Stoppage,287,1,,car,Outer,0.08450781028994037
Vehicle Stoppage,288,1,,car,Outer,0.0821009135150179
Vehicle Stoppage,289,1,,car,Outer,0.07854909292920104
Vehicle Stoppage,290,1,,car,Outer,0.07625385236170605
Vehicle Stoppage,291,1,,car,Outer,0.07413103263815779
Vehicle Stoppage,292,1,,car,Outer,0.07157108354635713
Vehicle Stoppage,293,1,,car,Outer,0.06831690859516447
Vehicle Stoppage,294,1,,car,Outer,0.06599765147336695
Vehicle Stoppage,295,1,,car,Outer,0.06416393067760098
Vehicle Stoppage,296,1,,car,Outer,0.06436186759254213
Vehicle Stoppage,297,1,,car,Outer,0.06289101684660717
Vehicle Stoppage,298,1,,car,Outer,0.06159253201485023
Vehicle Stoppage,299,1,,car,Outer,0.06150772309230393
Vehicle Stoppage,300,1,,car,Outer,0.06257363662118053
Vehicle Stoppage,301,1,,car,Outer,0.0638805917317652
Vehicle Stoppage,302,1,,car,Outer,0.06565074257005957
Vehicle Stoppage,303,1,,car,Outer,0.06789698078707047
Vehicle Stoppage,304,1,,car,Outer,0.0711651600152753
Vehicle Stoppage,305,1,,car,Outer,0.07489138802292655
Vehicle Stoppage,306,1,,car,Outer,0.07320724007911064
Vehicle Stoppage,307,1,,car,Outer,0.06897919976340669
Vehicle Stoppage,308,1,,car,Outer,0.06396350521977084
Vehicle Stoppage,309,1,,car,Outer,0.0582601922413577
Vehicle Stoppage,310,1,,car,Outer,0.05128508555125447
Vehicle Stoppage,311,1,,car,Outer,0.044169333252840094
Vehicle Stoppage,312,1,,car,Outer,0.036564463622485825
Vehicle Stoppage,313,1,,car,Outer,0.03324530041976397
Vehicle Stoppage,314,1,,car,Outer,0.03226019218790037
Vehicle Stoppage,315,1,,car,Outer,0.032548425461145954
Vehicle Stoppage,316,1,,car,Outer,0.03332566578479356
Vehicle Stoppage,317,1,,car,Outer,0.03444880259167126
Vehicle Stoppage,318,1,,car,Outer,0.03502713234051623
Vehicle Stoppage,319,1,,car,Outer,0.036662924051414886
Vehicle Stoppage,320,1,,car,Outer,0.038060084077676255
Vehicle Stoppage,321,1,,car,Outer,0.04036285421027543
Vehicle Stoppage,322,1,,car,Outer,0.043178930046952814
Vehicle Stoppage,323,1,,car,Outer,0.04723441541927228
Vehicle Stoppage,324,1,,car,Outer,0.05250190472735464
Vehicle Stoppage,325,1,,car,Outer,0.05858088425416522
Vehicle Stoppage,326,1,,car,Outer,0.06307535176279146
Vehicle Stoppage,327,1,,car,Outer,0.06613992742662633
Vehicle Stoppage,328,1,,car,Outer,0.06652646090090888
Vehicle Stoppage,329,1,,car,Outer,0.06534829760597959
Vehicle Stoppage,330,1,,car,Outer,0.06277618975375555
Vehicle Stoppage,331,1,,car,Outer,0.05971817143885079
Vehicle Stoppage,332,1,,car,Outer,0.05676706791793945
Vehicle Stoppage,333,1,,car,Outer,0.055116694385639486
Vehicle Stoppage,334,1,,car,Outer,0.055443665102515895
Vehicle Stoppage,335,1,,car,Outer,0.05690852308749544
Vehicle Stoppage,336,1,,car,Outer,0.057901381676093065
Vehicle Stoppage,337,1,,car,Outer,0.058702044257416805
Vehicle Stoppage,338,1,,car,Outer,0.058424737911267476
Vehicle Stoppage,339,1,,car,Outer,0.05724927947144596
Vehicle Stoppage,340,1,,car,Outer,0.055638565761528716
Vehicle Stoppage,341,1,,car,Outer,0.05295252590764583
Vehicle Stoppage,342,1,,car,Outer,0.04990110219223224
Vehicle Stoppage,343,1,,car,Outer,0.04748526087113387
Vehicle Stoppage,344,1,,car,Outer,0.045570275399651264
Vehicle Stoppage,345,1,,car,Outer,0.04410770907675832
Vehicle Stoppage,346,1,,car,Outer,0.04316259955099804
Vehicle Stoppage,347,1,,car,Outer,0.042961028851744416
Vehicle Stoppage,348,1,,car,Outer,0.04291165342887665
Vehicle Stoppage,349,1,,car,Outer,0.04315228846770296
Vehicle Stoppage,350,1,,car,Outer,0.0434493958531108
Vehicle Stoppage,351,1,,car,Outer,0.04390899680019965
Vehicle Stoppage,352,1,,car,Outer,0.04402737784606069
Vehicle Stoppage,353,1,,car,Outer,0.04370080090798953
Vehicle Stoppage,354,1,,car,Outer,0.043375684432642454
Vehicle Stoppage,355,1,,car,Outer,0.04323424568556833
Vehicle Stoppage,356,1,,car,Outer,0.04367298936413991
Vehicle Stoppage,357,1,,car,Outer,0.04469955257046371
Vehicle Stoppage,358,1,,car,Outer,0.04613133425341416
Vehicle Stoppage,359,1,,car,Outer,0.04789415413179341
Vehicle Stoppage,360,1,,car,Outer,0.04976524891930455
Vehicle Stoppage,361,1,,car,Outer,0.051292494577668823
Vehicle Stoppage,362,1,,car,Outer,0.052162151029272165
Vehicle Stoppage,363,1,,car,Outer,0.052692029757831535
Vehicle Stoppage,364,1,,car,Outer,0.05228699647139647
Vehicle Stoppage,365,1,,car,Outer,0.051483783854728175
Vehicle Stoppage,366,1,,car,Outer,0.05046999108381059
Vehicle Stoppage,367,1,,car,Outer,0.04999849997749405
Vehicle Stoppage,368,1,,car,Outer,0.04965178748041094
Vehicle Stoppage,369,1,,car,Outer,0.04971297617322961
Vehicle Stoppage,370,1,,car,Outer,0.049712976173227424
Vehicle Stoppage,371,1,,car,Outer,0.050856071417283336
Vehicle Stoppage,372,1,,car,Outer,0.05228852646613615
Vehicle Stoppage,373,1,,car,Outer,0.05360037313303057
Vehicle Stoppage,374,1,,car,Outer,0.05298018497513756
Vehicle Stoppage,375,1,,car,Outer,0.0517576081363933
Vehicle Stoppage,376,1,,car,Outer,0.050018896429246784
Vehicle Stoppage,377,1,,car,Outer,0.04785498929055849
Vehicle Stoppage,378,1,,car,Outer,0.044821869662028904
Vehicle Stoppage,379,1,,car,Outer,0.04065279818167341
Vehicle Stoppage,380,1,,car,Outer,0.03716140470972322
Vehicle Stoppage,381,1,,car,Outer,0.03500357124637965
Vehicle Stoppage,382,1,,car,Outer,0.03359315406448003
Vehicle Stoppage,383,1,,car,Outer,0.03272323333657298
Vehicle Stoppage,384,1,,car,Outer,0.032015621187170634
Vehicle Stoppage,385,1,,car,Outer,0.031456954715932246
Vehicle Stoppage,386,1,,car,Outer,0.03167648970450972
Vehicle Stoppage,387,1,,car,Outer,0.031661017039881174
Vehicle Stoppage,388,1,,car,Outer,0.03157625690292874
Vehicle Stoppage,389,1,,car,Outer,0.03137897385192763
Vehicle Stoppage,390,1,,car,Outer,0.03080844040194242
Vehicle Stoppage,391,1,,car,Outer,0.030450779957170184
Vehicle Stoppage,392,1,,car,Outer,0.030130383336427556
Vehicle Stoppage,393,1,,car,Outer,0.029748613413063417
Vehicle Stoppage,394,1,,car,Outer,0.029413772284427438
Vehicle Stoppage,395,1,,car,Outer,0.028800173610584675
Vehicle Stoppage,396,1,,car,Outer,0.027802877548914834
Vehicle Stoppage,397,1,,car,Outer,0.02670018726525905
Vehicle Stoppage,398,1,,car,Outer,0.025433245958788722
Vehicle Stoppage,399,1,,car,Outer,0.024186773244896567
Vehicle Stoppage,400,1,,car,Outer,0.022888643472255315
Vehicle Stoppage,401,1,,car,Outer,0.02144014925320495
Vehicle Stoppage,402,1,,car,Outer,0.02050804720103747
Vehicle Stoppage,403,1,,car,Outer,0.019890952717248344
Vehicle Stoppage,404,1,,car,Outer,0.019354069339544804
Vehicle Stoppage,405,1,,car,Outer,0.018848872645334466
Vehicle Stoppage,406,1,,car,Outer,0.01875446613476832
Vehicle Stoppage,407,1,,car,Outer,0.01825842271391383
Vehicle Stoppage,408,1,,car,Outer,0.017647662734764563
Vehicle Stoppage,409,1,,car,Outer,0.01762072643224793
Vehicle Stoppage,410,1,,car,Outer,0.01775077463098754
Vehicle Stoppage,411,1,,car,Outer,0.018564751546951395
Vehicle Stoppage,412,1,,car,Outer,0.019491793144811115
Vehicle Stoppage,413,1,,car,Outer,0.02015862098458206
Vehicle Stoppage,414,1,,car,Outer,0.021486972797486337
Vehicle Stoppage,415,1,,car,Outer,0.023380547470064048
Vehicle Stoppage,416,1,,car,Outer,0.024780032284084538
Vehicle Stoppage,417,1,,car,Outer,0.026653705183336304
Vehicle Stoppage,418,1,,car,Outer,0.028026416110517694
Vehicle Stoppage,419,1,,car,Outer,0.029415132160165804
Vehicle Stoppage,420,1,,car,Outer,0.031123624467595284
Vehicle Stoppage,421,1,,car,Outer,0.0331157062434143
Vehicle Stoppage,422,1,,car,Outer,0.034919478804818486
Vehicle Stoppage,423,1,,car,Outer,0.03747986125908178
Vehicle Stoppage,424,1,,car,Outer,0.039782659539053584
Vehicle Stoppage,425,1,,car,Outer,0.042405777908209846
Vehicle Stoppage,426,1,,car,Outer,0.04465086785270553
Vehicle Stoppage,427,1,,car,Outer,0.0471059444231864
Vehicle Stoppage,428,1,,car,Outer,0.04966699105039231
Vehicle Stoppage,429,1,,car,Outer,0.05216473904852312
Vehicle Stoppage,430,1,,car,Outer,0.05356762081705535
Vehicle Stoppage,431,1,,car,Outer,0.05436883298360995
Vehicle Stoppage,432,1,,car,Outer,0.05466132087683187
Vehicle Stoppage,433,1,,car,Outer,0.05556302727533823
Vehicle Stoppage,434,1,,car,Outer,0.056395921838374156
Vehicle Stoppage,435,1,,car,Outer,0.05720952717860939
Vehicle Stoppage,436,1,,car,Outer,0.057649371202120894
Vehicle Stoppage,437,1,,car,Outer,0.058118929790557536
Vehicle Stoppage,438,1,,car,Outer,0.05883740306981465
Vehicle Stoppage,439,1,,car,Outer,0.05982273815197822
Vehicle Stoppage,440,1,,car,Outer,0.05975257316634884
Vehicle Stoppage,441,1,,car,Outer,0.05897270555095628
Vehicle Stoppage,442,1,,car,Outer,0.05770424594429888
Vehicle Stoppage,443,1,,car,Outer,0.056739756784818865
Vehicle Stoppage,444,1,,car,Outer,0.055100362975210496
Vehicle Stoppage,445,1,,car,Outer,0.053221987937315265
Vehicle Stoppage,446,1,,car,Outer,0.05109060579010312
Vehicle Stoppage,447,1,,car,Outer,0.0491236195734833
Vehicle Stoppage,448,1,,car,Outer,0.04752020622851131
Vehicle Stoppage,449,1,,car,Outer,0.046454386229938215
Vehicle Stoppage,450,1,,car,Outer,0.04550000000000082
Vehicle Stoppage,451,1,,car,Outer,0.04532295224276782
Vehicle Stoppage,452,1,,car,Outer,0.04582161062206123
Vehicle Stoppage,453,1,,car,Outer,0.04648376060517961
Vehicle Stoppage,454,1,,car,Outer,0.04752146883251963
Vehicle Stoppage,455,1,,car,Outer,0.04863106003368585
Vehicle Stoppage,456,1,,car,Outer,0.04951009997969695
Vehicle Stoppage,457,1,,car,Outer,0.050604051221221566
Vehicle Stoppage,458,1,,car,Outer,0.051082775962158836
Vehicle Stoppage,459,1,,car,Outer,0.05126333972733413
Vehicle Stoppage,460,1,,car,Outer,0.05085607141728798
Vehicle Stoppage,461,1,,car,Outer,0.05030506932705194
Vehicle Stoppage,462,1,,car,Outer,0.04968551096647776
Vehicle Stoppage,463,1,,car,Outer,0.048895909849393106
Vehicle Stoppage,464,1,,car,Outer,0.048367447730887095
Vehicle Stoppage,465,1,,car,Outer,0.047783365306342834
Vehicle Stoppage,466,1,,car,Outer,0.04707918860813102
Vehicle Stoppage,467,1,,car,Outer,0.04650096773187007
Vehicle Stoppage,468,1,,car,Outer,0.04579650641696963
Vehicle Stoppage,469,1,,car,Outer,0.04567110684009796
Vehicle Stoppage,470,1,,car,Outer,0.046575959464084146
Vehicle Stoppage,471,1,,car,Outer,0.04789196174725345
Vehicle Stoppage,472,1,,car,Outer,0.04981445573325029
Vehicle Stoppage,473,1,,car,Outer,0.052231503903296096
Vehicle Stoppage,474,1,,car,Outer,0.05486292008269026
Vehicle Stoppage,475,1,,car,Outer,0.05760295131327668
Vehicle Stoppage,476,1,,car,Outer,0.05962717501274446
Vehicle Stoppage,477,1,,car,Outer,0.061005245676089816
Vehicle Stoppage,478,1,,car,Outer,0.06178672996687759
Vehicle Stoppage,479,1,,car,Outer,0.06196361835787
Vehicle Stoppage,480,1,,car,Outer,0.06192931454488901
Vehicle Stoppage,481,1,,car,Outer,0.06178818657316502
Vehicle Stoppage,482,1,,car,Outer,0.06165914368526217
Vehicle Stoppage,483,1,,car,Outer,0.06142084336770979
Vehicle Stoppage,484,1,,car,Outer,0.061004016261226486
Vehicle Stoppage,485,1,,car,Outer,0.06060206267116746
Vehicle Stoppage,486,1,,car,Outer,0.06031003233294292
Vehicle Stoppage,487,1,,car,Outer,0.05952722066416336
Vehicle Stoppage,488,1,,car,Outer,0.058357947188017616
Vehicle Stoppage,489,1,,car,Outer,0.057078892771323504
Vehicle Stoppage,490,1,,car,Outer,0.05594318546526052
Vehicle Stoppage,491,1,,car,Outer,0.054837669534728864
Vehicle Stoppage,492,1,,car,Outer,0.05357284760025391
Vehicle Stoppage,493,1,,car,Outer,0.05219061218265605
Vehicle Stoppage,494,1,,car,Outer,0.05099745091668683
Vehicle Stoppage,495,1,,car,Outer,0.05000339988440902
Vehicle Stoppage,496,1,,car,Outer,0.0484484261870303
Vehicle Stoppage,497,1,,car,Outer,0.04701584839179693
Vehicle Stoppage,498,1,,car,Outer,0.04557587080901529
Vehicle Stoppage,499,1,,car,Outer,0.044070965498837426
Vehicle Stoppage,500,1,,car,Outer,0.04269999999999641
Vehicle Stoppage,501,1,,car,Outer,0.04148795005782126
Vehicle Stoppage,502,1,,car,Outer,0.04057449938076807
Vehicle Stoppage,503,1,,car,Outer,0.040262761951954974
Vehicle Stoppage,504,1,,car,Outer,0.04062733070237766
Vehicle Stoppage,505,1,,car,Outer,0.04123614918976326
Vehicle Stoppage,506,1,,car,Outer,0.04149132439438082
Vehicle Stoppage,507,1,,car,Outer,0.04149313196181283
Vehicle Stoppage,508,1,,car,Outer,0.041563686073302165
Vehicle Stoppage,509,1,,car,Outer,0.04231784493567696
Vehicle Stoppage,510,1,,car,Outer,0.043304156844348865
Vehicle Stoppage,511,1,,car,Outer,0.04439515739357268
Vehicle Stoppage,512,1,,car,Outer,0.04577619468676312
Vehicle Stoppage,513,1,,car,Outer,0.04726034278335322
Vehicle Stoppage,514,1,,car,Outer,0.04916228229039371
Vehicle Stoppage,515,1,,car,Outer,0.051406808887541046
Vehicle Stoppage,516,1,,car,Outer,0.053000000000002954
Vehicle Stoppage,517,1,,car,Outer,0.054362211139724025
Vehicle Stoppage,518,1,,car,Outer,0.05556761646859172
Vehicle Stoppage,519,1,,car,Outer,0.0567233637930611
Vehicle Stoppage,520,1,,car,Outer,0.05739425058313912
Vehicle Stoppage,521,1,,car,Outer,0.05755979499616444
Vehicle Stoppage,522,1,,car,Outer,0.057423340202391544
Vehicle Stoppage,523,1,,car,Outer,0.05791416061724463
Vehicle Stoppage,524,1,,car,Outer,0.05880858780824246
Vehicle Stoppage,525,1,,car,Outer,0.05974780330690366
Vehicle Stoppage,526,1,,car,Outer,0.060821460028511035
Vehicle Stoppage,527,1,,car,Outer,0.061939486597811115
Vehicle Stoppage,528,1,,car,Outer,0.06337041896657783
Vehicle Stoppage,529,1,,car,Outer,0.06457840196226804
Vehicle Stoppage,530,1,,car,Outer,0.06462391198310453
Vehicle Stoppage,531,1,,car,Outer,0.06453595896862514
Vehicle Stoppage,532,1,,car,Outer,0.06422491728293901
Vehicle Stoppage,533,1,,car,Outer,0.06378495120324301
Vehicle Stoppage,534,1,,car,Outer,0.06281687671319208
Vehicle Stoppage,535,1,,car,Outer,0.06144989829120777
Vehicle Stoppage,536,1,,car,Outer,0.059763283042351796
Vehicle Stoppage,537,1,,car,Outer,0.05776374295351921
Vehicle Stoppage,538,1,,car,Outer,0.05571400183077609
Vehicle Stoppage,539,1,,car,Outer,0.05391567490071913
Vehicle Stoppage,540,1,,car,Outer,0.05266925099144657
Vehicle Stoppage,541,1,,car,Outer,0.05262632421136789
Vehicle Stoppage,542,1,,car,Outer,0.05316013544000558
Vehicle Stoppage,543,1,,car,Outer,0.05394905003797349
Vehicle Stoppage,544,1,,car,Outer,0.05523784934263303
Vehicle Stoppage,545,1,,car,Outer,0.056518315615383605
Vehicle Stoppage,546,1,,car,Outer,0.05757820768311761
Vehicle Stoppage,547,1,,car,Outer,0.05804007236384108
Vehicle Stoppage,548,1,,car,Outer,0.05793271959782607
Vehicle Stoppage,549,1,,car,Outer,0.057387455075132314
Vehicle Stoppage,550,1,,car,Outer,0.05743117620247727
Vehicle Stoppage,551,1,,car,Outer,0.059117932981460224
Vehicle Stoppage,552,1,,car,Outer,0.06129437168288867
Vehicle Stoppage,553,1,,car,Outer,0.0633330877188251
Vehicle Stoppage,554,1,,car,Outer,0.06584010935592806
Vehicle Stoppage,555,1,,car,Outer,0.06866804205742372
Vehicle Stoppage,556,1,,car,Outer,0.07122534661200548
Vehicle Stoppage,557,1,,car,Outer,0.07241063457807687
Vehicle Stoppage,558,1,,car,Outer,0.07176210699247647
Vehicle Stoppage,559,1,,car,Outer,0.07185165272977419
Vehicle Stoppage,560,1,,car,Outer,0.07278193457170332
Vehicle Stoppage,561,1,,car,Outer,0.07447482796220561
Vehicle Stoppage,562,1,,car,Outer,0.0771794013970065
Vehicle Stoppage,563,1,,car,Outer,0.0806089325075122
Vehicle Stoppage,564,1,,car,Outer,0.08500588214941446
Vehicle Stoppage,565,1,,car,Outer,0.08977221173614967
Vehicle Stoppage,566,1,,car,Outer,0.0934561394452029
Vehicle Stoppage,567,1,,car,Outer,0.09596301370840835
Vehicle Stoppage,568,1,,car,Outer,0.0973544554707191
Vehicle Stoppage,569,1,,car,Outer,0.09764389381829623
Vehicle Stoppage,570,1,,car,Outer,0.0971162190367829
Vehicle Stoppage,571,1,,car,Outer,0.09628525328418719
Vehicle Stoppage,572,1,,car,Outer,0.09513805757949464
Vehicle Stoppage,573,1,,car,Outer,0.09240589808015119
Vehicle Stoppage,574,1,,car,Outer,0.08910667763978218
Vehicle Stoppage,575,1,,car,Outer,0.08558416909686545
Vehicle Stoppage,576,1,,car,Outer,0.08276871389601674
Vehicle Stoppage,577,1,,car,Outer,0.07954382439887839
Vehicle Stoppage,578,1,,car,Outer,0.0765300594537829
Vehicle Stoppage,579,1,,car,Outer,0.073430239002744
Vehicle Stoppage,580,1,,car,Outer,0.07184427604200366
Vehicle Stoppage,581,1,,car,Outer,0.07076793059006609
Vehicle Stoppage,582,1,,car,Outer,0.06950863255740584
Vehicle Stoppage,583,1,,car,Outer,0.06877564976065796
Vehicle Stoppage,584,1,,car,Outer,0.0683428123506736
Vehicle Stoppage,585,1,,car,Outer,0.06811057186663418
Vehicle Stoppage,586,1,,car,Outer,0.06765042498019297
Vehicle Stoppage,587,1,,car,Outer,0.06719144290756367
Vehicle Stoppage,588,1,,car,Outer,0.06673364968290034
Vehicle Stoppage,589,1,,car,Outer,0.06635759187915072
Vehicle Stoppage,590,1,,car,Outer,0.06477561269490208
Vehicle Stoppage,591,1,,car,Outer,0.06416494369980989
Vehicle Stoppage,592,1,,car,Outer,0.06394005004689354
Vehicle Stoppage,593,1,,car,Outer,0.06450341076253242
Vehicle Stoppage,594,1,,car,Outer,0.0654498281128359
Vehicle Stoppage,595,1,,car,Outer,0.06704811705036409
Vehicle Stoppage,596,1,,car,Outer,0.06900268110732738
Vehicle Stoppage,597,1,,car,Outer,0.07055614785402964
Vehicle Stoppage,598,1,,car,Outer,0.071361894593682
Vehicle Stoppage,599,1,,car,Outer,0.07153048301248774
Vehicle Stoppage,600,1,,car,Outer,0.07081200463197984
Vehicle Stoppage,601,1,,car,Outer,0.0695427925812557
Vehicle Stoppage,602,1,,car,Outer,0.06767170752981576
Vehicle Stoppage,603,1,,car,Outer,0.06606814663663513
Vehicle Stoppage,604,1,,car,Outer,0.06580706648984752
Vehicle Stoppage,605,1,,car,Outer,0.06568599546326559
Vehicle Stoppage,606,1,,car,Outer,0.06649639087950243
Vehicle Stoppage,607,1,,car,Outer,0.06814462561346984
Vehicle Stoppage,608,1,,car,Outer,0.06983437548944049
Vehicle Stoppage,609,1,,car,Outer,0.07215684305732623
Vehicle Stoppage,610,1,,car,Outer,0.07406787427758812
Vehicle Stoppage,611,1,,car,Outer,0.07507662752148461
Vehicle Stoppage,612,1,,car,Outer,0.07586962501554963
Vehicle Stoppage,613,1,,car,Outer,0.07635345440776824
Vehicle Stoppage,614,1,,car,Outer,0.0764754208880197
Vehicle Stoppage,615,1,,car,Outer,0.07650071895086748
Vehicle Stoppage,616,1,,car,Outer,0.07606313167363045
Vehicle Stoppage,617,1,,car,Outer,0.0761097234261118
Vehicle Stoppage,618,1,,car,Outer,0.07610972342611869
Vehicle Stoppage,619,1,,car,Outer,0.07676307706182306
Vehicle Stoppage,620,1,,car,Outer,0.07661709991901439
Vehicle Stoppage,621,1,,car,Outer,0.07579247983803854
Vehicle Stoppage,622,1,,car,Outer,0.0747981283188304
Vehicle Stoppage,623,1,,car,Outer,0.07339243830259481
Vehicle Stoppage,624,1,,car,Outer,0.07225634920199364
Vehicle Stoppage,625,1,,car,Outer,0.07129558191080126
Vehicle Stoppage,626,1,,car,Outer,0.06979756442741605
Vehicle Stoppage,627,1,,car,Outer,0.06888671860381033
Vehicle Stoppage,628,1,,car,Outer,0.06848824716694166
Vehicle Stoppage,629,1,,car,Outer,0.06770066469392874
Vehicle Stoppage,630,1,,car,Outer,0.06670119938951613
Vehicle Stoppage,631,1,,car,Outer,0.06533123295943287
Vehicle Stoppage,632,1,,car,Outer,0.0639203410504037
Vehicle Stoppage,633,1,,car,Outer,0.06369929355966544
Vehicle Stoppage,634,1,,car,Outer,0.06389898277750891
Vehicle Stoppage,635,1,,car,Outer,0.0649222612052326
Vehicle Stoppage,636,1,,car,Outer,0.06741698599018019
Vehicle Stoppage,637,1,,car,Outer,0.07031194777560583
Vehicle Stoppage,638,1,,car,Outer,0.07405997569537666
Vehicle Stoppage,639,1,,car,Outer,0.0781240039936467
Vehicle Stoppage,640,1,,car,Outer,0.08034880210681543
Vehicle Stoppage,641,1,,car,Outer,0.08031052234919274
Vehicle Stoppage,642,1,,car,Outer,0.07900000000000063
Vehicle Stoppage,643,1,,car,Outer,0.07731455231714247
Vehicle Stoppage,644,1,,car,Outer,0.07723425405867294
Vehicle Stoppage,645,1,,car,Outer,0.07745062943578689
Vehicle Stoppage,646,1,,car,Outer,0.07795396077172682
Vehicle Stoppage,647,1,,car,Outer,0.07863078277621464
Vehicle Stoppage,648,1,,car,Outer,0.08081788168469012
Vehicle Stoppage,649,1,,car,Outer,0.08271021702304539
Vehicle Stoppage,650,1,,car,Outer,0.08490712573158736
Vehicle Stoppage,651,1,,car,Outer,0.08511903429903735
Vehicle Stoppage,652,1,,car,Outer,0.08414659826754675
Vehicle Stoppage,653,1,,car,Outer,0.08358642234238836
Vehicle Stoppage,654,1,,car,Outer,0.08316904472217844
Vehicle Stoppage,655,1,,car,Outer,0.08264816997369004
Vehicle Stoppage,656,1,,car,Outer,0.0831211766037983
Vehicle Stoppage,657,1,,car,Outer,0.08134531332535419
Vehicle Stoppage,658,1,,car,Outer,0.07976772530290645
Vehicle Stoppage,659,1,,car,Outer,0.07854603745575234
Vehicle Stoppage,660,1,,car,Outer,0.0778774678581694
Vehicle Stoppage,661,1,,car,Outer,0.0774041342565106
Vehicle Stoppage,662,1,,car,Outer,0.07740859125445967
Vehicle Stoppage,663,1,,car,Outer,0.07870228713322244
Vehicle Stoppage,664,1,,car,Outer,0.08321207845018143
Vehicle Stoppage,665,1,,car,Outer,0.08831721236542431
Vehicle Stoppage,666,1,,car,Outer,0.09336385810365598
Vehicle Stoppage,667,1,,car,Outer,0.09759098319004951
Vehicle Stoppage,668,1,,car,Outer,0.10166833331967205
Vehicle Stoppage,669,1,,car,Outer,0.10577112082227079
Vehicle Stoppage,670,1,,car,Outer,0.10798541568192872
Vehicle Stoppage,671,1,,car,Outer,0.10955993793353373
Vehicle Stoppage,672,1,,car,Outer,0.11107317407907258
Vehicle Stoppage,673,1,,car,Outer,0.11276227205940322
Vehicle Stoppage,674,1,,car,Outer,0.11432515033884598
Vehicle Stoppage,675,1,,car,Outer,0.11635415763950485
Vehicle Stoppage,676,1,,car,Outer,0.11831977856639123
Vehicle Stoppage,677,1,,car,Outer,0.12073408797850073
Vehicle Stoppage,678,1,,car,Outer,0.12230331148419694
Vehicle Stoppage,679,1,,car,Outer,0.12240608644998267
Vehicle Stoppage,680,1,,car,Outer,0.12087981634664988
Vehicle Stoppage,681,1,,car,Outer,0.11825451365592539
Vehicle Stoppage,682,1,,car,Outer,0.11488864173625277
Vehicle Stoppage,683,1,,car,Outer,0.11077481663266057
Vehicle Stoppage,684,1,,car,Outer,0.10654581174311832
Vehicle Stoppage,685,1,,car,Outer,0.10192060635612583
Vehicle Stoppage,686,1,,car,Outer,0.09813322576986792
Vehicle Stoppage,687,1,,car,Outer,0.09492086177442557
Vehicle Stoppage,688,1,,car,Outer,0.09293718308621286
Vehicle Stoppage,689,1,,car,Outer,0.09145058775098101
Vehicle Stoppage,690,1,,car,Outer,0.09100642834437371
Vehicle Stoppage,691,1,,car,Outer,0.09057046980114786
Vehicle Stoppage,692,1,,car,Outer,0.09022017512729053
Vehicle Stoppage,693,1,,car,Outer,0.0899902772525992
Vehicle Stoppage,694,1,,car,Outer,0.08939183407895662
Vehicle Stoppage,695,1,,car,Outer,0.0886142765021497
Vehicle Stoppage,696,1,,car,Outer,0.08729060659658414
Vehicle Stoppage,697,1,,car,Outer,0.08503040632620631
Vehicle Stoppage,698,1,,car,Outer,0.08301813054989762
Vehicle Stoppage,699,1,,car,Outer,0.08135434837794976
Vehicle Stoppage,700,1,,car,Outer,0.08050770149494399
Vehicle Stoppage,701,1,,car,Outer,0.0802955166867979
Vehicle Stoppage,702,1,,car,Outer,0.08021271719621585
Vehicle Stoppage,703,1,,car,Outer,0.08092274093232434
Vehicle Stoppage,704,1,,car,Outer,0.08215850534181257
Vehicle Stoppage,705,1,,car,Outer,0.08340533556074638
Vehicle Stoppage,706,1,,car,Outer,0.08367424932438934
Vehicle Stoppage,707,1,,car,Outer,0.08309759322627837
Vehicle Stoppage,708,1,,car,Outer,0.08238373625904433
Vehicle Stoppage,709,1,,car,Outer,0.08056506687144699
Vehicle Stoppage,710,1,,car,Outer,0.07908862117902615
Vehicle Stoppage,711,1,,car,Outer,0.07783090645752476
Vehicle Stoppage,712,1,,car,Outer,0.07670886519822617
Vehicle Stoppage,713,1,,car,Outer,0.07620603650630346
Vehicle Stoppage,714,1,,car,Outer,0.07554402689822065
Vehicle Stoppage,715,1,,car,Outer,0.07473285756614047
Vehicle Stoppage,716,1,,car,Outer,0.07417715281675742
Vehicle Stoppage,717,1,,car,Outer,0.07313138860981494
Vehicle Stoppage,718,1,,car,Outer,0.07218490146838452
Vehicle Stoppage,719,1,,car,Outer,0.07064531123860883
Vehicle Stoppage,720,1,,car,Outer,0.06919552008620042
Vehicle Stoppage,721,1,,car,Outer,0.06756626377120441
Vehicle Stoppage,722,1,,car,Outer,0.06658002703514262
Vehicle Stoppage,723,1,,car,Outer,0.06558978579016499
Vehicle Stoppage,724,1,,car,Outer,0.0643062982918479
Vehicle Stoppage,725,1,,car,Outer,0.06208969318654902
Vehicle Stoppage,726,1,,car,Outer,0.05954829972383831
Vehicle Stoppage,727,1,,car,Outer,0.05629529287604627
Vehicle Stoppage,728,1,,car,Outer,0.052665928264861724
Vehicle Stoppage,729,1,,car,Outer,0.04856850831557165
Vehicle Stoppage,730,1,,car,Outer,0.04469418306669877
Vehicle Stoppage,731,1,,car,Outer,0.040607881008491616
Vehicle Stoppage,732,1,,car,Outer,0.03681358444922144
Vehicle Stoppage,733,1,,car,Outer,0.03341751038003584
Vehicle Stoppage,734,1,,car,Outer,0.028892386540399433
Vehicle Stoppage,735,1,,car,Outer,0.02453589207671144
Vehicle Stoppage,736,1,,car,Outer,0.019886176103012895
Vehicle Stoppage,737,1,,car,Outer,0.016299693248645455
Vehicle Stoppage,738,1,,car,Outer,0.014005713120005047
Vehicle Stoppage,739,1,,car,Outer,0.012192620719110864
Vehicle Stoppage,740,1,,car,Outer,0.009481033698923506
Vehicle Stoppage,741,1,,car,Outer,0.009284934033154281
Vehicle Stoppage,742,1,,car,Outer,0.010770329614266338
Vehicle Stoppage,743,1,,car,Outer,0.009126883367279875
Vehicle Stoppage,744,1,,car,Outer,0.008544003745320073
Vehicle Stoppage,745,1,,car,Outer,0.010971326264405876
Vehicle Stoppage,746,1,,car,Outer,0.01580506248010296
Vehicle Stoppage,747,1,,car,Outer,0.01543502510525549
Vehicle Stoppage,748,1,,car,Outer,0.013888484438557907
Vehicle Stoppage,749,1,,car,Outer,0.013708756325792404
Vehicle Stoppage,750,1,,car,Outer,0.01498332406377334
Vehicle Stoppage,751,1,,car,Outer,0.016633099530751157
Vehicle Stoppage,752,1,,car,Outer,0.01861316738225865
Vehicle Stoppage,753,1,,car,Outer,0.017749647883832754
Vehicle Stoppage,754,1,,car,Outer,0.01898341381311503
Vehicle Stoppage,755,1,,car,Outer,0.021020228352703767
Vehicle Stoppage,756,1,,car,Outer,0.02418098426449778
Vehicle Stoppage,757,1,,car,Outer,0.02636000758725484
Vehicle Stoppage,758,1,,car,Outer,0.02894684784220703
Vehicle Stoppage,759,1,,car,Outer,0.031343579884877584
Vehicle Stoppage,760,1,,car,Outer,0.032221886971435895
Vehicle Stoppage,761,1,,car,Outer,0.03175106297433255
Vehicle Stoppage,762,1,,car,Outer,0.03101612483854038
Vehicle Stoppage,763,1,,car,Outer,0.03000833217624569
Vehicle Stoppage,764,1,,car,Outer,0.03130814590486013
Vehicle Stoppage,765,1,,car,Outer,0.03614872058593368
Vehicle Stoppage,766,1,,car,Outer,0.04429367900728268
Vehicle Stoppage,767,1,,car,Outer,0.05146066458957208
Vehicle Stoppage,768,1,,car,Outer,0.056933733409994004
Vehicle Stoppage,769,1,,car,Outer,0.060535278970205886
Vehicle Stoppage,770,1,,car,Outer,0.13446757973578297
Vehicle Stoppage,771,1,,car,Outer,0.20187136993641064
Vehicle Stoppage,772,1,,car,Outer,0.2422941187895385
Vehicle Stoppage,773,1,,car,Outer,0.2658685765561577
Vehicle Stoppage,774,1,,car,Outer,0.27991686265746435
Vehicle Stoppage,775,1,,car,Outer,0.2883259960530778
Vehicle Stoppage,776,1,,car,Outer,0.2906138503237556
Vehicle Stoppage,777,1,,car,Outer,0.16717837778851638
Vehicle Stoppage,778,1,,car,Outer,0.10282305189012979
Vehicle Stoppage,779,1,,car,Outer,0.0701679413977638
Vehicle Stoppage,780,1,,car,Outer,0.056513361252006254
Vehicle Stoppage,781,1,,car,Outer,0.05193621087449586
Vehicle Stoppage,782,1,,car,Outer,0.0499929995099277
Vehicle Stoppage,783,1,,car,Outer,0.04713491275053402
Vehicle Stoppage,784,1,,car,Outer,0.045385570394118425
Vehicle Stoppage,785,1,,car,Outer,0.044040890090915184
Vehicle Stoppage,786,1,,car,Outer,0.04244997055358492
Vehicle Stoppage,787,1,,car,Outer,0.04059605892201727
Vehicle Stoppage,788,1,,car,Outer,0.039103068933273984
Vehicle Stoppage,789,1,,car,Outer,0.03827923719198199
Vehicle Stoppage,790,1,,car,Outer,0.03898025141016724
Vehicle Stoppage,791,1,,car,Outer,0.039503164430211166
Vehicle Stoppage,792,1,,car,Outer,0.039661064030104075
Vehicle Stoppage,793,1,,car,Outer,0.041379342672401655
Vehicle Stoppage,794,1,,car,Outer,0.04314776935138475
Vehicle Stoppage,795,1,,car,Outer,0.04520973346526376
Vehicle Stoppage,796,1,,car,Outer,0.046853068202625636
Vehicle Stoppage,797,1,,car,Outer,0.04453144956095939
Vehicle Stoppage,798,1,,car,Outer,0.03974040764763201
Vehicle Stoppage,799,1,,car,Outer,0.03478074179772224
Vehicle Stoppage,800,1,,car,Outer,0.029753151093619545
Vehicle Stoppage,801,1,,car,Outer,0.02598037721050241
Vehicle Stoppage,802,1,,car,Outer,0.02398853893008268
Vehicle Stoppage,803,1,,car,Outer,0.022329352879113203
Vehicle Stoppage,804,1,,car,Outer,0.022141589825485475
Vehicle Stoppage,805,1,,car,Outer,0.022866788143502112
Vehicle Stoppage,806,1,,car,Outer,0.02356883535518953
Vehicle Stoppage,807,1,,car,Outer,0.02462214450449326
Vehicle Stoppage,808,1,,car,Outer,0.02534758371127014
Vehicle Stoppage,809,1,,car,Outer,0.0264367168914754
Vehicle Stoppage,810,1,,car,Outer,0.02890847626561992
Vehicle Stoppage,811,1,,car,Outer,0.030617805277323388
Vehicle Stoppage,812,1,,car,Outer,0.031010320862575328
Vehicle Stoppage,813,1,,car,Outer,0.030735321699958355
Vehicle Stoppage,814,1,,car,Outer,0.02971060416753694
Vehicle Stoppage,815,1,,car,Outer,0.027863237428559888
Vehicle Stoppage,816,1,,car,Outer,0.024242318370983545
Vehicle Stoppage,817,1,,car,Outer,0.02207351353998749
Vehicle Stoppage,818,1,,car,Outer,0.0225887139961541
Vehicle Stoppage,819,1,,car,Outer,0.025015395259722063
Vehicle Stoppage,820,1,,car,Outer,0.024428262320521428
Vehicle Stoppage,821,1,,car,Outer,0.022300896842953617
Vehicle Stoppage,822,1,,car,Outer,0.02032141727341297
Vehicle Stoppage,823,1,,car,Outer,0.01937756434643327
Vehicle Stoppage,824,1,,car,Outer,0.01903943276466589
Vehicle Stoppage,825,1,,car,Outer,0.018386951895295264
Vehicle Stoppage,826,1,,car,Outer,0.021247352776283694
Vehicle Stoppage,827,1,,car,Outer,0.02457986981251129
Vehicle Stoppage,828,1,,car,Outer,0.027856776554370653
Vehicle Stoppage,829,1,,car,Outer,0.0300842151301956
Vehicle Stoppage,830,1,,car,Outer,0.033517159784206337
Vehicle Stoppage,831,1,,car,Outer,0.040427836944368294
Vehicle Stoppage,832,1,,car,Outer,0.049558147665143756
Vehicle Stoppage,833,1,,car,Outer,0.05267750943239251
Vehicle Stoppage,834,1,,car,Outer,0.05478722478826806
Vehicle Stoppage,835,1,,car,Outer,0.05685103341188863
Vehicle Stoppage,836,1,,car,Outer,0.05517435998722351
Vehicle Stoppage,837,1,,car,Outer,0.04818568252084889
Vehicle Stoppage,838,1,,car,Outer,0.03790949749073317
Vehicle Stoppage,839,1,,car,Outer,0.031241798923877972
Vehicle Stoppage,840,1,,car,Outer,0.028085583490467154
Vehicle Stoppage,841,1,,car,Outer,0.024554022073783727
Vehicle Stoppage,842,1,,car,Outer,0.020350184274353377
Vehicle Stoppage,843,1,,car,Outer,0.020052431274040303
Vehicle Stoppage,844,1,,car,Outer,0.01953867958690442
Vehicle Stoppage,845,1,,car,Outer,0.022453952881396958
Vehicle Stoppage,846,1,,car,Outer,0.023275738441561576
Vehicle Stoppage,847,1,,car,Outer,0.022073740054646185
Vehicle Stoppage,848,1,,car,Outer,0.02411679912425909
Vehicle Stoppage,849,1,,car,Outer,0.028966359798908017
Vehicle Stoppage,850,1,,car,Outer,0.028118677067028856
Vehicle Stoppage,851,1,,car,Outer,0.027484723029346483
Vehicle Stoppage,852,1,,car,Outer,0.024490406284909925
Vehicle Stoppage,853,1,,car,Outer,0.018069310999591044
Vehicle Stoppage,854,1,,car,Outer,0.013994641831789655
Vehicle Stoppage,855,1,,car,Outer,0.014339107364133364
Vehicle Stoppage,856,1,,car,Outer,0.022594247055389805
Vehicle Stoppage,857,1,,car,Outer,0.026431988196121844
Vehicle Stoppage,858,1,,car,Outer,0.026309884074237
Vehicle Stoppage,859,1,,car,Outer,0.02423324163210909
Vehicle Stoppage,860,1,,car,Outer,0.11849240481988207
Vehicle Stoppage,90,8,,motorcycle,Outer,0.04938795399689942
Vehicle Stoppage,91,8,,motorcycle,Outer,0.04882345747691822
Vehicle Stoppage,92,8,,motorcycle,Outer,0.04873951169225756
Vehicle Stoppage,93,8,,motorcycle,Outer,0.048466070606144725
Vehicle Stoppage,94,8,,motorcycle,Outer,0.04797676520983996
Vehicle Stoppage,95,8,,motorcycle,Outer,0.04776044388403373
Vehicle Stoppage,96,8,,motorcycle,Outer,0.04747820552633076
Vehicle Stoppage,97,8,,motorcycle,Outer,0.046322780572848554
Vehicle Stoppage,98,8,,motorcycle,Outer,0.04518517455980506
Vehicle Stoppage,99,8,,motorcycle,Outer,0.04384198900597802
Vehicle Stoppage,100,8,,motorcycle,Outer,0.0430414916098393
Vehicle Stoppage,101,8,,motorcycle,Outer,0.042562072317963315
Vehicle Stoppage,102,8,,motorcycle,Outer,0.04235150528611393
Vehicle Stoppage,103,8,,motorcycle,Outer,0.04215447781671645
Vehicle Stoppage,104,8,,motorcycle,Outer,0.04237098063533713
Vehicle Stoppage,105,8,,motorcycle,Outer,0.04253151772509194
Vehicle Stoppage,106,8,,motorcycle,Outer,0.04248211388337576
Vehicle Stoppage,107,8,,motorcycle,Outer,0.04220924069443135
Vehicle Stoppage,108,8,,motorcycle,Outer,0.04173691411688721
Vehicle Stoppage,109,8,,motorcycle,Outer,0.041014753443118585
Vehicle Stoppage,110,8,,motorcycle,Outer,0.04057634779030283
Vehicle Stoppage,111,8,,motorcycle,Outer,0.04067357864757183
Vehicle Stoppage,112,8,,motorcycle,Outer,0.0411866483219933
Vehicle Stoppage,113,8,,motorcycle,Outer,0.0421849499229314
Vehicle Stoppage,114,8,,motorcycle,Outer,0.04294240328625926
Vehicle Stoppage,115,8,,motorcycle,Outer,0.04371647286778663
Vehicle Stoppage,116,8,,motorcycle,Outer,0.044533695108311185
Vehicle Stoppage,117,8,,motorcycle,Outer,0.04496276237065036
Vehicle Stoppage,118,8,,motorcycle,Outer,0.0450781543544115
Vehicle Stoppage,119,8,,motorcycle,Outer,0.04517742799230757
Vehicle Stoppage,120,8,,motorcycle,Outer,0.04487538300672389
Vehicle Stoppage,121,8,,motorcycle,Outer,0.044528754754652074
Vehicle Stoppage,122,8,,motorcycle,Outer,0.04400920358288403
Vehicle Stoppage,123,8,,motorcycle,Outer,0.0435010344704528
Vehicle Stoppage,124,8,,motorcycle,Outer,0.04320011574058448
Vehicle Stoppage,125,8,,motorcycle,Outer,0.04310046403462754
Vehicle Stoppage,126,8,,motorcycle,Outer,0.042600117370730516
Vehicle Stoppage,127,8,,motorcycle,Outer,0.042007618356676
Vehicle Stoppage,128,8,,motorcycle,Outer,0.04183455509503569
Vehicle Stoppage,129,8,,motorcycle,Outer,0.04168117080888712
Vehicle Stoppage,130,8,,motorcycle,Outer,0.04190047732425197
Vehicle Stoppage,131,8,,motorcycle,Outer,0.04229952718412013
Vehicle Stoppage,132,8,,motorcycle,Outer,0.042499058813108774
Vehicle Stoppage,133,8,,motorcycle,Outer,0.043026735874333116
Vehicle Stoppage,134,8,,motorcycle,Outer,0.043674477672894445
Vehicle Stoppage,135,8,,motorcycle,Outer,0.044449184469455505
Vehicle Stoppage,136,8,,motorcycle,Outer,0.045347105751077955
Vehicle Stoppage,137,8,,motorcycle,Outer,0.046134152208526055
Vehicle Stoppage,138,8,,motorcycle,Outer,0.046895308933839745
Vehicle Stoppage,139,8,,motorcycle,Outer,0.04662928264514121
Vehicle Stoppage,140,8,,motorcycle,Outer,0.04598478009080281
Vehicle Stoppage,141,8,,motorcycle,Outer,0.044879059704947086
Vehicle Stoppage,142,8,,motorcycle,Outer,0.04328440827827054
Vehicle Stoppage,143,8,,motorcycle,Outer,0.041746856169057156
Vehicle Stoppage,144,8,,motorcycle,Outer,0.04016092628413919
Vehicle Stoppage,145,8,,motorcycle,Outer,0.038613598640896585
Vehicle Stoppage,146,8,,motorcycle,Outer,0.038108398024582345
Vehicle Stoppage,147,8,,motorcycle,Outer,0.03857978745405419
Vehicle Stoppage,148,8,,motorcycle,Outer,0.03966484589658683
Vehicle Stoppage,149,8,,motorcycle,Outer,0.041195752208202374
Vehicle Stoppage,150,8,,motorcycle,Outer,0.042739794103386575
Vehicle Stoppage,151,8,,motorcycle,Outer,0.0445567054437329
Vehicle Stoppage,152,8,,motorcycle,Outer,0.04635353276720262
Vehicle Stoppage,153,8,,motorcycle,Outer,0.048229555254008585
Vehicle Stoppage,154,8,,motorcycle,Outer,0.04984776825496095
Vehicle Stoppage,155,8,,motorcycle,Outer,0.05133858198275715
Vehicle Stoppage,156,8,,motorcycle,Outer,0.05327785656348565
Vehicle Stoppage,157,8,,motorcycle,Outer,0.05531726674376188
Vehicle Stoppage,158,8,,motorcycle,Outer,0.057250327509980305
Vehicle Stoppage,159,8,,motorcycle,Outer,0.059081807690690186
Vehicle Stoppage,160,8,,motorcycle,Outer,0.060297429464276214
Vehicle Stoppage,161,8,,motorcycle,Outer,0.060839543062053185
Vehicle Stoppage,162,8,,motorcycle,Outer,0.061208251077777234
Vehicle Stoppage,163,8,,motorcycle,Outer,0.06132813383758107
Vehicle Stoppage,164,8,,motorcycle,Outer,0.06114253838368009
Vehicle Stoppage,165,8,,motorcycle,Outer,0.06103539956451664
Vehicle Stoppage,166,8,,motorcycle,Outer,0.06108886968998485
Vehicle Stoppage,167,8,,motorcycle,Outer,0.06190387709990042
Vehicle Stoppage,168,8,,motorcycle,Outer,0.06272136796977146
Vehicle Stoppage,169,8,,motorcycle,Outer,0.06338596059065174
Vehicle Stoppage,170,8,,motorcycle,Outer,0.06378032612020186
Vehicle Stoppage,171,8,,motorcycle,Outer,0.06427767886288495
Vehicle Stoppage,172,8,,motorcycle,Outer,0.06503229966716371
Vehicle Stoppage,173,8,,motorcycle,Outer,0.06566681049053612
Vehicle Stoppage,174,8,,motorcycle,Outer,0.06618194617869728
Vehicle Stoppage,175,8,,motorcycle,Outer,0.06678353090396266
Vehicle Stoppage,176,8,,motorcycle,Outer,0.06855195110279678
Vehicle Stoppage,177,8,,motorcycle,Outer,0.07069441279195952
Vehicle Stoppage,178,8,,motorcycle,Outer,0.0728188162496489
Vehicle Stoppage,179,8,,motorcycle,Outer,0.07472382484857475
Vehicle Stoppage,180,8,,motorcycle,Outer,0.0762502459012455
Vehicle Stoppage,181,8,,motorcycle,Outer,0.07756913045793672
Vehicle Stoppage,182,8,,motorcycle,Outer,0.07882182438893219
Vehicle Stoppage,183,8,,motorcycle,Outer,0.07910954430408226
Vehicle Stoppage,184,8,,motorcycle,Outer,0.07937808261730621
Vehicle Stoppage,185,8,,motorcycle,Outer,0.0796487915790286
Vehicle Stoppage,186,8,,motorcycle,Outer,0.07972509015359605
Vehicle Stoppage,187,8,,motorcycle,Outer,0.0796232378140966
Vehicle Stoppage,188,8,,motorcycle,Outer,0.07946219226777101
Vehicle Stoppage,189,8,,motorcycle,Outer,0.07897043750669765
Vehicle Stoppage,190,8,,motorcycle,Outer,0.07843322000274623
Vehicle Stoppage,191,8,,motorcycle,Outer,0.07758724121916233
Vehicle Stoppage,192,8,,motorcycle,Outer,0.07638062581571414
Vehicle Stoppage,193,8,,motorcycle,Outer,0.07569015788066048
Vehicle Stoppage,194,8,,motorcycle,Outer,0.07517745672739644
Vehicle Stoppage,195,8,,motorcycle,Outer,0.07510985288229528
Vehicle Stoppage,196,8,,motorcycle,Outer,0.07585380676011239
Vehicle Stoppage,197,8,,motorcycle,Outer,0.07702032199361228
Vehicle Stoppage,198,8,,motorcycle,Outer,0.07827036476214798
Vehicle Stoppage,199,8,,motorcycle,Outer,0.08033193636406889
Vehicle Stoppage,200,8,,motorcycle,Outer,0.08263613011268736
Vehicle Stoppage,201,8,,motorcycle,Outer,0.0846855949970225
Vehicle Stoppage,202,8,,motorcycle,Outer,0.0865069361380964
Vehicle Stoppage,203,8,,motorcycle,Outer,0.08754296088206955
Vehicle Stoppage,204,8,,motorcycle,Outer,0.08793776208205795
Vehicle Stoppage,205,8,,motorcycle,Outer,0.08792178342139963
Vehicle Stoppage,206,8,,motorcycle,Outer,0.08716444229156643
Vehicle Stoppage,207,8,,motorcycle,Outer,0.08598069550777251
Vehicle Stoppage,208,8,,motorcycle,Outer,0.0850436358583049
Vehicle Stoppage,209,8,,motorcycle,Outer,0.0843709073081482
Vehicle Stoppage,210,8,,motorcycle,Outer,0.08479681597796028
Vehicle Stoppage,211,8,,motorcycle,Outer,0.08707611612836363
Vehicle Stoppage,212,8,,motorcycle,Outer,0.09019805984609777
Vehicle Stoppage,213,8,,motorcycle,Outer,0.09385867035069562
Vehicle Stoppage,214,8,,motorcycle,Outer,0.09703695172459045
Vehicle Stoppage,215,8,,motorcycle,Outer,0.10000679976881098
Vehicle Stoppage,216,8,,motorcycle,Outer,0.10289047574970496
Vehicle Stoppage,217,8,,motorcycle,Outer,0.10538126019363575
Vehicle Stoppage,218,8,,motorcycle,Outer,0.10627817273551919
Vehicle Stoppage,219,8,,motorcycle,Outer,0.10665294182534618
Vehicle Stoppage,220,8,,motorcycle,Outer,0.10630075258435485
Vehicle Stoppage,221,8,,motorcycle,Outer,0.10564473484276947
Vehicle Stoppage,222,8,,motorcycle,Outer,0.10470167142887582
Vehicle Stoppage,223,8,,motorcycle,Outer,0.10321724662089926
Vehicle Stoppage,224,8,,motorcycle,Outer,0.10128622808654504
Vehicle Stoppage,225,8,,motorcycle,Outer,0.09930901268264192
Vehicle Stoppage,226,8,,motorcycle,Outer,0.09714695054401551
Vehicle Stoppage,227,8,,motorcycle,Outer,0.0952844163544071
Vehicle Stoppage,228,8,,motorcycle,Outer,0.09378960496771085
Vehicle Stoppage,229,8,,motorcycle,Outer,0.0926881330052537
Vehicle Stoppage,230,8,,motorcycle,Outer,0.09196135057729758
Vehicle Stoppage,231,8,,motorcycle,Outer,0.09144397191723576
Vehicle Stoppage,232,8,,motorcycle,Outer,0.0913346593577752
Vehicle Stoppage,233,8,,motorcycle,Outer,0.09135436497507746
Vehicle Stoppage,234,8,,motorcycle,Outer,0.09107897671800914
Vehicle Stoppage,235,8,,motorcycle,Outer,0.09068627239003282
Vehicle Stoppage,236,8,,motorcycle,Outer,0.08998711018806765
Vehicle Stoppage,237,8,,motorcycle,Outer,0.08890404940158714
Vehicle Stoppage,238,8,,motorcycle,Outer,0.08735502275198496
Vehicle Stoppage,239,8,,motorcycle,Outer,0.08553367757790238
Vehicle Stoppage,240,8,,motorcycle,Outer,0.0839085812059767
Vehicle Stoppage,241,8,,motorcycle,Outer,0.08240054611469495
Vehicle Stoppage,242,8,,motorcycle,Outer,0.08110098643049839
Vehicle Stoppage,243,8,,motorcycle,Outer,0.0798040099243198
Vehicle Stoppage,244,8,,motorcycle,Outer,0.07851432990225239
Vehicle Stoppage,245,8,,motorcycle,Outer,0.07754701799553658
Vehicle Stoppage,246,8,,motorcycle,Outer,0.07629973787635161
Vehicle Stoppage,247,8,,motorcycle,Outer,0.07516648189186045
Vehicle Stoppage,248,8,,motorcycle,Outer,0.07423483010016038
Vehicle Stoppage,249,8,,motorcycle,Outer,0.07377208144006771
Vehicle Stoppage,250,8,,motorcycle,Outer,0.07374076213330445
Vehicle Stoppage,251,8,,motorcycle,Outer,0.07434245086086376
Vehicle Stoppage,252,8,,motorcycle,Outer,0.07531268153504823
Vehicle Stoppage,253,8,,motorcycle,Outer,0.07642460336829164
Vehicle Stoppage,254,8,,motorcycle,Outer,0.0773447477208408
Vehicle Stoppage,255,8,,motorcycle,Outer,0.0779933330484114
Vehicle Stoppage,256,8,,motorcycle,Outer,0.07800640999302347
Vehicle Stoppage,257,8,,motorcycle,Outer,0.07738636830863967
Vehicle Stoppage,258,8,,motorcycle,Outer,0.07611839462311452
Vehicle Stoppage,259,8,,motorcycle,Outer,0.07409514154112413
Vehicle Stoppage,260,8,,motorcycle,Outer,0.07188525579004351
Vehicle Stoppage,261,8,,motorcycle,Outer,0.0697022237808825
Vehicle Stoppage,262,8,,motorcycle,Outer,0.06717261346709756
Vehicle Stoppage,263,8,,motorcycle,Outer,0.06533636047409325
Vehicle Stoppage,264,8,,motorcycle,Outer,0.06387879147259784
Vehicle Stoppage,265,8,,motorcycle,Outer,0.062392387356152844
Vehicle Stoppage,266,8,,motorcycle,Outer,0.060839214327601636
Vehicle Stoppage,267,8,,motorcycle,Outer,0.05929392886290715
Vehicle Stoppage,268,8,,motorcycle,Outer,0.058007327123391725
Vehicle Stoppage,269,8,,motorcycle,Outer,0.05746738205278271
Vehicle Stoppage,270,8,,motorcycle,Outer,0.05620934086074649
Vehicle Stoppage,271,8,,motorcycle,Outer,0.05459093331314289
Vehicle Stoppage,272,8,,motorcycle,Outer,0.052915120712329664
Vehicle Stoppage,273,8,,motorcycle,Outer,0.05082725646736981
Vehicle Stoppage,274,8,,motorcycle,Outer,0.0482255119205565
Vehicle Stoppage,275,8,,motorcycle,Outer,0.045213382974515826
Vehicle Stoppage,276,8,,motorcycle,Outer,0.041639644571012505
Vehicle Stoppage,277,8,,motorcycle,Outer,0.03831931627782488
Vehicle Stoppage,278,8,,motorcycle,Outer,0.03567884527278955
Vehicle Stoppage,279,8,,motorcycle,Outer,0.03393287491505015
Vehicle Stoppage,280,8,,motorcycle,Outer,0.03317303121513438
Vehicle Stoppage,281,8,,motorcycle,Outer,0.03386620734596708
Vehicle Stoppage,282,8,,motorcycle,Outer,0.035264713241424724
Vehicle Stoppage,283,8,,motorcycle,Outer,0.037415638441705805
Vehicle Stoppage,284,8,,motorcycle,Outer,0.03908657058376834
Vehicle Stoppage,285,8,,motorcycle,Outer,0.040449103821967196
Vehicle Stoppage,286,8,,motorcycle,Outer,0.04144514446831882
Vehicle Stoppage,287,8,,motorcycle,Outer,0.04265501142890106
Vehicle Stoppage,288,8,,motorcycle,Outer,0.043437311150669095
Vehicle Stoppage,289,8,,motorcycle,Outer,0.04383605821695138
Vehicle Stoppage,290,8,,motorcycle,Outer,0.043185645763376405
Vehicle Stoppage,291,8,,motorcycle,Outer,0.04186275194012173
Vehicle Stoppage,292,8,,motorcycle,Outer,0.040433896670983675
Vehicle Stoppage,293,8,,motorcycle,Outer,0.0385161005295173
Vehicle Stoppage,294,8,,motorcycle,Outer,0.03667424164178458
Vehicle Stoppage,295,8,,motorcycle,Outer,0.03494509979954679
Vehicle Stoppage,296,8,,motorcycle,Outer,0.033129141250570024
Vehicle Stoppage,297,8,,motorcycle,Outer,0.03180440221101614
Vehicle Stoppage,298,8,,motorcycle,Outer,0.030925070735573205
Vehicle Stoppage,299,8,,motorcycle,Outer,0.029724905382522815
Vehicle Stoppage,300,8,,motorcycle,Outer,0.028853422673921755
Vehicle Stoppage,301,8,,motorcycle,Outer,0.027283878023472184
Vehicle Stoppage,302,8,,motorcycle,Outer,0.025522539058645433
Vehicle Stoppage,303,8,,motorcycle,Outer,0.023734573937615123
Vehicle Stoppage,304,8,,motorcycle,Outer,0.02263846284534602
Vehicle Stoppage,305,8,,motorcycle,Outer,0.022160324907369175
Vehicle Stoppage,306,8,,motorcycle,Outer,0.0219738480926741
Vehicle Stoppage,307,8,,motorcycle,Outer,0.021495348334004176
Vehicle Stoppage,308,8,,motorcycle,Outer,0.02128497122384687
Vehicle Stoppage,309,8,,motorcycle,Outer,0.02083962571640451
Vehicle Stoppage,310,8,,motorcycle,Outer,0.020087807247182152
Vehicle Stoppage,311,8,,motorcycle,Outer,0.018450474248649436
Vehicle Stoppage,312,8,,motorcycle,Outer,0.016709278859365538
Vehicle Stoppage,313,8,,motorcycle,Outer,0.015484185480681941
Vehicle Stoppage,314,8,,motorcycle,Outer,0.014440221604951894
Vehicle Stoppage,315,8,,motorcycle,Outer,0.013327040181523224
Vehicle Stoppage,316,8,,motorcycle,Outer,0.012701181047438606
Vehicle Stoppage,317,8,,motorcycle,Outer,0.011992080720212725
Vehicle Stoppage,318,8,,motorcycle,Outer,0.011661903789695106
Vehicle Stoppage,319,8,,motorcycle,Outer,0.011384638773366644
Vehicle Stoppage,320,8,,motorcycle,Outer,0.011406138698090602
Vehicle Stoppage,321,8,,motorcycle,Outer,0.011764777940952199
Vehicle Stoppage,322,8,,motorcycle,Outer,0.012316655390163429
Vehicle Stoppage,323,8,,motorcycle,Outer,0.01277693233918075
Vehicle Stoppage,324,8,,motorcycle,Outer,0.014720054347726979
Vehicle Stoppage,325,8,,motorcycle,Outer,0.01739712619946152
Vehicle Stoppage,326,8,,motorcycle,Outer,0.020630317496344742
Vehicle Stoppage,327,8,,motorcycle,Outer,0.024200206610690132
Vehicle Stoppage,328,8,,motorcycle,Outer,0.027765085989419364
Vehicle Stoppage,329,8,,motorcycle,Outer,0.031202884482046705
Vehicle Stoppage,330,8,,motorcycle,Outer,0.03397793401605676
Vehicle Stoppage,331,8,,motorcycle,Outer,0.03505709628592121
Vehicle Stoppage,332,8,,motorcycle,Outer,0.03528002267573019
Vehicle Stoppage,333,8,,motorcycle,Outer,0.03452593228284715
Vehicle Stoppage,334,8,,motorcycle,Outer,0.032534596969995035
Vehicle Stoppage,335,8,,motorcycle,Outer,0.030341555662162942
Vehicle Stoppage,336,8,,motorcycle,Outer,0.028092703679069447
Vehicle Stoppage,337,8,,motorcycle,Outer,0.026388254963150587
Vehicle Stoppage,338,8,,motorcycle,Outer,0.02524480144504971
Vehicle Stoppage,339,8,,motorcycle,Outer,0.024510609947534102
Vehicle Stoppage,340,8,,motorcycle,Outer,0.02427859139242174
Vehicle Stoppage,341,8,,motorcycle,Outer,0.024334337878811996
Vehicle Stoppage,342,8,,motorcycle,Outer,0.024633310780323336
Vehicle Stoppage,343,8,,motorcycle,Outer,0.025560125195307405
Vehicle Stoppage,344,8,,motorcycle,Outer,0.02660075186907144
Vehicle Stoppage,345,8,,motorcycle,Outer,0.027978027092700225
Vehicle Stoppage,346,8,,motorcycle,Outer,0.029400680264241315
Vehicle Stoppage,347,8,,motorcycle,Outer,0.030869078379504616
Vehicle Stoppage,348,8,,motorcycle,Outer,0.03191755003129212
Vehicle Stoppage,349,8,,motorcycle,Outer,0.03284219846478332
Vehicle Stoppage,350,8,,motorcycle,Outer,0.03326334318736098
Vehicle Stoppage,351,8,,motorcycle,Outer,0.03355964838909635
Vehicle Stoppage,352,8,,motorcycle,Outer,0.033433217015421325
Vehicle Stoppage,353,8,,motorcycle,Outer,0.03288038929209945
Vehicle Stoppage,354,8,,motorcycle,Outer,0.032144206320894785
Vehicle Stoppage,355,8,,motorcycle,Outer,0.03161281385767443
Vehicle Stoppage,356,8,,motorcycle,Outer,0.03072930197710441
Vehicle Stoppage,357,8,,motorcycle,Outer,0.03023011743278553
Vehicle Stoppage,358,8,,motorcycle,Outer,0.030268795813511093
Vehicle Stoppage,359,8,,motorcycle,Outer,0.030863732761929673
Vehicle Stoppage,360,8,,motorcycle,Outer,0.03214000622277588
Vehicle Stoppage,361,8,,motorcycle,Outer,0.0334802927107832
Vehicle Stoppage,362,8,,motorcycle,Outer,0.034741473774148574
Vehicle Stoppage,363,8,,motorcycle,Outer,0.035998055503042824
Vehicle Stoppage,364,8,,motorcycle,Outer,0.036303443362855285
Vehicle Stoppage,365,8,,motorcycle,Outer,0.036144847488951214
Vehicle Stoppage,366,8,,motorcycle,Outer,0.03572911977645092
Vehicle Stoppage,367,8,,motorcycle,Outer,0.03508218921333535
Vehicle Stoppage,368,8,,motorcycle,Outer,0.03420014619852206
Vehicle Stoppage,369,8,,motorcycle,Outer,0.033255676207222556
Vehicle Stoppage,370,8,,motorcycle,Outer,0.03181336197260596
Vehicle Stoppage,371,8,,motorcycle,Outer,0.030304125131735127
Vehicle Stoppage,372,8,,motorcycle,Outer,0.02866810073932501
Vehicle Stoppage,373,8,,motorcycle,Outer,0.026044769148522405
Vehicle Stoppage,374,8,,motorcycle,Outer,0.023420076857262283
Vehicle Stoppage,375,8,,motorcycle,Outer,0.021016184239766943
Vehicle Stoppage,376,8,,motorcycle,Outer,0.01893911296760839
Vehicle Stoppage,377,8,,motorcycle,Outer,0.01700735135169782
Vehicle Stoppage,378,8,,motorcycle,Outer,0.01606113321032904
Vehicle Stoppage,379,8,,motorcycle,Outer,0.015556349186103966
Vehicle Stoppage,380,8,,motorcycle,Outer,0.015502902953959077
Vehicle Stoppage,381,8,,motorcycle,Outer,0.016456001944577116
Vehicle Stoppage,382,8,,motorcycle,Outer,0.018882002012497817
Vehicle Stoppage,383,8,,motorcycle,Outer,0.02284491190615494
Vehicle Stoppage,384,8,,motorcycle,Outer,0.02733056896590071
Vehicle Stoppage,385,8,,motorcycle,Outer,0.03215120526511887
Vehicle Stoppage,386,8,,motorcycle,Outer,0.03619419843013505
Vehicle Stoppage,387,8,,motorcycle,Outer,0.03869431482788889
Vehicle Stoppage,388,8,,motorcycle,Outer,0.03977298077840928
Vehicle Stoppage,389,8,,motorcycle,Outer,0.04090990100208178
Vehicle Stoppage,390,8,,motorcycle,Outer,0.041870275852923605
Vehicle Stoppage,391,8,,motorcycle,Outer,0.04262405424170793
Vehicle Stoppage,392,8,,motorcycle,Outer,0.0430265034600713
Vehicle Stoppage,393,8,,motorcycle,Outer,0.0434014976700154
Vehicle Stoppage,394,8,,motorcycle,Outer,0.04254844297973558
Vehicle Stoppage,395,8,,motorcycle,Outer,0.04116952756590831
Vehicle Stoppage,396,8,,motorcycle,Outer,0.039108183286879275
Vehicle Stoppage,397,8,,motorcycle,Outer,0.03680720038253398
Vehicle Stoppage,398,8,,motorcycle,Outer,0.03512833614049721
Vehicle Stoppage,399,8,,motorcycle,Outer,0.0340992668542949
Vehicle Stoppage,400,8,,motorcycle,Outer,0.03416460156360889
Vehicle Stoppage,401,8,,motorcycle,Outer,0.035656135516908515
Vehicle Stoppage,402,8,,motorcycle,Outer,0.037952733761878694
Vehicle Stoppage,403,8,,motorcycle,Outer,0.04006045431594491
Vehicle Stoppage,404,8,,motorcycle,Outer,0.04242086750645693
Vehicle Stoppage,405,8,,motorcycle,Outer,0.04492593905529298
Vehicle Stoppage,406,8,,motorcycle,Outer,0.046476015319735574
Vehicle Stoppage,407,8,,motorcycle,Outer,0.04708460470259663
Vehicle Stoppage,408,8,,motorcycle,Outer,0.04738269726387297
Vehicle Stoppage,409,8,,motorcycle,Outer,0.04702871463265459
Vehicle Stoppage,410,8,,motorcycle,Outer,0.04628271815699579
Vehicle Stoppage,411,8,,motorcycle,Outer,0.04491692331404698
Vehicle Stoppage,412,8,,motorcycle,Outer,0.04328440827826852
Vehicle Stoppage,413,8,,motorcycle,Outer,0.04166545331566963
Vehicle Stoppage,414,8,,motorcycle,Outer,0.03925315273962257
Vehicle Stoppage,415,8,,motorcycle,Outer,0.03643212867785845
Vehicle Stoppage,416,8,,motorcycle,Outer,0.03361502640189496
Vehicle Stoppage,417,8,,motorcycle,Outer,0.030902588888310323
Vehicle Stoppage,418,8,,motorcycle,Outer,0.028560812313381267
Vehicle Stoppage,419,8,,motorcycle,Outer,0.027724537868104582
Vehicle Stoppage,420,8,,motorcycle,Outer,0.028281619472731993
Vehicle Stoppage,421,8,,motorcycle,Outer,0.03033825967321784
Vehicle Stoppage,422,8,,motorcycle,Outer,0.033016359581273746
Vehicle Stoppage,423,8,,motorcycle,Outer,0.03578058132563069
Vehicle Stoppage,424,8,,motorcycle,Outer,0.03914485917716511
Vehicle Stoppage,425,8,,motorcycle,Outer,0.04259600920273881
Vehicle Stoppage,426,8,,motorcycle,Outer,0.04464000448028405
Vehicle Stoppage,427,8,,motorcycle,Outer,0.04541200281863555
Vehicle Stoppage,428,8,,motorcycle,Outer,0.045704376158088075
Vehicle Stoppage,429,8,,motorcycle,Outer,0.045984780090807566
Vehicle Stoppage,430,8,,motorcycle,Outer,0.04639450398484353
Vehicle Stoppage,431,8,,motorcycle,Outer,0.04634414741906389
Vehicle Stoppage,432,8,,motorcycle,Outer,0.046108784412515834
Vehicle Stoppage,433,8,,motorcycle,Outer,0.04663743131863511
Vehicle Stoppage,434,8,,motorcycle,Outer,0.047451132757819696
Vehicle Stoppage,435,8,,motorcycle,Outer,0.04872381347965236
Vehicle Stoppage,436,8,,motorcycle,Outer,0.04953160607128059
Vehicle Stoppage,437,8,,motorcycle,Outer,0.049811344089471445
Vehicle Stoppage,438,8,,motorcycle,Outer,0.04987273804394788
Vehicle Stoppage,439,8,,motorcycle,Outer,0.04944896358873583
Vehicle Stoppage,440,8,,motorcycle,Outer,0.048203734295180954
Vehicle Stoppage,441,8,,motorcycle,Outer,0.04744185915413057
Vehicle Stoppage,442,8,,motorcycle,Outer,0.046655439125574114
Vehicle Stoppage,443,8,,motorcycle,Outer,0.04616773765304284
Vehicle Stoppage,444,8,,motorcycle,Outer,0.045967814827331
Vehicle Stoppage,445,8,,motorcycle,Outer,0.045572798904611904
Vehicle Stoppage,446,8,,motorcycle,Outer,0.045992281961215506
Vehicle Stoppage,447,8,,motorcycle,Outer,0.046377796411646716
Vehicle Stoppage,448,8,,motorcycle,Outer,0.04666615475909497
Vehicle Stoppage,449,8,,motorcycle,Outer,0.0464939781046948
Vehicle Stoppage,450,8,,motorcycle,Outer,0.0461910164425931
Vehicle Stoppage,451,8,,motorcycle,Outer,0.045744617169673665
Vehicle Stoppage,452,8,,motorcycle,Outer,0.045535590476021404
Vehicle Stoppage,453,8,,motorcycle,Outer,0.04491692331404432
Vehicle Stoppage,454,8,,motorcycle,Outer,0.04457454430501452
Vehicle Stoppage,455,8,,motorcycle,Outer,0.04432437252799667
Vehicle Stoppage,456,8,,motorcycle,Outer,0.044885743839219026
Vehicle Stoppage,457,8,,motorcycle,Outer,0.04574111935665546
Vehicle Stoppage,458,8,,motorcycle,Outer,0.046930800121025865
Vehicle Stoppage,459,8,,motorcycle,Outer,0.04796415328138676
Vehicle Stoppage,460,8,,motorcycle,Outer,0.04945401904800061
Vehicle Stoppage,461,8,,motorcycle,Outer,0.05069280027775427
Vehicle Stoppage,462,8,,motorcycle,Outer,0.05195093839383423
Vehicle Stoppage,463,8,,motorcycle,Outer,0.05265738314804786
Vehicle Stoppage,464,8,,motorcycle,Outer,0.05267029523365434
Vehicle Stoppage,465,8,,motorcycle,Outer,0.05213597606259946
Vehicle Stoppage,466,8,,motorcycle,Outer,0.05152329570204467
Vehicle Stoppage,467,8,,motorcycle,Outer,0.050677411141457226
Vehicle Stoppage,468,8,,motorcycle,Outer,0.049382183021816094
Vehicle Stoppage,469,8,,motorcycle,Outer,0.04728223767970723
Vehicle Stoppage,470,8,,motorcycle,Outer,0.04406415777023705
Vehicle Stoppage,471,8,,motorcycle,Outer,0.04109902675246815
Vehicle Stoppage,472,8,,motorcycle,Outer,0.038497402509781134
Vehicle Stoppage,473,8,,motorcycle,Outer,0.036597814142379954
Vehicle Stoppage,474,8,,motorcycle,Outer,0.03551056180913221
Vehicle Stoppage,475,8,,motorcycle,Outer,0.035146123541580004
Vehicle Stoppage,476,8,,motorcycle,Outer,0.03607672379803792
Vehicle Stoppage,477,8,,motorcycle,Outer,0.03720819802140418
Vehicle Stoppage,478,8,,motorcycle,Outer,0.03826447438551638
Vehicle Stoppage,479,8,,motorcycle,Outer,0.03938248341585259
Vehicle Stoppage,480,8,,motorcycle,Outer,0.04044601340058044
Vehicle Stoppage,481,8,,motorcycle,Outer,0.04156404696369339
Vehicle Stoppage,482,8,,motorcycle,Outer,0.04246751699829149
Vehicle Stoppage,483,8,,motorcycle,Outer,0.04324638713233485
Vehicle Stoppage,484,8,,motorcycle,Outer,0.044149405432008224
Vehicle Stoppage,485,8,,motorcycle,Outer,0.04495419891400272
Vehicle Stoppage,486,8,,motorcycle,Outer,0.04590250537824875
Vehicle Stoppage,487,8,,motorcycle,Outer,0.046806196171015384
Vehicle Stoppage,488,8,,motorcycle,Outer,0.047843181332349376
Vehicle Stoppage,489,8,,motorcycle,Outer,0.04858528583841304
Vehicle Stoppage,490,8,,motorcycle,Outer,0.049309836746836484
Vehicle Stoppage,491,8,,motorcycle,Outer,0.049776500479647816
Vehicle Stoppage,492,8,,motorcycle,Outer,0.04995087586819669
Vehicle Stoppage,493,8,,motorcycle,Outer,0.04969708240933248
Vehicle Stoppage,494,8,,motorcycle,Outer,0.04871981116547897
Vehicle Stoppage,495,8,,motorcycle,Outer,0.047431845842219704
Vehicle Stoppage,496,8,,motorcycle,Outer,0.046465578657751715
Vehicle Stoppage,497,8,,motorcycle,Outer,0.04491169112825732
Vehicle Stoppage,498,8,,motorcycle,Outer,0.043582106419951916
Vehicle Stoppage,499,8,,motorcycle,Outer,0.04252117119741136
Vehicle Stoppage,500,8,,motorcycle,Outer,0.04245903908474037
Vehicle Stoppage,501,8,,motorcycle,Outer,0.04291211950019971
Vehicle Stoppage,502,8,,motorcycle,Outer,0.04367573697145667
Vehicle Stoppage,503,8,,motorcycle,Outer,0.04444254718172303
Vehicle Stoppage,504,8,,motorcycle,Outer,0.0450344312720785
Vehicle Stoppage,505,8,,motorcycle,Outer,0.045690480408946195
Vehicle Stoppage,506,8,,motorcycle,Outer,0.046373268161729736
Vehicle Stoppage,507,8,,motorcycle,Outer,0.046378982308798604
Vehicle Stoppage,508,8,,motorcycle,Outer,0.04615105632593398
Vehicle Stoppage,509,8,,motorcycle,Outer,0.046664118978078435
Vehicle Stoppage,510,8,,motorcycle,Outer,0.04774620403759785
Vehicle Stoppage,511,8,,motorcycle,Outer,0.049746256140540186
Vehicle Stoppage,512,8,,motorcycle,Outer,0.052052473524319014
Vehicle Stoppage,513,8,,motorcycle,Outer,0.053180635573488774
Vehicle Stoppage,514,8,,motorcycle,Outer,0.05408178991120809
Vehicle Stoppage,515,8,,motorcycle,Outer,0.05483256331779238
Vehicle Stoppage,516,8,,motorcycle,Outer,0.05413409276971097
Vehicle Stoppage,517,8,,motorcycle,Outer,0.05235885789434706
Vehicle Stoppage,518,8,,motorcycle,Outer,0.05011387033546477
Vehicle Stoppage,519,8,,motorcycle,Outer,0.04739377596267007
Vehicle Stoppage,520,8,,motorcycle,Outer,0.04586807168390464
Vehicle Stoppage,521,8,,motorcycle,Outer,0.04477722635448025
Vehicle Stoppage,522,8,,motorcycle,Outer,0.04372756567658597
Vehicle Stoppage,523,8,,motorcycle,Outer,0.04391673940537867
Vehicle Stoppage,524,8,,motorcycle,Outer,0.04438524529615176
Vehicle Stoppage,525,8,,motorcycle,Outer,0.04497743878879268
Vehicle Stoppage,526,8,,motorcycle,Outer,0.04576865739783298
Vehicle Stoppage,527,8,,motorcycle,Outer,0.0466502947471934
Vehicle Stoppage,528,8,,motorcycle,Outer,0.04763664555780389
Vehicle Stoppage,529,8,,motorcycle,Outer,0.04753945729601836
Vehicle Stoppage,530,8,,motorcycle,Outer,0.04581549956073738
Vehicle Stoppage,531,8,,motorcycle,Outer,0.043582106419951916
Vehicle Stoppage,532,8,,motorcycle,Outer,0.0411885906532395
Vehicle Stoppage,533,8,,motorcycle,Outer,0.03922562937672109
Vehicle Stoppage,534,8,,motorcycle,Outer,0.03746264806444142
Vehicle Stoppage,535,8,,motorcycle,Outer,0.035747587331180955
Vehicle Stoppage,536,8,,motorcycle,Outer,0.035535475232508384
Vehicle Stoppage,537,8,,motorcycle,Outer,0.03553603804590402
Vehicle Stoppage,538,8,,motorcycle,Outer,0.036200138121284364
Vehicle Stoppage,539,8,,motorcycle,Outer,0.036819560019097954
Vehicle Stoppage,540,8,,motorcycle,Outer,0.037305227515723544
Vehicle Stoppage,541,8,,motorcycle,Outer,0.03850831079130774
Vehicle Stoppage,542,8,,motorcycle,Outer,0.0401254283466298
Vehicle Stoppage,543,8,,motorcycle,Outer,0.0419620066250434
Vehicle Stoppage,544,8,,motorcycle,Outer,0.044032374453351036
Vehicle Stoppage,545,8,,motorcycle,Outer,0.04606137210288007
Vehicle Stoppage,546,8,,motorcycle,Outer,0.04871765593703874
Vehicle Stoppage,547,8,,motorcycle,Outer,0.051272312216242476
Vehicle Stoppage,548,8,,motorcycle,Outer,0.05299141439893601
Vehicle Stoppage,549,8,,motorcycle,Outer,0.05442104372391404
Vehicle Stoppage,550,8,,motorcycle,Outer,0.05565294241997124
Vehicle Stoppage,551,8,,motorcycle,Outer,0.05635929382098481
Vehicle Stoppage,552,8,,motorcycle,Outer,0.05706566393200271
Vehicle Stoppage,553,8,,motorcycle,Outer,0.05751773639496429
Vehicle Stoppage,554,8,,motorcycle,Outer,0.058337295103561025
Vehicle Stoppage,555,8,,motorcycle,Outer,0.059266179225589126
Vehicle Stoppage,556,8,,motorcycle,Outer,0.06032992623897874
Vehicle Stoppage,557,8,,motorcycle,Outer,0.06092101443672454
Vehicle Stoppage,558,8,,motorcycle,Outer,0.061523491448391365
Vehicle Stoppage,559,8,,motorcycle,Outer,0.0632177981267953
Vehicle Stoppage,560,8,,motorcycle,Outer,0.06491971965435624
Vehicle Stoppage,561,8,,motorcycle,Outer,0.06662431988395948
Vehicle Stoppage,562,8,,motorcycle,Outer,0.0682323237183126
Vehicle Stoppage,563,8,,motorcycle,Outer,0.06994833807890345
Vehicle Stoppage,564,8,,motorcycle,Outer,0.0719584602392237
Vehicle Stoppage,565,8,,motorcycle,Outer,0.07416906363167294
Vehicle Stoppage,566,8,,motorcycle,Outer,0.0780724022942788
Vehicle Stoppage,567,8,,motorcycle,Outer,0.09430217388798041
Vehicle Stoppage,568,8,,motorcycle,Outer,0.124377851726102
Vehicle Stoppage,569,8,,motorcycle,Outer,0.14305872919888493
Vehicle Stoppage,570,8,,motorcycle,Outer,0.15296120423166001
Vehicle Stoppage,571,8,,motorcycle,Outer,0.15715091472848636
Vehicle Stoppage,572,8,,motorcycle,Outer,0.15835962237893564
Vehicle Stoppage,573,8,,motorcycle,Outer,0.13799144901043658
Vehicle Stoppage,574,8,,motorcycle,Outer,0.10828319352512798
Vehicle Stoppage,575,8,,motorcycle,Outer,0.08244422356963771
Vehicle Stoppage,576,8,,motorcycle,Outer,0.07605530882193602
Vehicle Stoppage,577,8,,motorcycle,Outer,0.07566372975211133
Vehicle Stoppage,578,8,,motorcycle,Outer,0.07615694321596514
Vehicle Stoppage,579,8,,motorcycle,Outer,0.0760515614566858
Vehicle Stoppage,580,8,,motorcycle,Outer,0.0758399630801651
Vehicle Stoppage,581,8,,motorcycle,Outer,0.07526818717094214
Vehicle Stoppage,582,8,,motorcycle,Outer,0.0744196882551907
Vehicle Stoppage,583,8,,motorcycle,Outer,0.07399249961989125
Vehicle Stoppage,584,8,,motorcycle,Outer,0.07328424114364122
Vehicle Stoppage,585,8,,motorcycle,Outer,0.07245778081061953
Vehicle Stoppage,586,8,,motorcycle,Outer,0.07097450246391405
Vehicle Stoppage,587,8,,motorcycle,Outer,0.06924485540456862
Vehicle Stoppage,588,8,,motorcycle,Outer,0.0676302447134426
Vehicle Stoppage,589,8,,motorcycle,Outer,0.06638328102768166
Vehicle Stoppage,590,8,,motorcycle,Outer,0.06434547381129373
Vehicle Stoppage,591,8,,motorcycle,Outer,0.061319572731712776
Vehicle Stoppage,592,8,,motorcycle,Outer,0.05796386805587977
Vehicle Stoppage,593,8,,motorcycle,Outer,0.05470109688113981
Vehicle Stoppage,594,8,,motorcycle,Outer,0.051502621292515434
Vehicle Stoppage,595,8,,motorcycle,Outer,0.04814987019712656
Vehicle Stoppage,596,8,,motorcycle,Outer,0.0444397344726573
Vehicle Stoppage,597,8,,motorcycle,Outer,0.041661733041245826
Vehicle Stoppage,598,8,,motorcycle,Outer,0.0403999999999992
Vehicle Stoppage,599,8,,motorcycle,Outer,0.039588382134150654
Vehicle Stoppage,600,8,,motorcycle,Outer,0.03904779123074494
Vehicle Stoppage,601,8,,motorcycle,Outer,0.039085163425523727
Vehicle Stoppage,602,8,,motorcycle,Outer,0.03957284422428784
Vehicle Stoppage,603,8,,motorcycle,Outer,0.040617730118752665
Vehicle Stoppage,604,8,,motorcycle,Outer,0.041314646313383524
Vehicle Stoppage,605,8,,motorcycle,Outer,0.04193053779765365
Vehicle Stoppage,606,8,,motorcycle,Outer,0.04277312240181121
Vehicle Stoppage,607,8,,motorcycle,Outer,0.044130035123485505
Vehicle Stoppage,608,8,,motorcycle,Outer,0.04548142477979486
Vehicle Stoppage,609,8,,motorcycle,Outer,0.048073797436852264
Vehicle Stoppage,610,8,,motorcycle,Outer,0.051607170044477756
Vehicle Stoppage,611,8,,motorcycle,Outer,0.05664838920923106
Vehicle Stoppage,612,8,,motorcycle,Outer,0.06292574989621029
Vehicle Stoppage,613,8,,motorcycle,Outer,0.07135383661723868
Vehicle Stoppage,614,8,,motorcycle,Outer,0.07841842895646971
Vehicle Stoppage,615,8,,motorcycle,Outer,0.08426630406040331
Vehicle Stoppage,616,8,,motorcycle,Outer,0.08676335632051026
Vehicle Stoppage,617,8,,motorcycle,Outer,0.08927043183495924
Vehicle Stoppage,618,8,,motorcycle,Outer,0.09104647165046971
Vehicle Stoppage,619,8,,motorcycle,Outer,0.09260021598247499
Vehicle Stoppage,620,8,,motorcycle,Outer,0.09328686938685811
Vehicle Stoppage,621,8,,motorcycle,Outer,0.09501547242423691
Vehicle Stoppage,622,8,,motorcycle,Outer,0.09771289577123501
Vehicle Stoppage,623,8,,motorcycle,Outer,0.09981027001266118
Vehicle Stoppage,624,8,,motorcycle,Outer,0.10020339315611868
Vehicle Stoppage,625,8,,motorcycle,Outer,0.09948688355758273
Vehicle Stoppage,626,8,,motorcycle,Outer,0.09800918324320787
Vehicle Stoppage,627,8,,motorcycle,Outer,0.09496341400771402
Vehicle Stoppage,628,8,,motorcycle,Outer,0.09334843330233351
Vehicle Stoppage,629,8,,motorcycle,Outer,0.09268807906090197
Vehicle Stoppage,630,8,,motorcycle,Outer,0.09302134163728411
Vehicle Stoppage,631,8,,motorcycle,Outer,0.09601135349530537
Vehicle Stoppage,632,8,,motorcycle,Outer,0.1005861322449574
Vehicle Stoppage,633,8,,motorcycle,Outer,0.10179705300253071
Vehicle Stoppage,634,8,,motorcycle,Outer,0.09788534108843762
Vehicle Stoppage,635,8,,motorcycle,Outer,0.08976441388434975
Vehicle Stoppage,636,8,,motorcycle,Outer,0.07948333158593764
Vehicle Stoppage,637,8,,motorcycle,Outer,0.06871186214912335
Vehicle Stoppage,638,8,,motorcycle,Outer,0.05623397549524475
Vehicle Stoppage,639,8,,motorcycle,Outer,0.045590569200221046
Vehicle Stoppage,640,8,,motorcycle,Outer,0.04053566331022039
Vehicle Stoppage,641,8,,motorcycle,Outer,0.040018495723854006
Vehicle Stoppage,642,8,,motorcycle,Outer,0.040574499380769805
Vehicle Stoppage,643,8,,motorcycle,Outer,0.041323722000803066
Vehicle Stoppage,644,8,,motorcycle,Outer,0.04134077889929743
Vehicle Stoppage,645,8,,motorcycle,Outer,0.04102547988750792
Vehicle Stoppage,646,8,,motorcycle,Outer,0.040675422554658024
Vehicle Stoppage,647,8,,motorcycle,Outer,0.04084017629736823
Vehicle Stoppage,648,8,,motorcycle,Outer,0.040590885676463816
Vehicle Stoppage,649,8,,motorcycle,Outer,0.03885987647947246
Vehicle Stoppage,650,8,,motorcycle,Outer,0.03787835793694856
Vehicle Stoppage,651,8,,motorcycle,Outer,0.03762047314960569
Vehicle Stoppage,652,8,,motorcycle,Outer,0.037838208202815346
Vehicle Stoppage,653,8,,motorcycle,Outer,0.03828837943815499
Vehicle Stoppage,654,8,,motorcycle,Outer,0.03868707794600518
Vehicle Stoppage,655,8,,motorcycle,Outer,0.03928218425698578
Vehicle Stoppage,656,8,,motorcycle,Outer,0.02441986895951759
Vehicle Stoppage,657,8,,motorcycle,Outer,0.03241635389737691
Vehicle Stoppage,658,8,,motorcycle,Outer,0.07039275530904925
Vehicle Stoppage,659,8,,motorcycle,Outer,0.09272723440284429
Vehicle Stoppage,660,8,,motorcycle,Outer,0.10450961678238237
Vehicle Stoppage,661,8,,motorcycle,Outer,0.10940808928045588
Vehicle Stoppage,662,8,,motorcycle,Outer,0.1109184385032473
Vehicle Stoppage,663,8,,motorcycle,Outer,0.08890539916113151
Vehicle Stoppage,664,8,,motorcycle,Outer,0.05685068161420607
Vehicle Stoppage,665,8,,motorcycle,Outer,0.041117028102718174
Vehicle Stoppage,666,8,,motorcycle,Outer,0.055775442624865654
Vehicle Stoppage,667,8,,motorcycle,Outer,0.06977807678634046
Vehicle Stoppage,668,8,,motorcycle,Outer,0.07933851523692236
Vehicle Stoppage,669,8,,motorcycle,Outer,0.0858456754880483
Vehicle Stoppage,670,8,,motorcycle,Outer,0.08937840902589164
Vehicle Stoppage,671,8,,motorcycle,Outer,0.09128970369104736
Vehicle Stoppage,672,8,,motorcycle,Outer,0.09222234002669968
Vehicle Stoppage,673,8,,motorcycle,Outer,0.0921004885980541
Vehicle Stoppage,674,8,,motorcycle,Outer,0.09272173423744874
Vehicle Stoppage,675,8,,motorcycle,Outer,0.09354528315206882
Vehicle Stoppage,676,8,,motorcycle,Outer,0.09606378089582025
Vehicle Stoppage,677,8,,motorcycle,Outer,0.09938676974326612
Vehicle Stoppage,678,8,,motorcycle,Outer,0.1030926767525232
Vehicle Stoppage,679,8,,motorcycle,Outer,0.11388331747889888
Vehicle Stoppage,680,8,,motorcycle,Outer,0.12453035774460366
Vehicle Stoppage,681,8,,motorcycle,Outer,0.13343121823621448
Vehicle Stoppage,682,8,,motorcycle,Outer,0.14125101769544898
Vehicle Stoppage,683,8,,motorcycle,Outer,0.14654043810497955
Vehicle Stoppage,684,8,,motorcycle,Outer,0.15120333991020327
Vehicle Stoppage,685,8,,motorcycle,Outer,0.15518930375511916
Vehicle Stoppage,686,8,,motorcycle,Outer,0.1504102722555866
Vehicle Stoppage,687,8,,motorcycle,Outer,0.14237433055154045
Vehicle Stoppage,688,8,,motorcycle,Outer,0.13383112492989455
Vehicle Stoppage,689,8,,motorcycle,Outer,0.1251704837411776
Vehicle Stoppage,690,8,,motorcycle,Outer,0.11728601792200118
Vehicle Stoppage,691,8,,motorcycle,Outer,0.10829607564450282
Vehicle Stoppage,692,8,,motorcycle,Outer,0.09883127035508889
Vehicle Stoppage,693,8,,motorcycle,Outer,0.09020670706771208
Vehicle Stoppage,694,8,,motorcycle,Outer,0.08489128341590917
Vehicle Stoppage,695,8,,motorcycle,Outer,0.08127810283218814
Vehicle Stoppage,696,8,,motorcycle,Outer,0.07895543046554855
Vehicle Stoppage,697,8,,motorcycle,Outer,0.07757435143138611
Vehicle Stoppage,698,8,,motorcycle,Outer,0.07735244016836132
Vehicle Stoppage,699,8,,motorcycle,Outer,0.07866180775954883
Vehicle Stoppage,700,8,,motorcycle,Outer,0.08114141975588221
Vehicle Stoppage,701,8,,motorcycle,Outer,0.08514986788010301
Vehicle Stoppage,702,8,,motorcycle,Outer,0.09030725330780903
Vehicle Stoppage,703,8,,motorcycle,Outer,0.09618965640857703
Vehicle Stoppage,704,8,,motorcycle,Outer,0.10087403035469399
Vehicle Stoppage,705,8,,motorcycle,Outer,0.10430230102926338
Vehicle Stoppage,706,8,,motorcycle,Outer,0.1053597646162905
Vehicle Stoppage,707,8,,motorcycle,Outer,0.10627817273551618
Vehicle Stoppage,708,8,,motorcycle,Outer,0.10670356132763333
Vehicle Stoppage,709,8,,motorcycle,Outer,0.10762397502415068
Vehicle Stoppage,710,8,,motorcycle,Outer,0.10854109820708545
Vehicle Stoppage,711,8,,motorcycle,Outer,0.11045016975994079
Vehicle Stoppage,712,8,,motorcycle,Outer,0.1125757522737457
Vehicle Stoppage,713,8,,motorcycle,Outer,0.11477303690327403
Vehicle Stoppage,714,8,,motorcycle,Outer,0.11582719887832543
Vehicle Stoppage,715,8,,motorcycle,Outer,0.11625050537524592
Vehicle Stoppage,716,8,,motorcycle,Outer,0.11569131341635112
Vehicle Stoppage,717,8,,motorcycle,Outer,0.11474293006542835
Vehicle Stoppage,718,8,,motorcycle,Outer,0.11531261856362227
Vehicle Stoppage,719,8,,motorcycle,Outer,0.1174287869306308
Vehicle Stoppage,720,8,,motorcycle,Outer,0.1193838347516092
Vehicle Stoppage,721,8,,motorcycle,Outer,0.1231861193479244
Vehicle Stoppage,722,8,,motorcycle,Outer,0.12789136014602798
Vehicle Stoppage,723,8,,motorcycle,Outer,0.12923683685389487
Vehicle Stoppage,724,8,,motorcycle,Outer,0.12566885055573523
Vehicle Stoppage,725,8,,motorcycle,Outer,0.11904860351973541
Vehicle Stoppage,726,8,,motorcycle,Outer,0.11124288741308681
Vehicle Stoppage,727,8,,motorcycle,Outer,0.10420292702222961
Vehicle Stoppage,728,8,,motorcycle,Outer,0.09752358689056162
Vehicle Stoppage,729,8,,motorcycle,Outer,0.09342638813525808
Vehicle Stoppage,730,8,,motorcycle,Outer,0.0932258011496861
Vehicle Stoppage,731,8,,motorcycle,Outer,0.09400021276571074
Vehicle Stoppage,732,8,,motorcycle,Outer,0.09507102608050007
Vehicle Stoppage,733,8,,motorcycle,Outer,0.09615326307515981
Vehicle Stoppage,734,8,,motorcycle,Outer,0.09838927787111496
Vehicle Stoppage,735,8,,motorcycle,Outer,0.10120523701864406
Vehicle Stoppage,736,8,,motorcycle,Outer,0.1038499398170233
Vehicle Stoppage,737,8,,motorcycle,Outer,0.10708786112347238
Vehicle Stoppage,738,8,,motorcycle,Outer,0.1104176163481142
Vehicle Stoppage,739,8,,motorcycle,Outer,0.1135019383094371
Vehicle Stoppage,740,8,,motorcycle,Outer,0.11623304177384833
Vehicle Stoppage,741,8,,motorcycle,Outer,0.1174245289537109
Vehicle Stoppage,742,8,,motorcycle,Outer,0.11761743068099977
Vehicle Stoppage,743,8,,motorcycle,Outer,0.11683086064905882
Vehicle Stoppage,744,8,,motorcycle,Outer,0.11435392428770952
Vehicle Stoppage,745,8,,motorcycle,Outer,0.11139380593193123
Vehicle Stoppage,746,8,,motorcycle,Outer,0.1091430712413763
Vehicle Stoppage,747,8,,motorcycle,Outer,0.10656720884024554
Vehicle Stoppage,748,8,,motorcycle,Outer,0.10436110386537258
Vehicle Stoppage,749,8,,motorcycle,Outer,0.10235492171849575
Vehicle Stoppage,750,8,,motorcycle,Outer,0.10100148513759466
Vehicle Stoppage,751,8,,motorcycle,Outer,0.10109208673283793
Vehicle Stoppage,752,8,,motorcycle,Outer,0.10165992327363137
Vehicle Stoppage,753,8,,motorcycle,Outer,0.09997249621771029
Vehicle Stoppage,754,8,,motorcycle,Outer,0.0965026942629015
Vehicle Stoppage,755,8,,motorcycle,Outer,0.09218052939747882
Vehicle Stoppage,756,8,,motorcycle,Outer,0.08783330803288693
Vehicle Stoppage,757,8,,motorcycle,Outer,0.0849235538587555
Vehicle Stoppage,758,8,,motorcycle,Outer,0.08205912502580102
Vehicle Stoppage,759,8,,motorcycle,Outer,0.08038836980558628
Vehicle Stoppage,760,8,,motorcycle,Outer,0.07996111554999508
Vehicle Stoppage,761,8,,motorcycle,Outer,0.08168384173139343
Vehicle Stoppage,762,8,,motorcycle,Outer,0.08433795112521963
Vehicle Stoppage,763,8,,motorcycle,Outer,0.0858070509923243
Vehicle Stoppage,764,8,,motorcycle,Outer,0.08431684292002456
Vehicle Stoppage,765,8,,motorcycle,Outer,0.08127539603101923
Vehicle Stoppage,766,8,,motorcycle,Outer,0.07573810137572468
Vehicle Stoppage,767,8,,motorcycle,Outer,0.07061338400048721
Vehicle Stoppage,768,8,,motorcycle,Outer,0.06740066765247878
Vehicle Stoppage,769,8,,motorcycle,Outer,0.06983237071731262
Vehicle Stoppage,770,8,,motorcycle,Outer,0.07458216945087467
Vehicle Stoppage,771,8,,motorcycle,Outer,0.07720524593575288
Vehicle Stoppage,772,8,,motorcycle,Outer,0.0778848509018263
Vehicle Stoppage,773,8,,motorcycle,Outer,0.07529946878962479
Vehicle Stoppage,774,8,,motorcycle,Outer,0.07152796655854576
Vehicle Stoppage,775,8,,motorcycle,Outer,0.06694811423781326
Vehicle Stoppage,776,8,,motorcycle,Outer,0.0590360059624592
Vehicle Stoppage,777,8,,motorcycle,Outer,0.05252780216227922
Vehicle Stoppage,778,8,,motorcycle,Outer,0.048980097999088604
Vehicle Stoppage,779,8,,motorcycle,Outer,0.04795883651632556
Vehicle Stoppage,780,8,,motorcycle,Outer,0.04879477431037034
Vehicle Stoppage,781,8,,motorcycle,Outer,0.05110968597046487
Vehicle Stoppage,782,8,,motorcycle,Outer,0.05476422189715191
Vehicle Stoppage,783,8,,motorcycle,Outer,0.05869412236332063
Vehicle Stoppage,784,8,,motorcycle,Outer,0.06190218089857726
Vehicle Stoppage,785,8,,motorcycle,Outer,0.06422460587656095
Vehicle Stoppage,786,8,,motorcycle,Outer,0.06676481109086918
Vehicle Stoppage,787,8,,motorcycle,Outer,0.06852919086053663
Vehicle Stoppage,788,8,,motorcycle,Outer,0.06931954991198316
Vehicle Stoppage,789,8,,motorcycle,Outer,0.07025389668908057
Vehicle Stoppage,790,8,,motorcycle,Outer,0.07136399652485817
Vehicle Stoppage,791,8,,motorcycle,Outer,0.07145362132180516
Vehicle Stoppage,792,8,,motorcycle,Outer,0.07122113450374358
Vehicle Stoppage,793,8,,motorcycle,Outer,0.07023140323246195
Vehicle Stoppage,794,8,,motorcycle,Outer,0.06939344349432615
Vehicle Stoppage,795,8,,motorcycle,Outer,0.06877790342835483
Vehicle Stoppage,796,8,,motorcycle,Outer,0.06728157251431865
Vehicle Stoppage,797,8,,motorcycle,Outer,0.0656933025505696
Vehicle Stoppage,798,8,,motorcycle,Outer,0.06472843270155944
Vehicle Stoppage,799,8,,motorcycle,Outer,0.0641248781675272
Vehicle Stoppage,800,8,,motorcycle,Outer,0.06372001255492017
Vehicle Stoppage,801,8,,motorcycle,Outer,0.06329178461696106
Vehicle Stoppage,802,8,,motorcycle,Outer,0.06276941930590445
Vehicle Stoppage,803,8,,motorcycle,Outer,0.06231227808386013
Vehicle Stoppage,804,8,,motorcycle,Outer,0.06240072114967504
Vehicle Stoppage,805,8,,motorcycle,Outer,0.06277810127743746
Vehicle Stoppage,806,8,,motorcycle,Outer,0.06417889061054484
Vehicle Stoppage,807,8,,motorcycle,Outer,0.06578221644183353
Vehicle Stoppage,808,8,,motorcycle,Outer,0.06797094967705176
Vehicle Stoppage,809,8,,motorcycle,Outer,0.06968536431704882
Vehicle Stoppage,810,8,,motorcycle,Outer,0.07102562917708276
Vehicle Stoppage,811,8,,motorcycle,Outer,0.07117703281255891
Vehicle Stoppage,812,8,,motorcycle,Outer,0.0708782053948891
Vehicle Stoppage,813,8,,motorcycle,Outer,0.06909218479683217
Vehicle Stoppage,814,8,,motorcycle,Outer,0.06618919851456238
Vehicle Stoppage,815,8,,motorcycle,Outer,0.06254158616472291
Vehicle Stoppage,816,8,,motorcycle,Outer,0.05976495628711496
Vehicle Stoppage,817,8,,motorcycle,Outer,0.058571324041720024
Vehicle Stoppage,818,8,,motorcycle,Outer,0.0586003412959344
Vehicle Stoppage,819,8,,motorcycle,Outer,0.05861953599270422
Vehicle Stoppage,820,8,,motorcycle,Outer,0.059577848232379146
Vehicle Stoppage,821,8,,motorcycle,Outer,0.061502032486742166
Vehicle Stoppage,822,8,,motorcycle,Outer,0.06438982838927565
Vehicle Stoppage,823,8,,motorcycle,Outer,0.06733030521243487
Vehicle Stoppage,824,8,,motorcycle,Outer,0.06887125670408295
Vehicle Stoppage,825,8,,motorcycle,Outer,0.07033583723821003
Vehicle Stoppage,826,8,,motorcycle,Outer,0.07132040381265839
Vehicle Stoppage,827,8,,motorcycle,Outer,0.07261583849271379
Vehicle Stoppage,828,8,,motorcycle,Outer,0.07406159598604023
Vehicle Stoppage,829,8,,motorcycle,Outer,0.07541465374845839
Vehicle Stoppage,830,8,,motorcycle,Outer,0.07640104711324314
Vehicle Stoppage,831,8,,motorcycle,Outer,0.07662512642729827
Vehicle Stoppage,832,8,,motorcycle,Outer,0.07620839848730629
Vehicle Stoppage,833,8,,motorcycle,Outer,0.07493470491034208
Vehicle Stoppage,834,8,,motorcycle,Outer,0.07250337923158635
Vehicle Stoppage,835,8,,motorcycle,Outer,0.06960208330215395
Vehicle Stoppage,836,8,,motorcycle,Outer,0.06754435579676353
Vehicle Stoppage,837,8,,motorcycle,Outer,0.06605187355405083
Vehicle Stoppage,838,8,,motorcycle,Outer,0.06544982811283567
Vehicle Stoppage,839,8,,motorcycle,Outer,0.0652395585515399
Vehicle Stoppage,840,8,,motorcycle,Outer,0.06594118591594171
Vehicle Stoppage,841,8,,motorcycle,Outer,0.066628522420955
Vehicle Stoppage,842,8,,motorcycle,Outer,0.06736185864419192
Vehicle Stoppage,843,8,,motorcycle,Outer,0.0675178494918199
Vehicle Stoppage,844,8,,motorcycle,Outer,0.06683187862090893
Vehicle Stoppage,845,8,,motorcycle,Outer,0.06607034130379523
Vehicle Stoppage,846,8,,motorcycle,Outer,0.06508463720418455
Vehicle Stoppage,847,8,,motorcycle,Outer,0.06228523099419103
Vehicle Stoppage,848,8,,motorcycle,Outer,0.059136198728021956
Vehicle Stoppage,849,8,,motorcycle,Outer,0.05630497313737641
Vehicle Stoppage,850,8,,motorcycle,Outer,0.053485792506043746
Vehicle Stoppage,851,8,,motorcycle,Outer,0.05131832031546383
Vehicle Stoppage,852,8,,motorcycle,Outer,0.04973298704079377
Vehicle Stoppage,853,8,,motorcycle,Outer,0.04791502895752001
Vehicle Stoppage,854,8,,motorcycle,Outer,0.04648881585930414
Vehicle Stoppage,855,8,,motorcycle,Outer,0.04554821621096019
Vehicle Stoppage,856,8,,motorcycle,Outer,0.0456740626614278
Vehicle Stoppage,857,8,,motorcycle,Outer,0.047943717002331986
Vehicle Stoppage,858,8,,motorcycle,Outer,0.052389311887062695
Vehicle Stoppage,859,8,,motorcycle,Outer,0.05688585061331564
Vehicle Stoppage,860,8,,motorcycle,Outer,0.06028805851908397
Vehicle Stoppage,90,15,,car,Outer,0.011940686747421854
Vehicle Stoppage,91,15,,car,Outer,0.012660568707605305
Vehicle Stoppage,92,15,,car,Outer,0.013700364958642595
Vehicle Stoppage,93,15,,car,Outer,0.015493224325491573
Vehicle Stoppage,94,15,,car,Outer,0.01416933308239942
Vehicle Stoppage,95,15,,car,Outer,0.027427358604137086
Vehicle Stoppage,96,15,,car,Outer,0.050566490880820734
Vehicle Stoppage,97,15,,car,Outer,0.06560403950977736
Vehicle Stoppage,98,15,,car,Outer,0.07506650384825617
Vehicle Stoppage,99,15,,car,Outer,0.08166774148952421
Vehicle Stoppage,100,15,,car,Outer,0.08641186261156229
Vehicle Stoppage,101,15,,car,Outer,0.090863909226931
Vehicle Stoppage,102,15,,car,Outer,0.08105862076300106
Vehicle Stoppage,103,15,,car,Outer,0.0765780647444159
Vehicle Stoppage,104,15,,car,Outer,0.08883692925805135
Vehicle Stoppage,105,15,,car,Outer,0.11112825923229544
Vehicle Stoppage,106,15,,car,Outer,0.13968983499167054
Vehicle Stoppage,107,15,,car,Outer,0.174914036029131
Vehicle Stoppage,108,15,,car,Outer,0.19858348370395662
Vehicle Stoppage,109,15,,car,Outer,0.23174160178957917
Vehicle Stoppage,110,15,,car,Outer,0.25546477252255445
Vehicle Stoppage,111,15,,car,Outer,0.257409634629319
Vehicle Stoppage,112,15,,car,Outer,0.2457097881648192
Vehicle Stoppage,113,15,,car,Outer,0.24238337401727955
Vehicle Stoppage,114,15,,car,Outer,0.2410609259087839
Vehicle Stoppage,115,15,,car,Outer,0.22515456912974455
Vehicle Stoppage,116,15,,car,Outer,0.2150031162564868
Vehicle Stoppage,117,15,,car,Outer,0.20898306151456134
Vehicle Stoppage,118,15,,car,Outer,0.22235849432841392
Vehicle Stoppage,119,15,,car,Outer,0.2505050298896211
Vehicle Stoppage,120,15,,car,Outer,0.2707048762028483
Vehicle Stoppage,121,15,,car,Outer,0.28468638885623027
Vehicle Stoppage,122,15,,car,Outer,0.31115406151936986
Vehicle Stoppage,123,15,,car,Outer,0.3274018478872686
Vehicle Stoppage,124,15,,car,Outer,0.33802025087263726
Vehicle Stoppage,125,15,,car,Outer,0.3456020977945567
Vehicle Stoppage,126,15,,car,Outer,0.349353259609811
Vehicle Stoppage,127,15,,car,Outer,0.32600285274825225
Vehicle Stoppage,128,15,,car,Outer,0.2887255617364011
Vehicle Stoppage,129,15,,car,Outer,0.2650135845574724
Vehicle Stoppage,130,15,,car,Outer,0.2535691227259318
Vehicle Stoppage,131,15,,car,Outer,0.22306306283201618
Vehicle Stoppage,132,15,,car,Outer,0.18346051346270484
Vehicle Stoppage,133,15,,car,Outer,0.15745211970627926
Vehicle Stoppage,134,15,,car,Outer,0.14231739176924246
Vehicle Stoppage,135,15,,car,Outer,0.1335600239592675
Vehicle Stoppage,136,15,,car,Outer,0.11041974461118852
Vehicle Stoppage,137,15,,car,Outer,0.07962336340547073
Vehicle Stoppage,138,15,,car,Outer,0.06817807565486213
Vehicle Stoppage,139,15,,car,Outer,0.07320109288801557
Vehicle Stoppage,140,15,,car,Outer,0.07724143965515234
Vehicle Stoppage,141,15,,car,Outer,0.08357332110189176
Vehicle Stoppage,142,15,,car,Outer,0.0900804640307775
Vehicle Stoppage,143,15,,car,Outer,0.09746471156270095
Vehicle Stoppage,282,17,,motorcycle,Outer,0.7182587973704189
Vehicle Stoppage,283,17,,motorcycle,Outer,0.7003535178750796
Vehicle Stoppage,284,17,,motorcycle,Outer,0.6846525104021756
Vehicle Stoppage,285,17,,motorcycle,Outer,0.6701540196104169
Vehicle Stoppage,286,17,,motorcycle,Outer,0.6577309480327078
Vehicle Stoppage,287,17,,motorcycle,Outer,0.6464875095467795
Vehicle Stoppage,288,17,,motorcycle,Outer,0.6374860939659726
Vehicle Stoppage,289,17,,motorcycle,Outer,0.6278986940582046
Vehicle Stoppage,290,17,,motorcycle,Outer,0.6183080462035124
Vehicle Stoppage,291,17,,motorcycle,Outer,0.6075707777699656
Vehicle Stoppage,292,17,,motorcycle,Outer,0.596337630877008
Vehicle Stoppage,293,17,,motorcycle,Outer,0.5837643445775047
Vehicle Stoppage,294,17,,motorcycle,Outer,0.572169922313295
Vehicle Stoppage,295,17,,motorcycle,Outer,0.5616666716122665
Vehicle Stoppage,296,17,,motorcycle,Outer,0.5520026268053433
Vehicle Stoppage,297,17,,motorcycle,Outer,0.5417626048372092
Vehicle Stoppage,298,17,,motorcycle,Outer,0.5325594520802299
Vehicle Stoppage,299,17,,motorcycle,Outer,0.5235079846573518
Vehicle Stoppage,300,17,,motorcycle,Outer,0.5145084061509543
Vehicle Stoppage,301,17,,motorcycle,Outer,0.5049364316426309
Vehicle Stoppage,302,17,,motorcycle,Outer,0.49495232093607106
Vehicle Stoppage,303,17,,motorcycle,Outer,0.4857000102944214
Vehicle Stoppage,304,17,,motorcycle,Outer,0.47693045614638735
Vehicle Stoppage,305,17,,motorcycle,Outer,0.46876862096347693
Vehicle Stoppage,306,17,,motorcycle,Outer,0.46188580839857224
Vehicle Stoppage,307,17,,motorcycle,Outer,0.45701999956238043
Vehicle Stoppage,308,17,,motorcycle,Outer,0.4534968577619913
Vehicle Stoppage,309,17,,motorcycle,Outer,0.45062148195575347
Vehicle Stoppage,310,17,,motorcycle,Outer,0.4475818137502903
Vehicle Stoppage,311,17,,motorcycle,Outer,0.4451226460201715
Vehicle Stoppage,312,17,,motorcycle,Outer,0.442500711863832
Vehicle Stoppage,313,17,,motorcycle,Outer,0.4377332635292852
Vehicle Stoppage,314,17,,motorcycle,Outer,0.4332595065315914
Vehicle Stoppage,315,17,,motorcycle,Outer,0.4289013056636705
Vehicle Stoppage,316,17,,motorcycle,Outer,0.4232287915536904
Vehicle Stoppage,317,17,,motorcycle,Outer,0.416689248721398
Vehicle Stoppage,318,17,,motorcycle,Outer,0.4101825203491776
Vehicle Stoppage,319,17,,motorcycle,Outer,0.40335320749933407
Vehicle Stoppage,320,17,,motorcycle,Outer,0.3990488817175154
Vehicle Stoppage,321,17,,motorcycle,Outer,0.3944761843254942
Vehicle Stoppage,322,17,,motorcycle,Outer,0.3897479185319667
Vehicle Stoppage,323,17,,motorcycle,Outer,0.38687341599029396
Vehicle Stoppage,324,17,,motorcycle,Outer,0.3857909278352718
Vehicle Stoppage,325,17,,motorcycle,Outer,0.3862220734240839
Vehicle Stoppage,326,17,,motorcycle,Outer,0.3864376405061984
Vehicle Stoppage,327,17,,motorcycle,Outer,0.38690858093353536
Vehicle Stoppage,328,17,,motorcycle,Outer,0.38759331779585426
Vehicle Stoppage,329,17,,motorcycle,Outer,0.38925149967598166
Vehicle Stoppage,330,17,,motorcycle,Outer,0.3906778212286892
Vehicle Stoppage,331,17,,motorcycle,Outer,0.39190432505906203
Vehicle Stoppage,332,17,,motorcycle,Outer,0.39307863081067734
Vehicle Stoppage,333,17,,motorcycle,Outer,0.39572760833684584
Vehicle Stoppage,334,17,,motorcycle,Outer,0.3969058326605956
Vehicle Stoppage,335,17,,motorcycle,Outer,0.3972317459619792
Vehicle Stoppage,336,17,,motorcycle,Outer,0.39309708724436204
Vehicle Stoppage,337,17,,motorcycle,Outer,0.38647102090583707
Vehicle Stoppage,338,17,,motorcycle,Outer,0.3785592952233483
Vehicle Stoppage,339,17,,motorcycle,Outer,0.36599203543246295
Vehicle Stoppage,340,17,,motorcycle,Outer,0.3478889765428055
Vehicle Stoppage,341,17,,motorcycle,Outer,0.3283022083385978
Vehicle Stoppage,342,17,,motorcycle,Outer,0.3093345114920116
Vehicle Stoppage,343,17,,motorcycle,Outer,0.29359516344790165
Vehicle Stoppage,344,17,,motorcycle,Outer,0.27995794327005435
Vehicle Stoppage,345,17,,motorcycle,Outer,0.26756954236235836
Vehicle Stoppage,346,17,,motorcycle,Outer,0.2600407852626195
Vehicle Stoppage,347,17,,motorcycle,Outer,0.25592264456276775
Vehicle Stoppage,348,17,,motorcycle,Outer,0.2531399020304778
Vehicle Stoppage,349,17,,motorcycle,Outer,0.24950883751883673
Vehicle Stoppage,350,17,,motorcycle,Outer,0.2459561952868851
Vehicle Stoppage,351,17,,motorcycle,Outer,0.24391590764031645
Vehicle Stoppage,352,17,,motorcycle,Outer,0.24327648879412947
Vehicle Stoppage,353,17,,motorcycle,Outer,0.24133549262385692
Vehicle Stoppage,354,17,,motorcycle,Outer,0.2401754358796927
Vehicle Stoppage,355,17,,motorcycle,Outer,0.23884683376590607
Vehicle Stoppage,356,17,,motorcycle,Outer,0.23822229114841262
Vehicle Stoppage,357,17,,motorcycle,Outer,0.23802800255431983
Vehicle Stoppage,358,17,,motorcycle,Outer,0.23677846185833792
Vehicle Stoppage,359,17,,motorcycle,Outer,0.23344078478278105
Vehicle Stoppage,360,17,,motorcycle,Outer,0.23038836776191812
Vehicle Stoppage,361,17,,motorcycle,Outer,0.2279021719949165
Vehicle Stoppage,362,17,,motorcycle,Outer,0.22555748712911175
Vehicle Stoppage,363,17,,motorcycle,Outer,0.2234292953039083
Vehicle Stoppage,364,17,,motorcycle,Outer,0.220473762611335
Vehicle Stoppage,365,17,,motorcycle,Outer,0.21710209579826412
Vehicle Stoppage,366,17,,motorcycle,Outer,0.21559492109045514
Vehicle Stoppage,367,17,,motorcycle,Outer,0.21491005095155383
Vehicle Stoppage,368,17,,motorcycle,Outer,0.21540113741574998
Vehicle Stoppage,369,17,,motorcycle,Outer,0.21683110939161362
Vehicle Stoppage,370,17,,motorcycle,Outer,0.21902899351455699
Vehicle Stoppage,371,17,,motorcycle,Outer,0.22256909039666445
Vehicle Stoppage,372,17,,motorcycle,Outer,0.22655518091626792
Vehicle Stoppage,373,17,,motorcycle,Outer,0.229926770951103
Vehicle Stoppage,374,17,,motorcycle,Outer,0.23339102382054067
Vehicle Stoppage,375,17,,motorcycle,Outer,0.23690103418938252
Vehicle Stoppage,376,17,,motorcycle,Outer,0.2393160671580565
Vehicle Stoppage,377,17,,motorcycle,Outer,0.24061691544860284
Vehicle Stoppage,378,17,,motorcycle,Outer,0.24060133000463726
Vehicle Stoppage,379,17,,motorcycle,Outer,0.24036898718429126
Vehicle Stoppage,380,17,,motorcycle,Outer,0.23922696336324312
Vehicle Stoppage,381,17,,motorcycle,Outer,0.2367142792482086
Vehicle Stoppage,382,17,,motorcycle,Outer,0.23310019305011556
Vehicle Stoppage,383,17,,motorcycle,Outer,0.22939016979809576
Vehicle Stoppage,384,17,,motorcycle,Outer,0.2245051447071937
Vehicle Stoppage,385,17,,motorcycle,Outer,0.21879334999035227
Vehicle Stoppage,386,17,,motorcycle,Outer,0.21174534233366313
Vehicle Stoppage,387,17,,motorcycle,Outer,0.20518754835515898
Vehicle Stoppage,388,17,,motorcycle,Outer,0.19930421470706788
Vehicle Stoppage,389,17,,motorcycle,Outer,0.19454266884156993
Vehicle Stoppage,390,17,,motorcycle,Outer,0.18913386793485754
Vehicle Stoppage,391,17,,motorcycle,Outer,0.1846295750956545
Vehicle Stoppage,392,17,,motorcycle,Outer,0.18040756636016977
Vehicle Stoppage,393,17,,motorcycle,Outer,0.17874185296118775
Vehicle Stoppage,394,17,,motorcycle,Outer,0.18060753029705046
Vehicle Stoppage,395,17,,motorcycle,Outer,0.18501054024027397
Vehicle Stoppage,396,17,,motorcycle,Outer,0.18658751297983017
Vehicle Stoppage,397,17,,motorcycle,Outer,0.18847166895849843
Vehicle Stoppage,398,17,,motorcycle,Outer,0.19068403184325503
Vehicle Stoppage,399,17,,motorcycle,Outer,0.19193816712681117
Vehicle Stoppage,400,17,,motorcycle,Outer,0.1902522536003175
Vehicle Stoppage,401,17,,motorcycle,Outer,0.18570204629998616
Vehicle Stoppage,402,17,,motorcycle,Outer,0.1796130284806777
Vehicle Stoppage,403,17,,motorcycle,Outer,0.17583725430067393
Vehicle Stoppage,404,17,,motorcycle,Outer,0.17443124720072573
Vehicle Stoppage,405,17,,motorcycle,Outer,0.17443164850450407
Vehicle Stoppage,406,17,,motorcycle,Outer,0.1751292379929794
Vehicle Stoppage,407,17,,motorcycle,Outer,0.17875583906546902
Vehicle Stoppage,408,17,,motorcycle,Outer,0.1831799388579434
Vehicle Stoppage,409,17,,motorcycle,Outer,0.18672916215738766
Vehicle Stoppage,410,17,,motorcycle,Outer,0.19025919163078342
Vehicle Stoppage,411,17,,motorcycle,Outer,0.19264882558686786
Vehicle Stoppage,412,17,,motorcycle,Outer,0.1943708825930478
Vehicle Stoppage,413,17,,motorcycle,Outer,0.19544129553397824
Vehicle Stoppage,414,17,,motorcycle,Outer,0.19281143638280063
Vehicle Stoppage,415,17,,motorcycle,Outer,0.18762880908858667
Vehicle Stoppage,416,17,,motorcycle,Outer,0.18167941545480548
Vehicle Stoppage,417,17,,motorcycle,Outer,0.1751547886870322
Vehicle Stoppage,418,17,,motorcycle,Outer,0.16893626016933144
Vehicle Stoppage,419,17,,motorcycle,Outer,0.1608683001712923
Vehicle Stoppage,420,17,,motorcycle,Outer,0.15513429665937697
Vehicle Stoppage,421,17,,motorcycle,Outer,0.15118743334021117
Vehicle Stoppage,422,17,,motorcycle,Outer,0.14806870027119182
Vehicle Stoppage,423,17,,motorcycle,Outer,0.1477860954217299
Vehicle Stoppage,424,17,,motorcycle,Outer,0.14781058825401913
Vehicle Stoppage,425,17,,motorcycle,Outer,0.14807771608178916
Vehicle Stoppage,426,17,,motorcycle,Outer,0.1490563987220966
Vehicle Stoppage,427,17,,motorcycle,Outer,0.14928070873358024
Vehicle Stoppage,428,17,,motorcycle,Outer,0.1494159964662416
Vehicle Stoppage,429,17,,motorcycle,Outer,0.15031041214766594
Vehicle Stoppage,430,17,,motorcycle,Outer,0.15075576274225305
Vehicle Stoppage,431,17,,motorcycle,Outer,0.154724690983697
Vehicle Stoppage,432,17,,motorcycle,Outer,0.16055731064015874
Vehicle Stoppage,433,17,,motorcycle,Outer,0.16714957373562064
Vehicle Stoppage,434,17,,motorcycle,Outer,0.1779114386429395
Vehicle Stoppage,435,17,,motorcycle,Outer,0.1898448050382186
Vehicle Stoppage,436,17,,motorcycle,Outer,0.20193746556793007
Vehicle Stoppage,437,17,,motorcycle,Outer,0.21304518300116335
Vehicle Stoppage,438,17,,motorcycle,Outer,0.2203798765767831
Vehicle Stoppage,439,17,,motorcycle,Outer,0.21981032732790245
Vehicle Stoppage,440,17,,motorcycle,Outer,0.21583384813323772
Vehicle Stoppage,441,17,,motorcycle,Outer,0.20736402773866094
Vehicle Stoppage,442,17,,motorcycle,Outer,0.19717111857469893
Vehicle Stoppage,443,17,,motorcycle,Outer,0.18963630981433577
Vehicle Stoppage,444,17,,motorcycle,Outer,0.18318354183714528
Vehicle Stoppage,445,17,,motorcycle,Outer,0.17725476016174982
Vehicle Stoppage,446,17,,motorcycle,Outer,0.1769949434305975
Vehicle Stoppage,447,17,,motorcycle,Outer,0.18009478060177114
Vehicle Stoppage,448,17,,motorcycle,Outer,0.18355328926499684
Vehicle Stoppage,449,17,,motorcycle,Outer,0.18787477212227943
Vehicle Stoppage,450,17,,motorcycle,Outer,0.18896097480696578
Vehicle Stoppage,451,17,,motorcycle,Outer,0.18841563098638958
Vehicle Stoppage,452,17,,motorcycle,Outer,0.18666804761394573
Vehicle Stoppage,453,17,,motorcycle,Outer,0.1847162147728209
Vehicle Stoppage,454,17,,motorcycle,Outer,0.1823856628137196
Vehicle Stoppage,455,17,,motorcycle,Outer,0.1801571813722684
Vehicle Stoppage,456,17,,motorcycle,Outer,0.17785187657149124
Vehicle Stoppage,457,17,,motorcycle,Outer,0.174978427241765
Vehicle Stoppage,458,17,,motorcycle,Outer,0.17260234644987002
Vehicle Stoppage,459,17,,motorcycle,Outer,0.17061550339872503
Vehicle Stoppage,460,17,,motorcycle,Outer,0.16919810873647503
Vehicle Stoppage,461,17,,motorcycle,Outer,0.16807486427184748
Vehicle Stoppage,462,17,,motorcycle,Outer,0.16741284299598683
Vehicle Stoppage,463,17,,motorcycle,Outer,0.16630420920709774
Vehicle Stoppage,464,17,,motorcycle,Outer,0.16446644034574356
Vehicle Stoppage,465,17,,motorcycle,Outer,0.1621618019140203
Vehicle Stoppage,466,17,,motorcycle,Outer,0.1588846122190572
Vehicle Stoppage,467,17,,motorcycle,Outer,0.15526699584908962
Vehicle Stoppage,468,17,,motorcycle,Outer,0.1522256548680283
Vehicle Stoppage,469,17,,motorcycle,Outer,0.1490771947683431
Vehicle Stoppage,470,17,,motorcycle,Outer,0.14561019881862583
Vehicle Stoppage,471,17,,motorcycle,Outer,0.14199190117750063
Vehicle Stoppage,472,17,,motorcycle,Outer,0.13878922868867935
Vehicle Stoppage,473,17,,motorcycle,Outer,0.13668511257632165
Vehicle Stoppage,474,17,,motorcycle,Outer,0.13571713230097168
Vehicle Stoppage,475,17,,motorcycle,Outer,0.13542248705440416
Vehicle Stoppage,476,17,,motorcycle,Outer,0.1361160166916457
Vehicle Stoppage,477,17,,motorcycle,Outer,0.13546870487311996
Vehicle Stoppage,478,17,,motorcycle,Outer,0.13444318502623723
Vehicle Stoppage,479,17,,motorcycle,Outer,0.13166054838105018
Vehicle Stoppage,480,17,,motorcycle,Outer,0.13053922782061073
Vehicle Stoppage,481,17,,motorcycle,Outer,0.1300006153831543
Vehicle Stoppage,482,17,,motorcycle,Outer,0.13037768213924272
Vehicle Stoppage,483,17,,motorcycle,Outer,0.1288485933178925
Vehicle Stoppage,484,17,,motorcycle,Outer,0.12542364210945245
Vehicle Stoppage,485,17,,motorcycle,Outer,0.1207384362993002
Vehicle Stoppage,486,17,,motorcycle,Outer,0.11942344828382803
Vehicle Stoppage,487,17,,motorcycle,Outer,0.11714337369223671
Vehicle Stoppage,488,17,,motorcycle,Outer,0.11463769013723053
Vehicle Stoppage,489,17,,motorcycle,Outer,0.11258419071965292
Vehicle Stoppage,490,17,,motorcycle,Outer,0.1131891337540834
Vehicle Stoppage,491,17,,motorcycle,Outer,0.11748055158195347
Vehicle Stoppage,492,17,,motorcycle,Outer,0.12422773442351366
Vehicle Stoppage,493,17,,motorcycle,Outer,0.1297763075449423
Vehicle Stoppage,494,17,,motorcycle,Outer,0.13181187351676707
Vehicle Stoppage,495,17,,motorcycle,Outer,0.13186121491932554
Vehicle Stoppage,496,17,,motorcycle,Outer,0.13163012573115623
Vehicle Stoppage,497,17,,motorcycle,Outer,0.13007236447455034
Vehicle Stoppage,498,17,,motorcycle,Outer,0.12789390134013007
Vehicle Stoppage,499,17,,motorcycle,Outer,0.12580468989667792
Vehicle Stoppage,500,17,,motorcycle,Outer,0.12232424126067848
Vehicle Stoppage,501,17,,motorcycle,Outer,0.12135773564137017
Vehicle Stoppage,502,17,,motorcycle,Outer,0.1220347901215054
Vehicle Stoppage,503,17,,motorcycle,Outer,0.12458013485303226
Vehicle Stoppage,504,17,,motorcycle,Outer,0.12948671746553897
Vehicle Stoppage,505,17,,motorcycle,Outer,0.135630269482882
Vehicle Stoppage,506,17,,motorcycle,Outer,0.1419488992560385
Vehicle Stoppage,507,17,,motorcycle,Outer,0.14952043338620977
Vehicle Stoppage,508,17,,motorcycle,Outer,0.1570071654415812
Vehicle Stoppage,509,17,,motorcycle,Outer,0.16534600085880002
Vehicle Stoppage,510,17,,motorcycle,Outer,0.17120292053584268
Vehicle Stoppage,511,17,,motorcycle,Outer,0.1758239175993936
Vehicle Stoppage,512,17,,motorcycle,Outer,0.18016037300138982
Vehicle Stoppage,513,17,,motorcycle,Outer,0.18140399664836235
Vehicle Stoppage,514,17,,motorcycle,Outer,0.18136355753017386
Vehicle Stoppage,515,17,,motorcycle,Outer,0.18060924671788384
Vehicle Stoppage,516,17,,motorcycle,Outer,0.1792366591967169
Vehicle Stoppage,517,17,,motorcycle,Outer,0.17863966524822888
Vehicle Stoppage,518,17,,motorcycle,Outer,0.17792088129278066
Vehicle Stoppage,519,17,,motorcycle,Outer,0.17727769177197372
Vehicle Stoppage,520,17,,motorcycle,Outer,0.1784383647089424
Vehicle Stoppage,521,17,,motorcycle,Outer,0.17777885138564586
Vehicle Stoppage,522,17,,motorcycle,Outer,0.1763753100635067
Vehicle Stoppage,523,17,,motorcycle,Outer,0.17529760409087272
Vehicle Stoppage,524,17,,motorcycle,Outer,0.17018225524419606
Vehicle Stoppage,525,17,,motorcycle,Outer,0.16412982666170292
Vehicle Stoppage,526,17,,motorcycle,Outer,0.15927761926899725
Vehicle Stoppage,527,17,,motorcycle,Outer,0.15678204616600852
Vehicle Stoppage,528,17,,motorcycle,Outer,0.15799803796250672
Vehicle Stoppage,529,17,,motorcycle,Outer,0.16660039015560535
Vehicle Stoppage,530,17,,motorcycle,Outer,0.1779755601199166
Vehicle Stoppage,531,17,,motorcycle,Outer,0.19255983485659306
Vehicle Stoppage,532,17,,motorcycle,Outer,0.20815996252882282
Vehicle Stoppage,533,17,,motorcycle,Outer,0.21950567190849934
Vehicle Stoppage,534,17,,motorcycle,Outer,0.22689028185446536
Vehicle Stoppage,535,17,,motorcycle,Outer,0.23241138096057723
Vehicle Stoppage,536,17,,motorcycle,Outer,0.23241041284761585
Vehicle Stoppage,537,17,,motorcycle,Outer,0.2295864543042571
Vehicle Stoppage,538,17,,motorcycle,Outer,0.22727826556888373
Vehicle Stoppage,539,17,,motorcycle,Outer,0.22499344434894317
Vehicle Stoppage,540,17,,motorcycle,Outer,0.22567179708594645
Vehicle Stoppage,541,17,,motorcycle,Outer,0.2286389730557748
Vehicle Stoppage,542,17,,motorcycle,Outer,0.23327659548269702
Vehicle Stoppage,543,17,,motorcycle,Outer,0.2392511859949744
Vehicle Stoppage,544,17,,motorcycle,Outer,0.24746468434909719
Vehicle Stoppage,545,17,,motorcycle,Outer,0.25665435901227285
Vehicle Stoppage,546,17,,motorcycle,Outer,0.26662304851606633
Vehicle Stoppage,547,17,,motorcycle,Outer,0.2783469058567033
Vehicle Stoppage,548,17,,motorcycle,Outer,0.2903982265786033
Vehicle Stoppage,549,17,,motorcycle,Outer,0.30429725598500396
Vehicle Stoppage,550,17,,motorcycle,Outer,0.31926647177553397
Vehicle Stoppage,551,17,,motorcycle,Outer,0.3337949670081917
Vehicle Stoppage,552,17,,motorcycle,Outer,0.34770063272878526
Vehicle Stoppage,553,17,,motorcycle,Outer,0.36215119770615334
Vehicle Stoppage,554,17,,motorcycle,Outer,0.3754691598520395
Vehicle Stoppage,555,17,,motorcycle,Outer,0.38825137475609184
Vehicle Stoppage,556,17,,motorcycle,Outer,0.4001071981356966
Vehicle Stoppage,557,17,,motorcycle,Outer,0.4099561439959149
Vehicle Stoppage,558,17,,motorcycle,Outer,0.41781491117479047
Vehicle Stoppage,559,17,,motorcycle,Outer,0.42606085246124115
Vehicle Stoppage,560,17,,motorcycle,Outer,0.43411032008004413
Vehicle Stoppage,561,17,,motorcycle,Outer,0.44433793445979364
Vehicle Stoppage,562,17,,motorcycle,Outer,0.455905308150719
Vehicle Stoppage,563,17,,motorcycle,Outer,0.4673718113023073
Vehicle Stoppage,564,17,,motorcycle,Outer,0.48052592021658935
Vehicle Stoppage,565,17,,motorcycle,Outer,0.4945954003021019
Vehicle Stoppage,566,17,,motorcycle,Outer,0.5083481582537706
Vehicle Stoppage,567,17,,motorcycle,Outer,0.5223317719610759
Vehicle Stoppage,568,17,,motorcycle,Outer,0.5339709729938518
Vehicle Stoppage,569,17,,motorcycle,Outer,0.5443895112876487
Vehicle Stoppage,570,17,,motorcycle,Outer,0.5562442359251861
Vehicle Stoppage,571,17,,motorcycle,Outer,0.5676000352360844
Vehicle Stoppage,572,17,,motorcycle,Outer,0.5787058752077774
Vehicle Stoppage,573,17,,motorcycle,Outer,0.5901741861518512
Vehicle Stoppage,574,17,,motorcycle,Outer,0.6019981146149902
Vehicle Stoppage,575,17,,motorcycle,Outer,0.6141592057439161
Vehicle Stoppage,576,17,,motorcycle,Outer,0.6286537361696052
Vehicle Stoppage,577,17,,motorcycle,Outer,0.6457960126851183
Vehicle Stoppage,578,17,,motorcycle,Outer,0.6632949947044686
Vehicle Stoppage,579,17,,motorcycle,Outer,0.6819052500164564
Vehicle Stoppage,580,17,,motorcycle,Outer,0.7012330069242338
Vehicle Stoppage,581,17,,motorcycle,Outer,0.7204956349624829
Vehicle Stoppage,582,17,,motorcycle,Outer,0.739236430379352
Vehicle Stoppage,583,17,,motorcycle,Outer,0.7568122752704273
Vehicle Stoppage,584,17,,motorcycle,Outer,0.7724897992854017
Vehicle Stoppage,585,17,,motorcycle,Outer,0.7868480730102851
Vehicle Stoppage,586,17,,motorcycle,Outer,0.801489937553798
Vehicle Stoppage,587,17,,motorcycle,Outer,0.8161964591934946
Vehicle Stoppage,588,17,,motorcycle,Outer,0.8299201166377452
Vehicle Stoppage,589,17,,motorcycle,Outer,0.8450298042081126
Vehicle Stoppage,590,17,,motorcycle,Outer,0.860550719016608
Vehicle Stoppage,591,17,,motorcycle,Outer,0.8760006906389959
Vehicle Stoppage,592,17,,motorcycle,Outer,0.8915768334810007
Vehicle Stoppage,593,17,,motorcycle,Outer,0.9055800792862025
Vehicle Stoppage,594,17,,motorcycle,Outer,0.9184529873651673
Vehicle Stoppage,595,17,,motorcycle,Outer,0.9310770805900005
Vehicle Stoppage,596,17,,motorcycle,Outer,0.9434423405804888
Vehicle Stoppage,597,17,,motorcycle,Outer,0.9550428367356129
Vehicle Stoppage,598,17,,motorcycle,Outer,0.9646134562611138
Vehicle Stoppage,599,17,,motorcycle,Outer,0.9757705058055428
Vehicle Stoppage,600,17,,motorcycle,Outer,0.9877563717840553
Vehicle Stoppage,729,17,,motorcycle,Outer,0.9974425898265986
Vehicle Stoppage,730,17,,motorcycle,Outer,0.9886413151391205
Vehicle Stoppage,731,17,,motorcycle,Outer,0.9800635183497052
Vehicle Stoppage,732,17,,motorcycle,Outer,0.9715036798695079
Vehicle Stoppage,733,17,,motorcycle,Outer,0.963356034911289
Vehicle Stoppage,734,17,,motorcycle,Outer,0.955872214262979
Vehicle Stoppage,735,17,,motorcycle,Outer,0.9488354546495461
Vehicle Stoppage,736,17,,motorcycle,Outer,0.9409823430862037
Vehicle Stoppage,737,17,,motorcycle,Outer,0.9323357388837972
Vehicle Stoppage,738,17,,motorcycle,Outer,0.9234807902712415
Vehicle Stoppage,739,17,,motorcycle,Outer,0.9138654003735999
Vehicle Stoppage,740,17,,motorcycle,Outer,0.9027644487904938
Vehicle Stoppage,741,17,,motorcycle,Outer,0.8916903946998678
Vehicle Stoppage,742,17,,motorcycle,Outer,0.8803524862235568
Vehicle Stoppage,743,17,,motorcycle,Outer,0.8709277180110869
Vehicle Stoppage,744,17,,motorcycle,Outer,0.8631881892148433
Vehicle Stoppage,745,17,,motorcycle,Outer,0.8562427751519995
Vehicle Stoppage,746,17,,motorcycle,Outer,0.8500908951400462
Vehicle Stoppage,747,17,,motorcycle,Outer,0.8448682560020799
Vehicle Stoppage,748,17,,motorcycle,Outer,0.8403141376889997
Vehicle Stoppage,749,17,,motorcycle,Outer,0.8338058826849312
Vehicle Stoppage,750,17,,motorcycle,Outer,0.825343643581266
Vehicle Stoppage,751,17,,motorcycle,Outer,0.8162049558781167
Vehicle Stoppage,752,17,,motorcycle,Outer,0.8067546157289742
Vehicle Stoppage,753,17,,motorcycle,Outer,0.796680996384376
Vehicle Stoppage,754,17,,motorcycle,Outer,0.7870265878609202
Vehicle Stoppage,755,17,,motorcycle,Outer,0.777709438029398
Vehicle Stoppage,756,17,,motorcycle,Outer,0.7692094448198092
Vehicle Stoppage,757,17,,motorcycle,Outer,0.7619925524570401
Vehicle Stoppage,758,17,,motorcycle,Outer,0.7562162785870177
Vehicle Stoppage,759,17,,motorcycle,Outer,0.7504464337979134
Vehicle Stoppage,760,17,,motorcycle,Outer,0.7439169980582554
Vehicle Stoppage,761,17,,motorcycle,Outer,0.7364055947641863
Vehicle Stoppage,762,17,,motorcycle,Outer,0.7281281892634065
Vehicle Stoppage,763,17,,motorcycle,Outer,0.7189751386522353
Vehicle Stoppage,764,17,,motorcycle,Outer,0.7082831142982278
Vehicle Stoppage,765,17,,motorcycle,Outer,0.6962857172167217
Vehicle Stoppage,766,17,,motorcycle,Outer,0.6836423114465671
Vehicle Stoppage,767,17,,motorcycle,Outer,0.671629659857278
Vehicle Stoppage,768,17,,motorcycle,Outer,0.6604871005553352
Vehicle Stoppage,769,17,,motorcycle,Outer,0.6479274650761505
Vehicle Stoppage,770,17,,motorcycle,Outer,0.6369135341629941
Vehicle Stoppage,771,17,,motorcycle,Outer,0.6271933115077075
Vehicle Stoppage,772,17,,motorcycle,Outer,0.6185174936895455
Vehicle Stoppage,773,17,,motorcycle,Outer,0.6082582099733687
Vehicle Stoppage,774,17,,motorcycle,Outer,0.5949970840264712
Vehicle Stoppage,775,17,,motorcycle,Outer,0.5803131051423889
Vehicle Stoppage,776,17,,motorcycle,Outer,0.5650458742438578
Vehicle Stoppage,777,17,,motorcycle,Outer,0.5366788611450986
Vehicle Stoppage,778,17,,motorcycle,Outer,0.49823260631958255
Vehicle Stoppage,779,17,,motorcycle,Outer,0.45240690755116014
Vehicle Stoppage,780,17,,motorcycle,Outer,0.40498261691090115
Vehicle Stoppage,781,17,,motorcycle,Outer,0.3608434147937284
Vehicle Stoppage,782,17,,motorcycle,Outer,0.3202330401442105
Vehicle Stoppage,783,17,,motorcycle,Outer,0.27941984539398484
Vehicle Stoppage,784,17,,motorcycle,Outer,0.25117087808900257
Vehicle Stoppage,785,17,,motorcycle,Outer,0.2337527753845887
Vehicle Stoppage,786,17,,motorcycle,Outer,0.228205806236383
Vehicle Stoppage,787,17,,motorcycle,Outer,0.2298863414820499
Vehicle Stoppage,788,17,,motorcycle,Outer,0.23435522183215782
Vehicle Stoppage,789,17,,motorcycle,Outer,0.2432547841256144
Vehicle Stoppage,790,17,,motorcycle,Outer,0.25747164892469365
Vehicle Stoppage,791,17,,motorcycle,Outer,0.2762336873011705
Vehicle Stoppage,792,17,,motorcycle,Outer,0.2964917536795905
Vehicle Stoppage,793,17,,motorcycle,Outer,0.3094594319131304
Vehicle Stoppage,794,17,,motorcycle,Outer,0.3168161138578594
Vehicle Stoppage,795,17,,motorcycle,Outer,0.321005482819214
Vehicle Stoppage,796,17,,motorcycle,Outer,0.31997170187377766
Vehicle Stoppage,797,17,,motorcycle,Outer,0.3167373833319932
Vehicle Stoppage,798,17,,motorcycle,Outer,0.3116641942860903
Vehicle Stoppage,799,17,,motorcycle,Outer,0.30650083197276956
Vehicle Stoppage,800,17,,motorcycle,Outer,0.3049780647849898
Vehicle Stoppage,801,17,,motorcycle,Outer,0.30443385159997965
Vehicle Stoppage,802,17,,motorcycle,Outer,0.30397021235640564
Vehicle Stoppage,803,17,,motorcycle,Outer,0.30449357957106576
Vehicle Stoppage,804,17,,motorcycle,Outer,0.30588573029809846
Vehicle Stoppage,805,17,,motorcycle,Outer,0.3074430841635596
Vehicle Stoppage,806,17,,motorcycle,Outer,0.30894028549219577
Vehicle Stoppage,807,17,,motorcycle,Outer,0.3085965165065877
Vehicle Stoppage,808,17,,motorcycle,Outer,0.30870304501251983
Vehicle Stoppage,809,17,,motorcycle,Outer,0.30915678870113866
Vehicle Stoppage,810,17,,motorcycle,Outer,0.31028361220018924
Vehicle Stoppage,811,17,,motorcycle,Outer,0.31203772207859715
Vehicle Stoppage,812,17,,motorcycle,Outer,0.31440771300971737
Vehicle Stoppage,813,17,,motorcycle,Outer,0.3170193211777502
Vehicle Stoppage,814,17,,motorcycle,Outer,0.32222496799596956
Vehicle Stoppage,815,17,,motorcycle,Outer,0.3285707534154531
Vehicle Stoppage,816,17,,motorcycle,Outer,0.33728356022788897
Vehicle Stoppage,817,17,,motorcycle,Outer,0.34675675912662474
Vehicle Stoppage,818,17,,motorcycle,Outer,0.35624825613608024
Vehicle Stoppage,819,17,,motorcycle,Outer,0.3662645218964088
Vehicle Stoppage,820,17,,motorcycle,Outer,0.37676099851232064
Vehicle Stoppage,821,17,,motorcycle,Outer,0.38493496853364906
Vehicle Stoppage,822,17,,motorcycle,Outer,0.3915589355384484
Vehicle Stoppage,823,17,,motorcycle,Outer,0.39668139608506764
Vehicle Stoppage,824,17,,motorcycle,Outer,0.40047222125884907
Vehicle Stoppage,825,17,,motorcycle,Outer,0.40359814172020037
Vehicle Stoppage,826,17,,motorcycle,Outer,0.4062925177750594
Vehicle Stoppage,827,17,,motorcycle,Outer,0.40929315899487073
Vehicle Stoppage,828,17,,motorcycle,Outer,0.41341939964157665
Vehicle Stoppage,829,17,,motorcycle,Outer,0.41832049913912256
Vehicle Stoppage,830,17,,motorcycle,Outer,0.42649248527963024
Vehicle Stoppage,831,17,,motorcycle,Outer,0.43615008884557005
Vehicle Stoppage,832,17,,motorcycle,Outer,0.4481245027891211
Vehicle Stoppage,833,17,,motorcycle,Outer,0.4623684353413378
Vehicle Stoppage,834,17,,motorcycle,Outer,0.47668784335243797
Vehicle Stoppage,835,17,,motorcycle,Outer,0.49499191912596013
Vehicle Stoppage,836,17,,motorcycle,Outer,0.5128773440112177
Vehicle Stoppage,837,17,,motorcycle,Outer,0.5241826876194986
Vehicle Stoppage,838,17,,motorcycle,Outer,0.5324686375740776
Vehicle Stoppage,839,17,,motorcycle,Outer,0.5374937488008606
Vehicle Stoppage,840,17,,motorcycle,Outer,0.54057714528086
Vehicle Stoppage,841,17,,motorcycle,Outer,0.5420919663673313
Vehicle Stoppage,842,17,,motorcycle,Outer,0.5404599892683961
Vehicle Stoppage,843,17,,motorcycle,Outer,0.5404376374754039
Vehicle Stoppage,844,17,,motorcycle,Outer,0.543076053605756
Vehicle Stoppage,845,17,,motorcycle,Outer,0.547024688656733
Vehicle Stoppage,846,17,,motorcycle,Outer,0.5517400293616553
Vehicle Stoppage,847,17,,motorcycle,Outer,0.5556688582240341
Vehicle Stoppage,848,17,,motorcycle,Outer,0.5584835360151664
Vehicle Stoppage,849,17,,motorcycle,Outer,0.5606131375556546
Vehicle Stoppage,850,17,,motorcycle,Outer,0.5647036922138895
Vehicle Stoppage,851,17,,motorcycle,Outer,0.5679464235295487
Vehicle Stoppage,852,17,,motorcycle,Outer,0.5712224960556065
Vehicle Stoppage,853,17,,motorcycle,Outer,0.5748725771855889
Vehicle Stoppage,854,17,,motorcycle,Outer,0.5800993104633084
Vehicle Stoppage,855,17,,motorcycle,Outer,0.5870719887713939
Vehicle Stoppage,856,17,,motorcycle,Outer,0.5931395282730703
Vehicle Stoppage,857,17,,motorcycle,Outer,0.5948298916497056
Vehicle Stoppage,858,17,,motorcycle,Outer,0.5957242734688585
Vehicle Stoppage,859,17,,motorcycle,Outer,0.5959643613505755
Vehicle Stoppage,860,17,,motorcycle,Outer,0.5950731383619988
Vehicle Stoppage,90,23,,person,Outer,0.3529763306512229
Vehicle Stoppage,91,23,,person,Outer,0.35893291852378556
Vehicle Stoppage,92,23,,person,Outer,0.3645621071916246
Vehicle Stoppage,93,23,,person,Outer,0.36944837257728236
Vehicle Stoppage,94,23,,person,Outer,0.37427786469413143
Vehicle Stoppage,95,23,,person,Outer,0.3793459898298622
Vehicle Stoppage,96,23,,person,Outer,0.3828033960141978
Vehicle Stoppage,97,23,,person,Outer,0.38740247805092765
Vehicle Stoppage,98,23,,person,Outer,0.39204715277629143
Vehicle Stoppage,99,23,,person,Outer,0.39818871154265884
Vehicle Stoppage,100,23,,person,Outer,0.4049901356823387
Vehicle Stoppage,101,23,,person,Outer,0.4111027365513383
Vehicle Stoppage,102,23,,person,Outer,0.41660500477070417
Vehicle Stoppage,103,23,,person,Outer,0.42213583122023585
Vehicle Stoppage,104,23,,person,Outer,0.4261381231478841
Vehicle Stoppage,105,23,,person,Outer,0.4287085023649509
Vehicle Stoppage,106,23,,person,Outer,0.4293242713846934
Vehicle Stoppage,107,23,,person,Outer,0.4292350871026254
Vehicle Stoppage,108,23,,person,Outer,0.4289989510476678
Vehicle Stoppage,109,23,,person,Outer,0.4285775659084364
Vehicle Stoppage,110,23,,person,Outer,0.4276386558766639
Vehicle Stoppage,111,23,,person,Outer,0.4260169597562989
Vehicle Stoppage,112,23,,person,Outer,0.42420768498460865
Vehicle Stoppage,113,23,,person,Outer,0.42382357178429453
Vehicle Stoppage,114,23,,person,Outer,0.4245047113990639
Vehicle Stoppage,115,23,,person,Outer,0.4259422613453585
Vehicle Stoppage,116,23,,person,Outer,0.4271994850184171
Vehicle Stoppage,117,23,,person,Outer,0.4290425270296648
Vehicle Stoppage,118,23,,person,Outer,0.4316635958706741
Vehicle Stoppage,119,23,,person,Outer,0.4350837735425218
Vehicle Stoppage,120,23,,person,Outer,0.44000751129952126
Vehicle Stoppage,121,23,,person,Outer,0.4457709725856978
Vehicle Stoppage,122,23,,person,Outer,0.452086385550371
Vehicle Stoppage,90,37,,person,Outer,0.12297808747902796
Vehicle Stoppage,91,37,,person,Outer,0.12321769353465774
Vehicle Stoppage,92,37,,person,Outer,0.12094895617573728
Vehicle Stoppage,93,37,,person,Outer,0.1180823864934952
Vehicle Stoppage,94,37,,person,Outer,0.11754594846271743
Vehicle Stoppage,95,37,,person,Outer,0.11922805877812448
Vehicle Stoppage,96,37,,person,Outer,0.12083662524251426
Vehicle Stoppage,97,37,,person,Outer,0.12322743201089581
Vehicle Stoppage,98,37,,person,Outer,0.12452702517927113
Vehicle Stoppage,99,37,,person,Outer,0.1260486414048181
Vehicle Stoppage,100,37,,person,Outer,0.12467237063600446
Vehicle Stoppage,101,37,,person,Outer,0.12172629132606973
Vehicle Stoppage,102,37,,person,Outer,0.11758783950732439
Vehicle Stoppage,103,37,,person,Outer,0.11594020010333064
Vehicle Stoppage,104,37,,person,Outer,0.10803008840132843
Vehicle Stoppage,105,37,,person,Outer,0.09686650607924197
Vehicle Stoppage,106,37,,person,Outer,0.09113725912051798
Vehicle Stoppage,107,37,,person,Outer,0.09040320790768554
Vehicle Stoppage,108,37,,person,Outer,0.09170605214488409
Vehicle Stoppage,109,37,,person,Outer,0.09449788357418333
Vehicle Stoppage,110,37,,person,Outer,0.09639294579999101
Vehicle Stoppage,111,37,,person,Outer,0.10633611804086184
Vehicle Stoppage,112,37,,person,Outer,0.11407620260159552
Vehicle Stoppage,113,37,,person,Outer,0.11887342007362565
Vehicle Stoppage,114,37,,person,Outer,0.12179363694380455
Vehicle Stoppage,115,37,,person,Outer,0.12378174340346139
Vehicle Stoppage,116,37,,person,Outer,0.13124999047618577
Vehicle Stoppage,117,37,,person,Outer,0.13623674247426573
Vehicle Stoppage,118,37,,person,Outer,0.13151977037692744
Vehicle Stoppage,119,37,,person,Outer,0.1291290827040918
Vehicle Stoppage,120,37,,person,Outer,0.12675981224347038
Vehicle Stoppage,121,37,,person,Outer,0.12598491973247866
Vehicle Stoppage,122,37,,person,Outer,0.12635418473482068
Vehicle Stoppage,123,37,,person,Outer,0.11266822977219207
Vehicle Stoppage,124,37,,person,Outer,0.09900474736092094
Vehicle Stoppage,125,37,,person,Outer,0.09260032397351982
Vehicle Stoppage,126,37,,person,Outer,0.08415230240462569
Vehicle Stoppage,127,37,,person,Outer,0.0692465883636128
Vehicle Stoppage,128,37,,person,Outer,0.050954489497984416
Vehicle Stoppage,129,37,,person,Outer,0.036126583010296434
Vehicle Stoppage,130,37,,person,Outer,0.033036040925025704
Vehicle Stoppage,131,37,,person,Outer,0.027464158461528988
Vehicle Stoppage,132,37,,person,Outer,0.02241539649437966
Vehicle Stoppage,133,37,,person,Outer,0.027102951868758312
Vehicle Stoppage,134,37,,person,Outer,0.03029141792653218
Vehicle Stoppage,135,37,,person,Outer,0.031019509989681143
Vehicle Stoppage,136,37,,person,Outer,0.027142770676555576
Vehicle Stoppage,137,37,,person,Outer,0.018209887424147118
Vehicle Stoppage,138,37,,person,Outer,0.016395731151737987
Vehicle Stoppage,139,37,,person,Outer,0.01895257238477043
Vehicle Stoppage,140,37,,person,Outer,0.021284971223847756
Vehicle Stoppage,141,37,,person,Outer,0.023326594264914183
Vehicle Stoppage,142,37,,person,Outer,0.03388923132796229
Vehicle Stoppage,143,37,,person,Outer,0.044958870092562275
Vehicle Stoppage,144,37,,person,Outer,0.05259781364277175
Vehicle Stoppage,145,37,,person,Outer,0.057510433835961765
Vehicle Stoppage,146,37,,person,Outer,0.05602945653850177
Vehicle Stoppage,147,37,,person,Outer,0.04725526425701046
Vehicle Stoppage,148,37,,person,Outer,0.0365472297171746
Vehicle Stoppage,149,37,,person,Outer,0.027266279540854615
Vehicle Stoppage,150,37,,person,Outer,0.025739075352467833
Vehicle Stoppage,151,37,,person,Outer,0.02787920371890036
Vehicle Stoppage,152,37,,person,Outer,0.030836666486507312
Vehicle Stoppage,153,37,,person,Outer,0.03430699637100064
Vehicle Stoppage,154,37,,person,Outer,0.04435594661372891
Vehicle Stoppage,155,37,,person,Outer,0.05224834925621939
Vehicle Stoppage,156,37,,person,Outer,0.06274025820794897
Vehicle Stoppage,157,37,,person,Outer,0.07286597285427997
Vehicle Stoppage,158,37,,person,Outer,0.07668930825088661
Vehicle Stoppage,159,37,,person,Outer,0.07762087348129901
Vehicle Stoppage,160,37,,person,Outer,0.07875436495839191
Vehicle Stoppage,161,37,,person,Outer,0.07917834299857407
Vehicle Stoppage,162,37,,person,Outer,0.08346136830893613
Vehicle Stoppage,163,37,,person,Outer,0.08601627752931566
Vehicle Stoppage,164,37,,person,Outer,0.08834760890934967
Vehicle Stoppage,165,37,,person,Outer,0.09082317986064661
Vehicle Stoppage,166,37,,person,Outer,0.09097516144530865
Vehicle Stoppage,167,37,,person,Outer,0.08934259902196734
Vehicle Stoppage,168,37,,person,Outer,0.08666302556453796
Vehicle Stoppage,169,37,,person,Outer,0.08454306594866276
Vehicle Stoppage,170,37,,person,Outer,0.08217274487322572
Vehicle Stoppage,171,37,,person,Outer,0.08103456052821076
Vehicle Stoppage,172,37,,person,Outer,0.08031251459143758
Vehicle Stoppage,173,37,,person,Outer,0.07962474489754891
Vehicle Stoppage,174,37,,person,Outer,0.07791392686804992
Vehicle Stoppage,175,37,,person,Outer,0.07585776163320142
Vehicle Stoppage,176,37,,person,Outer,0.07407381453658042
Vehicle Stoppage,177,37,,person,Outer,0.07232046736574335
Vehicle Stoppage,178,37,,person,Outer,0.06958060074474992
Vehicle Stoppage,179,37,,person,Outer,0.06615444051611186
Vehicle Stoppage,180,37,,person,Outer,0.06492226120523208
Vehicle Stoppage,181,37,,person,Outer,0.07308132456380309
Vehicle Stoppage,182,37,,person,Outer,0.08945596682167446
Vehicle Stoppage,183,37,,person,Outer,0.10060124253705742
Vehicle Stoppage,184,37,,person,Outer,0.10198651871693569
Vehicle Stoppage,185,37,,person,Outer,0.09780884418088664
Vehicle Stoppage,186,37,,person,Outer,0.09168560410446369
Vehicle Stoppage,187,37,,person,Outer,0.08916484733346634
Vehicle Stoppage,188,37,,person,Outer,0.08369384684670603
Vehicle Stoppage,189,37,,person,Outer,0.0752715749802018
Vehicle Stoppage,190,37,,person,Outer,0.08072552260592392
Vehicle Stoppage,191,37,,person,Outer,0.09495182989284748
Vehicle Stoppage,192,37,,person,Outer,0.11520212671648151
Vehicle Stoppage,193,37,,person,Outer,0.13691329373000544
Vehicle Stoppage,194,37,,person,Outer,0.148307383497925
Vehicle Stoppage,195,37,,person,Outer,0.1530911493196142
Vehicle Stoppage,196,37,,person,Outer,0.15520728075705437
Vehicle Stoppage,197,37,,person,Outer,0.14700574818692852
Vehicle Stoppage,198,37,,person,Outer,0.13397947604017624
Vehicle Stoppage,199,37,,person,Outer,0.1189677267161143
Vehicle Stoppage,200,37,,person,Outer,0.11066932727725426
Vehicle Stoppage,201,37,,person,Outer,0.11060352616440207
Vehicle Stoppage,202,37,,person,Outer,0.1153010841232655
Vehicle Stoppage,203,37,,person,Outer,0.12182910161369083
Vehicle Stoppage,204,37,,person,Outer,0.13045554798474734
Vehicle Stoppage,205,37,,person,Outer,0.13944206682346372
Vehicle Stoppage,206,37,,person,Outer,0.14257226237947146
Vehicle Stoppage,207,37,,person,Outer,0.14548034231469467
Vehicle Stoppage,208,37,,person,Outer,0.15248032659985908
Vehicle Stoppage,209,37,,person,Outer,0.16130096093948537
Vehicle Stoppage,210,37,,person,Outer,0.16001031216768902
Vehicle Stoppage,211,37,,person,Outer,0.1518316501919169
Vehicle Stoppage,212,37,,person,Outer,0.14006227186505435
Vehicle Stoppage,213,37,,person,Outer,0.13666323572929154
Vehicle Stoppage,214,37,,person,Outer,0.12475487966408783
Vehicle Stoppage,215,37,,person,Outer,0.10543514594289602
Vehicle Stoppage,216,37,,person,Outer,0.08717671707514406
Vehicle Stoppage,217,37,,person,Outer,0.07753192890674265
Vehicle Stoppage,218,37,,person,Outer,0.07253116571516206
Vehicle Stoppage,219,37,,person,Outer,0.07080621441653112
Vehicle Stoppage,220,37,,person,Outer,0.06733453794302392
Vehicle Stoppage,221,37,,person,Outer,0.06716576508907232
Vehicle Stoppage,222,37,,person,Outer,0.07041768243842796
Vehicle Stoppage,223,37,,person,Outer,0.0734429029927341
Vehicle Stoppage,224,37,,person,Outer,0.0758358754152696
Vehicle Stoppage,225,37,,person,Outer,0.07788517188784898
Vehicle Stoppage,226,37,,person,Outer,0.07604748516552128
Vehicle Stoppage,227,37,,person,Outer,0.077838936272274
Vehicle Stoppage,228,37,,person,Outer,0.07621299101858914
Vehicle Stoppage,229,37,,person,Outer,0.07542267563538033
Vehicle Stoppage,230,37,,person,Outer,0.0723398230575718
Vehicle Stoppage,231,37,,person,Outer,0.06790360815155715
Vehicle Stoppage,232,37,,person,Outer,0.05979673904152236
Vehicle Stoppage,233,37,,person,Outer,0.05639663110505824
Vehicle Stoppage,234,37,,person,Outer,0.054394209250622716
Vehicle Stoppage,235,37,,person,Outer,0.05359561549231414
Vehicle Stoppage,236,37,,person,Outer,0.051134039543147894
Vehicle Stoppage,237,37,,person,Outer,0.04933406530988776
Vehicle Stoppage,238,37,,person,Outer,0.047404852072335926
Vehicle Stoppage,239,37,,person,Outer,0.0488108594474604
Vehicle Stoppage,240,37,,person,Outer,0.04975319085244897
Vehicle Stoppage,241,37,,person,Outer,0.051129736944364776
Vehicle Stoppage,242,37,,person,Outer,0.05261064531062135
Vehicle Stoppage,243,37,,person,Outer,0.05423522840368586
Vehicle Stoppage,244,37,,person,Outer,0.055828039550031565
Vehicle Stoppage,245,37,,person,Outer,0.058417291960517155
Vehicle Stoppage,246,37,,person,Outer,0.06060074256970871
Vehicle Stoppage,247,37,,person,Outer,0.06316050981427695
Vehicle Stoppage,248,37,,person,Outer,0.06506919393998838
Vehicle Stoppage,249,37,,person,Outer,0.06612541115183514
Vehicle Stoppage,250,37,,person,Outer,0.06621276312011404
Vehicle Stoppage,251,37,,person,Outer,0.06534615520442172
Vehicle Stoppage,252,37,,person,Outer,0.06542721146434882
Vehicle Stoppage,253,37,,person,Outer,0.0647618714985911
Vehicle Stoppage,254,37,,person,Outer,0.06214000321853854
Vehicle Stoppage,255,37,,person,Outer,0.058947094924183166
Vehicle Stoppage,256,37,,person,Outer,0.05604373292349593
Vehicle Stoppage,257,37,,person,Outer,0.053905936593291764
Vehicle Stoppage,258,37,,person,Outer,0.05287059674336572
Vehicle Stoppage,259,37,,person,Outer,0.051119663535672294
Vehicle Stoppage,260,37,,person,Outer,0.04948019805942331
Vehicle Stoppage,261,37,,person,Outer,0.05037955934702156
Vehicle Stoppage,262,37,,person,Outer,0.05260769905631501
Vehicle Stoppage,263,37,,person,Outer,0.05505678886386287
Vehicle Stoppage,264,37,,person,Outer,0.05539404300103347
Vehicle Stoppage,265,37,,person,Outer,0.05523812089490115
Vehicle Stoppage,266,37,,person,Outer,0.05463936310024139
Vehicle Stoppage,267,37,,person,Outer,0.04979407595286926
Vehicle Stoppage,268,37,,person,Outer,0.04125360590299563
Vehicle Stoppage,269,37,,person,Outer,0.031133261955666784
Vehicle Stoppage,270,37,,person,Outer,0.019150979087244033
Vehicle Stoppage,271,37,,person,Outer,0.004440720662235114
Vehicle Stoppage,272,37,,person,Outer,0.019016834647233076
Vehicle Stoppage,273,37,,person,Outer,0.030269621735328326
Vehicle Stoppage,274,37,,person,Outer,0.03256132675429283
Vehicle Stoppage,275,37,,person,Outer,0.030101494979488733
Vehicle Stoppage,276,37,,person,Outer,0.024749343425635936
Vehicle Stoppage,277,37,,person,Outer,0.021242410409365545
Vehicle Stoppage,278,37,,person,Outer,0.013951702405080627
Vehicle Stoppage,279,37,,person,Outer,0.006207253821135297
Vehicle Stoppage,280,37,,person,Outer,0.005536244214268227
Vehicle Stoppage,281,37,,person,Outer,0.019301813386309895
Vehicle Stoppage,282,37,,person,Outer,0.03878479083352226
Vehicle Stoppage,283,37,,person,Outer,0.06166117092628092
Vehicle Stoppage,284,37,,person,Outer,0.07427960689179881
Vehicle Stoppage,285,37,,person,Outer,0.08076942490819324
Vehicle Stoppage,286,37,,person,Outer,0.08516061296162719
Vehicle Stoppage,287,37,,person,Outer,0.08159564939382741
Vehicle Stoppage,288,37,,person,Outer,0.07130504890959916
Vehicle Stoppage,289,37,,person,Outer,0.05868781815675239
Vehicle Stoppage,290,37,,person,Outer,0.049556533373514546
Vehicle Stoppage,291,37,,person,Outer,0.04753367227555714
Vehicle Stoppage,292,37,,person,Outer,0.04946160126805247
Vehicle Stoppage,293,37,,person,Outer,0.05335288183406905
Vehicle Stoppage,294,37,,person,Outer,0.05722551878314295
Vehicle Stoppage,295,37,,person,Outer,0.06368312178277698
Vehicle Stoppage,296,37,,person,Outer,0.07268046505080099
Vehicle Stoppage,297,37,,person,Outer,0.07766595135579053
Vehicle Stoppage,298,37,,person,Outer,0.07959327861069018
Vehicle Stoppage,299,37,,person,Outer,0.08025989035627192
Vehicle Stoppage,300,37,,person,Outer,0.07143388551661317
Vehicle Stoppage,301,37,,person,Outer,0.05806694412485988
Vehicle Stoppage,302,37,,person,Outer,0.04216277979451167
Vehicle Stoppage,303,37,,person,Outer,0.02275434024532181
Vehicle Stoppage,304,37,,person,Outer,0.0016278820596138152
Vehicle Stoppage,305,37,,person,Outer,0.021086725682291092
Vehicle Stoppage,306,37,,person,Outer,0.04257933771208935
Vehicle Stoppage,307,37,,person,Outer,0.053206484567202214
Vehicle Stoppage,308,37,,person,Outer,0.05736453608284208
Vehicle Stoppage,309,37,,person,Outer,0.059110236000208545
Vehicle Stoppage,310,37,,person,Outer,0.060589190455060594
Vehicle Stoppage,311,37,,person,Outer,0.061154313012244166
Vehicle Stoppage,312,37,,person,Outer,0.06102335618433403
Vehicle Stoppage,313,37,,person,Outer,0.06116772024524094
Vehicle Stoppage,314,37,,person,Outer,0.06160462644964203
Vehicle Stoppage,315,37,,person,Outer,0.06233177359902188
Vehicle Stoppage,316,37,,person,Outer,0.062092833724997756
Vehicle Stoppage,317,37,,person,Outer,0.06082737870400451
Vehicle Stoppage,318,37,,person,Outer,0.060191112300739445
Vehicle Stoppage,319,37,,person,Outer,0.06022765145678627
Vehicle Stoppage,320,37,,person,Outer,0.06089466314874755
Vehicle Stoppage,321,37,,person,Outer,0.06135380998764239
Vehicle Stoppage,322,37,,person,Outer,0.06170000000000047
Vehicle Stoppage,323,37,,person,Outer,0.061491869381242306
Vehicle Stoppage,324,37,,person,Outer,0.06060115510450228
Vehicle Stoppage,325,37,,person,Outer,0.058914344602987674
Vehicle Stoppage,326,37,,person,Outer,0.05593728631243743
Vehicle Stoppage,327,37,,person,Outer,0.05348130514488085
Vehicle Stoppage,328,37,,person,Outer,0.051295711321707585
Vehicle Stoppage,329,37,,person,Outer,0.0486913750062586
Vehicle Stoppage,330,37,,person,Outer,0.046110410971923046
Vehicle Stoppage,331,37,,person,Outer,0.04351654857637661
Vehicle Stoppage,332,37,,person,Outer,0.04106446152087894
Vehicle Stoppage,333,37,,person,Outer,0.03856345420213246
Vehicle Stoppage,334,37,,person,Outer,0.03537866588779224
Vehicle Stoppage,335,37,,person,Outer,0.031715768948583085
Vehicle Stoppage,336,37,,person,Outer,0.028873517277947743
Vehicle Stoppage,337,37,,person,Outer,0.026721714016886607
Vehicle Stoppage,338,37,,person,Outer,0.025330021713375676
Vehicle Stoppage,339,37,,person,Outer,0.024262110378120358
Vehicle Stoppage,340,37,,person,Outer,0.02437580767892458
Vehicle Stoppage,341,37,,person,Outer,0.022005681084664875
Vehicle Stoppage,342,37,,person,Outer,0.019589793260779524
Vehicle Stoppage,343,37,,person,Outer,0.01868689380287615
Vehicle Stoppage,344,37,,person,Outer,0.018591395859374818
Vehicle Stoppage,345,37,,person,Outer,0.01862713075060076
Vehicle Stoppage,346,37,,person,Outer,0.020113676938837956
Vehicle Stoppage,347,37,,person,Outer,0.0223486017459762
Vehicle Stoppage,348,37,,person,Outer,0.024640211038057948
Vehicle Stoppage,349,37,,person,Outer,0.027973201461393926
Vehicle Stoppage,350,37,,person,Outer,0.0313057502705191
Vehicle Stoppage,351,37,,person,Outer,0.032596932371004125
Vehicle Stoppage,352,37,,person,Outer,0.03336540124140977
Vehicle Stoppage,353,37,,person,Outer,0.03275255715207784
Vehicle Stoppage,354,37,,person,Outer,0.03211790777743569
Vehicle Stoppage,355,37,,person,Outer,0.032045124434145755
Vehicle Stoppage,356,37,,person,Outer,0.03168627463113617
Vehicle Stoppage,357,37,,person,Outer,0.030432219767873202
Vehicle Stoppage,358,37,,person,Outer,0.02970269348055802
Vehicle Stoppage,359,37,,person,Outer,0.02897999309868394
Vehicle Stoppage,360,37,,person,Outer,0.02941836161311197
Vehicle Stoppage,361,37,,person,Outer,0.03052359742887091
Vehicle Stoppage,362,37,,person,Outer,0.03260076686214765
Vehicle Stoppage,363,37,,person,Outer,0.03452318061824618
Vehicle Stoppage,364,37,,person,Outer,0.035151102400919634
Vehicle Stoppage,365,37,,person,Outer,0.03497785013405044
Vehicle Stoppage,366,37,,person,Outer,0.03270856157033072
Vehicle Stoppage,367,37,,person,Outer,0.029877918267508574
Vehicle Stoppage,368,37,,person,Outer,0.027523081222853824
Vehicle Stoppage,369,37,,person,Outer,0.026379537524374806
Vehicle Stoppage,370,37,,person,Outer,0.026437284278080127
Vehicle Stoppage,371,37,,person,Outer,0.02739799262719554
Vehicle Stoppage,372,37,,person,Outer,0.028723683607780503
Vehicle Stoppage,373,37,,person,Outer,0.030292573347275656
Vehicle Stoppage,374,37,,person,Outer,0.030900647242412083
Vehicle Stoppage,375,37,,person,Outer,0.031013706647226018
Vehicle Stoppage,376,37,,person,Outer,0.030537354174849998
Vehicle Stoppage,377,37,,person,Outer,0.030885757235333357
Vehicle Stoppage,378,37,,person,Outer,0.031902507738421064
Vehicle Stoppage,379,37,,person,Outer,0.03270015290483968
Vehicle Stoppage,380,37,,person,Outer,0.03340014970026365
Vehicle Stoppage,381,37,,person,Outer,0.0343005830854247
Vehicle Stoppage,382,37,,person,Outer,0.03531147122395153
Vehicle Stoppage,383,37,,person,Outer,0.03680665700657913
Vehicle Stoppage,384,37,,person,Outer,0.036619666847201096
Vehicle Stoppage,385,37,,person,Outer,0.03563663844977812
Vehicle Stoppage,386,37,,person,Outer,0.034936656966578106
Vehicle Stoppage,387,37,,person,Outer,0.03253936078044918
Vehicle Stoppage,388,37,,person,Outer,0.028999999999997243
Vehicle Stoppage,389,37,,person,Outer,0.02364339231160093
Vehicle Stoppage,390,37,,person,Outer,0.01724180964980419
Vehicle Stoppage,391,37,,person,Outer,0.011788977903104543
Vehicle Stoppage,392,37,,person,Outer,0.013309019498067346
Vehicle Stoppage,393,37,,person,Outer,0.02055723716845279
Vehicle Stoppage,394,37,,person,Outer,0.026761539567072407
Vehicle Stoppage,395,37,,person,Outer,0.031303993355482715
Vehicle Stoppage,396,37,,person,Outer,0.03335685836526186
Vehicle Stoppage,397,37,,person,Outer,0.0346301891418469
Vehicle Stoppage,398,37,,person,Outer,0.03470705980056433
Vehicle Stoppage,399,37,,person,Outer,0.034525353003263114
Vehicle Stoppage,400,37,,person,Outer,0.03442165016381269
Vehicle Stoppage,401,37,,person,Outer,0.03374270291485208
Vehicle Stoppage,402,37,,person,Outer,0.032703516630481
Vehicle Stoppage,403,37,,person,Outer,0.032097507691408476
Vehicle Stoppage,404,37,,person,Outer,0.03131932310890329
Vehicle Stoppage,405,37,,person,Outer,0.03040592047611812
Vehicle Stoppage,406,37,,person,Outer,0.029453183189600458
Vehicle Stoppage,407,37,,person,Outer,0.029373627627514397
Vehicle Stoppage,408,37,,person,Outer,0.03119246703933698
Vehicle Stoppage,409,37,,person,Outer,0.029978659076082968
Vehicle Stoppage,410,37,,person,Outer,0.030500491799315403
Vehicle Stoppage,411,37,,person,Outer,0.032172659200010736
Vehicle Stoppage,412,37,,person,Outer,0.03478059803970952
Vehicle Stoppage,413,37,,person,Outer,0.03750213327266005
Vehicle Stoppage,414,37,,person,Outer,0.03913374502906284
Vehicle Stoppage,415,37,,person,Outer,0.040065571255130224
Vehicle Stoppage,416,37,,person,Outer,0.04450269654751253
Vehicle Stoppage,417,37,,person,Outer,0.04834728534261138
Vehicle Stoppage,418,37,,person,Outer,0.05218055193268167
Vehicle Stoppage,419,37,,person,Outer,0.05557634388838665
Vehicle Stoppage,420,37,,person,Outer,0.05950974710079198
Vehicle Stoppage,421,37,,person,Outer,0.06323606565876615
Vehicle Stoppage,422,37,,person,Outer,0.06725213751250299
Vehicle Stoppage,423,37,,person,Outer,0.0712686466828168
Vehicle Stoppage,424,37,,person,Outer,0.07381957734910727
Vehicle Stoppage,425,37,,person,Outer,0.07551297901685323
Vehicle Stoppage,426,37,,person,Outer,0.07648012813796749
Vehicle Stoppage,427,37,,person,Outer,0.07733692520393894
Vehicle Stoppage,428,37,,person,Outer,0.07761372301339561
Vehicle Stoppage,429,37,,person,Outer,0.07775789348998606
Vehicle Stoppage,430,37,,person,Outer,0.07794337688347837
Vehicle Stoppage,431,37,,person,Outer,0.08363761115670161
Vehicle Stoppage,432,37,,person,Outer,0.09271946936862373
Vehicle Stoppage,433,37,,person,Outer,0.100237168754905
Vehicle Stoppage,434,37,,person,Outer,0.10661341379019844
Vehicle Stoppage,435,37,,person,Outer,0.11238705441463782
Vehicle Stoppage,436,37,,person,Outer,0.11746735716784988
Vehicle Stoppage,437,37,,person,Outer,0.12136593426492803
Vehicle Stoppage,438,37,,person,Outer,0.11904625151595083
Vehicle Stoppage,439,37,,person,Outer,0.11334323976312373
Vehicle Stoppage,440,37,,person,Outer,0.1081710219975735
Vehicle Stoppage,441,37,,person,Outer,0.10403162980555813
Vehicle Stoppage,442,37,,person,Outer,0.1003400717559978
Vehicle Stoppage,443,37,,person,Outer,0.09724628527609763
Vehicle Stoppage,444,37,,person,Outer,0.0953004721919064
Vehicle Stoppage,445,37,,person,Outer,0.09403323880416026
Vehicle Stoppage,446,37,,person,Outer,0.0934561394452029
Vehicle Stoppage,447,37,,person,Outer,0.0944824322294828
Vehicle Stoppage,448,37,,person,Outer,0.09559466512311413
Vehicle Stoppage,449,37,,person,Outer,0.0972380583927933
Vehicle Stoppage,450,37,,person,Outer,0.09960582312295076
Vehicle Stoppage,451,37,,person,Outer,0.10136606927370286
Vehicle Stoppage,452,37,,person,Outer,0.10282164169084129
Vehicle Stoppage,453,37,,person,Outer,0.10420158348125294
Vehicle Stoppage,454,37,,person,Outer,0.10490533828170728
Vehicle Stoppage,455,37,,person,Outer,0.10512378417845966
Vehicle Stoppage,456,37,,person,Outer,0.10390635206761886
Vehicle Stoppage,457,37,,person,Outer,0.10166375952127445
Vehicle Stoppage,458,37,,person,Outer,0.0996242942258587
Vehicle Stoppage,459,37,,person,Outer,0.09760081966868918
Vehicle Stoppage,460,37,,person,Outer,0.09576768766134088
Vehicle Stoppage,461,37,,person,Outer,0.09525024934351173
Vehicle Stoppage,462,37,,person,Outer,0.09533650927110715
Vehicle Stoppage,463,37,,person,Outer,0.09648777124589843
Vehicle Stoppage,464,37,,person,Outer,0.09888275886118743
Vehicle Stoppage,465,37,,person,Outer,0.1018069251082645
Vehicle Stoppage,466,37,,person,Outer,0.10361819338320956
Vehicle Stoppage,467,37,,person,Outer,0.10344394617376233
Vehicle Stoppage,468,37,,person,Outer,0.10131855703671064
Vehicle Stoppage,469,37,,person,Outer,0.09831144389134136
Vehicle Stoppage,470,37,,person,Outer,0.09562306207187093
Vehicle Stoppage,471,37,,person,Outer,0.09269519944419714
Vehicle Stoppage,472,37,,person,Outer,0.0898684594282116
Vehicle Stoppage,473,37,,person,Outer,0.08801863439068029
Vehicle Stoppage,474,37,,person,Outer,0.08791888306842657
Vehicle Stoppage,475,37,,person,Outer,0.08897640136575459
Vehicle Stoppage,476,37,,person,Outer,0.09076370419941937
Vehicle Stoppage,477,37,,person,Outer,0.09392576856219814
Vehicle Stoppage,478,37,,person,Outer,0.09829470992886222
Vehicle Stoppage,479,37,,person,Outer,0.10451650587347143
Vehicle Stoppage,480,37,,person,Outer,0.11194641575325262
Vehicle Stoppage,481,37,,person,Outer,0.12027343846419437
Vehicle Stoppage,482,37,,person,Outer,0.1290102709089493
Vehicle Stoppage,483,37,,person,Outer,0.13794843239413207
Vehicle Stoppage,484,37,,person,Outer,0.14277233625601837
Vehicle Stoppage,485,37,,person,Outer,0.14554342994446953
Vehicle Stoppage,486,37,,person,Outer,0.1462762455082879
Vehicle Stoppage,487,37,,person,Outer,0.14630218727005193
Vehicle Stoppage,488,37,,person,Outer,0.14518195480155094
Vehicle Stoppage,489,37,,person,Outer,0.14257699674210728
Vehicle Stoppage,490,37,,person,Outer,0.13817387596792802
Vehicle Stoppage,491,37,,person,Outer,0.13470627305362798
Vehicle Stoppage,492,37,,person,Outer,0.1316407231824613
Vehicle Stoppage,493,37,,person,Outer,0.12766362050325922
Vehicle Stoppage,494,37,,person,Outer,0.12306928942673089
Vehicle Stoppage,495,37,,person,Outer,0.11835848089596186
Vehicle Stoppage,496,37,,person,Outer,0.11378404984882576
Vehicle Stoppage,497,37,,person,Outer,0.10839598701059071
Vehicle Stoppage,498,37,,person,Outer,0.10199200949093609
Vehicle Stoppage,499,37,,person,Outer,0.09755762399730494
Vehicle Stoppage,500,37,,person,Outer,0.09228304286270192
Vehicle Stoppage,501,37,,person,Outer,0.08731597791927814
Vehicle Stoppage,502,37,,person,Outer,0.08252181529753423
Vehicle Stoppage,503,37,,person,Outer,0.07898063053685808
Vehicle Stoppage,504,37,,person,Outer,0.07798031802961919
Vehicle Stoppage,505,37,,person,Outer,0.07892534447184611
Vehicle Stoppage,506,37,,person,Outer,0.07731455231714247
Vehicle Stoppage,507,37,,person,Outer,0.07540324926686041
Vehicle Stoppage,508,37,,person,Outer,0.07330027285079148
Vehicle Stoppage,509,37,,person,Outer,0.07112812383298309
Vehicle Stoppage,510,37,,person,Outer,0.06811174641719091
Vehicle Stoppage,511,37,,person,Outer,0.06474758682761751
Vehicle Stoppage,512,37,,person,Outer,0.06118986844240861
Vehicle Stoppage,513,37,,person,Outer,0.058018790059772896
Vehicle Stoppage,514,37,,person,Outer,0.057720100485012193
Vehicle Stoppage,515,37,,person,Outer,0.05882176467941656
Vehicle Stoppage,516,37,,person,Outer,0.05494815738493804
Vehicle Stoppage,517,37,,person,Outer,0.05416354862820498
Vehicle Stoppage,518,37,,person,Outer,0.05521231746630462
Vehicle Stoppage,519,37,,person,Outer,0.057212586027900116
Vehicle Stoppage,520,37,,person,Outer,0.060271552161861995
Vehicle Stoppage,521,37,,person,Outer,0.06164746547912992
Vehicle Stoppage,522,37,,person,Outer,0.06244141254007572
Vehicle Stoppage,523,37,,person,Outer,0.06781445273686312
Vehicle Stoppage,524,37,,person,Outer,0.06331413744181029
Vehicle Stoppage,525,37,,person,Outer,0.0539411716595059
Vehicle Stoppage,526,37,,person,Outer,0.04304880950734709
Vehicle Stoppage,527,37,,person,Outer,0.03452144261180131
Vehicle Stoppage,528,37,,person,Outer,0.03232243802685677
Vehicle Stoppage,529,37,,person,Outer,0.034444883509749974
Vehicle Stoppage,530,37,,person,Outer,0.03521505359927849
Vehicle Stoppage,531,37,,person,Outer,0.03114048811435067
Vehicle Stoppage,532,37,,person,Outer,0.02505294393878583
Vehicle Stoppage,533,37,,person,Outer,0.022816222299053977
Vehicle Stoppage,534,37,,person,Outer,0.028456457966514095
Vehicle Stoppage,535,37,,person,Outer,0.038756934863322705
Vehicle Stoppage,536,37,,person,Outer,0.03968085180536681
Vehicle Stoppage,537,37,,person,Outer,0.034139712945484735
Vehicle Stoppage,538,37,,person,Outer,0.026434258075460803
Vehicle Stoppage,539,37,,person,Outer,0.019549424543960765
Vehicle Stoppage,540,37,,person,Outer,0.018964440408301263
Vehicle Stoppage,541,37,,person,Outer,0.02670973605261003
Vehicle Stoppage,542,37,,person,Outer,0.03826486639203191
Vehicle Stoppage,543,37,,person,Outer,0.04652139292841709
Vehicle Stoppage,544,37,,person,Outer,0.05198047710438591
Vehicle Stoppage,545,37,,person,Outer,0.05538312017211966
Vehicle Stoppage,546,37,,person,Outer,0.05677763644253198
Vehicle Stoppage,547,37,,person,Outer,0.05674407458052046
Vehicle Stoppage,548,37,,person,Outer,0.056921876286713025
Vehicle Stoppage,549,37,,person,Outer,0.05344623466625061
Vehicle Stoppage,550,37,,person,Outer,0.05246046130182134
Vehicle Stoppage,551,37,,person,Outer,0.0540830842315816
Vehicle Stoppage,552,37,,person,Outer,0.05728420375635563
Vehicle Stoppage,553,37,,person,Outer,0.060785277822840385
Vehicle Stoppage,554,37,,person,Outer,0.0648526021066208
Vehicle Stoppage,555,37,,person,Outer,0.0692249954857369
Vehicle Stoppage,556,37,,person,Outer,0.0733989100736489
Vehicle Stoppage,557,37,,person,Outer,0.07425281139458402
Vehicle Stoppage,558,37,,person,Outer,0.0720544932672542
Vehicle Stoppage,559,37,,person,Outer,0.06803557892749666
Vehicle Stoppage,560,37,,person,Outer,0.06440885032353931
Vehicle Stoppage,561,37,,person,Outer,0.05990409001061364
Vehicle Stoppage,562,37,,person,Outer,0.05549315273076777
Vehicle Stoppage,563,37,,person,Outer,0.05379609651266593
Vehicle Stoppage,564,37,,person,Outer,0.05465025160051975
Vehicle Stoppage,565,37,,person,Outer,0.057311080952988085
Vehicle Stoppage,566,37,,person,Outer,0.06169935169837555
Vehicle Stoppage,567,37,,person,Outer,0.06675462530791482
Vehicle Stoppage,568,37,,person,Outer,0.07143402550605842
Vehicle Stoppage,569,37,,person,Outer,0.07574859734674887
Vehicle Stoppage,570,37,,person,Outer,0.07942304451480107
Vehicle Stoppage,571,37,,person,Outer,0.0820519347730466
Vehicle Stoppage,572,37,,person,Outer,0.08425259639916134
Vehicle Stoppage,573,37,,person,Outer,0.08440379138403545
Vehicle Stoppage,574,37,,person,Outer,0.08423265400069192
Vehicle Stoppage,575,37,,person,Outer,0.08548198640649575
Vehicle Stoppage,576,37,,person,Outer,0.08801664615287094
Vehicle Stoppage,577,37,,person,Outer,0.09161577375103293
Vehicle Stoppage,578,37,,person,Outer,0.09675246766878935
Vehicle Stoppage,579,37,,person,Outer,0.10378101945923694
Vehicle Stoppage,580,37,,person,Outer,0.1070772151300143
Vehicle Stoppage,581,37,,person,Outer,0.10438644548023969
Vehicle Stoppage,582,37,,person,Outer,0.09836300117422249
Vehicle Stoppage,583,37,,person,Outer,0.09121677477306557
Vehicle Stoppage,584,37,,person,Outer,0.08403100618224157
Vehicle Stoppage,585,37,,person,Outer,0.0777613014294402
Vehicle Stoppage,586,37,,person,Outer,0.07355678078872291
Vehicle Stoppage,587,37,,person,Outer,0.07069915133860982
Vehicle Stoppage,588,37,,person,Outer,0.06949856113618648
Vehicle Stoppage,589,37,,person,Outer,0.06801654210558039
Vehicle Stoppage,590,37,,person,Outer,0.06523710600570877
Vehicle Stoppage,591,37,,person,Outer,0.06304680800801804
Vehicle Stoppage,592,37,,person,Outer,0.06132413880357379
Vehicle Stoppage,593,37,,person,Outer,0.058988558212588166
Vehicle Stoppage,594,37,,person,Outer,0.057627944610233225
Vehicle Stoppage,595,37,,person,Outer,0.056923984400250004
Vehicle Stoppage,596,37,,person,Outer,0.05605229700913365
Vehicle Stoppage,597,37,,person,Outer,0.05462426200874429
Vehicle Stoppage,598,37,,person,Outer,0.05329999999999844
Vehicle Stoppage,599,37,,person,Outer,0.05219894634952028
Vehicle Stoppage,600,37,,person,Outer,0.05088732651652935
Vehicle Stoppage,601,37,,person,Outer,0.05053998417095256
Vehicle Stoppage,602,37,,person,Outer,0.05206006146750126
Vehicle Stoppage,603,37,,person,Outer,0.05313981558115984
Vehicle Stoppage,604,37,,person,Outer,0.053624714451453434
Vehicle Stoppage,605,37,,person,Outer,0.05382675914450246
Vehicle Stoppage,606,37,,person,Outer,0.052450357482097754
Vehicle Stoppage,607,37,,person,Outer,0.0514060307746112
Vehicle Stoppage,608,37,,person,Outer,0.047664242362593354
Vehicle Stoppage,609,37,,person,Outer,0.042186490728668875
Vehicle Stoppage,610,37,,person,Outer,0.0390243513719314
Vehicle Stoppage,611,37,,person,Outer,0.04029404422491902
Vehicle Stoppage,612,37,,person,Outer,0.04675906329258698
Vehicle Stoppage,613,37,,person,Outer,0.0626751944552218
Vehicle Stoppage,614,37,,person,Outer,0.07599960526213208
Vehicle Stoppage,615,37,,person,Outer,0.0865014450746316
Vehicle Stoppage,616,37,,person,Outer,0.0954461104498224
Vehicle Stoppage,617,37,,person,Outer,0.09789591411289947
Vehicle Stoppage,618,37,,person,Outer,0.0908000550660613
Vehicle Stoppage,619,37,,person,Outer,0.08497793831341897
Vehicle Stoppage,620,37,,person,Outer,0.08312424435746725
Vehicle Stoppage,621,37,,person,Outer,0.08446306885260704
Vehicle Stoppage,622,37,,person,Outer,0.08786011609371064
Vehicle Stoppage,623,37,,person,Outer,0.09278114032496022
Vehicle Stoppage,624,37,,person,Outer,0.10307749511896308
Vehicle Stoppage,625,37,,person,Outer,0.11904839352129092
Vehicle Stoppage,626,37,,person,Outer,0.1302838823492719
Vehicle Stoppage,627,37,,person,Outer,0.1328546950619378
Vehicle Stoppage,628,37,,person,Outer,0.1300449922142371
Vehicle Stoppage,629,37,,person,Outer,0.12423622660077802
Vehicle Stoppage,630,37,,person,Outer,0.11654844486307192
Vehicle Stoppage,631,37,,person,Outer,0.10863084276576757
Vehicle Stoppage,632,37,,person,Outer,0.1009281427551262
Vehicle Stoppage,633,37,,person,Outer,0.09691604614304156
Vehicle Stoppage,634,37,,person,Outer,0.09188514569831456
Vehicle Stoppage,635,37,,person,Outer,0.08680092165409396
Vehicle Stoppage,636,37,,person,Outer,0.08184277610149417
Vehicle Stoppage,637,37,,person,Outer,0.07709228236341585
Vehicle Stoppage,638,37,,person,Outer,0.07159958100436224
Vehicle Stoppage,639,37,,person,Outer,0.06879542135927202
Vehicle Stoppage,640,37,,person,Outer,0.06452635120631255
Vehicle Stoppage,641,37,,person,Outer,0.06146779644659749
Vehicle Stoppage,642,37,,person,Outer,0.058975588170022956
Vehicle Stoppage,643,37,,person,Outer,0.05632060013885382
Vehicle Stoppage,644,37,,person,Outer,0.05253760557924386
Vehicle Stoppage,645,37,,person,Outer,0.04822499351995634
Vehicle Stoppage,646,37,,person,Outer,0.042135970381613784
Vehicle Stoppage,647,37,,person,Outer,0.039687277558431884
Vehicle Stoppage,648,37,,person,Outer,0.03935479640399355
Vehicle Stoppage,649,37,,person,Outer,0.039957227131021664
Vehicle Stoppage,650,37,,person,Outer,0.0412961257262706
Vehicle Stoppage,651,37,,person,Outer,0.04415653971950445
Vehicle Stoppage,652,37,,person,Outer,0.04902295380737425
Vehicle Stoppage,653,37,,person,Outer,0.05600357131469396
Vehicle Stoppage,654,37,,person,Outer,0.0632678433329272
Vehicle Stoppage,655,37,,person,Outer,0.07064736371585302
Vehicle Stoppage,656,37,,person,Outer,0.07636177053997602
Vehicle Stoppage,657,37,,person,Outer,0.08081584003151566
Vehicle Stoppage,658,37,,person,Outer,0.08227059012794251
Vehicle Stoppage,659,37,,person,Outer,0.08084008906477519
Vehicle Stoppage,660,37,,person,Outer,0.07742725618281629
Vehicle Stoppage,661,37,,person,Outer,0.07437472689025353
Vehicle Stoppage,662,37,,person,Outer,0.07113937025304745
Vehicle Stoppage,663,37,,person,Outer,0.07453066482998572
Vehicle Stoppage,664,37,,person,Outer,0.07393950229748594
Vehicle Stoppage,665,37,,person,Outer,0.0724953101931427
Vehicle Stoppage,666,37,,person,Outer,0.0719756903405624
Vehicle Stoppage,667,37,,person,Outer,0.0726587228073804
Vehicle Stoppage,668,37,,person,Outer,0.07354515619672011
Vehicle Stoppage,669,37,,person,Outer,0.07557486354602443
Vehicle Stoppage,670,37,,person,Outer,0.06399062431325186
Vehicle Stoppage,671,37,,person,Outer,0.0573384687622532
Vehicle Stoppage,672,37,,person,Outer,0.05254302998495353
Vehicle Stoppage,673,37,,person,Outer,0.05030159043211258
Vehicle Stoppage,674,37,,person,Outer,0.05225217698814259
Vehicle Stoppage,675,37,,person,Outer,0.05893131595340254
Vehicle Stoppage,676,37,,person,Outer,0.06838106463049486
Vehicle Stoppage,677,37,,person,Outer,0.08171805186126094
Vehicle Stoppage,678,37,,person,Outer,0.09172589601633499
Vehicle Stoppage,679,37,,person,Outer,0.10018088640054955
Vehicle Stoppage,680,37,,person,Outer,0.10650469473220825
Vehicle Stoppage,681,37,,person,Outer,0.1073119285075029
Vehicle Stoppage,682,37,,person,Outer,0.10517247738834011
Vehicle Stoppage,683,37,,person,Outer,0.10318745078739519
Vehicle Stoppage,684,37,,person,Outer,0.10008101718108019
Vehicle Stoppage,685,37,,person,Outer,0.09673970229434839
Vehicle Stoppage,686,37,,person,Outer,0.09278793024957488
Vehicle Stoppage,687,37,,person,Outer,0.09034406455324329
Vehicle Stoppage,688,37,,person,Outer,0.09062240341107838
Vehicle Stoppage,689,37,,person,Outer,0.09211557957262179
Vehicle Stoppage,690,37,,person,Outer,0.0950504076792952
Vehicle Stoppage,691,37,,person,Outer,0.0926188965600425
Vehicle Stoppage,692,37,,person,Outer,0.08818304825758574
Vehicle Stoppage,693,37,,person,Outer,0.08438275890251772
Vehicle Stoppage,694,37,,person,Outer,0.08114493206602706
Vehicle Stoppage,695,37,,person,Outer,0.07771904528492456
Vehicle Stoppage,696,37,,person,Outer,0.07427947226522186
Vehicle Stoppage,697,37,,person,Outer,0.07035481504488404
Vehicle Stoppage,698,37,,person,Outer,0.0706002832855514
Vehicle Stoppage,699,37,,person,Outer,0.07391731867431459
Vehicle Stoppage,700,37,,person,Outer,0.07404032684963197
Vehicle Stoppage,701,37,,person,Outer,0.06881111828767529
Vehicle Stoppage,702,37,,person,Outer,0.061850222311646184
Vehicle Stoppage,703,37,,person,Outer,0.05518061253737416
Vehicle Stoppage,704,37,,person,Outer,0.05022877661261543
Vehicle Stoppage,705,37,,person,Outer,0.04905394989192961
Vehicle Stoppage,706,37,,person,Outer,0.05174910627247651
Vehicle Stoppage,707,37,,person,Outer,0.0546564726267631
Vehicle Stoppage,708,37,,person,Outer,0.052210822632859616
Vehicle Stoppage,709,37,,person,Outer,0.04538127367097445
Vehicle Stoppage,710,37,,person,Outer,0.04369004463261891
Vehicle Stoppage,711,37,,person,Outer,0.04425494322671881
Vehicle Stoppage,712,37,,person,Outer,0.046118651324602425
Vehicle Stoppage,713,37,,person,Outer,0.048972237032830185
Vehicle Stoppage,714,37,,person,Outer,0.05577759406786835
Vehicle Stoppage,715,37,,person,Outer,0.06547006949744626
Vehicle Stoppage,716,37,,person,Outer,0.07793138007247075
Vehicle Stoppage,717,37,,person,Outer,0.08508331211230326
Vehicle Stoppage,718,37,,person,Outer,0.08895082911361651
Vehicle Stoppage,719,37,,person,Outer,0.09087882041488181
Vehicle Stoppage,720,37,,person,Outer,0.09097235843925264
Vehicle Stoppage,721,37,,person,Outer,0.08980556775612482
Vehicle Stoppage,722,37,,person,Outer,0.08764730457920766
Vehicle Stoppage,723,37,,person,Outer,0.08644680445222065
Vehicle Stoppage,724,37,,person,Outer,0.08419453663985597
Vehicle Stoppage,725,37,,person,Outer,0.0818980463747434
Vehicle Stoppage,726,37,,person,Outer,0.07899778477906762
Vehicle Stoppage,727,37,,person,Outer,0.07631127046511597
Vehicle Stoppage,728,37,,person,Outer,0.07394166619707875
Vehicle Stoppage,729,37,,person,Outer,0.07114000281136186
Vehicle Stoppage,730,37,,person,Outer,0.07134122230520164
Vehicle Stoppage,731,37,,person,Outer,0.0741229384198973
Vehicle Stoppage,732,37,,person,Outer,0.07844208054354598
Vehicle Stoppage,733,37,,person,Outer,0.08451490992718783
Vehicle Stoppage,734,37,,person,Outer,0.08855518053733727
Vehicle Stoppage,735,37,,person,Outer,0.09130854286429174
Vehicle Stoppage,736,37,,person,Outer,0.0941847121352507
Vehicle Stoppage,737,37,,person,Outer,0.09285413291825037
Vehicle Stoppage,738,37,,person,Outer,0.08928124103079682
Vehicle Stoppage,739,37,,person,Outer,0.08533287760294704
Vehicle Stoppage,740,37,,person,Outer,0.07721929810610405
Vehicle Stoppage,741,37,,person,Outer,0.0703614951518204
Vehicle Stoppage,742,37,,person,Outer,0.0649569087934449
Vehicle Stoppage,743,37,,person,Outer,0.05912774306533157
Vehicle Stoppage,744,37,,person,Outer,0.05192648649773833
Vehicle Stoppage,745,37,,person,Outer,0.04522797806668044
Vehicle Stoppage,746,37,,person,Outer,0.04213525839484026
Vehicle Stoppage,747,37,,person,Outer,0.05490719442841746
Vehicle Stoppage,748,37,,person,Outer,0.06631998190590647
Vehicle Stoppage,749,37,,person,Outer,0.07710149155495945
Vehicle Stoppage,750,37,,person,Outer,0.08680115206609078
Vehicle Stoppage,751,37,,person,Outer,0.09319275722930705
Vehicle Stoppage,752,37,,person,Outer,0.09754532279919796
Vehicle Stoppage,753,37,,person,Outer,0.097146950544008
Vehicle Stoppage,754,37,,person,Outer,0.08440290279368583
Vehicle Stoppage,755,37,,person,Outer,0.07741014145446072
Vehicle Stoppage,756,37,,person,Outer,0.07290850430505187
Vehicle Stoppage,757,37,,person,Outer,0.06931089380465057
Vehicle Stoppage,758,37,,person,Outer,0.06720632410718318
Vehicle Stoppage,759,37,,person,Outer,0.066540589116715
Vehicle Stoppage,760,37,,person,Outer,0.06527671866753208
Vehicle Stoppage,761,37,,person,Outer,0.06545418244848769
Vehicle Stoppage,762,37,,person,Outer,0.06561417529772447
Vehicle Stoppage,763,37,,person,Outer,0.06600742382489809
Vehicle Stoppage,764,37,,person,Outer,0.0643976707653272
Vehicle Stoppage,765,37,,person,Outer,0.06227110084140581
Vehicle Stoppage,766,37,,person,Outer,0.05945695922261823
Vehicle Stoppage,767,37,,person,Outer,0.05500327262991056
Vehicle Stoppage,768,37,,person,Outer,0.04997639442776928
Vehicle Stoppage,769,37,,person,Outer,0.043442490720492104
Vehicle Stoppage,770,37,,person,Outer,0.03550887213077549
Vehicle Stoppage,771,37,,person,Outer,0.03136000637755519
Vehicle Stoppage,772,37,,person,Outer,0.029395577898721638
Vehicle Stoppage,773,37,,person,Outer,0.028050846689536186
Vehicle Stoppage,774,37,,person,Outer,0.029068883707501967
Vehicle Stoppage,775,37,,person,Outer,0.03122002562459521
Vehicle Stoppage,776,37,,person,Outer,0.035406920227551535
Vehicle Stoppage,777,37,,person,Outer,0.04068967928111281
Vehicle Stoppage,778,37,,person,Outer,0.044774322998789924
Vehicle Stoppage,779,37,,person,Outer,0.04713904962979165
Vehicle Stoppage,780,37,,person,Outer,0.04791200267156407
Vehicle Stoppage,781,37,,person,Outer,0.047689831201211126
Vehicle Stoppage,782,37,,person,Outer,0.04784652547469255
Vehicle Stoppage,783,37,,person,Outer,0.05020597573994489
Vehicle Stoppage,784,37,,person,Outer,0.05513809935063008
Vehicle Stoppage,785,37,,person,Outer,0.061763500548464814
Vehicle Stoppage,786,37,,person,Outer,0.06602734282098935
Vehicle Stoppage,787,37,,person,Outer,0.06901485347372789
Vehicle Stoppage,788,37,,person,Outer,0.07095491526314554
Vehicle Stoppage,789,37,,person,Outer,0.07255466904341404
Vehicle Stoppage,790,37,,person,Outer,0.06963224827621065
Vehicle Stoppage,791,37,,person,Outer,0.06239390995922796
Vehicle Stoppage,792,37,,person,Outer,0.05314132102234095
Vehicle Stoppage,793,37,,person,Outer,0.04715612367445004
Vehicle Stoppage,794,37,,person,Outer,0.043698626980720155
Vehicle Stoppage,795,37,,person,Outer,0.04145129672277963
Vehicle Stoppage,796,37,,person,Outer,0.03988546101024864
Vehicle Stoppage,797,37,,person,Outer,0.038223160518200766
Vehicle Stoppage,798,37,,person,Outer,0.03786515548627257
Vehicle Stoppage,799,37,,person,Outer,0.037521727039144095
Vehicle Stoppage,800,37,,person,Outer,0.038680356771881814
Vehicle Stoppage,801,37,,person,Outer,0.04010049875001875
Vehicle Stoppage,802,37,,person,Outer,0.04238348735061981
Vehicle Stoppage,803,37,,person,Outer,0.04428148597325524
Vehicle Stoppage,804,37,,person,Outer,0.04682873049742059
Vehicle Stoppage,805,37,,person,Outer,0.05010159678094697
Vehicle Stoppage,806,37,,person,Outer,0.05323542053933708
Vehicle Stoppage,807,37,,person,Outer,0.054330286213121214
Vehicle Stoppage,808,37,,person,Outer,0.05419381883572792
Vehicle Stoppage,809,37,,person,Outer,0.05295252590765168
Vehicle Stoppage,810,37,,person,Outer,0.05152416908596921
Vehicle Stoppage,811,37,,person,Outer,0.04831935430031579
Vehicle Stoppage,812,37,,person,Outer,0.044906681017418355
Vehicle Stoppage,813,37,,person,Outer,0.04224275085739728
Vehicle Stoppage,814,37,,person,Outer,0.040857312686963215
Vehicle Stoppage,815,37,,person,Outer,0.038643498806397836
Vehicle Stoppage,816,37,,person,Outer,0.037462114195545175
Vehicle Stoppage,817,37,,person,Outer,0.03656460036702026
Vehicle Stoppage,818,37,,person,Outer,0.03556079301702927
Vehicle Stoppage,819,37,,person,Outer,0.035739334073257564
Vehicle Stoppage,820,37,,person,Outer,0.038654495210777025
Vehicle Stoppage,821,37,,person,Outer,0.04302046024858427
Vehicle Stoppage,822,37,,person,Outer,0.043521948485793625
Vehicle Stoppage,823,37,,person,Outer,0.04693197204465301
Vehicle Stoppage,824,37,,person,Outer,0.052674471995458945
Vehicle Stoppage,825,37,,person,Outer,0.06296427558544399
Vehicle Stoppage,826,37,,person,Outer,0.07846100942506479
Vehicle Stoppage,827,37,,person,Outer,0.09120274118687338
Vehicle Stoppage,828,37,,person,Outer,0.10279854084567412
Vehicle Stoppage,829,37,,person,Outer,0.10830295471500287
Vehicle Stoppage,830,37,,person,Outer,0.10430690293551496
Vehicle Stoppage,831,37,,person,Outer,0.09563012077791977
Vehicle Stoppage,832,37,,person,Outer,0.08496411007007357
Vehicle Stoppage,833,37,,person,Outer,0.07328847112609173
Vehicle Stoppage,834,37,,person,Outer,0.05947074911248754
Vehicle Stoppage,835,37,,person,Outer,0.04412901539803513
Vehicle Stoppage,836,37,,person,Outer,0.029101546350666335
Vehicle Stoppage,837,37,,person,Outer,0.008062257748303556
Vehicle Stoppage,838,37,,person,Outer,0.005852349955358982
Vehicle Stoppage,839,37,,person,Outer,0.012826924806822964
Vehicle Stoppage,840,37,,person,Outer,0.01850027026829915
Vehicle Stoppage,841,37,,person,Outer,0.02114000946073287
Vehicle Stoppage,842,37,,person,Outer,0.021224985276795404
Vehicle Stoppage,843,37,,person,Outer,0.021554117936019766
Vehicle Stoppage,844,37,,person,Outer,0.012093386622449782
Vehicle Stoppage,845,37,,person,Outer,0.011921828718780374
Vehicle Stoppage,846,37,,person,Outer,0.013652838532697303
Vehicle Stoppage,847,37,,person,Outer,0.014325152704247487
Vehicle Stoppage,848,37,,person,Outer,0.014756693396558421
Vehicle Stoppage,849,37,,person,Outer,0.015556991997168545
Vehicle Stoppage,850,37,,person,Outer,0.017722866585287437
Vehicle Stoppage,851,37,,person,Outer,0.02002423531623569
Vehicle Stoppage,852,37,,person,Outer,0.02267708094089598
Vehicle Stoppage,853,37,,person,Outer,0.022884492565928123
Vehicle Stoppage,854,37,,person,Outer,0.023242202993694887
Vehicle Stoppage,855,37,,person,Outer,0.023300858353287206
Vehicle Stoppage,856,37,,person,Outer,0.024025195108469736
Vehicle Stoppage,857,37,,person,Outer,0.024298559628090317
Vehicle Stoppage,858,37,,person,Outer,0.02451652503924304
Vehicle Stoppage,859,37,,person,Outer,0.02517717220022577
Vehicle Stoppage,860,37,,person,Outer,0.03048688242507065
Vehicle Stoppage,90,38,,car,Inner,0.07573803535873153
Vehicle Stoppage,91,38,,car,Inner,0.07115370686056886
Vehicle Stoppage,92,38,,car,Inner,0.06933815688349791
Vehicle Stoppage,93,38,,car,Inner,0.06852919086054127
Vehicle Stoppage,94,38,,car,Inner,0.0685895035701537
Vehicle Stoppage,95,38,,car,Inner,0.06923387898998777
Vehicle Stoppage,96,38,,car,Inner,0.06991380407329949
Vehicle Stoppage,97,38,,car,Inner,0.07045920805686261
Vehicle Stoppage,98,38,,car,Inner,0.0716369318159253
Vehicle Stoppage,99,38,,car,Inner,0.0722820171273666
Vehicle Stoppage,100,38,,car,Inner,0.07172516991962696
Vehicle Stoppage,101,38,,car,Inner,0.07036376908609224
Vehicle Stoppage,102,38,,car,Inner,0.06827547143740514
Vehicle Stoppage,103,38,,car,Inner,0.06611542936409318
Vehicle Stoppage,104,38,,car,Inner,0.06364848780607547
Vehicle Stoppage,105,38,,car,Inner,0.06162799688453545
Vehicle Stoppage,106,38,,car,Inner,0.059926621796997696
Vehicle Stoppage,107,38,,car,Inner,0.058905517568391776
Vehicle Stoppage,108,38,,car,Inner,0.05796636956029857
Vehicle Stoppage,109,38,,car,Inner,0.05769584040465948
Vehicle Stoppage,110,38,,car,Inner,0.057071183621863655
Vehicle Stoppage,111,38,,car,Inner,0.05622757330705212
Vehicle Stoppage,112,38,,car,Inner,0.055456379254329315
Vehicle Stoppage,113,38,,car,Inner,0.05586054063469909
Vehicle Stoppage,114,38,,car,Inner,0.05653830559894848
Vehicle Stoppage,115,38,,car,Inner,0.057360613664774664
Vehicle Stoppage,116,38,,car,Inner,0.058123059107376834
Vehicle Stoppage,117,38,,car,Inner,0.058783075795666474
Vehicle Stoppage,118,38,,car,Inner,0.059666154560193245
Vehicle Stoppage,119,38,,car,Inner,0.06073812641165709
Vehicle Stoppage,120,38,,car,Inner,0.060796792678552106
Vehicle Stoppage,121,38,,car,Inner,0.06035113917732331
Vehicle Stoppage,122,38,,car,Inner,0.05951041925579788
Vehicle Stoppage,123,38,,car,Inner,0.05826019224135063
Vehicle Stoppage,124,38,,car,Inner,0.05685015391360003
Vehicle Stoppage,125,38,,car,Inner,0.05539648003256867
Vehicle Stoppage,126,38,,car,Inner,0.05410526776571005
Vehicle Stoppage,127,38,,car,Inner,0.05327813810561106
Vehicle Stoppage,128,38,,car,Inner,0.053106026023426504
Vehicle Stoppage,129,38,,car,Inner,0.0528443942154761
Vehicle Stoppage,130,38,,car,Inner,0.05328461316365443
Vehicle Stoppage,131,38,,car,Inner,0.05401407224048191
Vehicle Stoppage,132,38,,car,Inner,0.05500881747501814
Vehicle Stoppage,133,38,,car,Inner,0.0557556275186702
Vehicle Stoppage,134,38,,car,Inner,0.05622028103806685
Vehicle Stoppage,135,38,,car,Inner,0.05640567347350606
Vehicle Stoppage,136,38,,car,Inner,0.056011516672912626
Vehicle Stoppage,137,38,,car,Inner,0.054857360490652055
Vehicle Stoppage,138,38,,car,Inner,0.05338773267333352
Vehicle Stoppage,139,38,,car,Inner,0.05239236585611285
Vehicle Stoppage,140,38,,car,Inner,0.051185642518189384
Vehicle Stoppage,141,38,,car,Inner,0.049596975714260146
Vehicle Stoppage,142,38,,car,Inner,0.04860010288055706
Vehicle Stoppage,143,38,,car,Inner,0.04817021901549234
Vehicle Stoppage,144,38,,car,Inner,0.048428607248190016
Vehicle Stoppage,145,38,,car,Inner,0.04910152747115716
Vehicle Stoppage,146,38,,car,Inner,0.04865644869900806
Vehicle Stoppage,147,38,,car,Inner,0.048466483264214745
Vehicle Stoppage,148,38,,car,Inner,0.04820124479721092
Vehicle Stoppage,149,38,,car,Inner,0.04810000000000591
Vehicle Stoppage,150,38,,car,Inner,0.0489123706233967
Vehicle Stoppage,151,38,,car,Inner,0.0507026626519718
Vehicle Stoppage,152,38,,car,Inner,0.05290680485533428
Vehicle Stoppage,153,38,,car,Inner,0.055525219495286604
Vehicle Stoppage,154,38,,car,Inner,0.05802801047769568
Vehicle Stoppage,155,38,,car,Inner,0.060933160101867535
Vehicle Stoppage,156,38,,car,Inner,0.06333379824390148
Vehicle Stoppage,157,38,,car,Inner,0.06493820139178064
Vehicle Stoppage,158,38,,car,Inner,0.06518051856191577
Vehicle Stoppage,159,38,,car,Inner,0.06471738560850077
Vehicle Stoppage,160,38,,car,Inner,0.06359638354498331
Vehicle Stoppage,161,38,,car,Inner,0.061823377455463104
Vehicle Stoppage,162,38,,car,Inner,0.05980008361197732
Vehicle Stoppage,163,38,,car,Inner,0.058605460496440206
Vehicle Stoppage,164,38,,car,Inner,0.06405700586196558
Vehicle Stoppage,165,38,,car,Inner,0.07150027971973957
Vehicle Stoppage,166,38,,car,Inner,0.07662075436850707
Vehicle Stoppage,167,38,,car,Inner,0.07968218119504916
Vehicle Stoppage,168,38,,car,Inner,0.08174350127074469
Vehicle Stoppage,169,38,,car,Inner,0.0823807016236268
Vehicle Stoppage,170,38,,car,Inner,0.08152797066038175
Vehicle Stoppage,171,38,,car,Inner,0.06716784945194536
Vehicle Stoppage,172,38,,car,Inner,0.06169935169837555
Vehicle Stoppage,173,38,,car,Inner,0.061278462774464255
Vehicle Stoppage,174,38,,car,Inner,0.062285230994192815
Vehicle Stoppage,175,38,,car,Inner,0.06346755076416308
Vehicle Stoppage,176,38,,car,Inner,0.06505543789722074
Vehicle Stoppage,177,38,,car,Inner,0.06683030749592614
Vehicle Stoppage,178,38,,car,Inner,0.06875143634862907
Vehicle Stoppage,179,38,,car,Inner,0.07176161926824358
Vehicle Stoppage,180,38,,car,Inner,0.07498486513956372
Vehicle Stoppage,181,38,,car,Inner,0.07872972754938208
Vehicle Stoppage,182,38,,car,Inner,0.08238652802490905
Vehicle Stoppage,183,38,,car,Inner,0.08553367757790101
Vehicle Stoppage,184,38,,car,Inner,0.08794481224039415
Vehicle Stoppage,185,38,,car,Inner,0.09001788711138853
Vehicle Stoppage,186,38,,car,Inner,0.09018037480517042
Vehicle Stoppage,187,38,,car,Inner,0.08950312843694491
Vehicle Stoppage,188,38,,car,Inner,0.0878376343033017
Vehicle Stoppage,189,38,,car,Inner,0.08232630199395244
Vehicle Stoppage,190,38,,car,Inner,0.08759566199305104
Vehicle Stoppage,191,38,,car,Inner,0.10817633752350363
Vehicle Stoppage,192,38,,car,Inner,0.14012255350228656
Vehicle Stoppage,193,38,,car,Inner,0.17777564512609584
Vehicle Stoppage,194,38,,car,Inner,0.21780449949439007
Vehicle Stoppage,195,38,,car,Inner,0.2587538791979711
Vehicle Stoppage,196,38,,car,Inner,0.279957139576762
Vehicle Stoppage,197,38,,car,Inner,0.2904500817696525
Vehicle Stoppage,198,38,,car,Inner,0.2961438839483293
Vehicle Stoppage,199,38,,car,Inner,0.29583483567693847
Vehicle Stoppage,200,38,,car,Inner,0.2834194771006415
Vehicle Stoppage,201,38,,car,Inner,0.2612505502386474
Vehicle Stoppage,202,38,,car,Inner,0.23292492352687616
Vehicle Stoppage,203,38,,car,Inner,0.20055505478546057
Vehicle Stoppage,204,38,,car,Inner,0.16731078865392343
Vehicle Stoppage,205,38,,car,Inner,0.13717324812076087
Vehicle Stoppage,206,38,,car,Inner,0.12407195492938183
Vehicle Stoppage,207,38,,car,Inner,0.11604710250583276
Vehicle Stoppage,208,38,,car,Inner,0.11169391209908591
Vehicle Stoppage,209,38,,car,Inner,0.11666190466473085
Vehicle Stoppage,210,38,,car,Inner,0.1304992337142288
Vehicle Stoppage,211,38,,car,Inner,0.1531073153053141
Vehicle Stoppage,212,38,,car,Inner,0.18210793502755354
Vehicle Stoppage,213,38,,car,Inner,0.20090022399190957
Vehicle Stoppage,214,38,,car,Inner,0.22532086010841917
Vehicle Stoppage,215,38,,car,Inner,0.2536858293243804
Vehicle Stoppage,216,38,,car,Inner,0.2728245773386271
Vehicle Stoppage,217,38,,car,Inner,0.2864458936692857
Vehicle Stoppage,218,38,,car,Inner,0.2973739228647939
Vehicle Stoppage,219,38,,car,Inner,0.3062423876604893
Vehicle Stoppage,220,38,,car,Inner,0.31361479556934235
Vehicle Stoppage,221,38,,car,Inner,0.3209536103551361
Vehicle Stoppage,222,38,,car,Inner,0.32891185749376955
Vehicle Stoppage,223,38,,car,Inner,0.3316767251406048
Vehicle Stoppage,224,38,,car,Inner,0.3321420328714792
Vehicle Stoppage,225,38,,car,Inner,0.33132662132705576
Vehicle Stoppage,226,38,,car,Inner,0.3301519801545976
Vehicle Stoppage,227,38,,car,Inner,0.32942739716058633
Vehicle Stoppage,228,38,,car,Inner,0.3293350877146269
Vehicle Stoppage,229,38,,car,Inner,0.3290626839980481
Vehicle Stoppage,230,38,,car,Inner,0.32919407649591453
Vehicle Stoppage,231,38,,car,Inner,0.32915292798333307
Vehicle Stoppage,232,38,,car,Inner,0.3287294480267928
Vehicle Stoppage,233,38,,car,Inner,0.31313934597874904
Vehicle Stoppage,234,38,,car,Inner,0.2855979341661985
Vehicle Stoppage,235,38,,car,Inner,0.25068954904422885
Vehicle Stoppage,236,38,,car,Inner,0.2128028430261255
Vehicle Stoppage,237,38,,car,Inner,0.19645419313417556
Vehicle Stoppage,238,38,,car,Inner,0.18839790338534906
Vehicle Stoppage,239,38,,car,Inner,0.18458626709482
Vehicle Stoppage,240,38,,car,Inner,0.19598744857770248
Vehicle Stoppage,241,38,,car,Inner,0.2041541084573147
Vehicle Stoppage,242,38,,car,Inner,0.20892871990226403
Vehicle Stoppage,243,38,,car,Inner,0.21108410645996625
Vehicle Stoppage,244,38,,car,Inner,0.18914769361532904
Vehicle Stoppage,245,38,,car,Inner,0.15878491741975992
Vehicle Stoppage,246,38,,car,Inner,0.12760333067753696
Vehicle Stoppage,247,38,,car,Inner,0.10252302180486365
Vehicle Stoppage,248,38,,car,Inner,0.0950125254900526
Vehicle Stoppage,249,38,,car,Inner,0.09469667364801834
Vehicle Stoppage,250,38,,car,Inner,0.09563080047766606
Vehicle Stoppage,251,38,,car,Inner,0.09618258678159529
Vehicle Stoppage,252,38,,car,Inner,0.0960777289490217
Vehicle Stoppage,253,38,,car,Inner,0.0941326723300631
Vehicle Stoppage,254,38,,car,Inner,0.09456532133927747
Vehicle Stoppage,255,38,,car,Inner,0.09553245521809929
Vehicle Stoppage,256,38,,car,Inner,0.09572841793323013
Vehicle Stoppage,257,38,,car,Inner,0.09491475122444379
Vehicle Stoppage,258,38,,car,Inner,0.0934863626418274
Vehicle Stoppage,259,38,,car,Inner,0.09183648512437735
Vehicle Stoppage,260,38,,car,Inner,0.0911068054538193
Vehicle Stoppage,261,38,,car,Inner,0.08200006097559033
Vehicle Stoppage,262,38,,car,Inner,0.08075921000108326
Vehicle Stoppage,263,38,,car,Inner,0.08184130986244173
Vehicle Stoppage,264,38,,car,Inner,0.08200646315993
Vehicle Stoppage,265,38,,car,Inner,0.08128253194874666
Vehicle Stoppage,266,38,,car,Inner,0.07917657481856341
Vehicle Stoppage,267,38,,car,Inner,0.07656905380112626
Vehicle Stoppage,268,38,,car,Inner,0.07325926562558135
Vehicle Stoppage,269,38,,car,Inner,0.06978208939261965
Vehicle Stoppage,270,38,,car,Inner,0.06660818268051191
Vehicle Stoppage,271,38,,car,Inner,0.06435720627870607
Vehicle Stoppage,272,38,,car,Inner,0.06287829514228253
Vehicle Stoppage,273,38,,car,Inner,0.061714584986037976
Vehicle Stoppage,274,38,,car,Inner,0.06077869692582055
Vehicle Stoppage,275,38,,car,Inner,0.06002566117920209
Vehicle Stoppage,276,38,,car,Inner,0.059256223301861005
Vehicle Stoppage,277,38,,car,Inner,0.059157417117378285
Vehicle Stoppage,278,38,,car,Inner,0.05938560431619784
Vehicle Stoppage,279,38,,car,Inner,0.056042929973363444
Vehicle Stoppage,280,38,,car,Inner,0.06859774048757573
Vehicle Stoppage,281,38,,car,Inner,0.0981073901395782
Vehicle Stoppage,282,38,,car,Inner,0.1366053073639511
Vehicle Stoppage,283,38,,car,Inner,0.1781000000000018
Vehicle Stoppage,284,38,,car,Inner,0.22058803231363674
Vehicle Stoppage,285,38,,car,Inner,0.26322190258411704
Vehicle Stoppage,286,38,,car,Inner,0.28475765134583936
Vehicle Stoppage,287,38,,car,Inner,0.2963204515385311
Vehicle Stoppage,288,38,,car,Inner,0.30342976122984117
Vehicle Stoppage,289,38,,car,Inner,0.3041857327357741
Vehicle Stoppage,290,38,,car,Inner,0.2910048281386419
Vehicle Stoppage,291,38,,car,Inner,0.267644035988097
Vehicle Stoppage,292,38,,car,Inner,0.23738053837667242
Vehicle Stoppage,293,38,,car,Inner,0.20207961302417404
Vehicle Stoppage,294,38,,car,Inner,0.1625009538433519
Vehicle Stoppage,295,38,,car,Inner,0.12116938557242847
Vehicle Stoppage,296,38,,car,Inner,0.09873945513319991
Vehicle Stoppage,297,38,,car,Inner,0.08234573455862694
Vehicle Stoppage,298,38,,car,Inner,0.07125145612547111
Vehicle Stoppage,299,38,,car,Inner,0.0813970515436469
Vehicle Stoppage,300,38,,car,Inner,0.10429439102847107
Vehicle Stoppage,301,38,,car,Inner,0.13577941670223875
Vehicle Stoppage,302,38,,car,Inner,0.17154256031667245
Vehicle Stoppage,303,38,,car,Inner,0.19132310367542957
Vehicle Stoppage,304,38,,car,Inner,0.2164331998562132
Vehicle Stoppage,305,38,,car,Inner,0.24510589548192702
Vehicle Stoppage,306,38,,car,Inner,0.2629219085584184
Vehicle Stoppage,307,38,,car,Inner,0.27389465128037954
Vehicle Stoppage,308,38,,car,Inner,0.2812170869630775
Vehicle Stoppage,309,38,,car,Inner,0.258903263787845
Vehicle Stoppage,310,38,,car,Inner,0.22720371915970378
Vehicle Stoppage,311,38,,car,Inner,0.1924189439738191
Vehicle Stoppage,312,38,,car,Inner,0.15730696106657488
Vehicle Stoppage,313,38,,car,Inner,0.11682876358157611
Vehicle Stoppage,314,38,,car,Inner,0.07480240637840456
Vehicle Stoppage,315,38,,car,Inner,0.03574646835702928
Vehicle Stoppage,316,38,,car,Inner,0.026877685912294665
Vehicle Stoppage,317,38,,car,Inner,0.02655484889807928
Vehicle Stoppage,318,38,,car,Inner,0.027685555800817604
Vehicle Stoppage,319,38,,car,Inner,0.0279508497187462
Vehicle Stoppage,320,38,,car,Inner,0.027523444551869614
Vehicle Stoppage,321,38,,car,Inner,0.026224606765407582
Vehicle Stoppage,322,38,,car,Inner,0.025053941805629722
Vehicle Stoppage,323,38,,car,Inner,0.025516269319783506
Vehicle Stoppage,324,38,,car,Inner,0.04517742799231298
Vehicle Stoppage,325,38,,car,Inner,0.07994660718254192
Vehicle Stoppage,326,38,,car,Inner,0.12183464203583372
Vehicle Stoppage,327,38,,car,Inner,0.13929838477168366
Vehicle Stoppage,328,38,,car,Inner,0.1475335893957743
Vehicle Stoppage,329,38,,car,Inner,0.15108332138260377
Vehicle Stoppage,330,38,,car,Inner,0.13564696826690065
Vehicle Stoppage,331,38,,car,Inner,0.1238066234092506
Vehicle Stoppage,332,38,,car,Inner,0.11592605401720898
Vehicle Stoppage,333,38,,car,Inner,0.11099463951020175
Vehicle Stoppage,334,38,,car,Inner,0.1354182040938325
Vehicle Stoppage,335,38,,car,Inner,0.17098809900107428
Vehicle Stoppage,336,38,,car,Inner,0.2123054638957738
Vehicle Stoppage,337,38,,car,Inner,0.25646726886681104
Vehicle Stoppage,338,38,,car,Inner,0.284176177748948
Vehicle Stoppage,339,38,,car,Inner,0.29847219300966543
Vehicle Stoppage,340,38,,car,Inner,0.30449579635850405
Vehicle Stoppage,341,38,,car,Inner,0.30593896450109426
Vehicle Stoppage,342,38,,car,Inner,0.3060856906162059
Vehicle Stoppage,343,38,,car,Inner,0.28859842341911845
Vehicle Stoppage,344,38,,car,Inner,0.2578931949470567
Vehicle Stoppage,345,38,,car,Inner,0.21913751390393696
Vehicle Stoppage,346,38,,car,Inner,0.17659813136044178
Vehicle Stoppage,347,38,,car,Inner,0.13215846548745908
Vehicle Stoppage,348,38,,car,Inner,0.08708914972601503
Vehicle Stoppage,349,38,,car,Inner,0.04239457512464616
Vehicle Stoppage,350,38,,car,Inner,0.018832153355365137
Vehicle Stoppage,351,38,,car,Inner,0.01792540097180487
Vehicle Stoppage,352,38,,car,Inner,0.023807561823930286
Vehicle Stoppage,353,38,,car,Inner,0.02725307322119395
Vehicle Stoppage,354,38,,car,Inner,0.02948847232394107
Vehicle Stoppage,355,38,,car,Inner,0.03085206638135715
Vehicle Stoppage,356,38,,car,Inner,0.03200624938977183
Vehicle Stoppage,357,38,,car,Inner,0.03342708482652458
Vehicle Stoppage,358,38,,car,Inner,0.03479080338249864
Vehicle Stoppage,359,38,,car,Inner,0.03552421709200799
Vehicle Stoppage,360,38,,car,Inner,0.03663495598469453
Vehicle Stoppage,361,38,,car,Inner,0.0376176820125868
Vehicle Stoppage,362,38,,car,Inner,0.03897588998342581
Vehicle Stoppage,363,38,,car,Inner,0.01873846311734478
Vehicle Stoppage,364,38,,car,Inner,0.037026747089097096
Vehicle Stoppage,365,38,,car,Inner,0.07861424807247422
Vehicle Stoppage,366,38,,car,Inner,0.12479783651970514
Vehicle Stoppage,367,38,,car,Inner,0.15493224325491572
Vehicle Stoppage,368,38,,car,Inner,0.17285855489387858
Vehicle Stoppage,369,38,,car,Inner,0.2080600153801763
Vehicle Stoppage,370,38,,car,Inner,0.22091430465227727
Vehicle Stoppage,371,38,,car,Inner,0.22652216227115624
Vehicle Stoppage,372,38,,car,Inner,0.2114438459733444
Vehicle Stoppage,373,38,,car,Inner,0.1816267050849104
Vehicle Stoppage,374,38,,car,Inner,0.16039392133120017
Vehicle Stoppage,375,38,,car,Inner,0.1474490420450451
Vehicle Stoppage,376,38,,car,Inner,0.14205861466309808
Vehicle Stoppage,377,38,,car,Inner,0.11916727738770805
Vehicle Stoppage,378,38,,car,Inner,0.10906479725374432
Vehicle Stoppage,379,38,,car,Inner,0.10148541767170294
Vehicle Stoppage,380,38,,car,Inner,0.11895936280932319
Vehicle Stoppage,381,38,,car,Inner,0.1503122416837646
Vehicle Stoppage,382,38,,car,Inner,0.18922000422788157
Vehicle Stoppage,383,38,,car,Inner,0.20518596443226422
Vehicle Stoppage,384,38,,car,Inner,0.21562472028967056
Vehicle Stoppage,385,38,,car,Inner,0.19757472004282658
Vehicle Stoppage,386,38,,car,Inner,0.20717577078414054
Vehicle Stoppage,387,38,,car,Inner,0.21044833095084964
Vehicle Stoppage,388,38,,car,Inner,0.21102796023276033
Vehicle Stoppage,389,38,,car,Inner,0.21006706072109382
Vehicle Stoppage,390,38,,car,Inner,0.20848760154983084
Vehicle Stoppage,391,38,,car,Inner,0.20739443097634083
Vehicle Stoppage,392,38,,car,Inner,0.20669167859398604
Vehicle Stoppage,393,38,,car,Inner,0.20731357890885688
Vehicle Stoppage,394,38,,car,Inner,0.2077586339962773
Vehicle Stoppage,395,38,,car,Inner,0.2081303677986465
Vehicle Stoppage,396,38,,car,Inner,0.20907347990598826
Vehicle Stoppage,397,38,,car,Inner,0.20973721653536234
Vehicle Stoppage,398,38,,car,Inner,0.2265758371936425
Vehicle Stoppage,399,38,,car,Inner,0.2278157369454565
Vehicle Stoppage,400,38,,car,Inner,0.203006132912283
Vehicle Stoppage,401,38,,car,Inner,0.1670164363169131
Vehicle Stoppage,402,38,,car,Inner,0.1254524611157608
Vehicle Stoppage,403,38,,car,Inner,0.0812764418512498
Vehicle Stoppage,404,38,,car,Inner,0.023123364807060693
Vehicle Stoppage,405,38,,car,Inner,0.05897024673511192
Vehicle Stoppage,406,38,,car,Inner,0.11328940815451252
Vehicle Stoppage,407,38,,car,Inner,0.16260027675252967
Vehicle Stoppage,408,38,,car,Inner,0.21003809178337246
Vehicle Stoppage,409,38,,car,Inner,0.22945021246448918
Vehicle Stoppage,410,38,,car,Inner,0.2376353719461747
Vehicle Stoppage,411,38,,car,Inner,0.243010884529886
Vehicle Stoppage,412,38,,car,Inner,0.2460003252030322
Vehicle Stoppage,413,38,,car,Inner,0.22172309306880814
Vehicle Stoppage,414,38,,car,Inner,0.18547261253350003
Vehicle Stoppage,415,38,,car,Inner,0.14305750591981733
Vehicle Stoppage,416,38,,car,Inner,0.1420155625274946
Vehicle Stoppage,417,38,,car,Inner,0.16184328839961276
Vehicle Stoppage,418,38,,car,Inner,0.1753358491581246
Vehicle Stoppage,419,38,,car,Inner,0.1839826350501622
Vehicle Stoppage,420,38,,car,Inner,0.1917141883116661
Vehicle Stoppage,421,38,,car,Inner,0.19842142021465073
Vehicle Stoppage,422,38,,car,Inner,0.20458418804981532
Vehicle Stoppage,423,38,,car,Inner,0.18947981422832527
Vehicle Stoppage,424,38,,car,Inner,0.16075425344294803
Vehicle Stoppage,425,38,,car,Inner,0.1233597989622236
Vehicle Stoppage,426,38,,car,Inner,0.08153214090161219
Vehicle Stoppage,427,38,,car,Inner,0.05981011620119022
Vehicle Stoppage,428,38,,car,Inner,0.047253042230107255
Vehicle Stoppage,429,38,,car,Inner,0.0510632940574716
Vehicle Stoppage,430,38,,car,Inner,0.07140938313694968
Vehicle Stoppage,431,38,,car,Inner,0.10586751154155123
Vehicle Stoppage,432,38,,car,Inner,0.12181481847460478
Vehicle Stoppage,433,38,,car,Inner,0.13628125329626314
Vehicle Stoppage,434,38,,car,Inner,0.1479177136113178
Vehicle Stoppage,435,38,,car,Inner,0.15727634914378694
Vehicle Stoppage,436,38,,car,Inner,0.14846427179627866
Vehicle Stoppage,437,38,,car,Inner,0.12565241740611194
Vehicle Stoppage,438,38,,car,Inner,0.09404786015641735
Vehicle Stoppage,439,38,,car,Inner,0.08429899169029008
Vehicle Stoppage,440,38,,car,Inner,0.07804492296107685
Vehicle Stoppage,441,38,,car,Inner,0.07469705482815076
Vehicle Stoppage,442,38,,car,Inner,0.07338296805116826
Vehicle Stoppage,443,38,,car,Inner,0.07347986118659432
Vehicle Stoppage,444,38,,car,Inner,0.0736595547094944
Vehicle Stoppage,445,38,,car,Inner,0.0736614553209497
Vehicle Stoppage,446,38,,car,Inner,0.07382533440493055
Vehicle Stoppage,447,38,,car,Inner,0.07333109845079622
Vehicle Stoppage,448,38,,car,Inner,0.07249999999999923
Vehicle Stoppage,449,38,,car,Inner,0.07159958100436466
Vehicle Stoppage,450,38,,car,Inner,0.07092037788957496
Vehicle Stoppage,451,38,,car,Inner,0.07036163727486396
Vehicle Stoppage,452,38,,car,Inner,0.06993139495247946
Vehicle Stoppage,453,38,,car,Inner,0.08977332565968937
Vehicle Stoppage,454,38,,car,Inner,0.1228498677247946
Vehicle Stoppage,455,38,,car,Inner,0.1633962667872215
Vehicle Stoppage,456,38,,car,Inner,0.20745989973968415
Vehicle Stoppage,457,38,,car,Inner,0.23573538130709565
Vehicle Stoppage,458,38,,car,Inner,0.2516684326648868
Vehicle Stoppage,459,38,,car,Inner,0.283392378161443
Vehicle Stoppage,460,38,,car,Inner,0.29365702784029935
Vehicle Stoppage,461,38,,car,Inner,0.29622653493568385
Vehicle Stoppage,462,38,,car,Inner,0.27848332086499694
Vehicle Stoppage,463,38,,car,Inner,0.246759093044208
Vehicle Stoppage,464,38,,car,Inner,0.22400279016119265
Vehicle Stoppage,465,38,,car,Inner,0.20946121359334913
Vehicle Stoppage,466,38,,car,Inner,0.20206001583687758
Vehicle Stoppage,467,38,,car,Inner,0.17738190437584567
Vehicle Stoppage,468,38,,car,Inner,0.16550800584866301
Vehicle Stoppage,469,38,,car,Inner,0.15627824544702618
Vehicle Stoppage,470,38,,car,Inner,0.17103663350288123
Vehicle Stoppage,471,38,,car,Inner,0.19894949107750848
Vehicle Stoppage,472,38,,car,Inner,0.23399594013571845
Vehicle Stoppage,473,38,,car,Inner,0.24736016251611215
Vehicle Stoppage,474,38,,car,Inner,0.25608742647775745
Vehicle Stoppage,475,38,,car,Inner,0.2371931280623489
Vehicle Stoppage,476,38,,car,Inner,0.2460823033052196
Vehicle Stoppage,477,38,,car,Inner,0.24855554711170547
Vehicle Stoppage,478,38,,car,Inner,0.24898787119054486
Vehicle Stoppage,479,38,,car,Inner,0.24854086183161264
Vehicle Stoppage,480,38,,car,Inner,0.2482183111698298
Vehicle Stoppage,481,38,,car,Inner,0.2482183111698298
Vehicle Stoppage,482,38,,car,Inner,0.24842918508097644
Vehicle Stoppage,483,38,,car,Inner,0.2488136853149325
Vehicle Stoppage,484,38,,car,Inner,0.24893864705987004
Vehicle Stoppage,485,38,,car,Inner,0.24901793108127918
Vehicle Stoppage,486,38,,car,Inner,0.25006131248155944
Vehicle Stoppage,487,38,,car,Inner,0.251212260847277
Vehicle Stoppage,488,38,,car,Inner,0.2688555002227039
Vehicle Stoppage,489,38,,car,Inner,0.29907619430506416
Vehicle Stoppage,490,38,,car,Inner,0.3131949073660039
Vehicle Stoppage,491,38,,car,Inner,0.3203099280384586
Vehicle Stoppage,492,38,,car,Inner,0.3235572283229045
Vehicle Stoppage,493,38,,car,Inner,0.32394284989794
Vehicle Stoppage,494,38,,car,Inner,0.30711706237199465
Vehicle Stoppage,495,38,,car,Inner,0.27739769285269944
Vehicle Stoppage,496,38,,car,Inner,0.2382185970909957
Vehicle Stoppage,497,38,,car,Inner,0.19411439925981588
Vehicle Stoppage,498,38,,car,Inner,0.1477203438934515
Vehicle Stoppage,499,38,,car,Inner,0.1266935278536396
Vehicle Stoppage,500,38,,car,Inner,0.11610585687208115
Vehicle Stoppage,501,38,,car,Inner,0.10749846510532071
Vehicle Stoppage,502,38,,car,Inner,0.1010996538075162
Vehicle Stoppage,503,38,,car,Inner,0.12142520331463456
Vehicle Stoppage,504,38,,car,Inner,0.15502902953963132
Vehicle Stoppage,505,38,,car,Inner,0.19585078503800152
Vehicle Stoppage,506,38,,car,Inner,0.19572981377398924
Vehicle Stoppage,507,38,,car,Inner,0.17373710024056468
Vehicle Stoppage,508,38,,car,Inner,0.15786972477330732
Vehicle Stoppage,509,38,,car,Inner,0.14682850540681405
Vehicle Stoppage,510,38,,car,Inner,0.13617360243453921
Vehicle Stoppage,511,38,,car,Inner,0.12621335111627938
Vehicle Stoppage,512,38,,car,Inner,0.11653274218003877
Vehicle Stoppage,513,38,,car,Inner,0.1284294358782305
Vehicle Stoppage,514,38,,car,Inner,0.15493266279258028
Vehicle Stoppage,515,38,,car,Inner,0.19119720186236702
Vehicle Stoppage,516,38,,car,Inner,0.23366379693910252
Vehicle Stoppage,517,38,,car,Inner,0.25695073457765993
Vehicle Stoppage,518,38,,car,Inner,0.27249251365862986
Vehicle Stoppage,519,38,,car,Inner,0.26669452562810214
Vehicle Stoppage,520,38,,car,Inner,0.24108332584398745
Vehicle Stoppage,521,38,,car,Inner,0.20239883892947394
Vehicle Stoppage,522,38,,car,Inner,0.1845704472552392
Vehicle Stoppage,523,38,,car,Inner,0.15248455659508536
Vehicle Stoppage,524,38,,car,Inner,0.11130413289721149
Vehicle Stoppage,525,38,,car,Inner,0.0661465796545891
Vehicle Stoppage,526,38,,car,Inner,0.038483243106583805
Vehicle Stoppage,527,38,,car,Inner,0.02866775191744068
Vehicle Stoppage,528,38,,car,Inner,0.028671414335538447
Vehicle Stoppage,529,38,,car,Inner,0.04894864655943466
Vehicle Stoppage,530,38,,car,Inner,0.0660536902829813
Vehicle Stoppage,531,38,,car,Inner,0.07544912192994596
Vehicle Stoppage,532,38,,car,Inner,0.07928890212381401
Vehicle Stoppage,533,38,,car,Inner,0.08037368972493707
Vehicle Stoppage,534,38,,car,Inner,0.07997905975941852
Vehicle Stoppage,535,38,,car,Inner,0.07888117646181386
Vehicle Stoppage,536,38,,car,Inner,0.07789852373440259
Vehicle Stoppage,537,38,,car,Inner,0.07676275138372171
Vehicle Stoppage,538,38,,car,Inner,0.0755706953785674
Vehicle Stoppage,539,38,,car,Inner,0.07456929663072114
Vehicle Stoppage,540,38,,car,Inner,0.07395160579730431
Vehicle Stoppage,541,38,,car,Inner,0.07378238272108144
Vehicle Stoppage,542,38,,car,Inner,0.07400709425453841
Vehicle Stoppage,543,38,,car,Inner,0.07463303558076423
Vehicle Stoppage,544,38,,car,Inner,0.075480129835609
Vehicle Stoppage,545,38,,car,Inner,0.07664841811805724
Vehicle Stoppage,546,38,,car,Inner,0.07772425618814387
Vehicle Stoppage,547,38,,car,Inner,0.07856570498633805
Vehicle Stoppage,548,38,,car,Inner,0.07842920374452275
Vehicle Stoppage,549,38,,car,Inner,0.07801313991886188
Vehicle Stoppage,550,38,,car,Inner,0.07729346673555039
Vehicle Stoppage,551,38,,car,Inner,0.07597170525925785
Vehicle Stoppage,552,38,,car,Inner,0.07405295402615453
Vehicle Stoppage,553,38,,car,Inner,0.07253337162988992
Vehicle Stoppage,554,38,,car,Inner,0.0716157105668899
Vehicle Stoppage,555,38,,car,Inner,0.07110344576741119
Vehicle Stoppage,556,38,,car,Inner,0.06930028859968601
Vehicle Stoppage,557,38,,car,Inner,0.06660608080348333
Vehicle Stoppage,558,38,,car,Inner,0.06452239921143908
Vehicle Stoppage,559,38,,car,Inner,0.06383455177253194
Vehicle Stoppage,560,38,,car,Inner,0.06385295607879148
Vehicle Stoppage,561,38,,car,Inner,0.06388020037539104
Vehicle Stoppage,562,38,,car,Inner,0.0635021259486659
Vehicle Stoppage,563,38,,car,Inner,0.06501115288932637
Vehicle Stoppage,564,38,,car,Inner,0.06758520548167218
Vehicle Stoppage,565,38,,car,Inner,0.07072764664542351
Vehicle Stoppage,566,38,,car,Inner,0.07283357742140584
Vehicle Stoppage,567,38,,car,Inner,0.07508588415940509
Vehicle Stoppage,568,38,,car,Inner,0.07729689515109939
Vehicle Stoppage,569,38,,car,Inner,0.08041741105009602
Vehicle Stoppage,570,38,,car,Inner,0.08369904420003904
Vehicle Stoppage,571,38,,car,Inner,0.08682914257321692
Vehicle Stoppage,572,38,,car,Inner,0.08960502218067279
Vehicle Stoppage,573,38,,car,Inner,0.09238771563362888
Vehicle Stoppage,574,38,,car,Inner,0.09436651948651709
Vehicle Stoppage,575,38,,car,Inner,0.0961337609791697
Vehicle Stoppage,576,38,,car,Inner,0.09765131847548131
Vehicle Stoppage,577,38,,car,Inner,0.09916975345336149
Vehicle Stoppage,578,38,,car,Inner,0.10059885685235463
Vehicle Stoppage,579,38,,car,Inner,0.10202832939923685
Vehicle Stoppage,580,38,,car,Inner,0.102916859648947
Vehicle Stoppage,581,38,,car,Inner,0.10351391210847011
Vehicle Stoppage,582,38,,car,Inner,0.10401254732002195
Vehicle Stoppage,583,38,,car,Inner,0.10381796568994683
Vehicle Stoppage,584,38,,car,Inner,0.10364038788040321
Vehicle Stoppage,585,38,,car,Inner,0.10316380179113543
Vehicle Stoppage,586,38,,car,Inner,0.10294974502153909
Vehicle Stoppage,587,38,,car,Inner,0.10308491645240885
Vehicle Stoppage,588,38,,car,Inner,0.10332342425606748
Vehicle Stoppage,589,38,,car,Inner,0.1267321979608954
Vehicle Stoppage,590,38,,car,Inner,0.15978188257746775
Vehicle Stoppage,591,38,,car,Inner,0.19746159120193377
Vehicle Stoppage,592,38,,car,Inner,0.2379030264624595
Vehicle Stoppage,593,38,,car,Inner,0.27978865237889505
Vehicle Stoppage,594,38,,car,Inner,0.30704665769228096
Vehicle Stoppage,595,38,,car,Inner,0.3226455640482317
Vehicle Stoppage,596,38,,car,Inner,0.30408962494633085
Vehicle Stoppage,597,38,,car,Inner,0.2718064384815017
Vehicle Stoppage,598,38,,car,Inner,0.23278283871454267
Vehicle Stoppage,599,38,,car,Inner,0.1899835782376957
Vehicle Stoppage,600,38,,car,Inner,0.14558928532004362
Vehicle Stoppage,601,38,,car,Inner,0.11575491350262648
Vehicle Stoppage,602,38,,car,Inner,0.09708408726459689
Vehicle Stoppage,603,38,,car,Inner,0.08751285619838789
Vehicle Stoppage,604,38,,car,Inner,0.08211047436228751
Vehicle Stoppage,605,38,,car,Inner,0.07952666219576512
Vehicle Stoppage,606,38,,car,Inner,0.07845208728899135
Vehicle Stoppage,607,38,,car,Inner,0.07885036461551279
Vehicle Stoppage,608,38,,car,Inner,0.08022574399779206
Vehicle Stoppage,609,38,,car,Inner,0.10499261878818161
Vehicle Stoppage,610,38,,car,Inner,0.13979517159043534
Vehicle Stoppage,611,38,,car,Inner,0.16312538122560913
Vehicle Stoppage,612,38,,car,Inner,0.17696623971820646
Vehicle Stoppage,613,38,,car,Inner,0.18428201214443146
Vehicle Stoppage,614,38,,car,Inner,0.18700419781384167
Vehicle Stoppage,615,38,,car,Inner,0.18720133546532894
Vehicle Stoppage,616,38,,car,Inner,0.16032856888278224
Vehicle Stoppage,617,38,,car,Inner,0.12421094959785192
Vehicle Stoppage,618,38,,car,Inner,0.10072164613428053
Vehicle Stoppage,619,38,,car,Inner,0.10949794518619166
Vehicle Stoppage,620,38,,car,Inner,0.13516515823243405
Vehicle Stoppage,621,38,,car,Inner,0.17053108221083718
Vehicle Stoppage,622,38,,car,Inner,0.2113227389563219
Vehicle Stoppage,623,38,,car,Inner,0.25474797349537176
Vehicle Stoppage,624,38,,car,Inner,0.28328035583145694
Vehicle Stoppage,625,38,,car,Inner,0.2995636326392094
Vehicle Stoppage,626,38,,car,Inner,0.28259143652984475
Vehicle Stoppage,627,38,,car,Inner,0.24993831238927783
Vehicle Stoppage,628,38,,car,Inner,0.23570432749527778
Vehicle Stoppage,629,38,,car,Inner,0.22780632124679595
Vehicle Stoppage,630,38,,car,Inner,0.20505672385952467
Vehicle Stoppage,631,38,,car,Inner,0.18824749666330493
Vehicle Stoppage,632,38,,car,Inner,0.17766868041385303
Vehicle Stoppage,633,38,,car,Inner,0.17164792454324093
Vehicle Stoppage,634,38,,car,Inner,0.19719596851862828
Vehicle Stoppage,635,38,,car,Inner,0.20886897806998542
Vehicle Stoppage,636,38,,car,Inner,0.21650062355568436
Vehicle Stoppage,637,38,,car,Inner,0.24002408212510165
Vehicle Stoppage,638,38,,car,Inner,0.27520116278823925
Vehicle Stoppage,639,38,,car,Inner,0.3173476642422272
Vehicle Stoppage,640,38,,car,Inner,0.36325469026566193
Vehicle Stoppage,641,38,,car,Inner,0.381798179670889
Vehicle Stoppage,642,38,,car,Inner,0.3906097797034781
Vehicle Stoppage,643,38,,car,Inner,0.3942078639499708
Vehicle Stoppage,644,38,,car,Inner,0.3949625931654724
Vehicle Stoppage,645,38,,car,Inner,0.3941754431722051
Vehicle Stoppage,646,38,,car,Inner,0.3945329517290015
Vehicle Stoppage,647,38,,car,Inner,0.395734519596158
Vehicle Stoppage,648,38,,car,Inner,0.39709547970229697
Vehicle Stoppage,649,38,,car,Inner,0.3976655001379928
Vehicle Stoppage,650,38,,car,Inner,0.39792273119288213
Vehicle Stoppage,651,38,,car,Inner,0.39906151154928277
Vehicle Stoppage,652,38,,car,Inner,0.4006019969995111
Vehicle Stoppage,653,38,,car,Inner,0.4000960009797689
Vehicle Stoppage,654,38,,car,Inner,0.3991371318231383
Vehicle Stoppage,655,38,,car,Inner,0.398216122225107
Vehicle Stoppage,656,38,,car,Inner,0.3990370910078409
Vehicle Stoppage,657,38,,car,Inner,0.3999905123874818
Vehicle Stoppage,658,38,,car,Inner,0.40052062368871694
Vehicle Stoppage,659,38,,car,Inner,0.4003780838157824
Vehicle Stoppage,660,38,,car,Inner,0.40113770702839757
Vehicle Stoppage,661,38,,car,Inner,0.4017244080212207
Vehicle Stoppage,662,38,,car,Inner,0.4021743403052982
Vehicle Stoppage,663,38,,car,Inner,0.40211784342403545
Vehicle Stoppage,664,38,,car,Inner,0.4027855632964005
Vehicle Stoppage,665,38,,car,Inner,0.40359982656091004
Vehicle Stoppage,666,38,,car,Inner,0.40501191340502685
Vehicle Stoppage,667,38,,car,Inner,0.4057211357570587
Vehicle Stoppage,668,38,,car,Inner,0.4062212451361943
Vehicle Stoppage,669,38,,car,Inner,0.40669114817020496
Vehicle Stoppage,670,38,,car,Inner,0.40868008270528455
Vehicle Stoppage,671,38,,car,Inner,0.41118193053683333
Vehicle Stoppage,672,38,,car,Inner,0.4141617679120054
Vehicle Stoppage,673,38,,car,Inner,0.41749045498070975
Vehicle Stoppage,674,38,,car,Inner,0.42052638442789064
Vehicle Stoppage,675,38,,car,Inner,0.4236457246332109
Vehicle Stoppage,676,38,,car,Inner,0.42517541086004174
Vehicle Stoppage,677,38,,car,Inner,0.42488366643117575
Vehicle Stoppage,678,38,,car,Inner,0.4234585812095458
Vehicle Stoppage,679,38,,car,Inner,0.3959784968909272
Vehicle Stoppage,680,38,,car,Inner,0.3591277906261209
Vehicle Stoppage,681,38,,car,Inner,0.318199387177286
Vehicle Stoppage,682,38,,car,Inner,0.2749878542772408
Vehicle Stoppage,683,38,,car,Inner,0.2316998057832569
Vehicle Stoppage,684,38,,car,Inner,0.20327442042717128
Vehicle Stoppage,685,38,,car,Inner,0.18663767036693807
Vehicle Stoppage,686,38,,car,Inner,0.20341919771742423
Vehicle Stoppage,687,38,,car,Inner,0.2330701611103443
Vehicle Stoppage,688,38,,car,Inner,0.2694358921895861
Vehicle Stoppage,689,38,,car,Inner,0.3099734343455947
Vehicle Stoppage,690,38,,car,Inner,0.35263688122486664
Vehicle Stoppage,691,38,,car,Inner,0.3809491960878751
Vehicle Stoppage,692,38,,car,Inner,0.39767359731317414
Vehicle Stoppage,693,38,,car,Inner,0.4058567358071046
Vehicle Stoppage,694,38,,car,Inner,0.410422136342573
Vehicle Stoppage,695,38,,car,Inner,0.41272530816512704
Vehicle Stoppage,696,38,,car,Inner,0.4138293005576142
Vehicle Stoppage,697,38,,car,Inner,0.41348524762075917
Vehicle Stoppage,698,38,,car,Inner,0.4122687109155825
Vehicle Stoppage,699,38,,car,Inner,0.38357587254675235
Vehicle Stoppage,700,38,,car,Inner,0.3450629652686588
Vehicle Stoppage,701,38,,car,Inner,0.3187700268218418
Vehicle Stoppage,702,38,,car,Inner,0.30196398791909007
Vehicle Stoppage,703,38,,car,Inner,0.2918796498558957
Vehicle Stoppage,704,38,,car,Inner,0.2862712874180695
Vehicle Stoppage,705,38,,car,Inner,0.2830940656389661
Vehicle Stoppage,706,38,,car,Inner,0.3087396637945953
Vehicle Stoppage,707,38,,car,Inner,0.34525353003264514
Vehicle Stoppage,708,38,,car,Inner,0.37019380059639545
Vehicle Stoppage,709,38,,car,Inner,0.36009954179365644
Vehicle Stoppage,710,38,,car,Inner,0.33203742258968816
Vehicle Stoppage,711,38,,car,Inner,0.2952555672633484
Vehicle Stoppage,712,38,,car,Inner,0.25402948647745344
Vehicle Stoppage,713,38,,car,Inner,0.20974653751611408
Vehicle Stoppage,714,38,,car,Inner,0.1805312161372684
Vehicle Stoppage,715,38,,car,Inner,0.16351788892962377
Vehicle Stoppage,716,38,,car,Inner,0.17944492191199207
Vehicle Stoppage,717,38,,car,Inner,0.2112577572540232
Vehicle Stoppage,718,38,,car,Inner,0.224494387457681
Vehicle Stoppage,719,38,,car,Inner,0.23122858819791467
Vehicle Stoppage,720,38,,car,Inner,0.2537491871908193
Vehicle Stoppage,721,38,,car,Inner,0.2696916758077614
Vehicle Stoppage,722,38,,car,Inner,0.27911977715669195
Vehicle Stoppage,723,38,,car,Inner,0.2838518099290528
Vehicle Stoppage,724,38,,car,Inner,0.2562674384310274
Vehicle Stoppage,725,38,,car,Inner,0.24255607599067902
Vehicle Stoppage,726,38,,car,Inner,0.23266037479553967
Vehicle Stoppage,727,38,,car,Inner,0.20629493449913203
Vehicle Stoppage,728,38,,car,Inner,0.1692704935894025
Vehicle Stoppage,729,38,,car,Inner,0.12539704940707516
Vehicle Stoppage,730,38,,car,Inner,0.07831640951933136
Vehicle Stoppage,731,38,,car,Inner,0.058315778310850365
Vehicle Stoppage,732,38,,car,Inner,0.048352559394512516
Vehicle Stoppage,733,38,,car,Inner,0.043397004504926125
Vehicle Stoppage,734,38,,car,Inner,0.04064209640262605
Vehicle Stoppage,735,38,,car,Inner,0.020966878642276955
Vehicle Stoppage,736,38,,car,Inner,0.013154847015448145
Vehicle Stoppage,737,38,,car,Inner,0.05597803140518827
Vehicle Stoppage,738,38,,car,Inner,0.10399312477274374
Vehicle Stoppage,739,38,,car,Inner,0.15478455995350637
Vehicle Stoppage,740,38,,car,Inner,0.2071539765488505
Vehicle Stoppage,741,38,,car,Inner,0.2607097428175633
Vehicle Stoppage,742,38,,car,Inner,0.2963081166623627
Vehicle Stoppage,743,38,,car,Inner,0.3170750226681368
Vehicle Stoppage,744,38,,car,Inner,0.3289885408338747
Vehicle Stoppage,745,38,,car,Inner,0.3356977956436413
Vehicle Stoppage,746,38,,car,Inner,0.3396951574573847
Vehicle Stoppage,747,38,,car,Inner,0.3418013604419958
Vehicle Stoppage,748,38,,car,Inner,0.34240946248607074
Vehicle Stoppage,749,38,,car,Inner,0.34214138890230544
Vehicle Stoppage,750,38,,car,Inner,0.34231425620327555
Vehicle Stoppage,751,38,,car,Inner,0.34247627655065166
Vehicle Stoppage,752,38,,car,Inner,0.34235707966974815
Vehicle Stoppage,753,38,,car,Inner,0.3427747073516374
Vehicle Stoppage,754,38,,car,Inner,0.34365430304303846
Vehicle Stoppage,755,38,,car,Inner,0.3448700624873066
Vehicle Stoppage,756,38,,car,Inner,0.3467325193863438
Vehicle Stoppage,757,38,,car,Inner,0.3484628674622279
Vehicle Stoppage,758,38,,car,Inner,0.35020892335861686
Vehicle Stoppage,759,38,,car,Inner,0.3518149655713909
Vehicle Stoppage,760,38,,car,Inner,0.35414790695414516
Vehicle Stoppage,761,38,,car,Inner,0.3562158895950569
Vehicle Stoppage,762,38,,car,Inner,0.33001772679660263
Vehicle Stoppage,763,38,,car,Inner,0.31310193228404054
Vehicle Stoppage,764,38,,car,Inner,0.3031188545768807
Vehicle Stoppage,765,38,,car,Inner,0.2977790120206598
Vehicle Stoppage,766,38,,car,Inner,0.29487388829803357
Vehicle Stoppage,767,38,,car,Inner,0.29254444106836314
Vehicle Stoppage,768,38,,car,Inner,0.29102140814723343
Vehicle Stoppage,769,38,,car,Inner,0.317902658057463
Vehicle Stoppage,770,38,,car,Inner,0.3354246562195454
Vehicle Stoppage,771,38,,car,Inner,0.34561668073170304
Vehicle Stoppage,772,38,,car,Inner,0.350877314741211
Vehicle Stoppage,773,38,,car,Inner,0.3534589792323795
Vehicle Stoppage,774,38,,car,Inner,0.35380493213069236
Vehicle Stoppage,775,38,,car,Inner,0.352852788000888
Vehicle Stoppage,776,38,,car,Inner,0.3518671482250101
Vehicle Stoppage,777,38,,car,Inner,0.3498763352957762
Vehicle Stoppage,778,38,,car,Inner,0.34790263005616595
Vehicle Stoppage,779,38,,car,Inner,0.3459291401428968
Vehicle Stoppage,780,38,,car,Inner,0.3440710682402716
Vehicle Stoppage,781,38,,car,Inner,0.3420656369762985
Vehicle Stoppage,782,38,,car,Inner,0.34019225446796963
Vehicle Stoppage,783,38,,car,Inner,0.3381535302196301
Vehicle Stoppage,784,38,,car,Inner,0.33641061219884055
Vehicle Stoppage,785,38,,car,Inner,0.3345193118491005
Vehicle Stoppage,786,38,,car,Inner,0.33279293862700815
Vehicle Stoppage,787,38,,car,Inner,0.3310515669801331
Vehicle Stoppage,788,38,,car,Inner,0.3294299470297112
Vehicle Stoppage,789,38,,car,Inner,0.32690848872429096
Vehicle Stoppage,790,38,,car,Inner,0.324566064153352
Vehicle Stoppage,791,38,,car,Inner,0.32265083294483715
Vehicle Stoppage,792,38,,car,Inner,0.3207367924014951
Vehicle Stoppage,793,38,,car,Inner,0.3185565099005195
Vehicle Stoppage,794,38,,car,Inner,0.3159084044466006
Vehicle Stoppage,795,38,,car,Inner,0.3134180913731669
Vehicle Stoppage,796,38,,car,Inner,0.31322132749862613
Vehicle Stoppage,797,38,,car,Inner,0.31353500602006235
Vehicle Stoppage,798,38,,car,Inner,0.31441300863673305
Vehicle Stoppage,799,38,,car,Inner,0.3154309116114003
Vehicle Stoppage,800,38,,car,Inner,0.31691350555001946
Vehicle Stoppage,801,38,,car,Inner,0.31910387023663916
Vehicle Stoppage,802,38,,car,Inner,0.3210003894078676
Vehicle Stoppage,803,38,,car,Inner,0.3215030326451042
Vehicle Stoppage,804,38,,car,Inner,0.3207130337232962
Vehicle Stoppage,805,38,,car,Inner,0.31924789740889875
Vehicle Stoppage,806,38,,car,Inner,0.3168141726627802
Vehicle Stoppage,807,38,,car,Inner,0.3141198019864342
Vehicle Stoppage,808,38,,car,Inner,0.31140565184337965
Vehicle Stoppage,809,38,,car,Inner,0.30963515627266697
Vehicle Stoppage,810,38,,car,Inner,0.30865177789865517
Vehicle Stoppage,811,38,,car,Inner,0.3088347292647034
Vehicle Stoppage,812,38,,car,Inner,0.31015689578018457
Vehicle Stoppage,813,38,,car,Inner,0.312520879302491
Vehicle Stoppage,814,38,,car,Inner,0.31551484909588984
Vehicle Stoppage,815,38,,car,Inner,0.3187269207330907
Vehicle Stoppage,816,38,,car,Inner,0.3207173989667587
Vehicle Stoppage,817,38,,car,Inner,0.3223887094797228
Vehicle Stoppage,818,38,,car,Inner,0.32334107379050864
Vehicle Stoppage,819,38,,car,Inner,0.32394826747491134
Vehicle Stoppage,820,38,,car,Inner,0.32437818977236516
Vehicle Stoppage,821,38,,car,Inner,0.32434378366172495
Vehicle Stoppage,822,38,,car,Inner,0.32425335773126657
Vehicle Stoppage,823,38,,car,Inner,0.32476048097020865
Vehicle Stoppage,824,38,,car,Inner,0.3253589402490758
Vehicle Stoppage,825,38,,car,Inner,0.3077955490256454
Vehicle Stoppage,826,38,,car,Inner,0.27606615149272373
Vehicle Stoppage,827,38,,car,Inner,0.23569821806708036
Vehicle Stoppage,828,38,,car,Inner,0.19037210930176052
Vehicle Stoppage,829,38,,car,Inner,0.1430967854286092
Vehicle Stoppage,830,38,,car,Inner,0.09619693342305242
Vehicle Stoppage,831,38,,car,Inner,0.05591681321391202
Vehicle Stoppage,832,38,,car,Inner,0.04423663640016384
Vehicle Stoppage,833,38,,car,Inner,0.06581101731472816
Vehicle Stoppage,834,38,,car,Inner,0.08864180729205112
Vehicle Stoppage,835,38,,car,Inner,0.1016004429124219
Vehicle Stoppage,836,38,,car,Inner,0.13214102315329973
Vehicle Stoppage,837,38,,car,Inner,0.17048416348740203
Vehicle Stoppage,838,38,,car,Inner,0.21263125358234847
Vehicle Stoppage,839,38,,car,Inner,0.2568651007824878
Vehicle Stoppage,840,38,,car,Inner,0.2732486962457445
Vehicle Stoppage,841,38,,car,Inner,0.28465097927110466
Vehicle Stoppage,842,38,,car,Inner,0.3116717022766079
Vehicle Stoppage,843,38,,car,Inner,0.321236688440163
Vehicle Stoppage,844,38,,car,Inner,0.3240689124245001
Vehicle Stoppage,845,38,,car,Inner,0.32393854355417245
Vehicle Stoppage,846,38,,car,Inner,0.3213294882204252
Vehicle Stoppage,847,38,,car,Inner,0.30229371478745604
Vehicle Stoppage,848,38,,car,Inner,0.2879626711919412
Vehicle Stoppage,849,38,,car,Inner,0.25835448515557147
Vehicle Stoppage,850,38,,car,Inner,0.220838628867327
Vehicle Stoppage,851,38,,car,Inner,0.17842715600490583
Vehicle Stoppage,852,38,,car,Inner,0.1086928240501654
Vehicle Stoppage,853,38,,car,Inner,0.0589705011001327
Vehicle Stoppage,854,38,,car,Inner,0.05238291706270918
Vehicle Stoppage,855,38,,car,Inner,0.06463745044477812
Vehicle Stoppage,856,38,,car,Inner,0.0759497202101534
Vehicle Stoppage,857,38,,car,Inner,0.08371021443048962
Vehicle Stoppage,858,38,,car,Inner,0.0882478328345764
Vehicle Stoppage,859,38,,car,Inner,0.06940461079783854
Vehicle Stoppage,860,38,,car,Inner,0.053757697123289476
Vehicle Stoppage,90,45,,car,Outer,0.0761300203599072
Vehicle Stoppage,91,45,,car,Outer,0.07635607375972313
Vehicle Stoppage,92,45,,car,Outer,0.07524553142878417
Vehicle Stoppage,93,45,,car,Outer,0.07433471598116047
Vehicle Stoppage,94,45,,car,Outer,0.07310622408523242
Vehicle Stoppage,95,45,,car,Outer,0.07214014139160038
Vehicle Stoppage,96,45,,car,Outer,0.07055692737073907
Vehicle Stoppage,97,45,,car,Outer,0.06823965123005708
Vehicle Stoppage,98,45,,car,Outer,0.06546640359756788
Vehicle Stoppage,99,45,,car,Outer,0.0631817220404748
Vehicle Stoppage,100,45,,car,Outer,0.06091214985534589
Vehicle Stoppage,101,45,,car,Outer,0.059391329333496536
Vehicle Stoppage,102,45,,car,Outer,0.05778001384562213
Vehicle Stoppage,103,45,,car,Outer,0.0559475647369939
Vehicle Stoppage,104,45,,car,Outer,0.05414545225593497
Vehicle Stoppage,105,45,,car,Outer,0.05248247326489016
Vehicle Stoppage,106,45,,car,Outer,0.05101186136576684
Vehicle Stoppage,107,45,,car,Outer,0.0500369863201206
Vehicle Stoppage,108,45,,car,Outer,0.04913919006251404
Vehicle Stoppage,109,45,,car,Outer,0.0483227689603984
Vehicle Stoppage,110,45,,car,Outer,0.047729760108345114
Vehicle Stoppage,111,45,,car,Outer,0.04703158513169734
Vehicle Stoppage,112,45,,car,Outer,0.04648064113155298
Vehicle Stoppage,113,45,,car,Outer,0.04517742799230641
Vehicle Stoppage,114,45,,car,Outer,0.042370980635333025
Vehicle Stoppage,115,45,,car,Outer,0.039167971609470144
Vehicle Stoppage,116,45,,car,Outer,0.035791758827978526
Vehicle Stoppage,117,45,,car,Outer,0.032877043662713615
Vehicle Stoppage,118,45,,car,Outer,0.03033298534599327
Vehicle Stoppage,119,45,,car,Outer,0.028151909349097386
Vehicle Stoppage,120,45,,car,Outer,0.026725456029783948
Vehicle Stoppage,121,45,,car,Outer,0.026920809794656442
Vehicle Stoppage,122,45,,car,Outer,0.027856776554364023
Vehicle Stoppage,123,45,,car,Outer,0.02937771264070789
Vehicle Stoppage,124,45,,car,Outer,0.031894356867634435
Vehicle Stoppage,125,45,,car,Outer,0.034908451698689814
Vehicle Stoppage,126,45,,car,Outer,0.038823188946810624
Vehicle Stoppage,127,45,,car,Outer,0.044680420767935776
Vehicle Stoppage,128,45,,car,Outer,0.05108003523883233
Vehicle Stoppage,129,45,,car,Outer,0.057606683640009294
Vehicle Stoppage,130,45,,car,Outer,0.0638549136715394
Vehicle Stoppage,131,45,,car,Outer,0.06890000000000211
Vehicle Stoppage,132,45,,car,Outer,0.07326882010787081
Vehicle Stoppage,133,45,,car,Outer,0.07625024590124364
Vehicle Stoppage,134,45,,car,Outer,0.07752070691112727
Vehicle Stoppage,135,45,,car,Outer,0.07785685583171592
Vehicle Stoppage,136,45,,car,Outer,0.07854966581724168
Vehicle Stoppage,137,45,,car,Outer,0.07877340921909907
Vehicle Stoppage,138,45,,car,Outer,0.07908331050227888
Vehicle Stoppage,139,45,,car,Outer,0.07999156205500581
Vehicle Stoppage,140,45,,car,Outer,0.08214061114941844
Vehicle Stoppage,141,45,,car,Outer,0.0838573192989126
Vehicle Stoppage,142,45,,car,Outer,0.08520211264986773
Vehicle Stoppage,143,45,,car,Outer,0.0866867925349637
Vehicle Stoppage,144,45,,car,Outer,0.08818304825758864
Vehicle Stoppage,145,45,,car,Outer,0.08955093522683003
Vehicle Stoppage,146,45,,car,Outer,0.0902669928600718
Vehicle Stoppage,147,45,,car,Outer,0.08942941350584657
Vehicle Stoppage,148,45,,car,Outer,0.08840463788739024
Vehicle Stoppage,149,45,,car,Outer,0.08719724766298419
Vehicle Stoppage,150,45,,car,Outer,0.08436664032660803
Vehicle Stoppage,151,45,,car,Outer,0.08209750300709598
Vehicle Stoppage,152,45,,car,Outer,0.08029246539993685
Vehicle Stoppage,153,45,,car,Outer,0.07904593601191928
Vehicle Stoppage,154,45,,car,Outer,0.07779460135510534
Vehicle Stoppage,155,45,,car,Outer,0.07681588377412495
Vehicle Stoppage,156,45,,car,Outer,0.07509700393490891
Vehicle Stoppage,157,45,,car,Outer,0.07218012191732305
Vehicle Stoppage,158,45,,car,Outer,0.06896876104440798
Vehicle Stoppage,159,45,,car,Outer,0.06630007541473766
Vehicle Stoppage,160,45,,car,Outer,0.06514798538711788
Vehicle Stoppage,161,45,,car,Outer,0.06721703653092662
Vehicle Stoppage,162,45,,car,Outer,0.07142268547177415
Vehicle Stoppage,163,45,,car,Outer,0.07611622691647668
Vehicle Stoppage,164,45,,car,Outer,0.07977079666143816
Vehicle Stoppage,165,45,,car,Outer,0.08252223942671616
Vehicle Stoppage,166,45,,car,Outer,0.08304902166792845
Vehicle Stoppage,167,45,,car,Outer,0.0823034021168035
Vehicle Stoppage,168,45,,car,Outer,0.0817587915762002
Vehicle Stoppage,169,45,,car,Outer,0.08248424091909647
Vehicle Stoppage,170,45,,car,Outer,0.08510475897386406
Vehicle Stoppage,171,45,,car,Outer,0.08922516461178348
Vehicle Stoppage,172,45,,car,Outer,0.09380703598345298
Vehicle Stoppage,173,45,,car,Outer,0.09674967700204597
Vehicle Stoppage,174,45,,car,Outer,0.09800091836304776
Vehicle Stoppage,175,45,,car,Outer,0.09879473670191606
Vehicle Stoppage,176,45,,car,Outer,0.09850730937346867
Vehicle Stoppage,177,45,,car,Outer,0.09551554847248915
Vehicle Stoppage,178,45,,car,Outer,0.09172638660713063
Vehicle Stoppage,179,45,,car,Outer,0.08688158608128856
Vehicle Stoppage,180,45,,car,Outer,0.08251302927417155
Vehicle Stoppage,181,45,,car,Outer,0.07966159677033713
Vehicle Stoppage,182,45,,car,Outer,0.07733078300392367
Vehicle Stoppage,183,45,,car,Outer,0.07743726493104033
Vehicle Stoppage,184,45,,car,Outer,0.0767469869115409
Vehicle Stoppage,185,45,,car,Outer,0.07602118125890922
Vehicle Stoppage,186,45,,car,Outer,0.07621423751504905
Vehicle Stoppage,187,45,,car,Outer,0.07662114590633486
Vehicle Stoppage,188,45,,car,Outer,0.07767753858098021
Vehicle Stoppage,189,45,,car,Outer,0.07939584371992912
Vehicle Stoppage,190,45,,car,Outer,0.08248757482190537
Vehicle Stoppage,191,45,,car,Outer,0.08608054367858435
Vehicle Stoppage,192,45,,car,Outer,0.09010271915985985
Vehicle Stoppage,193,45,,car,Outer,0.0924619381151007
Vehicle Stoppage,194,45,,car,Outer,0.09201483576032421
Vehicle Stoppage,195,45,,car,Outer,0.09051811973301625
Vehicle Stoppage,196,45,,car,Outer,0.08907008476474966
Vehicle Stoppage,197,45,,car,Outer,0.08781434962465173
Vehicle Stoppage,198,45,,car,Outer,0.08710367386052219
Vehicle Stoppage,199,45,,car,Outer,0.08635884436466273
Vehicle Stoppage,200,45,,car,Outer,0.08531453568999606
Vehicle Stoppage,201,45,,car,Outer,0.08517194373735693
Vehicle Stoppage,202,45,,car,Outer,0.0851028789172229
Vehicle Stoppage,203,45,,car,Outer,0.0843811590344658
Vehicle Stoppage,204,45,,car,Outer,0.08325412902673218
Vehicle Stoppage,205,45,,car,Outer,0.08168629015936076
Vehicle Stoppage,206,45,,car,Outer,0.0801888396224802
Vehicle Stoppage,207,45,,car,Outer,0.07866409600319839
Vehicle Stoppage,208,45,,car,Outer,0.07778495998584273
Vehicle Stoppage,209,45,,car,Outer,0.07677766602339554
Vehicle Stoppage,210,45,,car,Outer,0.07700422066354536
Vehicle Stoppage,211,45,,car,Outer,0.07624204876575823
Vehicle Stoppage,212,45,,car,Outer,0.0750179978405198
Vehicle Stoppage,213,45,,car,Outer,0.07378597427695603
Vehicle Stoppage,214,45,,car,Outer,0.07221391832603977
Vehicle Stoppage,215,45,,car,Outer,0.07053736598428462
Vehicle Stoppage,216,45,,car,Outer,0.06901224529024079
Vehicle Stoppage,217,45,,car,Outer,0.06539755347106375
Vehicle Stoppage,218,45,,car,Outer,0.0625859409132752
Vehicle Stoppage,219,45,,car,Outer,0.06012403845385014
Vehicle Stoppage,220,45,,car,Outer,0.05769748694700719
Vehicle Stoppage,221,45,,car,Outer,0.05454759389743872
Vehicle Stoppage,222,45,,car,Outer,0.050811908053131453
Vehicle Stoppage,223,45,,car,Outer,0.04769612143560281
Vehicle Stoppage,224,45,,car,Outer,0.04596781482733171
Vehicle Stoppage,225,45,,car,Outer,0.045378519147279237
Vehicle Stoppage,226,45,,car,Outer,0.046117241894977054
Vehicle Stoppage,227,45,,car,Outer,0.046882512731298356
Vehicle Stoppage,228,45,,car,Outer,0.04815059708871344
Vehicle Stoppage,229,45,,car,Outer,0.0484934016130037
Vehicle Stoppage,230,45,,car,Outer,0.047424571690209326
Vehicle Stoppage,231,45,,car,Outer,0.04632116147075609
Vehicle Stoppage,232,45,,car,Outer,0.04578438598474391
Vehicle Stoppage,233,45,,car,Outer,0.04534423888434042
Vehicle Stoppage,234,45,,car,Outer,0.044826443088872445
Vehicle Stoppage,235,45,,car,Outer,0.044841275628599124
Vehicle Stoppage,236,45,,car,Outer,0.045603179713701966
Vehicle Stoppage,237,45,,car,Outer,0.04598825937127711
Vehicle Stoppage,238,45,,car,Outer,0.046802777695346603
Vehicle Stoppage,239,45,,car,Outer,0.048654393429577725
Vehicle Stoppage,240,45,,car,Outer,0.0500759423276271
Vehicle Stoppage,241,45,,car,Outer,0.052346251059653404
Vehicle Stoppage,242,45,,car,Outer,0.05540541489782652
Vehicle Stoppage,243,45,,car,Outer,0.058472985215398586
Vehicle Stoppage,244,45,,car,Outer,0.06078239876806331
Vehicle Stoppage,245,45,,car,Outer,0.06276591431660994
Vehicle Stoppage,246,45,,car,Outer,0.06417702080962892
Vehicle Stoppage,247,45,,car,Outer,0.06528231000815055
Vehicle Stoppage,248,45,,car,Outer,0.06862076945065951
Vehicle Stoppage,249,45,,car,Outer,0.07602631123499541
Vehicle Stoppage,250,45,,car,Outer,0.08772462596101598
Vehicle Stoppage,251,45,,car,Outer,0.10298121187867203
Vehicle Stoppage,252,45,,car,Outer,0.12059850745345115
Vehicle Stoppage,253,45,,car,Outer,0.1354831723868318
Vehicle Stoppage,254,45,,car,Outer,0.14698044087565337
Vehicle Stoppage,255,45,,car,Outer,0.15610925661215821
Vehicle Stoppage,256,45,,car,Outer,0.16116590830569985
Vehicle Stoppage,257,45,,car,Outer,0.15983857481847127
Vehicle Stoppage,258,45,,car,Outer,0.15607808942961657
Vehicle Stoppage,259,45,,car,Outer,0.15159241405822305
Vehicle Stoppage,260,45,,car,Outer,0.15013330743042558
Vehicle Stoppage,261,45,,car,Outer,0.15136185120432513
Vehicle Stoppage,262,45,,car,Outer,0.15528802271907974
Vehicle Stoppage,263,45,,car,Outer,0.16047834744911868
Vehicle Stoppage,264,45,,car,Outer,0.1654156280404048
Vehicle Stoppage,265,45,,car,Outer,0.16993981287503282
Vehicle Stoppage,266,45,,car,Outer,0.17376446702360915
Vehicle Stoppage,267,45,,car,Outer,0.17397666510195778
Vehicle Stoppage,268,45,,car,Outer,0.17229744629564395
Vehicle Stoppage,269,45,,car,Outer,0.1689422386497835
Vehicle Stoppage,270,45,,car,Outer,0.16463201389766177
Vehicle Stoppage,271,45,,car,Outer,0.16158418858292
Vehicle Stoppage,272,45,,car,Outer,0.15937157839464572
Vehicle Stoppage,273,45,,car,Outer,0.1575143168096184
Vehicle Stoppage,274,45,,car,Outer,0.15720458008595356
Vehicle Stoppage,275,45,,car,Outer,0.15791063928691015
Vehicle Stoppage,276,45,,car,Outer,0.1610150614073152
Vehicle Stoppage,277,45,,car,Outer,0.16634229768762732
Vehicle Stoppage,278,45,,car,Outer,0.17215240341046414
Vehicle Stoppage,279,45,,car,Outer,0.17784043409753109
Vehicle Stoppage,280,45,,car,Outer,0.18387465839532924
Vehicle Stoppage,281,45,,car,Outer,0.1888708553483057
Vehicle Stoppage,282,45,,car,Outer,0.19325863499466503
Vehicle Stoppage,283,45,,car,Outer,0.1950772667432085
Vehicle Stoppage,284,45,,car,Outer,0.19345702365125178
Vehicle Stoppage,285,45,,car,Outer,0.1903197835223638
Vehicle Stoppage,286,45,,car,Outer,0.18639967811130462
Vehicle Stoppage,287,45,,car,Outer,0.18297958902566475
Vehicle Stoppage,288,45,,car,Outer,0.18016162188434856
Vehicle Stoppage,289,45,,car,Outer,0.17715148884500018
Vehicle Stoppage,290,45,,car,Outer,0.17378506840347097
Vehicle Stoppage,291,45,,car,Outer,0.17262204378351922
Vehicle Stoppage,292,45,,car,Outer,0.17259377161415906
Vehicle Stoppage,293,45,,car,Outer,0.17282806485059068
Vehicle Stoppage,294,45,,car,Outer,0.1723324983861111
Vehicle Stoppage,295,45,,car,Outer,0.17137473559424815
Vehicle Stoppage,296,45,,car,Outer,0.17007683557733774
Vehicle Stoppage,297,45,,car,Outer,0.16865111917802217
Vehicle Stoppage,298,45,,car,Outer,0.1670164363169035
Vehicle Stoppage,299,45,,car,Outer,0.16531355056376484
Vehicle Stoppage,300,45,,car,Outer,0.1647991808232068
Vehicle Stoppage,301,45,,car,Outer,0.1647570635815086
Vehicle Stoppage,302,45,,car,Outer,0.16482842594650138
Vehicle Stoppage,303,45,,car,Outer,0.16538833090638105
Vehicle Stoppage,304,45,,car,Outer,0.1669730517179384
Vehicle Stoppage,305,45,,car,Outer,0.1692861482815417
Vehicle Stoppage,306,45,,car,Outer,0.1719795627392988
Vehicle Stoppage,307,45,,car,Outer,0.17380494814590555
Vehicle Stoppage,308,45,,car,Outer,0.17535712132673772
Vehicle Stoppage,309,45,,car,Outer,0.1761307752779207
Vehicle Stoppage,310,45,,car,Outer,0.17666694654066067
Vehicle Stoppage,311,45,,car,Outer,0.17677284859389888
Vehicle Stoppage,312,45,,car,Outer,0.17676065738732125
Vehicle Stoppage,313,45,,car,Outer,0.17704420351990935
Vehicle Stoppage,314,45,,car,Outer,0.1775820373799084
Vehicle Stoppage,315,45,,car,Outer,0.17842323279214262
Vehicle Stoppage,316,45,,car,Outer,0.18009478060177095
Vehicle Stoppage,317,45,,car,Outer,0.1817272681795474
Vehicle Stoppage,318,45,,car,Outer,0.18297969832743385
Vehicle Stoppage,319,45,,car,Outer,0.18446246230602406
Vehicle Stoppage,320,45,,car,Outer,0.1852846458830252
Vehicle Stoppage,321,45,,car,Outer,0.18582814641491083
Vehicle Stoppage,322,45,,car,Outer,0.18620335657554618
Vehicle Stoppage,323,45,,car,Outer,0.18569709206123963
Vehicle Stoppage,324,45,,car,Outer,0.184152382553147
Vehicle Stoppage,325,45,,car,Outer,0.18209549692400784
Vehicle Stoppage,326,45,,car,Outer,0.17892132349163747
Vehicle Stoppage,327,45,,car,Outer,0.17542317406773747
Vehicle Stoppage,328,45,,car,Outer,0.17156226275029296
Vehicle Stoppage,329,45,,car,Outer,0.16761700391070092
Vehicle Stoppage,330,45,,car,Outer,0.16429744368066113
Vehicle Stoppage,331,45,,car,Outer,0.1633371053986179
Vehicle Stoppage,332,45,,car,Outer,0.16393022906101976
Vehicle Stoppage,333,45,,car,Outer,0.16515862072564808
Vehicle Stoppage,334,45,,car,Outer,0.16670866804099285
Vehicle Stoppage,335,45,,car,Outer,0.16820190248626676
Vehicle Stoppage,336,45,,car,Outer,0.16924266601540286
Vehicle Stoppage,337,45,,car,Outer,0.1718922918574286
Vehicle Stoppage,338,45,,car,Outer,0.17483535111641668
Vehicle Stoppage,339,45,,car,Outer,0.18042904422514608
Vehicle Stoppage,340,45,,car,Outer,0.18683093962189073
Vehicle Stoppage,341,45,,car,Outer,0.19483482748214648
Vehicle Stoppage,342,45,,car,Outer,0.2050404838074703
Vehicle Stoppage,343,45,,car,Outer,0.2148945090038324
Vehicle Stoppage,344,45,,car,Outer,0.21698479209382335
Vehicle Stoppage,345,45,,car,Outer,0.21466767339308082
Vehicle Stoppage,346,45,,car,Outer,0.20737839810356318
Vehicle Stoppage,347,45,,car,Outer,0.20564406142653438
Vehicle Stoppage,348,45,,car,Outer,0.20451293357634368
Vehicle Stoppage,349,45,,car,Outer,0.19881659890461778
Vehicle Stoppage,350,45,,car,Outer,0.1895001055408707
Vehicle Stoppage,351,45,,car,Outer,0.19415674080494633
Vehicle Stoppage,352,45,,car,Outer,0.19566872514533218
Vehicle Stoppage,353,45,,car,Outer,0.1954159665943459
Vehicle Stoppage,354,45,,car,Outer,0.20261897739353077
Vehicle Stoppage,355,45,,car,Outer,0.21568998585933424
Vehicle Stoppage,356,45,,car,Outer,0.23404266705026516
Vehicle Stoppage,357,45,,car,Outer,0.2562332140843571
Vehicle Stoppage,358,45,,car,Outer,0.2671787603833826
Vehicle Stoppage,359,45,,car,Outer,0.2842384386391116
Vehicle Stoppage,360,45,,car,Outer,0.2990178088341934
Vehicle Stoppage,361,45,,car,Outer,0.29968400024024927
Vehicle Stoppage,362,45,,car,Outer,0.29235952182201735
Vehicle Stoppage,363,45,,car,Outer,0.2736832110305607
Vehicle Stoppage,364,45,,car,Outer,0.2575158635890214
Vehicle Stoppage,365,45,,car,Outer,0.24364203249849595
Vehicle Stoppage,366,45,,car,Outer,0.22309051974478294
Vehicle Stoppage,367,45,,car,Outer,0.20606057361853414
Vehicle Stoppage,368,45,,car,Outer,0.19152759592288407
Vehicle Stoppage,369,45,,car,Outer,0.18047725618481616
Vehicle Stoppage,370,45,,car,Outer,0.17755207686760724
Vehicle Stoppage,371,45,,car,Outer,0.17631259172277094
Vehicle Stoppage,372,45,,car,Outer,0.1763923184268522
Vehicle Stoppage,373,45,,car,Outer,0.17791008965205057
Vehicle Stoppage,374,45,,car,Outer,0.17861422115833625
Vehicle Stoppage,375,45,,car,Outer,0.18091680408409214
Vehicle Stoppage,376,45,,car,Outer,0.1882344283068361
Vehicle Stoppage,377,45,,car,Outer,0.1981064360388101
Vehicle Stoppage,378,45,,car,Outer,0.2117598876085843
Vehicle Stoppage,379,45,,car,Outer,0.2292027923041097
Vehicle Stoppage,380,45,,car,Outer,0.2551520723019924
Vehicle Stoppage,381,45,,car,Outer,0.28022480261390165
Vehicle Stoppage,382,45,,car,Outer,0.3044846465751594
Vehicle Stoppage,383,45,,car,Outer,0.3054455925365428
Vehicle Stoppage,384,45,,car,Outer,0.30832354759245845
Vehicle Stoppage,385,45,,car,Outer,0.3128630690893392
Vehicle Stoppage,386,45,,car,Outer,0.3155199676724103
Vehicle Stoppage,387,45,,car,Outer,0.3133966336768812
Vehicle Stoppage,388,45,,car,Outer,0.30577156506124276
Vehicle Stoppage,389,45,,car,Outer,0.29517731958943044
Vehicle Stoppage,390,45,,car,Outer,0.2977867189785362
Vehicle Stoppage,391,45,,car,Outer,0.2911043970811823
Vehicle Stoppage,392,45,,car,Outer,0.2789914873253284
Vehicle Stoppage,393,45,,car,Outer,0.26866250203554964
Vehicle Stoppage,394,45,,car,Outer,0.2612886526430079
Vehicle Stoppage,395,45,,car,Outer,0.25550195693966876
Vehicle Stoppage,396,45,,car,Outer,0.251794559115164
Vehicle Stoppage,397,45,,car,Outer,0.2525020791993621
Vehicle Stoppage,398,45,,car,Outer,0.25620811852866815
Vehicle Stoppage,399,45,,car,Outer,0.2505218952506952
Vehicle Stoppage,400,45,,car,Outer,0.24858004746962128
Vehicle Stoppage,401,45,,car,Outer,0.24856638952199123
Vehicle Stoppage,402,45,,car,Outer,0.25012284981585003
Vehicle Stoppage,403,45,,car,Outer,0.25550571422182006
Vehicle Stoppage,404,45,,car,Outer,0.2547886378942367
Vehicle Stoppage,405,45,,car,Outer,0.2503605400217881
Vehicle Stoppage,406,45,,car,Outer,0.24951587123868826
Vehicle Stoppage,407,45,,car,Outer,0.2394288620864241
Vehicle Stoppage,408,45,,car,Outer,0.22345970553995084
Vehicle Stoppage,409,45,,car,Outer,0.20483290751243902
Vehicle Stoppage,410,45,,car,Outer,0.18337464383060637
Vehicle Stoppage,411,45,,car,Outer,0.16893483950919996
Vehicle Stoppage,412,45,,car,Outer,0.15996224554563382
Vehicle Stoppage,413,45,,car,Outer,0.15500206450238121
Vehicle Stoppage,414,45,,car,Outer,0.152377983974068
Vehicle Stoppage,415,45,,car,Outer,0.15066124252773055
Vehicle Stoppage,416,45,,car,Outer,0.14875678135802764
Vehicle Stoppage,417,45,,car,Outer,0.14668841126687335
Vehicle Stoppage,418,45,,car,Outer,0.14460878258252705
Vehicle Stoppage,419,45,,car,Outer,0.1414845928007691
Vehicle Stoppage,420,45,,car,Outer,0.13770439353920697
Vehicle Stoppage,421,45,,car,Outer,0.13314341891359704
Vehicle Stoppage,422,45,,car,Outer,0.12810140514452167
Vehicle Stoppage,423,45,,car,Outer,0.12418087614443943
Vehicle Stoppage,424,45,,car,Outer,0.12029983374884036
Vehicle Stoppage,425,45,,car,Outer,0.11644955989612311
Vehicle Stoppage,426,45,,car,Outer,0.11286133084453823
Vehicle Stoppage,427,45,,car,Outer,0.10773583433565491
Vehicle Stoppage,428,45,,car,Outer,0.10283545108569785
Vehicle Stoppage,429,45,,car,Outer,0.09758857515098845
Vehicle Stoppage,430,45,,car,Outer,0.09282031027744202
Vehicle Stoppage,431,45,,car,Outer,0.08738706998178192
Vehicle Stoppage,432,45,,car,Outer,0.08202987260748348
Vehicle Stoppage,433,45,,car,Outer,0.07682460543341672
Vehicle Stoppage,434,45,,car,Outer,0.07190278158736157
Vehicle Stoppage,435,45,,car,Outer,0.06754983345649285
Vehicle Stoppage,436,45,,car,Outer,0.06530000000000058
Vehicle Stoppage,437,45,,car,Outer,0.06234845627600176
Vehicle Stoppage,438,45,,car,Outer,0.059047438555789526
Vehicle Stoppage,439,45,,car,Outer,0.057951876587387395
Vehicle Stoppage,440,45,,car,Outer,0.06008161116348381
Vehicle Stoppage,441,45,,car,Outer,0.0519391952190253
Vehicle Stoppage,442,45,,car,Outer,0.04821047603996642
Vehicle Stoppage,443,45,,car,Outer,0.04693452886734539
Vehicle Stoppage,444,45,,car,Outer,0.045988259371276395
Vehicle Stoppage,445,45,,car,Outer,0.05133001071497947
Vehicle Stoppage,446,45,,car,Outer,0.06673687136808339
Vehicle Stoppage,447,45,,car,Outer,0.09068191660965592
Vehicle Stoppage,448,45,,car,Outer,0.10425545549274853
Vehicle Stoppage,449,45,,car,Outer,0.1254882066171951
Vehicle Stoppage,450,45,,car,Outer,0.14832086839012393
Vehicle Stoppage,451,45,,car,Outer,0.15777277965479058
Vehicle Stoppage,452,45,,car,Outer,0.15944133717452316
Vehicle Stoppage,453,45,,car,Outer,0.14760602968713815
Vehicle Stoppage,454,45,,car,Outer,0.14040356120839986
Vehicle Stoppage,455,45,,car,Outer,0.1369445143114522
Vehicle Stoppage,456,45,,car,Outer,0.1239229599388263
Vehicle Stoppage,457,45,,car,Outer,0.10807737968696325
Vehicle Stoppage,458,45,,car,Outer,0.09086088267235824
Vehicle Stoppage,459,45,,car,Outer,0.07658420202626652
Vehicle Stoppage,460,45,,car,Outer,0.07637512684113607
Vehicle Stoppage,461,45,,car,Outer,0.07312728628904663
Vehicle Stoppage,462,45,,car,Outer,0.07243486729469446
Vehicle Stoppage,463,45,,car,Outer,0.07610946064714626
Vehicle Stoppage,464,45,,car,Outer,0.0805158990510553
Vehicle Stoppage,465,45,,car,Outer,0.08766162216157902
Vehicle Stoppage,466,45,,car,Outer,0.10246999560847138
Vehicle Stoppage,467,45,,car,Outer,0.11987747911931017
Vehicle Stoppage,468,45,,car,Outer,0.14144316879934254
Vehicle Stoppage,469,45,,car,Outer,0.16572537524470846
Vehicle Stoppage,470,45,,car,Outer,0.19612855477976673
Vehicle Stoppage,471,45,,car,Outer,0.22338498159007808
Vehicle Stoppage,472,45,,car,Outer,0.24932745536743414
Vehicle Stoppage,473,45,,car,Outer,0.2495787050210806
Vehicle Stoppage,474,45,,car,Outer,0.25431508016631577
Vehicle Stoppage,475,45,,car,Outer,0.26232104376126486
Vehicle Stoppage,476,45,,car,Outer,0.26647343207156604
Vehicle Stoppage,477,45,,car,Outer,0.2648713272515506
Vehicle Stoppage,478,45,,car,Outer,0.2569844353263434
Vehicle Stoppage,479,45,,car,Outer,0.24592992904484035
Vehicle Stoppage,480,45,,car,Outer,0.25043971330441767
Vehicle Stoppage,481,45,,car,Outer,0.2450356912778246
Vehicle Stoppage,482,45,,car,Outer,0.2328622339496009
Vehicle Stoppage,483,45,,car,Outer,0.22383145444731362
Vehicle Stoppage,484,45,,car,Outer,0.21780103305540127
Vehicle Stoppage,485,45,,car,Outer,0.21295015848784793
Vehicle Stoppage,486,45,,car,Outer,0.20932379224540776
Vehicle Stoppage,487,45,,car,Outer,0.2101801608144767
Vehicle Stoppage,488,45,,car,Outer,0.21385270631909503
Vehicle Stoppage,489,45,,car,Outer,0.20620545579591296
Vehicle Stoppage,490,45,,car,Outer,0.20298307811243796
Vehicle Stoppage,491,45,,car,Outer,0.20268818416473985
Vehicle Stoppage,492,45,,car,Outer,0.2041012003884316
Vehicle Stoppage,493,45,,car,Outer,0.21012084618143065
Vehicle Stoppage,494,45,,car,Outer,0.21162601446892557
Vehicle Stoppage,495,45,,car,Outer,0.2101391919657098
Vehicle Stoppage,496,45,,car,Outer,0.2140306987326811
Vehicle Stoppage,497,45,,car,Outer,0.20853249147315045
Vehicle Stoppage,498,45,,car,Outer,0.19778839703076245
Vehicle Stoppage,499,45,,car,Outer,0.1875426618132504
Vehicle Stoppage,500,45,,car,Outer,0.17805732223078677
Vehicle Stoppage,501,45,,car,Outer,0.17418725556136158
Vehicle Stoppage,502,45,,car,Outer,0.174395097408149
Vehicle Stoppage,503,45,,car,Outer,0.17759124415352956
Vehicle Stoppage,504,45,,car,Outer,0.18197148128209423
Vehicle Stoppage,505,45,,car,Outer,0.18670452592264788
Vehicle Stoppage,506,45,,car,Outer,0.19040212708896265
Vehicle Stoppage,507,45,,car,Outer,0.1934571011878384
Vehicle Stoppage,508,45,,car,Outer,0.19708526073757637
Vehicle Stoppage,509,45,,car,Outer,0.20117778207346673
Vehicle Stoppage,510,45,,car,Outer,0.20613165695738728
Vehicle Stoppage,511,45,,car,Outer,0.21075488131950842
Vehicle Stoppage,512,45,,car,Outer,0.21513058824816358
Vehicle Stoppage,513,45,,car,Outer,0.21869762230074624
Vehicle Stoppage,514,45,,car,Outer,0.2216134021218043
Vehicle Stoppage,515,45,,car,Outer,0.22361954297422013
Vehicle Stoppage,516,45,,car,Outer,0.22602884771639023
Vehicle Stoppage,517,45,,car,Outer,0.22895737594583118
Vehicle Stoppage,518,45,,car,Outer,0.23236006541572907
Vehicle Stoppage,519,45,,car,Outer,0.23710672702392704
Vehicle Stoppage,520,45,,car,Outer,0.24268914273201267
Vehicle Stoppage,521,45,,car,Outer,0.24922562067331908
Vehicle Stoppage,522,45,,car,Outer,0.25627547678230983
Vehicle Stoppage,523,45,,car,Outer,0.26320883343839585
Vehicle Stoppage,524,45,,car,Outer,0.2683666521757109
Vehicle Stoppage,525,45,,car,Outer,0.2728855620951779
Vehicle Stoppage,526,45,,car,Outer,0.27726972427584035
Vehicle Stoppage,527,45,,car,Outer,0.2821189997146558
Vehicle Stoppage,528,45,,car,Outer,0.28652668287613375
Vehicle Stoppage,529,45,,car,Outer,0.29296704592837824
Vehicle Stoppage,530,45,,car,Outer,0.2996384488012161
Vehicle Stoppage,531,45,,car,Outer,0.3065160354695977
Vehicle Stoppage,532,45,,car,Outer,0.3133628088972902
Vehicle Stoppage,533,45,,car,Outer,0.3183080269173279
Vehicle Stoppage,534,45,,car,Outer,0.32305549058946564
Vehicle Stoppage,535,45,,car,Outer,0.3278918419235212
Vehicle Stoppage,536,45,,car,Outer,0.32970835597539133
Vehicle Stoppage,537,45,,car,Outer,0.33206954090973695
Vehicle Stoppage,538,45,,car,Outer,0.33520013424818246
Vehicle Stoppage,539,45,,car,Outer,0.3420617634287694
Vehicle Stoppage,540,45,,car,Outer,0.35396289353546695
Vehicle Stoppage,541,45,,car,Outer,0.36726823984657486
Vehicle Stoppage,542,45,,car,Outer,0.3813197214936535
Vehicle Stoppage,543,45,,car,Outer,0.39645360384287004
Vehicle Stoppage,544,45,,car,Outer,0.4108022030125924
Vehicle Stoppage,545,45,,car,Outer,0.4249423960962303
Vehicle Stoppage,546,45,,car,Outer,0.4369218808894732
Vehicle Stoppage,547,45,,car,Outer,0.4406704097168281
Vehicle Stoppage,548,45,,car,Outer,0.4397806043926904
Vehicle Stoppage,549,45,,car,Outer,0.44050272416864766
Vehicle Stoppage,550,45,,car,Outer,0.4421346401267395
Vehicle Stoppage,551,45,,car,Outer,0.44149402034455254
Vehicle Stoppage,552,45,,car,Outer,0.43963586068472355
Vehicle Stoppage,553,45,,car,Outer,0.4344404447102084
Vehicle Stoppage,554,45,,car,Outer,0.43211550539178867
Vehicle Stoppage,555,45,,car,Outer,0.4313038951829697
Vehicle Stoppage,556,45,,car,Outer,0.4271955524113072
Vehicle Stoppage,557,45,,car,Outer,0.42070518180787475
Vehicle Stoppage,558,45,,car,Outer,0.41548460861986597
Vehicle Stoppage,559,45,,car,Outer,0.41124378414755236
Vehicle Stoppage,560,45,,car,Outer,0.4096933609420566
Vehicle Stoppage,561,45,,car,Outer,0.4098399809681877
Vehicle Stoppage,562,45,,car,Outer,0.4109806443130879
Vehicle Stoppage,563,45,,car,Outer,0.41321283861952257
Vehicle Stoppage,564,45,,car,Outer,0.41682002111222943
Vehicle Stoppage,565,45,,car,Outer,0.4213838155411309
Vehicle Stoppage,566,45,,car,Outer,0.4265579913681166
Vehicle Stoppage,567,45,,car,Outer,0.43076234747248454
Vehicle Stoppage,568,45,,car,Outer,0.43396820160007116
Vehicle Stoppage,569,45,,car,Outer,0.4368125456073839
Vehicle Stoppage,570,45,,car,Outer,0.43987839228586745
Vehicle Stoppage,571,45,,car,Outer,0.44430552551144276
Vehicle Stoppage,572,45,,car,Outer,0.44954601544224876
Vehicle Stoppage,573,45,,car,Outer,0.4551762845316099
Vehicle Stoppage,574,45,,car,Outer,0.4623713010125115
Vehicle Stoppage,575,45,,car,Outer,0.4709303239333809
Vehicle Stoppage,576,45,,car,Outer,0.47924217260170254
Vehicle Stoppage,577,45,,car,Outer,0.4857127134428375
Vehicle Stoppage,578,45,,car,Outer,0.48927640449954096
Vehicle Stoppage,579,45,,car,Outer,0.4921382021343175
Vehicle Stoppage,580,45,,car,Outer,0.49426431188181286
Vehicle Stoppage,581,45,,car,Outer,0.49506080434629407
Vehicle Stoppage,582,45,,car,Outer,0.4948788235517906
Vehicle Stoppage,583,45,,car,Outer,0.4945559826753672
Vehicle Stoppage,584,45,,car,Outer,0.49478950069701544
Vehicle Stoppage,585,45,,car,Outer,0.4954245250287859
Vehicle Stoppage,586,45,,car,Outer,0.4944251712847954
Vehicle Stoppage,587,45,,car,Outer,0.49262157890210445
Vehicle Stoppage,588,45,,car,Outer,0.4903781907874753
Vehicle Stoppage,589,45,,car,Outer,0.4869063667688092
Vehicle Stoppage,590,45,,car,Outer,0.4835297302131483
Vehicle Stoppage,591,45,,car,Outer,0.4810124738507299
Vehicle Stoppage,592,45,,car,Outer,0.4790081836461707
Vehicle Stoppage,593,45,,car,Outer,0.47871187576662666
Vehicle Stoppage,594,45,,car,Outer,0.47807951221527817
Vehicle Stoppage,595,45,,car,Outer,0.4770262152125378
Vehicle Stoppage,596,45,,car,Outer,0.4772471581895452
Vehicle Stoppage,597,45,,car,Outer,0.4768432551688225
Vehicle Stoppage,598,45,,car,Outer,0.4753609996623674
Vehicle Stoppage,599,45,,car,Outer,0.4760947909817999
Vehicle Stoppage,600,45,,car,Outer,0.4773252559837991
Vehicle Stoppage,601,45,,car,Outer,0.47989615543364733
Vehicle Stoppage,602,45,,car,Outer,0.4834578471800785
Vehicle Stoppage,603,45,,car,Outer,0.48763101829149313
Vehicle Stoppage,604,45,,car,Outer,0.4937505544300688
Vehicle Stoppage,605,45,,car,Outer,0.49682380176477414
Vehicle Stoppage,606,45,,car,Outer,0.49579263810588975
Vehicle Stoppage,607,45,,car,Outer,0.4921232061181407
Vehicle Stoppage,608,45,,car,Outer,0.4868282756783914
Vehicle Stoppage,609,45,,car,Outer,0.47948526567560157
Vehicle Stoppage,610,45,,car,Outer,0.47070373909711294
Vehicle Stoppage,611,45,,car,Outer,0.46044979096531186
Vehicle Stoppage,612,45,,car,Outer,0.4537905353794826
Vehicle Stoppage,613,45,,car,Outer,0.448521225807655
Vehicle Stoppage,614,45,,car,Outer,0.4439993018012582
Vehicle Stoppage,615,45,,car,Outer,0.4395840078983735
Vehicle Stoppage,616,45,,car,Outer,0.4357490218003878
Vehicle Stoppage,617,45,,car,Outer,0.4312640026712188
Vehicle Stoppage,618,45,,car,Outer,0.4267935332218592
Vehicle Stoppage,619,45,,car,Outer,0.41970551580840565
Vehicle Stoppage,620,45,,car,Outer,0.41299608956986494
Vehicle Stoppage,621,45,,car,Outer,0.4071432303256444
Vehicle Stoppage,622,45,,car,Outer,0.40205683677808324
Vehicle Stoppage,623,45,,car,Outer,0.39798649474573705
Vehicle Stoppage,624,45,,car,Outer,0.3935480275646181
Vehicle Stoppage,625,45,,car,Outer,0.38892252441842934
Vehicle Stoppage,626,45,,car,Outer,0.38928540943631706
Vehicle Stoppage,627,45,,car,Outer,0.3907549743765247
Vehicle Stoppage,628,45,,car,Outer,0.393282964289073
Vehicle Stoppage,629,45,,car,Outer,0.3934022114833638
Vehicle Stoppage,630,45,,car,Outer,0.3929547174929913
Vehicle Stoppage,631,45,,car,Outer,0.3942990996692744
Vehicle Stoppage,632,45,,car,Outer,0.3972663841806907
Vehicle Stoppage,633,45,,car,Outer,0.398186903350676
Vehicle Stoppage,634,45,,car,Outer,0.39702778240319586
Vehicle Stoppage,635,45,,car,Outer,0.3939965101368249
Vehicle Stoppage,636,45,,car,Outer,0.39252481450221766
Vehicle Stoppage,637,45,,car,Outer,0.39636473102434594
Vehicle Stoppage,638,45,,car,Outer,0.40233928468395835
Vehicle Stoppage,639,45,,car,Outer,0.4067579747220737
Vehicle Stoppage,640,45,,car,Outer,0.4104655527568652
Vehicle Stoppage,641,45,,car,Outer,0.4158932795802318
Vehicle Stoppage,642,45,,car,Outer,0.42182444215573844
Vehicle Stoppage,643,45,,car,Outer,0.4281731542261824
Vehicle Stoppage,644,45,,car,Outer,0.4299004187018214
Vehicle Stoppage,645,45,,car,Outer,0.4295912475830927
Vehicle Stoppage,646,45,,car,Outer,0.43040963046846287
Vehicle Stoppage,647,45,,car,Outer,0.43240033533752104
Vehicle Stoppage,648,45,,car,Outer,0.43382144944665857
Vehicle Stoppage,649,45,,car,Outer,0.4335156859907152
Vehicle Stoppage,650,45,,car,Outer,0.43265826006214203
Vehicle Stoppage,651,45,,car,Outer,0.428503920635503
Vehicle Stoppage,652,45,,car,Outer,0.4226721187871301
Vehicle Stoppage,653,45,,car,Outer,0.415851536007739
Vehicle Stoppage,654,45,,car,Outer,0.40777444745839614
Vehicle Stoppage,655,45,,car,Outer,0.3991758008697393
Vehicle Stoppage,656,45,,car,Outer,0.3902455893408638
Vehicle Stoppage,657,45,,car,Outer,0.3807773233794254
Vehicle Stoppage,658,45,,car,Outer,0.3729105120534929
Vehicle Stoppage,659,45,,car,Outer,0.36455887041738544
Vehicle Stoppage,660,45,,car,Outer,0.3559597308685356
Vehicle Stoppage,661,45,,car,Outer,0.34503722987526825
Vehicle Stoppage,662,45,,car,Outer,0.3324404608347188
Vehicle Stoppage,663,45,,car,Outer,0.3197089301223845
Vehicle Stoppage,664,45,,car,Outer,0.3069507615237326
Vehicle Stoppage,665,45,,car,Outer,0.29377482873792915
Vehicle Stoppage,666,45,,car,Outer,0.2827280849155265
Vehicle Stoppage,667,45,,car,Outer,0.27416901721383385
Vehicle Stoppage,668,45,,car,Outer,0.2692692704338891
Vehicle Stoppage,669,45,,car,Outer,0.26587399271083373
Vehicle Stoppage,670,45,,car,Outer,0.264755887564376
Vehicle Stoppage,671,45,,car,Outer,0.2668786240971762
Vehicle Stoppage,672,45,,car,Outer,0.27231087014660127
Vehicle Stoppage,673,45,,car,Outer,0.2811059053097255
Vehicle Stoppage,674,45,,car,Outer,0.292300153951377
Vehicle Stoppage,675,45,,car,Outer,0.3061007187185281
Vehicle Stoppage,676,45,,car,Outer,0.320787530929742
Vehicle Stoppage,677,45,,car,Outer,0.33608559921543774
Vehicle Stoppage,678,45,,car,Outer,0.3497775435902083
Vehicle Stoppage,679,45,,car,Outer,0.36352752302954916
Vehicle Stoppage,680,45,,car,Outer,0.37334769317621586
Vehicle Stoppage,681,45,,car,Outer,0.37876705242140973
Vehicle Stoppage,682,45,,car,Outer,0.3806663631055419
Vehicle Stoppage,683,45,,car,Outer,0.38101771612354407
Vehicle Stoppage,684,45,,car,Outer,0.37995591849581667
Vehicle Stoppage,685,45,,car,Outer,0.37845078940332183
Vehicle Stoppage,686,45,,car,Outer,0.37475434620561987
Vehicle Stoppage,687,45,,car,Outer,0.37230811164947925
Vehicle Stoppage,688,45,,car,Outer,0.3717033763634652
Vehicle Stoppage,689,45,,car,Outer,0.37049464233642904
Vehicle Stoppage,690,45,,car,Outer,0.3714378144454371
Vehicle Stoppage,691,45,,car,Outer,0.3731219773746907
Vehicle Stoppage,692,45,,car,Outer,0.3751930303190651
Vehicle Stoppage,693,45,,car,Outer,0.3788978886190853
Vehicle Stoppage,694,45,,car,Outer,0.3832671392123284
Vehicle Stoppage,695,45,,car,Outer,0.3896661391499155
Vehicle Stoppage,696,45,,car,Outer,0.3986959367738796
Vehicle Stoppage,697,45,,car,Outer,0.4083766031495929
Vehicle Stoppage,698,45,,car,Outer,0.4174112839873882
Vehicle Stoppage,699,45,,car,Outer,0.42843348375214324
Vehicle Stoppage,700,45,,car,Outer,0.43482337793637177
Vehicle Stoppage,701,45,,car,Outer,0.4423697209348754
Vehicle Stoppage,702,45,,car,Outer,0.44802728711541756
Vehicle Stoppage,703,45,,car,Outer,0.4527471369318604
Vehicle Stoppage,704,45,,car,Outer,0.4583974258217431
Vehicle Stoppage,705,45,,car,Outer,0.46601091188941135
Vehicle Stoppage,706,45,,car,Outer,0.47259134566769445
Vehicle Stoppage,707,45,,car,Outer,0.48360054797322233
Vehicle Stoppage,708,45,,car,Outer,0.4927575468727003
Vehicle Stoppage,709,45,,car,Outer,0.5012260268581427
Vehicle Stoppage,710,45,,car,Outer,0.5092496637210507
Vehicle Stoppage,711,45,,car,Outer,0.5144477135725282
Vehicle Stoppage,712,45,,car,Outer,0.5182577061655712
Vehicle Stoppage,713,45,,car,Outer,0.5227407196689359
Vehicle Stoppage,714,45,,car,Outer,0.5266182013565389
Vehicle Stoppage,715,45,,car,Outer,0.5298962917401803
Vehicle Stoppage,716,45,,car,Outer,0.5330128047242424
Vehicle Stoppage,717,45,,car,Outer,0.5376997861260466
Vehicle Stoppage,718,45,,car,Outer,0.5427832900891452
Vehicle Stoppage,719,45,,car,Outer,0.5492821588218563
Vehicle Stoppage,720,45,,car,Outer,0.5561991190212375
Vehicle Stoppage,721,45,,car,Outer,0.5661566037767234
Vehicle Stoppage,722,45,,car,Outer,0.5788607518220589
Vehicle Stoppage,723,45,,car,Outer,0.5933488434302338
Vehicle Stoppage,724,45,,car,Outer,0.6067736398361456
Vehicle Stoppage,725,45,,car,Outer,0.6196406216509688
Vehicle Stoppage,726,45,,car,Outer,0.6312026378271903
Vehicle Stoppage,727,45,,car,Outer,0.6441723759988479
Vehicle Stoppage,728,45,,car,Outer,0.6550184806553212
Vehicle Stoppage,729,45,,car,Outer,0.6643237313238166
Vehicle Stoppage,730,45,,car,Outer,0.6757805856933197
Vehicle Stoppage,731,45,,car,Outer,0.6899676804024951
Vehicle Stoppage,732,45,,car,Outer,0.7061555990006773
Vehicle Stoppage,733,45,,car,Outer,0.7241220891534766
Vehicle Stoppage,734,45,,car,Outer,0.7397144381448785
Vehicle Stoppage,735,45,,car,Outer,0.7541805751940345
Vehicle Stoppage,736,45,,car,Outer,0.7681469716141573
Vehicle Stoppage,737,45,,car,Outer,0.7770356105095862
Vehicle Stoppage,738,45,,car,Outer,0.7820055306709771
Vehicle Stoppage,739,45,,car,Outer,0.7848480171345301
Vehicle Stoppage,740,45,,car,Outer,0.7883033045725505
Vehicle Stoppage,741,45,,car,Outer,0.7914187324040277
Vehicle Stoppage,742,45,,car,Outer,0.7944500047202442
Vehicle Stoppage,743,45,,car,Outer,0.7970479345685599
Vehicle Stoppage,744,45,,car,Outer,0.8001862033302009
Vehicle Stoppage,745,45,,car,Outer,0.8033045375198642
Vehicle Stoppage,746,45,,car,Outer,0.8063238865369163
Vehicle Stoppage,747,45,,car,Outer,0.8083364707842872
Vehicle Stoppage,748,45,,car,Outer,0.8102037274661245
Vehicle Stoppage,749,45,,car,Outer,0.8126389850357837
Vehicle Stoppage,750,45,,car,Outer,0.8164967238146154
Vehicle Stoppage,751,45,,car,Outer,0.8222290495962837
Vehicle Stoppage,752,45,,car,Outer,0.8291610820582445
Vehicle Stoppage,753,45,,car,Outer,0.8367377127869884
Vehicle Stoppage,754,45,,car,Outer,0.8433500933775997
Vehicle Stoppage,755,45,,car,Outer,0.8500327346637879
Vehicle Stoppage,756,45,,car,Outer,0.8563625692427229
Vehicle Stoppage,757,45,,car,Outer,0.8626852786503333
Vehicle Stoppage,758,45,,car,Outer,0.8665303976203084
Vehicle Stoppage,759,45,,car,Outer,0.8712642825228156
Vehicle Stoppage,760,45,,car,Outer,0.8776392425136852
Vehicle Stoppage,761,45,,car,Outer,0.8863805108416982
Vehicle Stoppage,762,45,,car,Outer,0.8959453219923648
Vehicle Stoppage,763,45,,car,Outer,0.9018072133222225
Vehicle Stoppage,764,45,,car,Outer,0.9046083406646207
Vehicle Stoppage,765,45,,car,Outer,0.9019360620354435
Vehicle Stoppage,766,45,,car,Outer,0.8963216442773212
Vehicle Stoppage,767,45,,car,Outer,0.890401173629056
Vehicle Stoppage,768,45,,car,Outer,0.8849496821853812
Vehicle Stoppage,769,45,,car,Outer,0.8762646403912447
Vehicle Stoppage,770,45,,car,Outer,0.871742765957944
Vehicle Stoppage,771,45,,car,Outer,0.8697600243745388
Vehicle Stoppage,772,45,,car,Outer,0.8756473376879512
Vehicle Stoppage,773,45,,car,Outer,0.8839063864459841
Vehicle Stoppage,774,45,,car,Outer,0.8904605830692361
Vehicle Stoppage,775,45,,car,Outer,0.8942735431622708
Vehicle Stoppage,776,45,,car,Outer,0.8973712721053632
Vehicle Stoppage,777,45,,car,Outer,0.8968476180489054
Vehicle Stoppage,778,45,,car,Outer,0.8934938444108007
Vehicle Stoppage,779,45,,car,Outer,0.8871507256379811
Vehicle Stoppage,780,45,,car,Outer,0.8793226995818998
Vehicle Stoppage,781,45,,car,Outer,0.8729690086137107
Vehicle Stoppage,782,45,,car,Outer,0.8677262356296442
Vehicle Stoppage,783,45,,car,Outer,0.8662253863746996
Vehicle Stoppage,784,45,,car,Outer,0.866602527113783
Vehicle Stoppage,785,45,,car,Outer,0.8687352473567492
Vehicle Stoppage,786,45,,car,Outer,0.8728344917565949
Vehicle Stoppage,787,45,,car,Outer,0.8767964073831513
Vehicle Stoppage,788,45,,car,Outer,0.8802875950506202
Vehicle Stoppage,789,45,,car,Outer,0.8821292478996468
Vehicle Stoppage,790,45,,car,Outer,0.886123840103627
Vehicle Stoppage,791,45,,car,Outer,0.8861018282342037
Vehicle Stoppage,792,45,,car,Outer,0.8832554839909027
Vehicle Stoppage,793,45,,car,Outer,0.8772265499858047
Vehicle Stoppage,794,45,,car,Outer,0.8714341512701868
Vehicle Stoppage,795,45,,car,Outer,0.8646528667621476
Vehicle Stoppage,796,45,,car,Outer,0.8622482705114601
Vehicle Stoppage,797,45,,car,Outer,0.8600481033058529
Vehicle Stoppage,798,45,,car,Outer,0.8641926637041053
Vehicle Stoppage,799,45,,car,Outer,0.8732275591161776
Vehicle Stoppage,800,45,,car,Outer,0.8842577508848818
Vehicle Stoppage,801,45,,car,Outer,0.8955998939258533
Vehicle Stoppage,802,45,,car,Outer,0.9064636396458524
Vehicle Stoppage,803,45,,car,Outer,0.9141280544868968
Vehicle Stoppage,804,45,,car,Outer,0.9170683998481282
Vehicle Stoppage,805,45,,car,Outer,0.9175031607575009
Vehicle Stoppage,806,45,,car,Outer,0.9149530370461622
Vehicle Stoppage,807,45,,car,Outer,0.9124684104121085
Vehicle Stoppage,808,45,,car,Outer,0.9099022200214725
Vehicle Stoppage,809,45,,car,Outer,0.91025230018935
Vehicle Stoppage,810,45,,car,Outer,0.9123384514531874
Vehicle Stoppage,811,45,,car,Outer,0.9158316985123442
Vehicle Stoppage,812,45,,car,Outer,0.920247472150838
Vehicle Stoppage,813,45,,car,Outer,0.9243345281877147
Vehicle Stoppage,814,45,,car,Outer,0.9311491019165536
Vehicle Stoppage,815,45,,car,Outer,0.9423036294103962
Vehicle Stoppage,816,45,,car,Outer,0.9588529032129944
Vehicle Stoppage,817,45,,car,Outer,0.9690610403890983
Vehicle Stoppage,818,45,,car,Outer,0.9754467130499729
Vehicle Stoppage,819,45,,car,Outer,0.9902627176663732
Vehicle Stoppage,826,45,,car,Outer,0.9925367146861629
Vehicle Stoppage,827,45,,car,Outer,0.9826465743083792
Vehicle Stoppage,828,45,,car,Outer,0.971515764154137
Vehicle Stoppage,829,45,,car,Outer,0.9619128962645186
Vehicle Stoppage,830,45,,car,Outer,0.9556992204663525
Vehicle Stoppage,831,45,,car,Outer,0.9512689682734281
Vehicle Stoppage,832,45,,car,Outer,0.9474033829367504
Vehicle Stoppage,833,45,,car,Outer,0.943197625103037
Vehicle Stoppage,834,45,,car,Outer,0.9384971230643149
Vehicle Stoppage,835,45,,car,Outer,0.9334259531425081
Vehicle Stoppage,836,45,,car,Outer,0.9267432222573797
Vehicle Stoppage,837,45,,car,Outer,0.9243696663132147
Vehicle Stoppage,838,45,,car,Outer,0.9244664677531573
Vehicle Stoppage,839,45,,car,Outer,0.9222034753783992
Vehicle Stoppage,840,45,,car,Outer,0.9188457596354239
Vehicle Stoppage,841,45,,car,Outer,0.9151461631892481
Vehicle Stoppage,842,45,,car,Outer,0.9110751505776027
Vehicle Stoppage,843,45,,car,Outer,0.9109567333303993
Vehicle Stoppage,844,45,,car,Outer,0.9085088056810426
Vehicle Stoppage,845,45,,car,Outer,0.9052528983659764
Vehicle Stoppage,846,45,,car,Outer,0.9066060500570224
Vehicle Stoppage,847,45,,car,Outer,0.9115759595338179
Vehicle Stoppage,848,45,,car,Outer,0.9154517354836361
Vehicle Stoppage,149,55,,car,Outer,0.4158562852717273
Vehicle Stoppage,150,55,,car,Outer,0.4833746786913794
Vehicle Stoppage,151,55,,car,Outer,0.48361182781234846
Vehicle Stoppage,152,55,,car,Outer,0.4509405725813544
Vehicle Stoppage,153,55,,car,Outer,0.41993543551360857
Vehicle Stoppage,154,55,,car,Outer,0.40225389991894533
Vehicle Stoppage,155,55,,car,Outer,0.3908466323252649
Vehicle Stoppage,156,55,,car,Outer,0.3846172123033517
Vehicle Stoppage,157,55,,car,Outer,0.378807140904183
Vehicle Stoppage,158,55,,car,Outer,0.3958667073649891
Vehicle Stoppage,159,55,,car,Outer,0.3831901877658207
Vehicle Stoppage,160,55,,car,Outer,0.359598025578563
Vehicle Stoppage,161,55,,car,Outer,0.3225130850058619
Vehicle Stoppage,162,55,,car,Outer,0.2815866829237538
Vehicle Stoppage,163,55,,car,Outer,0.23424886339104975
Vehicle Stoppage,164,55,,car,Outer,0.183151358171321
Vehicle Stoppage,165,55,,car,Outer,0.13014841528040424
Vehicle Stoppage,166,55,,car,Outer,0.0864500433776646
Vehicle Stoppage,167,55,,car,Outer,0.07327277802840364
Vehicle Stoppage,168,55,,car,Outer,0.07431419783594777
Vehicle Stoppage,169,55,,car,Outer,0.10007122463525717
Vehicle Stoppage,170,55,,car,Outer,0.12769451828485237
Vehicle Stoppage,171,55,,car,Outer,0.14620157317894852
Vehicle Stoppage,172,55,,car,Outer,0.1591055624420493
Vehicle Stoppage,173,55,,car,Outer,0.1269116227931903
Vehicle Stoppage,174,55,,car,Outer,0.1154359129560591
Vehicle Stoppage,175,55,,car,Outer,0.11072800007225006
Vehicle Stoppage,176,55,,car,Outer,0.08959380558944877
Vehicle Stoppage,177,55,,car,Outer,0.09527586263058051
Vehicle Stoppage,178,55,,car,Outer,0.12256202511381648
Vehicle Stoppage,179,55,,car,Outer,0.16715388119933058
Vehicle Stoppage,180,55,,car,Outer,0.22262910860891744
Vehicle Stoppage,181,55,,car,Outer,0.28220028348674064
Vehicle Stoppage,182,55,,car,Outer,0.3437702139511253
Vehicle Stoppage,183,55,,car,Outer,0.409175390266817
Vehicle Stoppage,184,55,,car,Outer,0.45479494280389476
Vehicle Stoppage,185,55,,car,Outer,0.4816267538249982
Vehicle Stoppage,186,55,,car,Outer,0.496455536780488
Vehicle Stoppage,187,55,,car,Outer,0.5037791281901198
Vehicle Stoppage,188,55,,car,Outer,0.4570291019180283
Vehicle Stoppage,189,55,,car,Outer,0.4026021485287915
Vehicle Stoppage,190,55,,car,Outer,0.3493731815695092
Vehicle Stoppage,191,55,,car,Outer,0.3086308636542985
Vehicle Stoppage,192,55,,car,Outer,0.2749926908119579
Vehicle Stoppage,193,55,,car,Outer,0.2275172301167556
Vehicle Stoppage,194,55,,car,Outer,0.17136213117255142
Vehicle Stoppage,195,55,,car,Outer,0.16019903245650527
Vehicle Stoppage,196,55,,car,Outer,0.1444472568102256
Vehicle Stoppage,197,55,,car,Outer,0.12381251956082956
Vehicle Stoppage,198,55,,car,Outer,0.09531841375096275
Vehicle Stoppage,199,55,,car,Outer,0.0779975640645264
Vehicle Stoppage,200,55,,car,Outer,0.08092620094876309
Vehicle Stoppage,201,55,,car,Outer,0.08931388469885088
Vehicle Stoppage,202,55,,car,Outer,0.09949015026624168
Vehicle Stoppage,203,55,,car,Outer,0.10349077253552649
Vehicle Stoppage,204,55,,car,Outer,0.10422475713571934
Vehicle Stoppage,205,55,,car,Outer,0.10321167569611316
Vehicle Stoppage,206,55,,car,Outer,0.10274458623207779
Vehicle Stoppage,207,55,,car,Outer,0.10117692424658745
Vehicle Stoppage,208,55,,car,Outer,0.10026016157976217
Vehicle Stoppage,209,55,,car,Outer,0.09816638936010423
Vehicle Stoppage,210,55,,car,Outer,0.09745280909240137
Vehicle Stoppage,211,55,,car,Outer,0.09605649379402129
Vehicle Stoppage,212,55,,car,Outer,0.09439427948768304
Vehicle Stoppage,213,55,,car,Outer,0.09164523992003107
Vehicle Stoppage,214,55,,car,Outer,0.08912070466507499
Vehicle Stoppage,215,55,,car,Outer,0.0866390212317754
Vehicle Stoppage,216,55,,car,Outer,0.08351604636236355
Vehicle Stoppage,217,55,,car,Outer,0.08053583053523666
Vehicle Stoppage,218,55,,car,Outer,0.0887789389438715
Vehicle Stoppage,219,55,,car,Outer,0.1148512080911633
Vehicle Stoppage,220,55,,car,Outer,0.1581418666893761
Vehicle Stoppage,221,55,,car,Outer,0.21542149382084036
Vehicle Stoppage,222,55,,car,Outer,0.28138066742404577
Vehicle Stoppage,223,55,,car,Outer,0.3528847545587608
Vehicle Stoppage,224,55,,car,Outer,0.40943186246309277
Vehicle Stoppage,225,55,,car,Outer,0.46281220813630536
Vehicle Stoppage,226,55,,car,Outer,0.5069419394763097
Vehicle Stoppage,227,55,,car,Outer,0.5393466881329692
Vehicle Stoppage,228,55,,car,Outer,0.5633435985258081
Vehicle Stoppage,229,55,,car,Outer,0.5839222722246479
Vehicle Stoppage,230,55,,car,Outer,0.5953490572764832
Vehicle Stoppage,231,55,,car,Outer,0.5965666182414177
Vehicle Stoppage,232,55,,car,Outer,0.5916739135706404
Vehicle Stoppage,233,55,,car,Outer,0.5824242869249153
Vehicle Stoppage,234,55,,car,Outer,0.5746501718437054
Vehicle Stoppage,235,55,,car,Outer,0.568414092013909
Vehicle Stoppage,236,55,,car,Outer,0.5620312624756707
Vehicle Stoppage,237,55,,car,Outer,0.5567980244217863
Vehicle Stoppage,238,55,,car,Outer,0.5545310270850486
Vehicle Stoppage,239,55,,car,Outer,0.5540284649726934
Vehicle Stoppage,240,55,,car,Outer,0.5543789317786179
Vehicle Stoppage,241,55,,car,Outer,0.5564373998932919
Vehicle Stoppage,242,55,,car,Outer,0.5595761252948542
Vehicle Stoppage,243,55,,car,Outer,0.5572436899597878
Vehicle Stoppage,244,55,,car,Outer,0.5509231525358145
Vehicle Stoppage,245,55,,car,Outer,0.5465464847567917
Vehicle Stoppage,246,55,,car,Outer,0.5407876108048343
Vehicle Stoppage,247,55,,car,Outer,0.5346709642387552
Vehicle Stoppage,248,55,,car,Outer,0.5264045972443603
Vehicle Stoppage,249,55,,car,Outer,0.47325846004060473
Vehicle Stoppage,250,55,,motorcycle,Outer,0.44086575054091215
Vehicle Stoppage,251,55,,motorcycle,Outer,0.42312215730211666
Vehicle Stoppage,252,55,,motorcycle,Outer,0.4105071253949193
Vehicle Stoppage,253,55,,motorcycle,Outer,0.4096430641424301
Vehicle Stoppage,254,55,,motorcycle,Outer,0.41532138158298804
Vehicle Stoppage,255,55,,motorcycle,Outer,0.4232066280199288
Vehicle Stoppage,256,55,,motorcycle,Outer,0.4291478649603211
Vehicle Stoppage,257,55,,motorcycle,Outer,0.40474541380971796
Vehicle Stoppage,258,55,,motorcycle,Outer,0.3635003438787889
Vehicle Stoppage,259,55,,motorcycle,Outer,0.31279023322348504
Vehicle Stoppage,260,55,,motorcycle,Outer,0.2513780022197657
Vehicle Stoppage,261,55,,motorcycle,Outer,0.1871212708379257
Vehicle Stoppage,262,55,,motorcycle,Outer,0.12326597259584371
Vehicle Stoppage,263,55,,motorcycle,Outer,0.1031117840016301
Vehicle Stoppage,264,55,,motorcycle,Outer,0.09573348421529815
Vehicle Stoppage,265,55,,motorcycle,Outer,0.0924391691870936
Vehicle Stoppage,266,55,,motorcycle,Outer,0.08954831098351047
Vehicle Stoppage,267,55,,motorcycle,Outer,0.08726110244547446
Vehicle Stoppage,268,55,,motorcycle,Outer,0.08360023923410372
Vehicle Stoppage,269,55,,motorcycle,Outer,0.08059590560319879
Vehicle Stoppage,270,55,,motorcycle,Outer,0.07839706627164479
Vehicle Stoppage,271,55,,motorcycle,Outer,0.08022748905457061
Vehicle Stoppage,272,55,,motorcycle,Outer,0.08594492422476148
Vehicle Stoppage,273,55,,motorcycle,Outer,0.09704442281758961
Vehicle Stoppage,274,55,,motorcycle,Outer,0.10698869099115335
Vehicle Stoppage,275,55,,motorcycle,Outer,0.11664235937257063
Vehicle Stoppage,276,55,,motorcycle,Outer,0.13261119862213752
Vehicle Stoppage,277,55,,motorcycle,Outer,0.14495689014324104
Vehicle Stoppage,278,55,,motorcycle,Outer,0.15085652123789436
Vehicle Stoppage,279,55,,motorcycle,Outer,0.14944259767549634
Vehicle Stoppage,280,55,,motorcycle,Outer,0.1422769130955546
Vehicle Stoppage,281,55,,motorcycle,Outer,0.13498670304885532
Vehicle Stoppage,282,55,,motorcycle,Outer,0.12778282357187248
Vehicle Stoppage,283,55,,motorcycle,Outer,0.11420932536355977
Vehicle Stoppage,284,55,,motorcycle,Outer,0.10296649940636156
Vehicle Stoppage,285,55,,motorcycle,Outer,0.09426499880654983
Vehicle Stoppage,286,55,,motorcycle,Outer,0.0893944069838801
Vehicle Stoppage,287,55,,motorcycle,Outer,0.0876564315951769
Vehicle Stoppage,288,55,,motorcycle,Outer,0.088275987675018
Vehicle Stoppage,289,55,,motorcycle,Outer,0.08801891842098584
Vehicle Stoppage,290,55,,motorcycle,Outer,0.08714321545594073
Vehicle Stoppage,291,55,,motorcycle,Outer,0.08588230318290163
Vehicle Stoppage,292,55,,motorcycle,Outer,0.08410023781179325
Vehicle Stoppage,293,55,,motorcycle,Outer,0.08081169469823113
Vehicle Stoppage,294,55,,motorcycle,Outer,0.07652045478171297
Vehicle Stoppage,295,55,,motorcycle,Outer,0.07191995550610181
Vehicle Stoppage,296,55,,motorcycle,Outer,0.06891480247377763
Vehicle Stoppage,297,55,,motorcycle,Outer,0.06548289853083493
Vehicle Stoppage,298,55,,motorcycle,Outer,0.06353093734551729
Vehicle Stoppage,299,55,,motorcycle,Outer,0.06196813697377596
Vehicle Stoppage,300,55,,motorcycle,Outer,0.06335937184031551
Vehicle Stoppage,301,55,,motorcycle,Outer,0.06678757369451684
Vehicle Stoppage,302,55,,motorcycle,Outer,0.0711540582117449
Vehicle Stoppage,303,55,,motorcycle,Outer,0.07545197147855442
Vehicle Stoppage,304,55,,motorcycle,Outer,0.08519366173607415
Vehicle Stoppage,305,55,,motorcycle,Outer,0.09843088946057525
Vehicle Stoppage,306,55,,motorcycle,Outer,0.10746878616602953
Vehicle Stoppage,307,55,,motorcycle,Outer,0.11362116880229592
Vehicle Stoppage,308,55,,motorcycle,Outer,0.11584079592267862
Vehicle Stoppage,309,55,,motorcycle,Outer,0.11801906625626798
Vehicle Stoppage,310,55,,motorcycle,Outer,0.11966662024140429
Vehicle Stoppage,311,55,,motorcycle,Outer,0.11102887011944089
Vehicle Stoppage,312,55,,motorcycle,Outer,0.09460470389995884
Vehicle Stoppage,313,55,,motorcycle,Outer,0.07950710660060409
Vehicle Stoppage,314,55,,motorcycle,Outer,0.06115038838797408
Vehicle Stoppage,315,55,,motorcycle,Outer,0.04183742343882861
Vehicle Stoppage,316,55,,motorcycle,Outer,0.0189190380305087
Vehicle Stoppage,317,55,,motorcycle,Outer,0.006220128616032635
Vehicle Stoppage,318,55,,motorcycle,Outer,0.021400934559032556
Vehicle Stoppage,319,55,,motorcycle,Outer,0.03415025622158528
Vehicle Stoppage,320,55,,motorcycle,Outer,0.0665620011718384
Vehicle Stoppage,321,55,,motorcycle,Outer,0.08193491319333689
Vehicle Stoppage,322,55,,motorcycle,Outer,0.08884649683583051
Vehicle Stoppage,323,55,,motorcycle,Outer,0.09016795439622632
Vehicle Stoppage,324,55,,motorcycle,Outer,0.08892721743088094
Vehicle Stoppage,325,55,,motorcycle,Outer,0.10991023610200801
Vehicle Stoppage,326,55,,motorcycle,Outer,0.15120211638730036
Vehicle Stoppage,327,55,,motorcycle,Outer,0.14290013995794854
Vehicle Stoppage,328,55,,motorcycle,Outer,0.13840003612716723
Vehicle Stoppage,329,55,,motorcycle,Outer,0.13750014545447137
Vehicle Stoppage,330,55,,motorcycle,Outer,0.13850176894177252
Vehicle Stoppage,331,55,,motorcycle,Outer,0.14400086805294462
Vehicle Stoppage,332,55,,motorcycle,Outer,0.1274000392464633
Vehicle Stoppage,333,55,,motorcycle,Outer,0.08440213267447204
Vehicle Stoppage,334,55,,motorcycle,Outer,0.06370282568300752
Vehicle Stoppage,335,55,,motorcycle,Outer,0.05460146518180694
Vehicle Stoppage,336,55,,motorcycle,Outer,0.045013442436678354
Vehicle Stoppage,337,55,,motorcycle,Outer,0.05733846876225205
Vehicle Stoppage,338,55,,motorcycle,Outer,0.08708294896246555
Vehicle Stoppage,339,55,,motorcycle,Outer,0.13603683324746946
Vehicle Stoppage,340,55,,motorcycle,Outer,0.20247849268502663
Vehicle Stoppage,341,55,,motorcycle,Outer,0.276003623164621
Vehicle Stoppage,342,55,,motorcycle,Outer,0.34729713502993137
Vehicle Stoppage,343,55,,motorcycle,Outer,0.4261804312729475
Vehicle Stoppage,344,55,,motorcycle,Outer,0.4863456075672975
Vehicle Stoppage,345,55,,motorcycle,Outer,0.5273232405270989
Vehicle Stoppage,346,55,,motorcycle,Outer,0.5490874611571451
Vehicle Stoppage,347,55,,motorcycle,Outer,0.5576545525681655
Vehicle Stoppage,348,55,,motorcycle,Outer,0.5164251833518553
Vehicle Stoppage,349,55,,motorcycle,Outer,0.49130687965873476
Vehicle Stoppage,350,55,,motorcycle,Outer,0.4755000946372184
Vehicle Stoppage,351,55,,motorcycle,Outer,0.4257051796725044
Vehicle Stoppage,352,55,,motorcycle,Outer,0.393328081885844
Vehicle Stoppage,353,55,,motorcycle,Outer,0.33726458456232417
Vehicle Stoppage,354,55,,motorcycle,Outer,0.30171975407652757
Vehicle Stoppage,355,55,,motorcycle,Outer,0.3291489176649385
Vehicle Stoppage,356,55,,motorcycle,Outer,0.3512569714610611
Vehicle Stoppage,357,55,,motorcycle,Outer,0.3659653535513986
Vehicle Stoppage,358,55,,motorcycle,Outer,0.4161401686931909
Vehicle Stoppage,359,55,,motorcycle,Outer,0.399937857672913
Vehicle Stoppage,360,55,,motorcycle,Outer,0.3923249291085159
Vehicle Stoppage,361,55,,motorcycle,Outer,0.36099619111564524
Vehicle Stoppage,362,55,,motorcycle,Outer,0.31426297904780015
Vehicle Stoppage,363,55,,motorcycle,Outer,0.2591932483688551
Vehicle Stoppage,364,55,,motorcycle,Outer,0.1959112298976239
Vehicle Stoppage,365,55,,motorcycle,Outer,0.1294542390190448
Vehicle Stoppage,366,55,,motorcycle,Outer,0.11893077818630596
Vehicle Stoppage,367,55,,motorcycle,Outer,0.12110644078660779
Vehicle Stoppage,368,55,,motorcycle,Outer,0.12392981884921218
Vehicle Stoppage,369,55,,motorcycle,Outer,0.12300373978054462
Vehicle Stoppage,370,55,,motorcycle,Outer,0.11815841061896488
Vehicle Stoppage,371,55,,motorcycle,Outer,0.11404021220604901
Vehicle Stoppage,372,55,,motorcycle,Outer,0.1109793674517962
Vehicle Stoppage,373,55,,motorcycle,Outer,0.10278229419505941
Vehicle Stoppage,374,55,,motorcycle,Outer,0.0974935895328524
Vehicle Stoppage,375,55,,motorcycle,Outer,0.09464190403832311
Vehicle Stoppage,376,55,,motorcycle,Outer,0.09441398201537668
Vehicle Stoppage,377,55,,motorcycle,Outer,0.0962485324563413
Vehicle Stoppage,378,55,,motorcycle,Outer,0.10025691996066827
Vehicle Stoppage,379,55,,motorcycle,Outer,0.10267716396550575
Vehicle Stoppage,380,55,,motorcycle,Outer,0.12646343345014616
Vehicle Stoppage,381,55,,motorcycle,Outer,0.13632743671029204
Vehicle Stoppage,382,55,,motorcycle,Outer,0.13985724865018437
Vehicle Stoppage,383,55,,motorcycle,Outer,0.13963967917465003
Vehicle Stoppage,384,55,,motorcycle,Outer,0.13811335923798623
Vehicle Stoppage,385,55,,motorcycle,Outer,0.13578280450778837
Vehicle Stoppage,386,55,,motorcycle,Outer,0.1347443876382237
Vehicle Stoppage,387,55,,motorcycle,Outer,0.11080884441234735
Vehicle Stoppage,388,55,,motorcycle,Outer,0.10204401011328544
Vehicle Stoppage,389,55,,motorcycle,Outer,0.10157450467514326
Vehicle Stoppage,390,55,,motorcycle,Outer,0.12835610620457233
Vehicle Stoppage,391,55,,motorcycle,Outer,0.179016451757932
Vehicle Stoppage,392,55,,motorcycle,Outer,0.2461876520055411
Vehicle Stoppage,393,55,,motorcycle,Outer,0.3239784097744815
Vehicle Stoppage,394,55,,motorcycle,Outer,0.4074674220106434
Vehicle Stoppage,395,55,,motorcycle,Outer,0.4932727034815549
Vehicle Stoppage,396,55,,motorcycle,Outer,0.5769055815295973
Vehicle Stoppage,397,55,,motorcycle,Outer,0.637183717619966
Vehicle Stoppage,398,55,,motorcycle,Outer,0.6736783357062895
Vehicle Stoppage,399,55,,motorcycle,Outer,0.691769217297215
Vehicle Stoppage,400,55,,motorcycle,Outer,0.697850657375915
Vehicle Stoppage,401,55,,motorcycle,Outer,0.698850441797101
Vehicle Stoppage,402,55,,motorcycle,Outer,0.6953553983395827
Vehicle Stoppage,403,55,,motorcycle,Outer,0.6336524757309778
Vehicle Stoppage,404,55,,motorcycle,Outer,0.5529154817872235
Vehicle Stoppage,455,55,,motorcycle,Outer,0.916023776983986
Vehicle Stoppage,456,55,,motorcycle,Outer,0.9409267878001979
Vehicle Stoppage,457,55,,motorcycle,Outer,0.9505311883362884
Vehicle Stoppage,458,55,,motorcycle,Outer,0.952537038649942
Vehicle Stoppage,459,55,,motorcycle,Outer,0.9505435602853822
Vehicle Stoppage,460,55,,motorcycle,Outer,0.9477517079910726
Vehicle Stoppage,461,55,,motorcycle,Outer,0.9443617580143729
Vehicle Stoppage,462,55,,motorcycle,Outer,0.9406804186332323
Vehicle Stoppage,463,55,,motorcycle,Outer,0.9367001921639587
Vehicle Stoppage,464,55,,motorcycle,Outer,0.932642450245535
Vehicle Stoppage,465,55,,motorcycle,Outer,0.9287984711443088
Vehicle Stoppage,466,55,,motorcycle,Outer,0.9249761348272737
Vehicle Stoppage,467,55,,motorcycle,Outer,0.9216556027063493
Vehicle Stoppage,468,55,,motorcycle,Outer,0.9186515552700115
Vehicle Stoppage,469,55,,motorcycle,Outer,0.9180269386025703
Vehicle Stoppage,470,55,,motorcycle,Outer,0.893887381049764
Vehicle Stoppage,471,55,,motorcycle,Outer,0.852486293144944
Vehicle Stoppage,472,55,,motorcycle,Outer,0.8290391365912695
Vehicle Stoppage,473,55,,motorcycle,Outer,0.8174368354802757
Vehicle Stoppage,474,55,,motorcycle,Outer,0.8126115984897032
Vehicle Stoppage,475,55,,motorcycle,Outer,0.8118588116168963
Vehicle Stoppage,476,55,,motorcycle,Outer,0.8112118157423504
Vehicle Stoppage,477,55,,motorcycle,Outer,0.8354569169023667
Vehicle Stoppage,478,55,,motorcycle,Outer,0.8781433254315579
Vehicle Stoppage,479,55,,motorcycle,Outer,0.902677406386132
Vehicle Stoppage,480,55,,motorcycle,Outer,0.8923644154716126
Vehicle Stoppage,481,55,,motorcycle,Outer,0.8537808910956025
Vehicle Stoppage,482,55,,motorcycle,Outer,0.7957151374706878
Vehicle Stoppage,483,55,,motorcycle,Outer,0.7251843489761743
Vehicle Stoppage,484,55,,motorcycle,Outer,0.6485539607465244
Vehicle Stoppage,485,55,,motorcycle,Outer,0.569326426577934
Vehicle Stoppage,486,55,,motorcycle,Outer,0.48991182880187384
Vehicle Stoppage,487,55,,motorcycle,Outer,0.43417917960215324
Vehicle Stoppage,488,55,,motorcycle,Outer,0.4003130025367683
Vehicle Stoppage,489,55,,motorcycle,Outer,0.3820991756075934
Vehicle Stoppage,490,55,,motorcycle,Outer,0.3740579233220443
Vehicle Stoppage,491,55,,motorcycle,Outer,0.36995990323276845
Vehicle Stoppage,492,55,,motorcycle,Outer,0.3679300205202074
Vehicle Stoppage,493,55,,motorcycle,Outer,0.4235092560971981
Vehicle Stoppage,494,55,,motorcycle,Outer,0.49478727752439144
Vehicle Stoppage,495,55,,motorcycle,Outer,0.5722909487315028
Vehicle Stoppage,496,55,,motorcycle,Outer,0.6529158751324741
Vehicle Stoppage,497,55,,motorcycle,Outer,0.7112528172176215
Vehicle Stoppage,498,55,,motorcycle,Outer,0.7479148681501109
Vehicle Stoppage,499,55,,motorcycle,Outer,0.8100444740876842
Vehicle Stoppage,500,55,,motorcycle,Outer,0.8230170411358451
Vehicle Stoppage,501,55,,motorcycle,Outer,0.8241922348578619
Vehicle Stoppage,502,55,,motorcycle,Outer,0.8205659083827447
Vehicle Stoppage,503,55,,motorcycle,Outer,0.8155492137204269
Vehicle Stoppage,504,55,,motorcycle,Outer,0.8336331687259027
Vehicle Stoppage,505,55,,motorcycle,Outer,0.8751184834066756
Vehicle Stoppage,506,55,,motorcycle,Outer,0.8907147972274844
Vehicle Stoppage,507,55,,motorcycle,Outer,0.8974204031556238
Vehicle Stoppage,508,55,,motorcycle,Outer,0.9000283606642648
Vehicle Stoppage,509,55,,motorcycle,Outer,0.8995318337891105
Vehicle Stoppage,510,55,,motorcycle,Outer,0.895139452822858
Vehicle Stoppage,511,55,,motorcycle,Outer,0.8891457754496687
Vehicle Stoppage,512,55,,motorcycle,Outer,0.8822524411980972
Vehicle Stoppage,513,55,,motorcycle,Outer,0.8548516245524729
Vehicle Stoppage,514,55,,motorcycle,Outer,0.8076430461534327
Vehicle Stoppage,515,55,,motorcycle,Outer,0.7442393230675158
Vehicle Stoppage,516,55,,motorcycle,Outer,0.653493458268713
Vehicle Stoppage,517,55,,car,Outer,0.5342456738243174
Vehicle Stoppage,518,55,,car,Outer,0.40091939339472926
Vehicle Stoppage,519,55,,car,Outer,0.24086581326539253
Vehicle Stoppage,520,55,,car,Outer,0.0848958185071506
Vehicle Stoppage,521,55,,car,Outer,0.06738850050268133
Vehicle Stoppage,522,55,,car,Outer,0.2009503918881483
Vehicle Stoppage,523,55,,car,Outer,0.3089459014131726
Vehicle Stoppage,524,55,,car,Outer,0.38743496228398905
Vehicle Stoppage,525,55,,car,Outer,0.451079560609877
Vehicle Stoppage,526,55,,car,Outer,0.4859726432629652
Vehicle Stoppage,527,55,,car,Outer,0.5018047927232259
Vehicle Stoppage,528,55,,car,Outer,0.5065284690913232
Vehicle Stoppage,529,55,,car,Outer,0.5041854123236833
Vehicle Stoppage,530,55,,car,Outer,0.49871672320065735
Vehicle Stoppage,531,55,,car,Outer,0.49030048949598515
Vehicle Stoppage,532,55,,car,Outer,0.4806256339397645
Vehicle Stoppage,533,55,,car,Outer,0.47114436216514466
Vehicle Stoppage,534,55,,car,Outer,0.4613271398909877
Vehicle Stoppage,535,55,,car,Outer,0.4519003872536544
Vehicle Stoppage,536,55,,car,Outer,0.4435803534873895
Vehicle Stoppage,537,55,,car,Outer,0.4363211775744985
Vehicle Stoppage,538,55,,car,Outer,0.4307939182486243
Vehicle Stoppage,539,55,,car,Outer,0.4262642959479478
Vehicle Stoppage,540,55,,car,Outer,0.42282295349235766
Vehicle Stoppage,541,55,,car,Outer,0.4022911010698664
Vehicle Stoppage,542,55,,car,Outer,0.36880516536512503
Vehicle Stoppage,543,55,,car,Outer,0.3266166713442563
Vehicle Stoppage,544,55,,car,Outer,0.2791419889590267
Vehicle Stoppage,545,55,,car,Outer,0.22914746343784678
Vehicle Stoppage,546,55,,car,Outer,0.17780441501830285
Vehicle Stoppage,547,55,,car,Outer,0.1270380258032983
Vehicle Stoppage,548,55,,car,Outer,0.09430100741773748
Vehicle Stoppage,549,55,,car,Outer,0.07499873332263583
Vehicle Stoppage,550,55,,car,Outer,0.06397311935493098
Vehicle Stoppage,551,55,,car,Outer,0.05787270513808619
Vehicle Stoppage,552,55,,car,Outer,0.0544111201869637
Vehicle Stoppage,553,55,,car,Outer,0.05267447199545349
Vehicle Stoppage,554,55,,car,Outer,0.05466269294500725
Vehicle Stoppage,555,55,,car,Outer,0.06026084964552404
Vehicle Stoppage,556,55,,car,Outer,0.07245094892408793
Vehicle Stoppage,557,55,,car,Outer,0.08917628608548539
Vehicle Stoppage,558,55,,car,Outer,0.10864492625060558
Vehicle Stoppage,559,55,,car,Outer,0.1305896243964279
Vehicle Stoppage,560,55,,car,Outer,0.15514525451976
Vehicle Stoppage,561,55,,car,Outer,0.15710012730740125
Vehicle Stoppage,562,55,,car,Outer,0.15659173030527715
Vehicle Stoppage,563,55,,car,Outer,0.14732633844631943
Vehicle Stoppage,564,55,,car,Outer,0.13182765263783078
Vehicle Stoppage,565,55,,car,Outer,0.11695375154307948
Vehicle Stoppage,566,55,,car,Outer,0.1025187299960393
Vehicle Stoppage,567,55,,car,Outer,0.09806717085753355
Vehicle Stoppage,568,55,,car,Outer,0.1460501283806344
Vehicle Stoppage,569,55,,car,Outer,0.20658717288350384
Vehicle Stoppage,570,55,,car,Outer,0.26686513447806987
Vehicle Stoppage,571,55,,car,Outer,0.32672450168298656
Vehicle Stoppage,572,55,,car,Outer,0.3843220004111123
Vehicle Stoppage,573,55,,car,Outer,0.44065606769906235
Vehicle Stoppage,574,55,,car,Outer,0.4683455348351236
Vehicle Stoppage,575,55,,car,Outer,0.48381332143710104
Vehicle Stoppage,576,55,,car,Outer,0.4941895688903165
Vehicle Stoppage,577,55,,car,Outer,0.49795205592506375
Vehicle Stoppage,578,55,,car,Outer,0.49774893269599363
Vehicle Stoppage,579,55,,car,Outer,0.4958699527093784
Vehicle Stoppage,580,55,,car,Outer,0.49255766159912534
Vehicle Stoppage,581,55,,car,Outer,0.48864654915388156
Vehicle Stoppage,582,55,,car,Outer,0.48684381479074074
Vehicle Stoppage,583,55,,car,Outer,0.4837065225940255
Vehicle Stoppage,584,55,,car,Outer,0.4713684333936651
Vehicle Stoppage,585,55,,car,Outer,0.46207274319094227
Vehicle Stoppage,586,55,,car,Outer,0.4559529800319322
Vehicle Stoppage,587,55,,car,Outer,0.451090789087965
Vehicle Stoppage,588,55,,car,Outer,0.44739085819895325
Vehicle Stoppage,589,55,,car,Outer,0.44381081555095314
Vehicle Stoppage,590,55,,car,Outer,0.44109110170122545
Vehicle Stoppage,591,55,,car,Outer,0.44962573324933186
Vehicle Stoppage,592,55,,car,Outer,0.4567141009428109
Vehicle Stoppage,593,55,,car,Outer,0.4435419822294189
Vehicle Stoppage,594,55,,car,Outer,0.4357553671499607
Vehicle Stoppage,595,55,,car,Outer,0.43192189108680035
Vehicle Stoppage,596,55,,car,Outer,0.4268526677906562
Vehicle Stoppage,597,55,,car,Outer,0.40761384912684934
Vehicle Stoppage,598,55,,car,Outer,0.3788604624396691
Vehicle Stoppage,599,55,,car,Outer,0.3443405291277772
Vehicle Stoppage,600,55,,car,Outer,0.32436024725604184
Vehicle Stoppage,601,55,,car,Outer,0.2986979912888562
Vehicle Stoppage,602,55,,car,Outer,0.2716104011263237
Vehicle Stoppage,603,55,,car,Outer,0.24850853104068304
Vehicle Stoppage,604,55,,car,Outer,0.23664710013012832
Vehicle Stoppage,605,55,,car,Outer,0.23029400773793418
Vehicle Stoppage,606,55,,car,Outer,0.22727395363305272
Vehicle Stoppage,607,55,,car,Outer,0.22221406346133982
Vehicle Stoppage,608,55,,car,Outer,0.22535875842753714
Vehicle Stoppage,609,55,,car,Outer,0.24064000083112044
Vehicle Stoppage,610,55,,car,Outer,0.26492840542304885
Vehicle Stoppage,611,55,,car,Outer,0.29773078443452866
Vehicle Stoppage,612,55,,car,Outer,0.33648145565543575
Vehicle Stoppage,613,55,,car,Outer,0.37884810940533836
Vehicle Stoppage,614,55,,car,Outer,0.3943987956371057
Vehicle Stoppage,615,55,,car,Outer,0.3953861150824597
Vehicle Stoppage,616,55,,car,Outer,0.3930546272466457
Vehicle Stoppage,617,55,,car,Outer,0.39185013716981176
Vehicle Stoppage,618,55,,car,Outer,0.38953481230822556
Vehicle Stoppage,619,55,,car,Outer,0.38521583560388506
Vehicle Stoppage,620,55,,car,Outer,0.3819795020678425
Vehicle Stoppage,621,55,,car,Outer,0.3804978317940895
Vehicle Stoppage,622,55,,car,Outer,0.3819687552667103
Vehicle Stoppage,623,55,,car,Outer,0.38274436638571613
Vehicle Stoppage,624,55,,car,Outer,0.38212805445295395
Vehicle Stoppage,625,55,,car,Outer,0.3809863252139078
Vehicle Stoppage,626,55,,car,Outer,0.3802603318780411
Vehicle Stoppage,627,55,,car,Outer,0.3784449497615174
Vehicle Stoppage,628,55,,car,Outer,0.37623658780081326
Vehicle Stoppage,629,55,,car,Outer,0.3728697359668642
Vehicle Stoppage,630,55,,car,Outer,0.3702097378513999
Vehicle Stoppage,631,55,,car,Outer,0.3529146780738911
Vehicle Stoppage,632,55,,car,Outer,0.32528243112716543
Vehicle Stoppage,633,55,,car,Outer,0.28242662763982157
Vehicle Stoppage,634,55,,car,Outer,0.22994142732444162
Vehicle Stoppage,635,55,,car,Outer,0.17274631689271672
Vehicle Stoppage,636,55,,car,Outer,0.11330070608782303
Vehicle Stoppage,637,55,,car,Outer,0.059115141884292406
Vehicle Stoppage,638,55,,car,Outer,0.03676955262170019
Vehicle Stoppage,639,55,,car,Outer,0.05120712841001604
Vehicle Stoppage,640,55,,car,Outer,0.06965428917159544
Vehicle Stoppage,641,55,,car,Outer,0.08003624179083099
Vehicle Stoppage,642,55,,car,Outer,0.08530093786119404
Vehicle Stoppage,643,55,,car,Outer,0.08668085140329361
Vehicle Stoppage,644,55,,car,Outer,0.08756174963989814
Vehicle Stoppage,645,55,,car,Outer,0.08872772960016159
Vehicle Stoppage,646,55,,car,Outer,0.09341332881339702
Vehicle Stoppage,647,55,,car,Outer,0.10303640133468021
Vehicle Stoppage,648,55,,car,Outer,0.11645260838640996
Vehicle Stoppage,649,55,,car,Outer,0.13314653581674896
Vehicle Stoppage,650,55,,car,Outer,0.15245622322489724
Vehicle Stoppage,651,55,,car,Outer,0.1597648897599265
Vehicle Stoppage,652,55,,car,Outer,0.15963849786313683
Vehicle Stoppage,653,55,,car,Outer,0.14914006839209862
Vehicle Stoppage,654,55,,car,Outer,0.13218812352098697
Vehicle Stoppage,655,55,,car,Outer,0.11575201942083262
Vehicle Stoppage,656,55,,car,Outer,0.09954119750133775
Vehicle Stoppage,657,55,,car,Outer,0.07474396296692215
Vehicle Stoppage,658,55,,car,Outer,0.07452583444685193
Vehicle Stoppage,659,55,,car,Outer,0.10326238424518454
Vehicle Stoppage,660,55,,car,Outer,0.14431888303336932
Vehicle Stoppage,661,55,,car,Outer,0.19337334356109684
Vehicle Stoppage,662,55,,car,Outer,0.24416004996723006
Vehicle Stoppage,663,55,,car,Outer,0.29514371075799556
Vehicle Stoppage,664,55,,car,Outer,0.317501574799242
Vehicle Stoppage,665,55,,car,Outer,0.327306614659705
Vehicle Stoppage,666,55,,car,Outer,0.3325941821499554
Vehicle Stoppage,667,55,,car,Outer,0.33285698129977853
Vehicle Stoppage,668,55,,car,Outer,0.3293578145421806
Vehicle Stoppage,669,55,,car,Outer,0.3244810318030956
Vehicle Stoppage,670,55,,car,Outer,0.3196430509177418
Vehicle Stoppage,671,55,,car,Outer,0.31457898849096416
Vehicle Stoppage,672,55,,car,Outer,0.3119478962903904
Vehicle Stoppage,673,55,,car,Outer,0.3085270976753917
Vehicle Stoppage,674,55,,car,Outer,0.2959577841517249
Vehicle Stoppage,675,55,,car,Outer,0.2869090622479529
Vehicle Stoppage,676,55,,car,Outer,0.28038446818609364
Vehicle Stoppage,677,55,,car,Outer,0.24180010339120925
Vehicle Stoppage,678,55,,car,Outer,0.19292799174821565
Vehicle Stoppage,679,55,,car,Outer,0.14230056219144455
Vehicle Stoppage,680,55,,car,Outer,0.10635247998989279
Vehicle Stoppage,681,55,,car,Outer,0.10834435841334789
Vehicle Stoppage,682,55,,car,Outer,0.13988284383726554
Vehicle Stoppage,683,55,,car,Outer,0.20104658664101394
Vehicle Stoppage,684,55,,car,Outer,0.24053448817165854
Vehicle Stoppage,685,55,,car,Outer,0.2647657266339431
Vehicle Stoppage,686,55,,car,Outer,0.28182395214034317
Vehicle Stoppage,687,55,,car,Outer,0.3050275397402638
Vehicle Stoppage,688,55,,car,Outer,0.3364283133150356
Vehicle Stoppage,689,55,,car,Outer,0.37364887260635804
Vehicle Stoppage,690,55,,car,Outer,0.39914601338357025
Vehicle Stoppage,691,55,,car,Outer,0.43157803465885514
Vehicle Stoppage,692,55,,car,Outer,0.4698768030026589
Vehicle Stoppage,693,55,,car,Outer,0.5104857490665109
Vehicle Stoppage,694,55,,car,Outer,0.5375241948042908
Vehicle Stoppage,695,55,,car,Outer,0.5546808181287712
Vehicle Stoppage,696,55,,car,Outer,0.564885121064452
Vehicle Stoppage,697,55,,car,Outer,0.5696222783564568
Vehicle Stoppage,698,55,,car,Outer,0.5700736531361549
Vehicle Stoppage,699,55,,car,Outer,0.5482448814170542
Vehicle Stoppage,700,55,,car,Outer,0.530106413845366
Vehicle Stoppage,701,55,,car,Outer,0.5151668176425943
Vehicle Stoppage,702,55,,car,Outer,0.5023109992823216
Vehicle Stoppage,703,55,,car,Outer,0.490490173194124
Vehicle Stoppage,704,55,,car,Outer,0.4766727283996879
Vehicle Stoppage,705,55,,car,Outer,0.4619616001357692
Vehicle Stoppage,706,55,,car,Outer,0.47006783553015
Vehicle Stoppage,707,55,,car,Outer,0.4738120830033762
Vehicle Stoppage,708,55,,car,Outer,0.47385091537318413
Vehicle Stoppage,709,55,,car,Outer,0.4710729136768532
Vehicle Stoppage,710,55,,car,Outer,0.4694921618089052
Vehicle Stoppage,711,55,,car,Outer,0.47192241947167346
Vehicle Stoppage,712,55,,car,Outer,0.4787336837950731
Vehicle Stoppage,713,55,,car,Outer,0.48277027663269095
Vehicle Stoppage,714,55,,car,Outer,0.4853897918168472
Vehicle Stoppage,715,55,,car,Outer,0.48753880871166866
Vehicle Stoppage,716,55,,car,Outer,0.48861237192686285
Vehicle Stoppage,717,55,,car,Outer,0.4673169909173001
Vehicle Stoppage,718,55,,car,Outer,0.4335806499372388
Vehicle Stoppage,719,55,,car,Outer,0.3891577700624746
Vehicle Stoppage,720,55,,car,Outer,0.3413940977814396
Vehicle Stoppage,721,55,,car,Outer,0.2943666421318791
Vehicle Stoppage,722,55,,car,Outer,0.2729496840078788
Vehicle Stoppage,723,55,,car,Outer,0.2528472463761455
Vehicle Stoppage,724,55,,car,Outer,0.24994879475604678
Vehicle Stoppage,725,55,,car,Outer,0.26212258582579356
Vehicle Stoppage,726,55,,car,Outer,0.2907266241677874
Vehicle Stoppage,727,55,,car,Outer,0.3326038484443614
Vehicle Stoppage,728,55,,car,Outer,0.38361518478808737
Vehicle Stoppage,729,55,,car,Outer,0.41161790534427
Vehicle Stoppage,730,55,,car,Outer,0.40474189306272623
Vehicle Stoppage,731,55,,car,Outer,0.3757562640861763
Vehicle Stoppage,732,55,,car,Outer,0.3325181649173494
Vehicle Stoppage,733,55,,car,Outer,0.2817702965182805
Vehicle Stoppage,734,55,,car,Outer,0.22583589174442348
Vehicle Stoppage,735,55,,car,Outer,0.16720337915246086
Vehicle Stoppage,736,55,,car,Outer,0.1055007108980771
Vehicle Stoppage,737,55,,car,Outer,0.06632797298274302
Vehicle Stoppage,738,55,,car,Outer,0.042827327724249964
Vehicle Stoppage,739,55,,car,Outer,0.029486437560346017
Vehicle Stoppage,740,55,,car,Outer,0.022556817151363054
Vehicle Stoppage,741,55,,car,Outer,0.019412624758128216
Vehicle Stoppage,742,55,,car,Outer,0.01874166481399436
Vehicle Stoppage,743,55,,car,Outer,0.019511278789455286
Vehicle Stoppage,744,55,,car,Outer,0.02084706214314382
Vehicle Stoppage,745,55,,car,Outer,0.022681490250858607
Vehicle Stoppage,746,55,,car,Outer,0.023859798825636956
Vehicle Stoppage,747,55,,car,Outer,0.023527430798958787
Vehicle Stoppage,748,55,,car,Outer,0.02249644416346898
Vehicle Stoppage,749,55,,car,Outer,0.02106395024680811
Vehicle Stoppage,750,55,,car,Outer,0.019387882813751898
Vehicle Stoppage,751,55,,car,Outer,0.01835755975068623
Vehicle Stoppage,752,55,,car,Outer,0.018217573932881537
Vehicle Stoppage,753,55,,car,Outer,0.018948878594790844
Vehicle Stoppage,754,55,,car,Outer,0.020965209276323147
Vehicle Stoppage,755,55,,car,Outer,0.023847222060441344
Vehicle Stoppage,756,55,,car,Outer,0.026797761100508452
Vehicle Stoppage,757,55,,car,Outer,0.029068195678437894
Vehicle Stoppage,758,55,,car,Outer,0.030681101675127935
Vehicle Stoppage,759,55,,car,Outer,0.03178458745996437
Vehicle Stoppage,760,55,,car,Outer,0.03175059054569109
Vehicle Stoppage,761,55,,car,Outer,0.030891422757780843
Vehicle Stoppage,762,55,,car,Outer,0.02641211843075025
Vehicle Stoppage,763,55,,car,Outer,0.04490668101741041
Vehicle Stoppage,764,55,,car,Outer,0.05927326547441441
Vehicle Stoppage,765,55,,car,Outer,0.06834764077859701
Vehicle Stoppage,766,55,,car,Outer,0.07297924362447512
Vehicle Stoppage,767,55,,car,Outer,0.38508852229064905
Vehicle Stoppage,768,55,,car,Outer,0.8088492875684591
Vehicle Stoppage,90,57,,motorcycle,Outer,0.102501365844561
Vehicle Stoppage,91,57,,motorcycle,Outer,0.08501323426384663
Vehicle Stoppage,92,57,,motorcycle,Outer,0.06744368020800869
Vehicle Stoppage,93,57,,motorcycle,Outer,0.054831013122139914
Vehicle Stoppage,94,57,,motorcycle,Outer,0.05331463213790344
Vehicle Stoppage,95,57,,motorcycle,Outer,0.05355903285160793
Vehicle Stoppage,96,57,,motorcycle,Outer,0.04745102738613952
Vehicle Stoppage,97,57,,motorcycle,Outer,0.04397135431164171
Vehicle Stoppage,98,57,,motorcycle,Outer,0.041634721087088086
Vehicle Stoppage,99,57,,motorcycle,Outer,0.04032381430370792
Vehicle Stoppage,100,57,,motorcycle,Outer,0.040387745666230455
Vehicle Stoppage,101,57,,motorcycle,Outer,0.04771938809330544
Vehicle Stoppage,102,57,,motorcycle,Outer,0.06456725176124631
Vehicle Stoppage,103,57,,motorcycle,Outer,0.0771495301346706
Vehicle Stoppage,104,57,,motorcycle,Outer,0.08716168883173131
Vehicle Stoppage,105,57,,motorcycle,Outer,0.09516664331581466
Vehicle Stoppage,106,57,,motorcycle,Outer,0.10051169086230663
Vehicle Stoppage,107,57,,motorcycle,Outer,0.10552544716797338
Vehicle Stoppage,108,57,,motorcycle,Outer,0.10860778056842911
Vehicle Stoppage,109,57,,motorcycle,Outer,0.11214142856232434
Vehicle Stoppage,110,57,,motorcycle,Outer,0.11298676913691597
Vehicle Stoppage,111,57,,motorcycle,Outer,0.1108112810141656
Vehicle Stoppage,112,57,,motorcycle,Outer,0.10711195078048283
Vehicle Stoppage,113,57,,motorcycle,Outer,0.10243207505464264
Vehicle Stoppage,114,57,,motorcycle,Outer,0.09745650311805619
Vehicle Stoppage,115,57,,motorcycle,Outer,0.09264178322981907
Vehicle Stoppage,116,57,,motorcycle,Outer,0.08368542286443721
Vehicle Stoppage,117,57,,motorcycle,Outer,0.07235613311945646
Vehicle Stoppage,118,57,,motorcycle,Outer,0.048691785754883685
Vehicle Stoppage,119,57,,motorcycle,Outer,0.04154046220253097
Vehicle Stoppage,120,57,,motorcycle,Outer,0.04661812952060246
Vehicle Stoppage,121,57,,motorcycle,Outer,0.0689424397595561
Vehicle Stoppage,122,57,,motorcycle,Outer,0.10284434841059253
Vehicle Stoppage,123,57,,motorcycle,Outer,0.11902873602622113
Vehicle Stoppage,124,57,,motorcycle,Outer,0.12455906229576005
Vehicle Stoppage,125,57,,motorcycle,Outer,0.1108381252096908
Vehicle Stoppage,126,57,,motorcycle,Outer,0.10537978933362864
Vehicle Stoppage,127,57,,motorcycle,Outer,0.0934878066915699
Vehicle Stoppage,128,57,,motorcycle,Outer,0.07664267740625727
Vehicle Stoppage,129,57,,motorcycle,Outer,0.05910879799149924
Vehicle Stoppage,130,57,,motorcycle,Outer,0.05171769523093815
Vehicle Stoppage,131,57,,motorcycle,Outer,0.045596491093066745
Vehicle Stoppage,132,57,,motorcycle,Outer,0.03929287467213493
Vehicle Stoppage,133,57,,motorcycle,Outer,0.03150253958016126
Vehicle Stoppage,134,57,,motorcycle,Outer,0.023246720198771668
Vehicle Stoppage,135,57,,motorcycle,Outer,0.014222517358053842
Vehicle Stoppage,136,57,,motorcycle,Outer,0.006456004956628171
Vehicle Stoppage,137,57,,motorcycle,Outer,0.02276071176391135
Vehicle Stoppage,138,57,,motorcycle,Outer,0.04673093194020551
Vehicle Stoppage,139,57,,motorcycle,Outer,0.06084159761215795
Vehicle Stoppage,140,57,,motorcycle,Outer,0.06900963700818165
Vehicle Stoppage,141,57,,motorcycle,Outer,0.07248455007792658
Vehicle Stoppage,142,57,,motorcycle,Outer,0.07210686513779431
Vehicle Stoppage,143,57,,motorcycle,Outer,0.08143150495968934
Vehicle Stoppage,144,57,,motorcycle,Outer,0.10478401595663524
Vehicle Stoppage,145,57,,motorcycle,Outer,0.1421844576597589
Vehicle Stoppage,146,57,,motorcycle,Outer,0.18536960376501363
Vehicle Stoppage,147,57,,motorcycle,Outer,0.21591614112891067
Vehicle Stoppage,148,57,,motorcycle,Outer,0.25138098575667805
Vehicle Stoppage,149,57,,motorcycle,Outer,0.27291940202192005
Vehicle Stoppage,150,57,,motorcycle,Outer,0.26430092697530033
Vehicle Stoppage,151,57,,motorcycle,Outer,0.23892184914736894
Vehicle Stoppage,152,57,,motorcycle,Outer,0.20578991714852768
Vehicle Stoppage,153,57,,motorcycle,Outer,0.17201049386593023
Vehicle Stoppage,154,57,,motorcycle,Outer,0.1670451735309917
Vehicle Stoppage,155,57,,motorcycle,Outer,0.16484735363359534
Vehicle Stoppage,156,57,,motorcycle,Outer,0.17466499363066432
Vehicle Stoppage,157,57,,motorcycle,Outer,0.1965277079701481
Vehicle Stoppage,158,57,,motorcycle,Outer,0.22984953774154232
Vehicle Stoppage,159,57,,motorcycle,Outer,0.27187533908024725
Vehicle Stoppage,160,57,,motorcycle,Outer,0.31872006526104196
Vehicle Stoppage,161,57,,motorcycle,Outer,0.32939754097442603
Vehicle Stoppage,162,57,,motorcycle,Outer,0.3185285073584414
Vehicle Stoppage,163,57,,motorcycle,Outer,0.29112411442544245
Vehicle Stoppage,164,57,,motorcycle,Outer,0.25249158401816235
Vehicle Stoppage,165,57,,motorcycle,Outer,0.20869079998888362
Vehicle Stoppage,166,57,,motorcycle,Outer,0.16441392885032963
Vehicle Stoppage,167,57,,motorcycle,Outer,0.12547230770174198
Vehicle Stoppage,168,57,,motorcycle,Outer,0.1036988910258928
Vehicle Stoppage,169,57,,motorcycle,Outer,0.09375755969520617
Vehicle Stoppage,170,57,,motorcycle,Outer,0.0913074476699462
Vehicle Stoppage,171,57,,motorcycle,Outer,0.09234874119337143
Vehicle Stoppage,172,57,,motorcycle,Outer,0.09438050646187793
Vehicle Stoppage,173,57,,motorcycle,Outer,0.09784487722921532
Vehicle Stoppage,174,57,,motorcycle,Outer,0.10200299015225246
Vehicle Stoppage,175,57,,motorcycle,Outer,0.10662082348209122
Vehicle Stoppage,176,57,,motorcycle,Outer,0.11094737491261501
Vehicle Stoppage,177,57,,motorcycle,Outer,0.10623464594943122
Vehicle Stoppage,178,57,,motorcycle,Outer,0.10087026320973233
Vehicle Stoppage,179,57,,motorcycle,Outer,0.09773254319825751
Vehicle Stoppage,180,57,,motorcycle,Outer,0.09119846489936229
Vehicle Stoppage,181,57,,motorcycle,Outer,0.08612665092757318
Vehicle Stoppage,182,57,,motorcycle,Outer,0.08639241864886682
Vehicle Stoppage,183,57,,motorcycle,Outer,0.16877751627512277
Vehicle Stoppage,184,57,,motorcycle,Outer,0.2959976351256893
Vehicle Stoppage,185,57,,motorcycle,Outer,0.45053480442691474
Vehicle Stoppage,186,57,,motorcycle,Outer,0.6194310292518438
Vehicle Stoppage,187,57,,motorcycle,Outer,0.7947036240007957
Vehicle Stoppage,188,57,,motorcycle,Outer,0.9719049439117027
Vehicle Stoppage,274,57,,motorcycle,Outer,0.9864361104501381
Vehicle Stoppage,275,57,,motorcycle,Outer,0.831058565926615
Vehicle Stoppage,276,57,,motorcycle,Outer,0.6622910915903968
Vehicle Stoppage,277,57,,motorcycle,Outer,0.48696953703491475
Vehicle Stoppage,278,57,,motorcycle,Outer,0.3095703635686076
Vehicle Stoppage,279,57,,motorcycle,Outer,0.1320518458788113
Vehicle Stoppage,280,57,,motorcycle,Outer,0.03651205280452294
Vehicle Stoppage,281,57,,motorcycle,Outer,0.018952572384767434
Vehicle Stoppage,282,57,,motorcycle,Outer,0.03731058830948552
Vehicle Stoppage,283,57,,motorcycle,Outer,0.043436620494695516
Vehicle Stoppage,284,57,,motorcycle,Outer,0.04231040061261694
Vehicle Stoppage,285,57,,motorcycle,Outer,0.03771538147758931
Vehicle Stoppage,286,57,,motorcycle,Outer,0.031141130358416275
Vehicle Stoppage,287,57,,motorcycle,Outer,0.024186773244893392
Vehicle Stoppage,288,57,,motorcycle,Outer,0.01797887649437472
Vehicle Stoppage,289,57,,motorcycle,Outer,0.013515176654412358
Vehicle Stoppage,290,57,,motorcycle,Outer,0.010264989040416552
Vehicle Stoppage,291,57,,motorcycle,Outer,0.008209750300706135
Vehicle Stoppage,292,57,,motorcycle,Outer,0.007021395872618432
Vehicle Stoppage,293,57,,motorcycle,Outer,0.007202777242152164
Vehicle Stoppage,294,57,,motorcycle,Outer,0.007694153624671662
Vehicle Stoppage,295,57,,motorcycle,Outer,0.00791201617794303
Vehicle Stoppage,296,57,,motorcycle,Outer,0.008207923001586214
Vehicle Stoppage,297,57,,motorcycle,Outer,0.008900561780022584
Vehicle Stoppage,298,57,,motorcycle,Outer,0.0098478424032859
Vehicle Stoppage,299,57,,motorcycle,Outer,0.01094029250066232
Vehicle Stoppage,300,57,,motorcycle,Outer,0.011886967653697973
Vehicle Stoppage,301,57,,motorcycle,Outer,0.012681088281367128
Vehicle Stoppage,302,57,,motorcycle,Outer,0.0132800602408318
Vehicle Stoppage,303,57,,motorcycle,Outer,0.014150971698085442
Vehicle Stoppage,304,57,,motorcycle,Outer,0.015118200951167943
Vehicle Stoppage,305,57,,motorcycle,Outer,0.016439586369496998
Vehicle Stoppage,306,57,,motorcycle,Outer,0.017791008965201666
Vehicle Stoppage,307,57,,motorcycle,Outer,0.018796808239699668
Vehicle Stoppage,308,57,,motorcycle,Outer,0.01968654362756351
Vehicle Stoppage,309,57,,motorcycle,Outer,0.020248456731314313
Vehicle Stoppage,310,57,,motorcycle,Outer,0.021137644144980205
Vehicle Stoppage,311,57,,motorcycle,Outer,0.021187968283909356
Vehicle Stoppage,312,57,,motorcycle,Outer,0.020155644370750254
Vehicle Stoppage,313,57,,motorcycle,Outer,0.01834802441681262
Vehicle Stoppage,314,57,,motorcycle,Outer,0.016099689437999096
Vehicle Stoppage,315,57,,motorcycle,Outer,0.013951702405088954
Vehicle Stoppage,316,57,,motorcycle,Outer,0.012278843593763715
Vehicle Stoppage,317,57,,motorcycle,Outer,0.009885848471425922
Vehicle Stoppage,318,57,,motorcycle,Outer,0.00849705831450482
Vehicle Stoppage,319,57,,motorcycle,Outer,0.0068447059834604775
Vehicle Stoppage,320,57,,motorcycle,Outer,0.005103920062068693
Vehicle Stoppage,321,57,,motorcycle,Outer,0.0037999999999982492
Vehicle Stoppage,322,57,,motorcycle,Outer,0.0021840329667824816
Vehicle Stoppage,323,57,,motorcycle,Outer,0.0016155494421398848
Vehicle Stoppage,324,57,,motorcycle,Outer,0.0039115214431233725
Vehicle Stoppage,325,57,,motorcycle,Outer,0.006551335741662294
Vehicle Stoppage,326,57,,motorcycle,Outer,0.009800510190796034
Vehicle Stoppage,327,57,,motorcycle,Outer,0.01270157470552609
Vehicle Stoppage,328,57,,motorcycle,Outer,0.014996666296218248
Vehicle Stoppage,329,57,,motorcycle,Outer,0.016573774464493464
Vehicle Stoppage,330,57,,motorcycle,Outer,0.01717119681326998
Vehicle Stoppage,331,57,,motorcycle,Outer,0.01704259369931701
Vehicle Stoppage,332,57,,motorcycle,Outer,0.016532392446348868
Vehicle Stoppage,333,57,,motorcycle,Outer,0.016690116836016233
Vehicle Stoppage,334,57,,motorcycle,Outer,0.016992056967887578
Vehicle Stoppage,335,57,,motorcycle,Outer,0.017695479648767273
Vehicle Stoppage,336,57,,motorcycle,Outer,0.018668154702593743
Vehicle Stoppage,337,57,,motorcycle,Outer,0.019766891510811426
Vehicle Stoppage,338,57,,motorcycle,Outer,0.020981182044867833
Vehicle Stoppage,339,57,,motorcycle,Outer,0.022098868749323566
Vehicle Stoppage,340,57,,motorcycle,Outer,0.02267906523647458
Vehicle Stoppage,341,57,,motorcycle,Outer,0.022685017081765402
Vehicle Stoppage,342,57,,motorcycle,Outer,0.02276356738299101
Vehicle Stoppage,343,57,,motorcycle,Outer,0.022453730202353445
Vehicle Stoppage,344,57,,motorcycle,Outer,0.051387644429381
Vehicle Stoppage,345,57,,motorcycle,Outer,0.07334609737402148
Vehicle Stoppage,346,57,,motorcycle,Outer,0.11308625026943407
Vehicle Stoppage,347,57,,motorcycle,Outer,0.1418722312505189
Vehicle Stoppage,348,57,,motorcycle,Outer,0.1843180132271376
Vehicle Stoppage,349,57,,motorcycle,Outer,0.23295338589511644
Vehicle Stoppage,350,57,,motorcycle,Outer,0.284289711386115
Vehicle Stoppage,351,57,,motorcycle,Outer,0.30443135515252523
Vehicle Stoppage,352,57,,motorcycle,Outer,0.3204379815190443
Vehicle Stoppage,353,57,,motorcycle,Outer,0.305453891774193
Vehicle Stoppage,354,57,,motorcycle,Outer,0.2920738434026565
Vehicle Stoppage,355,57,,motorcycle,Outer,0.25741058641788556
Vehicle Stoppage,356,57,,motorcycle,Outer,0.21270448984448456
Vehicle Stoppage,357,57,,motorcycle,Outer,0.16247092047501874
Vehicle Stoppage,358,57,,motorcycle,Outer,0.10979640249115276
Vehicle Stoppage,359,57,,motorcycle,Outer,0.070271046669304
Vehicle Stoppage,360,57,,motorcycle,Outer,0.045239142343771806
Vehicle Stoppage,361,57,,motorcycle,Outer,0.031727905698294534
Vehicle Stoppage,362,57,,motorcycle,Outer,0.026275654130769436
Vehicle Stoppage,363,57,,motorcycle,Outer,0.02485015090497071
Vehicle Stoppage,364,57,,motorcycle,Outer,0.02423901813192371
Vehicle Stoppage,365,57,,motorcycle,Outer,0.023702320561496553
Vehicle Stoppage,366,57,,motorcycle,Outer,0.023479778533876613
Vehicle Stoppage,367,57,,motorcycle,Outer,0.023400213674242522
Vehicle Stoppage,368,57,,motorcycle,Outer,0.02333109513074579
Vehicle Stoppage,369,57,,motorcycle,Outer,0.023415593095199017
Vehicle Stoppage,370,57,,motorcycle,Outer,0.023602754076589492
Vehicle Stoppage,371,57,,motorcycle,Outer,0.02383149177034518
Vehicle Stoppage,372,57,,motorcycle,Outer,0.02398040867041713
Vehicle Stoppage,373,57,,motorcycle,Outer,0.024056599926007175
Vehicle Stoppage,374,57,,motorcycle,Outer,0.023905857022915943
Vehicle Stoppage,375,57,,motorcycle,Outer,0.023796638418058107
Vehicle Stoppage,376,57,,motorcycle,Outer,0.023660304309117027
Vehicle Stoppage,377,57,,motorcycle,Outer,0.02317692818300276
Vehicle Stoppage,378,57,,motorcycle,Outer,0.021804815981798304
Vehicle Stoppage,379,57,,motorcycle,Outer,0.019744872752182372
Vehicle Stoppage,380,57,,motorcycle,Outer,0.017715812146217803
Vehicle Stoppage,381,57,,motorcycle,Outer,0.016519685227026907
Vehicle Stoppage,382,57,,motorcycle,Outer,0.015654072952428474
Vehicle Stoppage,383,57,,motorcycle,Outer,0.01511687798455407
Vehicle Stoppage,384,57,,motorcycle,Outer,0.015271214751948335
Vehicle Stoppage,385,57,,motorcycle,Outer,0.01603652081967658
Vehicle Stoppage,386,57,,motorcycle,Outer,0.0176819116613564
Vehicle Stoppage,387,57,,motorcycle,Outer,0.018860010604447437
Vehicle Stoppage,388,57,,motorcycle,Outer,0.019368014869882533
Vehicle Stoppage,389,57,,motorcycle,Outer,0.0192865237925335
Vehicle Stoppage,390,57,,motorcycle,Outer,0.0190412709659829
Vehicle Stoppage,391,57,,motorcycle,Outer,0.018634376834228906
Vehicle Stoppage,392,57,,motorcycle,Outer,0.01842959576333646
Vehicle Stoppage,393,57,,motorcycle,Outer,0.018227451824103204
Vehicle Stoppage,394,57,,motorcycle,Outer,0.018033579788827594
Vehicle Stoppage,395,57,,motorcycle,Outer,0.018160396471436923
Vehicle Stoppage,396,57,,motorcycle,Outer,0.018725917868021365
Vehicle Stoppage,397,57,,motorcycle,Outer,0.019832296891685187
Vehicle Stoppage,398,57,,motorcycle,Outer,0.020541178155112295
Vehicle Stoppage,399,57,,motorcycle,Outer,0.02115325034126275
Vehicle Stoppage,400,57,,motorcycle,Outer,0.021533462331920314
Vehicle Stoppage,401,57,,motorcycle,Outer,0.022106333933963457
Vehicle Stoppage,402,57,,motorcycle,Outer,0.022351062614561202
Vehicle Stoppage,403,57,,motorcycle,Outer,0.022865257488162295
Vehicle Stoppage,404,57,,motorcycle,Outer,0.022898034850179366
Vehicle Stoppage,405,57,,motorcycle,Outer,0.0226364749905968
Vehicle Stoppage,406,57,,motorcycle,Outer,0.02245395288140351
Vehicle Stoppage,407,57,,motorcycle,Outer,0.02163145857310943
Vehicle Stoppage,408,57,,motorcycle,Outer,0.020203217565523398
Vehicle Stoppage,409,57,,motorcycle,Outer,0.01930414463269655
Vehicle Stoppage,410,57,,motorcycle,Outer,0.01903785702225825
Vehicle Stoppage,411,57,,motorcycle,Outer,0.018801063799688447
Vehicle Stoppage,412,57,,motorcycle,Outer,0.018645374761585638
Vehicle Stoppage,413,57,,motorcycle,Outer,0.01905911855254428
Vehicle Stoppage,414,57,,motorcycle,Outer,0.01982044399098727
Vehicle Stoppage,415,57,,motorcycle,Outer,0.02171128738698193
Vehicle Stoppage,416,57,,motorcycle,Outer,0.023000869548776236
Vehicle Stoppage,417,57,,motorcycle,Outer,0.023310512649874424
Vehicle Stoppage,418,57,,motorcycle,Outer,0.023517227727772958
Vehicle Stoppage,419,57,,motorcycle,Outer,0.024307406278749305
Vehicle Stoppage,420,57,,motorcycle,Outer,0.0254159398803169
Vehicle Stoppage,421,57,,motorcycle,Outer,0.02660845730214947
Vehicle Stoppage,422,57,,motorcycle,Outer,0.027888348821684686
Vehicle Stoppage,423,57,,motorcycle,Outer,0.02991471209956389
Vehicle Stoppage,424,57,,motorcycle,Outer,0.03293038110924401
Vehicle Stoppage,425,57,,motorcycle,Outer,0.036271476396753315
Vehicle Stoppage,426,57,,motorcycle,Outer,0.03911636486178391
Vehicle Stoppage,427,57,,motorcycle,Outer,0.04115883866194737
Vehicle Stoppage,428,57,,motorcycle,Outer,0.042978366651142
Vehicle Stoppage,97,62,,motorcycle,Inner,0.05029403543165298
Vehicle Stoppage,98,62,,motorcycle,Inner,0.049266621560646845
Vehicle Stoppage,99,62,,motorcycle,Inner,0.04807795752733477
Vehicle Stoppage,100,62,,motorcycle,Inner,0.0471492311708277
Vehicle Stoppage,101,62,,motorcycle,Inner,0.04638383339051815
Vehicle Stoppage,102,62,,motorcycle,Inner,0.04523052066912124
Vehicle Stoppage,103,62,,motorcycle,Inner,0.042564304293616614
Vehicle Stoppage,104,62,,motorcycle,Inner,0.03988546101024602
Vehicle Stoppage,105,62,,motorcycle,Inner,0.037348360071098
Vehicle Stoppage,106,62,,motorcycle,Inner,0.03504882309007891
Vehicle Stoppage,107,62,,motorcycle,Inner,0.032736065737961915
Vehicle Stoppage,108,62,,motorcycle,Inner,0.03065289545866743
Vehicle Stoppage,109,62,,motorcycle,Inner,0.028767516403052012
Vehicle Stoppage,110,62,,motorcycle,Inner,0.028783675929244374
Vehicle Stoppage,111,62,,motorcycle,Inner,0.027741124706831308
Vehicle Stoppage,112,62,,motorcycle,Inner,0.024629250902127926
Vehicle Stoppage,113,62,,motorcycle,Inner,0.02324672019877289
Vehicle Stoppage,114,62,,motorcycle,Inner,0.02438770181874507
Vehicle Stoppage,115,62,,motorcycle,Inner,0.029243802762302144
Vehicle Stoppage,116,62,,motorcycle,Inner,0.03607381321679077
Vehicle Stoppage,117,62,,motorcycle,Inner,0.045425213263121746
Vehicle Stoppage,118,62,,motorcycle,Inner,0.0512328019924754
Vehicle Stoppage,119,62,,motorcycle,Inner,0.05068846022518916
Vehicle Stoppage,120,62,,motorcycle,Inner,0.05014149977812913
Vehicle Stoppage,121,62,,motorcycle,Inner,0.04543236731671189
Vehicle Stoppage,122,62,,motorcycle,Inner,0.03355190009521595
Vehicle Stoppage,123,62,,motorcycle,Inner,0.022453730202356453
Vehicle Stoppage,124,62,,motorcycle,Inner,0.010645186705734494
Vehicle Stoppage,125,62,,motorcycle,Inner,0.015171684151741843
Vehicle Stoppage,126,62,,motorcycle,Inner,0.028789234098880706
Vehicle Stoppage,127,62,,motorcycle,Inner,0.03980263810351702
Vehicle Stoppage,128,62,,motorcycle,Inner,0.04836941182193034
Vehicle Stoppage,129,62,,motorcycle,Inner,0.04936901862504109
Vehicle Stoppage,130,62,,motorcycle,Inner,0.05086531234545225
Vehicle Stoppage,131,62,,motorcycle,Inner,0.04975791394341525
Vehicle Stoppage,132,62,,motorcycle,Inner,0.04722806369099409
Vehicle Stoppage,133,62,,motorcycle,Inner,0.04769203287762025
Vehicle Stoppage,134,62,,motorcycle,Inner,0.041930418552646294
Vehicle Stoppage,135,62,,motorcycle,Inner,0.03347715639058846
Vehicle Stoppage,136,62,,motorcycle,Inner,0.021883326986536784
Vehicle Stoppage,137,62,,motorcycle,Inner,0.022601991062736134
Vehicle Stoppage,138,62,,motorcycle,Inner,0.041961172528900914
Vehicle Stoppage,139,62,,motorcycle,Inner,0.06663009830398663
Vehicle Stoppage,140,62,,motorcycle,Inner,0.09063829212865475
Vehicle Stoppage,141,62,,motorcycle,Inner,0.09957534835490847
Vehicle Stoppage,142,62,,motorcycle,Inner,0.09988218059293305
Vehicle Stoppage,143,62,,motorcycle,Inner,0.0884217167894845
Vehicle Stoppage,144,62,,motorcycle,Inner,0.07155333674958368
Vehicle Stoppage,145,62,,motorcycle,Inner,0.05037459677258375
Vehicle Stoppage,146,62,,motorcycle,Inner,0.028541373477821028
Vehicle Stoppage,147,62,,motorcycle,Inner,0.016883423823385778
Vehicle Stoppage,148,62,,motorcycle,Inner,0.028930606630355734
Vehicle Stoppage,149,62,,motorcycle,Inner,0.042862104474704565
Vehicle Stoppage,150,62,,motorcycle,Inner,0.05398407172490799
Vehicle Stoppage,151,62,,motorcycle,Inner,0.0633018167195914
Vehicle Stoppage,152,62,,motorcycle,Inner,0.07081708833324572
Vehicle Stoppage,153,62,,motorcycle,Inner,0.07614328598111338
Vehicle Stoppage,154,62,,motorcycle,Inner,0.07951785962914323
Vehicle Stoppage,155,62,,motorcycle,Inner,0.08204980194979065
Vehicle Stoppage,156,62,,motorcycle,Inner,0.08056208785775118
Vehicle Stoppage,157,62,,motorcycle,Inner,0.07811401922830268
Vehicle Stoppage,158,62,,motorcycle,Inner,0.07408171164329114
Vehicle Stoppage,159,62,,motorcycle,Inner,0.07058562176533709
Vehicle Stoppage,160,62,,motorcycle,Inner,0.06737781534007421
Vehicle Stoppage,161,62,,motorcycle,Inner,0.0637802477260796
Vehicle Stoppage,162,62,,motorcycle,Inner,0.05965115254543913
Vehicle Stoppage,163,62,,motorcycle,Inner,0.057170097078806985
Vehicle Stoppage,164,62,,motorcycle,Inner,0.056035702904490906
Vehicle Stoppage,165,62,,motorcycle,Inner,0.05582051594172013
Vehicle Stoppage,166,62,,motorcycle,Inner,0.054677326196515864
Vehicle Stoppage,167,62,,motorcycle,Inner,0.054711333378018916
Vehicle Stoppage,168,62,,motorcycle,Inner,0.0560332044416581
Vehicle Stoppage,169,62,,motorcycle,Inner,0.05798836090112614
Vehicle Stoppage,170,62,,motorcycle,Inner,0.062192362875200455
Vehicle Stoppage,171,62,,motorcycle,Inner,0.06671469103577755
Vehicle Stoppage,172,62,,motorcycle,Inner,0.07177994148785798
Vehicle Stoppage,173,62,,motorcycle,Inner,0.07722596713541226
Vehicle Stoppage,174,62,,motorcycle,Inner,0.07975493715125462
Vehicle Stoppage,175,62,,motorcycle,Inner,0.08016065119495891
Vehicle Stoppage,176,62,,motorcycle,Inner,0.07893110920289956
Vehicle Stoppage,177,62,,motorcycle,Inner,0.07508088971236113
Vehicle Stoppage,178,62,,motorcycle,Inner,0.06882274333386804
Vehicle Stoppage,179,62,,motorcycle,Inner,0.06127266927431848
Vehicle Stoppage,180,62,,motorcycle,Inner,0.051857593465173185
Vehicle Stoppage,181,62,,motorcycle,Inner,0.04359323341988039
Vehicle Stoppage,182,62,,motorcycle,Inner,0.03715171597651919
Vehicle Stoppage,183,62,,motorcycle,Inner,0.03240138885912407
Vehicle Stoppage,184,62,,motorcycle,Inner,0.03371201566207522
Vehicle Stoppage,185,62,,motorcycle,Inner,0.03559845502265478
Vehicle Stoppage,186,62,,motorcycle,Inner,0.03781137395017879
Vehicle Stoppage,187,62,,motorcycle,Inner,0.03816438129984332
Vehicle Stoppage,188,62,,motorcycle,Inner,0.03724848990226957
Vehicle Stoppage,189,62,,motorcycle,Inner,0.04151445531377327
Vehicle Stoppage,91,66,,motorcycle,Outer,0.3081511317519335
Vehicle Stoppage,92,66,,motorcycle,Outer,0.30665162644277605
Vehicle Stoppage,93,66,,motorcycle,Outer,0.3055542505022648
Vehicle Stoppage,94,66,,motorcycle,Outer,0.305491227369952
Vehicle Stoppage,95,66,,motorcycle,Outer,0.30540062213427793
Vehicle Stoppage,96,66,,motorcycle,Outer,0.3053200943272466
Vehicle Stoppage,97,66,,motorcycle,Outer,0.3056588457741726
Vehicle Stoppage,98,66,,motorcycle,Outer,0.30565164812250206
Vehicle Stoppage,99,66,,motorcycle,Outer,0.30610749745800087
Vehicle Stoppage,100,66,,motorcycle,Outer,0.30744568626018626
Vehicle Stoppage,101,66,,motorcycle,Outer,0.308160169392475
Vehicle Stoppage,102,66,,motorcycle,Outer,0.308536707702663
Vehicle Stoppage,103,66,,motorcycle,Outer,0.3093180402110411
Vehicle Stoppage,104,66,,motorcycle,Outer,0.30904345972694763
Vehicle Stoppage,105,66,,motorcycle,Outer,0.3082941614756942
Vehicle Stoppage,106,66,,motorcycle,Outer,0.30733802237926555
Vehicle Stoppage,107,66,,motorcycle,Outer,0.30827422856930414
Vehicle Stoppage,108,66,,motorcycle,Outer,0.31093102128929034
Vehicle Stoppage,109,66,,motorcycle,Outer,0.31312529441104164
Vehicle Stoppage,110,66,,motorcycle,Outer,0.3154857366030979
Vehicle Stoppage,111,66,,motorcycle,Outer,0.3188599222229155
Vehicle Stoppage,112,66,,motorcycle,Outer,0.3228192373449902
Vehicle Stoppage,113,66,,motorcycle,Outer,0.32762113790169123
Vehicle Stoppage,114,66,,motorcycle,Outer,0.33084307458370943
Vehicle Stoppage,115,66,,motorcycle,Outer,0.33309015296162664
Vehicle Stoppage,116,66,,motorcycle,Outer,0.33684655260222357
Vehicle Stoppage,117,66,,motorcycle,Outer,0.33993389063169194
Vehicle Stoppage,118,66,,motorcycle,Outer,0.3437168165801649
Vehicle Stoppage,119,66,,motorcycle,Outer,0.3480265794447283
Vehicle Stoppage,120,66,,motorcycle,Outer,0.35176247667993543
Vehicle Stoppage,121,66,,motorcycle,Outer,0.355342679676956
Vehicle Stoppage,122,66,,motorcycle,Outer,0.3582258086738028
Vehicle Stoppage,123,66,,motorcycle,Outer,0.3600975978814682
Vehicle Stoppage,124,66,,motorcycle,Outer,0.3620720646501202
Vehicle Stoppage,125,66,,motorcycle,Outer,0.3631350437509484
Vehicle Stoppage,126,66,,motorcycle,Outer,0.3634364043405665
Vehicle Stoppage,127,66,,motorcycle,Outer,0.36473081854978573
Vehicle Stoppage,128,66,,motorcycle,Outer,0.36613080995731073
Vehicle Stoppage,129,66,,motorcycle,Outer,0.36804327191242314
Vehicle Stoppage,130,66,,motorcycle,Outer,0.3703521567373433
Vehicle Stoppage,131,66,,motorcycle,Outer,0.372221788722798
Vehicle Stoppage,132,66,,motorcycle,Outer,0.37469029878020765
Vehicle Stoppage,133,66,,motorcycle,Outer,0.3766869389824889
Vehicle Stoppage,134,66,,motorcycle,Outer,0.3744734169470487
Vehicle Stoppage,135,66,,motorcycle,Outer,0.3692635102470828
Vehicle Stoppage,136,66,,motorcycle,Outer,0.3360318586086762
Vehicle Stoppage,137,66,,motorcycle,Outer,0.3113504938168579
Vehicle Stoppage,138,66,,motorcycle,Outer,0.29510928484207694
Vehicle Stoppage,139,66,,motorcycle,Outer,0.2840938577301582
Vehicle Stoppage,140,66,,motorcycle,Outer,0.27190183890514447
Vehicle Stoppage,141,66,,motorcycle,Outer,0.26103220107871805
Vehicle Stoppage,142,66,,motorcycle,Outer,0.251287345483216
Vehicle Stoppage,143,66,,motorcycle,Outer,0.24897768976356408
Vehicle Stoppage,144,66,,motorcycle,Outer,0.23088267583341757
Vehicle Stoppage,145,66,,motorcycle,Outer,0.20160203371989707
Vehicle Stoppage,146,66,,motorcycle,Outer,0.16625618785476404
Vehicle Stoppage,147,66,,motorcycle,Outer,0.13325254218963611
Vehicle Stoppage,148,66,,motorcycle,Outer,0.1045235380189585
Vehicle Stoppage,149,66,,motorcycle,Outer,0.08154569271273288
Vehicle Stoppage,150,66,,motorcycle,Outer,0.07386487663293859
Vehicle Stoppage,151,66,,motorcycle,Outer,0.06957851679937148
Vehicle Stoppage,152,66,,motorcycle,Outer,0.06673080248281196
Vehicle Stoppage,153,66,,motorcycle,Outer,0.06397913722456267
Vehicle Stoppage,154,66,,motorcycle,Outer,0.06354533814529102
Vehicle Stoppage,155,66,,motorcycle,Outer,0.06475561751693532
Vehicle Stoppage,156,66,,motorcycle,Outer,0.06690059790465729
Vehicle Stoppage,157,66,,motorcycle,Outer,0.06971613873415437
Vehicle Stoppage,158,66,,motorcycle,Outer,0.07491061340023944
Vehicle Stoppage,159,66,,motorcycle,Outer,0.08037711116978541
Vehicle Stoppage,160,66,,motorcycle,Outer,0.09024970914080806
Vehicle Stoppage,161,66,,motorcycle,Outer,0.09826031752442448
Vehicle Stoppage,162,66,,motorcycle,Outer,0.10942856117120507
Vehicle Stoppage,163,66,,motorcycle,Outer,0.11970129489692288
Vehicle Stoppage,164,66,,motorcycle,Outer,0.11350568267712093
Vehicle Stoppage,165,66,,motorcycle,Outer,0.10966954910092626
Vehicle Stoppage,166,66,,motorcycle,Outer,0.11528247915446765
Vehicle Stoppage,167,66,,motorcycle,Outer,0.11668697442302829
Vehicle Stoppage,168,66,,motorcycle,Outer,0.12173204179672385
Vehicle Stoppage,169,66,,motorcycle,Outer,0.11899756300025231
Vehicle Stoppage,170,66,,motorcycle,Outer,0.12301544618461475
Vehicle Stoppage,171,66,,motorcycle,Outer,0.14002771154310573
Vehicle Stoppage,172,66,,motorcycle,Outer,0.163425640583113
Vehicle Stoppage,173,66,,motorcycle,Outer,0.17992053801608904
Vehicle Stoppage,174,66,,motorcycle,Outer,0.19373641887884654
Vehicle Stoppage,175,66,,motorcycle,Outer,0.20621020828271094
Vehicle Stoppage,176,66,,motorcycle,Outer,0.20235696182735802
Vehicle Stoppage,177,66,,motorcycle,Outer,0.18558860417600703
Vehicle Stoppage,178,66,,motorcycle,Outer,0.16029996880848324
Vehicle Stoppage,179,66,,motorcycle,Outer,0.1329280256379386
Vehicle Stoppage,180,66,,motorcycle,Outer,0.10859880293999676
Vehicle Stoppage,181,66,,motorcycle,Outer,0.09653605544044025
Vehicle Stoppage,182,66,,motorcycle,Outer,0.09345014713739301
Vehicle Stoppage,183,66,,motorcycle,Outer,0.09886607102540294
Vehicle Stoppage,184,66,,motorcycle,Outer,0.11266419129430134
Vehicle Stoppage,185,66,,motorcycle,Outer,0.13541067166217413
Vehicle Stoppage,186,66,,motorcycle,Outer,0.1639659720795738
Vehicle Stoppage,187,66,,motorcycle,Outer,0.19598739755402209
Vehicle Stoppage,188,66,,motorcycle,Outer,0.2194766502386994
Vehicle Stoppage,189,66,,motorcycle,Outer,0.2340010683736284
Vehicle Stoppage,190,66,,motorcycle,Outer,0.2368701120867664
Vehicle Stoppage,191,66,,motorcycle,Outer,0.22988695047784022
Vehicle Stoppage,192,66,,motorcycle,Outer,0.21741214317511515
Vehicle Stoppage,193,66,,motorcycle,Outer,0.2011578981795181
Vehicle Stoppage,194,66,,motorcycle,Outer,0.18543467852588844
Vehicle Stoppage,195,66,,motorcycle,Outer,0.17164431246039075
Vehicle Stoppage,196,66,,motorcycle,Outer,0.15947454342307973
Vehicle Stoppage,197,66,,motorcycle,Outer,0.1538526892842595
Vehicle Stoppage,198,66,,motorcycle,Outer,0.15415550590231644
Vehicle Stoppage,199,66,,motorcycle,Outer,0.1567011167796812
Vehicle Stoppage,200,66,,motorcycle,Outer,0.16254442469676114
Vehicle Stoppage,201,66,,motorcycle,Outer,0.1689163698402288
Vehicle Stoppage,202,66,,motorcycle,Outer,0.1739863500393118
Vehicle Stoppage,203,66,,motorcycle,Outer,0.1791031546344162
Vehicle Stoppage,204,66,,motorcycle,Outer,0.18208860480546793
Vehicle Stoppage,205,66,,motorcycle,Outer,0.18366341497424055
Vehicle Stoppage,206,66,,motorcycle,Outer,0.18733504744174898
Vehicle Stoppage,207,66,,motorcycle,Outer,0.1718400418994359
Vehicle Stoppage,208,66,,motorcycle,Outer,0.14979138827048846
Vehicle Stoppage,209,66,,motorcycle,Outer,0.13650234430220887
Vehicle Stoppage,210,66,,motorcycle,Outer,0.11772191809514819
Vehicle Stoppage,211,66,,motorcycle,Outer,0.11014354270677569
Vehicle Stoppage,212,66,,motorcycle,Outer,0.1094598099760829
Vehicle Stoppage,213,66,,motorcycle,Outer,0.1109369640832125
Vehicle Stoppage,214,66,,motorcycle,Outer,0.1261432915378435
Vehicle Stoppage,215,66,,motorcycle,Outer,0.15215268646987792
Vehicle Stoppage,216,66,,motorcycle,Outer,0.17513566170257996
Vehicle Stoppage,217,66,,motorcycle,Outer,0.2067666559191769
Vehicle Stoppage,218,66,,motorcycle,Outer,0.22901899484540003
Vehicle Stoppage,219,66,,motorcycle,Outer,0.24245917182073978
Vehicle Stoppage,220,66,,motorcycle,Outer,0.25056735621385384
Vehicle Stoppage,221,66,,motorcycle,Outer,0.2550772628048238
Vehicle Stoppage,222,66,,motorcycle,Outer,0.2576269589930334
Vehicle Stoppage,223,66,,motorcycle,Outer,0.25891226313174004
Vehicle Stoppage,224,66,,motorcycle,Outer,0.2590399583075903
Vehicle Stoppage,225,66,,motorcycle,Outer,0.2587706513498008
Vehicle Stoppage,226,66,,motorcycle,Outer,0.2585374440965938
Vehicle Stoppage,227,66,,motorcycle,Outer,0.2575736205437226
Vehicle Stoppage,228,66,,motorcycle,Outer,0.25530080297563224
Vehicle Stoppage,229,66,,motorcycle,Outer,0.25256706040178734
Vehicle Stoppage,230,66,,motorcycle,Outer,0.24893874748620573
Vehicle Stoppage,231,66,,motorcycle,Outer,0.24599465441346788
Vehicle Stoppage,232,66,,motorcycle,Outer,0.2433459471616536
Vehicle Stoppage,233,66,,motorcycle,Outer,0.24104344006838493
Vehicle Stoppage,234,66,,motorcycle,Outer,0.23910133834840713
Vehicle Stoppage,235,66,,motorcycle,Outer,0.23806776346241823
Vehicle Stoppage,236,66,,motorcycle,Outer,0.23758167016839132
Vehicle Stoppage,237,66,,motorcycle,Outer,0.23785384167593793
Vehicle Stoppage,238,66,,motorcycle,Outer,0.2384515254721614
Vehicle Stoppage,239,66,,motorcycle,Outer,0.2399550791294086
Vehicle Stoppage,240,66,,motorcycle,Outer,0.24133928399661528
Vehicle Stoppage,241,66,,motorcycle,Outer,0.24244811816139702
Vehicle Stoppage,242,66,,motorcycle,Outer,0.2436483121222058
Vehicle Stoppage,243,66,,motorcycle,Outer,0.24220904194517892
Vehicle Stoppage,244,66,,motorcycle,Outer,0.23926896998984085
Vehicle Stoppage,245,66,,motorcycle,Outer,0.23542372437798464
Vehicle Stoppage,246,66,,motorcycle,Outer,0.20456238657192136
Vehicle Stoppage,247,66,,motorcycle,Outer,0.15254484586507983
Vehicle Stoppage,248,66,,motorcycle,Outer,0.10509505221465057
Vehicle Stoppage,249,66,,motorcycle,Outer,0.0700117847222886
Vehicle Stoppage,250,66,,motorcycle,Outer,0.07189547969100667
Vehicle Stoppage,251,66,,motorcycle,Outer,0.11317049085340905
Vehicle Stoppage,252,66,,motorcycle,Outer,0.17027800797519052
Vehicle Stoppage,253,66,,motorcycle,Outer,0.2025235294971921
Vehicle Stoppage,254,66,,motorcycle,Outer,0.20335498518600553
Vehicle Stoppage,255,66,,motorcycle,Outer,0.20035181556452344
Vehicle Stoppage,256,66,,motorcycle,Outer,0.2069644655490403
Vehicle Stoppage,257,66,,motorcycle,Outer,0.2098915910654778
Vehicle Stoppage,258,66,,motorcycle,Outer,0.21644317961072074
Vehicle Stoppage,259,66,,motorcycle,Outer,0.21245961969277627
Vehicle Stoppage,260,66,,motorcycle,Outer,0.21443441887905956
Vehicle Stoppage,261,66,,motorcycle,Outer,0.22979828110758355
Vehicle Stoppage,262,66,,motorcycle,Outer,0.25163401995756146
Vehicle Stoppage,263,66,,motorcycle,Outer,0.2661463695036965
Vehicle Stoppage,264,66,,motorcycle,Outer,0.2768023843827973
Vehicle Stoppage,265,66,,motorcycle,Outer,0.2852855762214384
Vehicle Stoppage,266,66,,motorcycle,Outer,0.27699999999999964
Vehicle Stoppage,267,66,,motorcycle,Outer,0.25532310902070915
Vehicle Stoppage,268,66,,motorcycle,Outer,0.2250209101394808
Vehicle Stoppage,269,66,,motorcycle,Outer,0.19023998002523168
Vehicle Stoppage,270,66,,motorcycle,Outer,0.15260147443586028
Vehicle Stoppage,271,66,,motorcycle,Outer,0.12472385497570528
Vehicle Stoppage,272,66,,motorcycle,Outer,0.10655594774577065
Vehicle Stoppage,273,66,,motorcycle,Outer,0.11801262644309765
Vehicle Stoppage,274,66,,motorcycle,Outer,0.14432189716048133
Vehicle Stoppage,275,66,,motorcycle,Outer,0.17919575887838046
Vehicle Stoppage,276,66,,motorcycle,Outer,0.20465475806831343
Vehicle Stoppage,277,66,,motorcycle,Outer,0.2198317993375866
Vehicle Stoppage,278,66,,motorcycle,Outer,0.21519242551725493
Vehicle Stoppage,279,66,,motorcycle,Outer,0.21897584341657375
Vehicle Stoppage,280,66,,motorcycle,Outer,0.19944044223777105
Vehicle Stoppage,281,66,,motorcycle,Outer,0.16169938156962807
Vehicle Stoppage,282,66,,motorcycle,Outer,0.1148411946994614
Vehicle Stoppage,283,66,,motorcycle,Outer,0.07837837712022333
Vehicle Stoppage,284,66,,motorcycle,Outer,0.06164843874746499
Vehicle Stoppage,285,66,,motorcycle,Outer,0.06321645355443843
Vehicle Stoppage,286,66,,motorcycle,Outer,0.08387729132488565
Vehicle Stoppage,287,66,,motorcycle,Outer,0.10523863359052159
Vehicle Stoppage,288,66,,motorcycle,Outer,0.11771172413995377
Vehicle Stoppage,289,66,,motorcycle,Outer,0.12262548674725221
Vehicle Stoppage,290,66,,motorcycle,Outer,0.12012635014849736
Vehicle Stoppage,291,66,,motorcycle,Outer,0.11397868221733172
Vehicle Stoppage,292,66,,motorcycle,Outer,0.10717299100052642
Vehicle Stoppage,293,66,,motorcycle,Outer,0.09902065441108729
Vehicle Stoppage,294,66,,motorcycle,Outer,0.09172883952171029
Vehicle Stoppage,295,66,,motorcycle,Outer,0.08528129923963323
Vehicle Stoppage,296,66,,motorcycle,Outer,0.07823503051702362
Vehicle Stoppage,297,66,,motorcycle,Outer,0.09021086409074791
Vehicle Stoppage,298,66,,motorcycle,Outer,0.11313430072263854
Vehicle Stoppage,299,66,,motorcycle,Outer,0.1297451347835439
Vehicle Stoppage,300,66,,motorcycle,Outer,0.15655542149666588
Vehicle Stoppage,301,66,,motorcycle,Outer,0.17104809265233717
Vehicle Stoppage,302,66,,motorcycle,Outer,0.17537163396627234
Vehicle Stoppage,303,66,,motorcycle,Outer,0.17480231691827963
Vehicle Stoppage,304,66,,motorcycle,Outer,0.14856678632856968
Vehicle Stoppage,305,66,,motorcycle,Outer,0.11171665050474575
Vehicle Stoppage,306,66,,motorcycle,Outer,0.08268040880402247
Vehicle Stoppage,307,66,,motorcycle,Outer,0.0465004301055455
Vehicle Stoppage,308,66,,motorcycle,Outer,0.02334202219174602
Vehicle Stoppage,309,66,,motorcycle,Outer,0.013601470508735088
Vehicle Stoppage,310,66,,motorcycle,Outer,0.012557467897630716
Vehicle Stoppage,311,66,,motorcycle,Outer,0.011903780911959592
Vehicle Stoppage,312,66,,motorcycle,Outer,0.010604244433241405
Vehicle Stoppage,313,66,,motorcycle,Outer,0.009247702417358396
Vehicle Stoppage,314,66,,motorcycle,Outer,0.0075153176912207435
Vehicle Stoppage,315,66,,motorcycle,Outer,0.0059481089431856924
Vehicle Stoppage,316,66,,motorcycle,Outer,0.004632493928760282
Vehicle Stoppage,317,66,,motorcycle,Outer,0.003280243893373664
Vehicle Stoppage,318,66,,motorcycle,Outer,0.002630589287594073
Vehicle Stoppage,319,66,,motorcycle,Outer,0.0028231188426999696
Vehicle Stoppage,320,66,,motorcycle,Outer,0.004242640687119446
Vehicle Stoppage,321,66,,motorcycle,Outer,0.005608029957122757
Vehicle Stoppage,322,66,,motorcycle,Outer,0.006303173803730496
Vehicle Stoppage,323,66,,motorcycle,Outer,0.006382005954240635
Vehicle Stoppage,324,66,,motorcycle,Outer,0.005353503525728076
Vehicle Stoppage,325,66,,motorcycle,Outer,0.00404969134626967
Vehicle Stoppage,326,66,,motorcycle,Outer,0.002996664812752098
Vehicle Stoppage,327,66,,motorcycle,Outer,0.00220907220343938
Vehicle Stoppage,328,66,,motorcycle,Outer,0.0020248456731318523
Vehicle Stoppage,329,66,,motorcycle,Outer,0.003220248437619707
Vehicle Stoppage,330,66,,motorcycle,Outer,0.005126402247187719
Vehicle Stoppage,331,66,,motorcycle,Outer,0.007291776189651036
Vehicle Stoppage,332,66,,motorcycle,Outer,0.009638464608015443
Vehicle Stoppage,333,66,,motorcycle,Outer,0.012440257232063785
Vehicle Stoppage,334,66,,motorcycle,Outer,0.014640013661200059
Vehicle Stoppage,335,66,,motorcycle,Outer,0.0166643331699788
Vehicle Stoppage,336,66,,motorcycle,Outer,0.04674409053559013
Vehicle Stoppage,337,66,,motorcycle,Outer,0.08676433599123173
Vehicle Stoppage,338,66,,motorcycle,Outer,0.13110682667199391
Vehicle Stoppage,339,66,,motorcycle,Outer,0.177137714787108
Vehicle Stoppage,340,66,,motorcycle,Outer,0.22309309715901127
Vehicle Stoppage,341,66,,motorcycle,Outer,0.26926641082764663
Vehicle Stoppage,342,66,,motorcycle,Outer,0.31586688652025546
Vehicle Stoppage,343,66,,motorcycle,Outer,0.33405044529232436
Vehicle Stoppage,344,66,,motorcycle,Outer,0.3413616410787841
Vehicle Stoppage,345,66,,motorcycle,Outer,0.3425622425195147
Vehicle Stoppage,346,66,,motorcycle,Outer,0.34192959801690165
Vehicle Stoppage,347,66,,motorcycle,Outer,0.341000366568715
Vehicle Stoppage,348,66,,motorcycle,Outer,0.3399265950172184
Vehicle Stoppage,349,66,,motorcycle,Outer,0.33738577326259955
Vehicle Stoppage,350,66,,motorcycle,Outer,0.33485401296684675
Vehicle Stoppage,351,66,,motorcycle,Outer,0.3321238473822666
Vehicle Stoppage,352,66,,motorcycle,Outer,0.33036532808392866
Vehicle Stoppage,353,66,,motorcycle,Outer,0.3293562508895221
Vehicle Stoppage,354,66,,motorcycle,Outer,0.32944122389282415
Vehicle Stoppage,355,66,,motorcycle,Outer,0.3304083534052982
Vehicle Stoppage,356,66,,motorcycle,Outer,0.33267372904994874
Vehicle Stoppage,357,66,,motorcycle,Outer,0.33558148041869185
Vehicle Stoppage,358,66,,motorcycle,Outer,0.3388801705618069
Vehicle Stoppage,359,66,,motorcycle,Outer,0.34224415261623237
Vehicle Stoppage,360,66,,motorcycle,Outer,0.34446378619529716
Vehicle Stoppage,361,66,,motorcycle,Outer,0.34561170408422603
Vehicle Stoppage,362,66,,motorcycle,Outer,0.34589180389248475
Vehicle Stoppage,363,66,,motorcycle,Outer,0.3463404250156121
Vehicle Stoppage,364,66,,motorcycle,Outer,0.34693284652797385
Vehicle Stoppage,365,66,,motorcycle,Outer,0.34793656030948517
Vehicle Stoppage,366,66,,motorcycle,Outer,0.3355189711476843
Vehicle Stoppage,367,66,,motorcycle,Outer,0.31176969063718163
Vehicle Stoppage,368,66,,motorcycle,Outer,0.2791503179292445
Vehicle Stoppage,369,66,,motorcycle,Outer,0.26488286090270036
Vehicle Stoppage,370,66,,motorcycle,Outer,0.23970075093749477
Vehicle Stoppage,371,66,,motorcycle,Outer,0.2054630867090244
Vehicle Stoppage,372,66,,motorcycle,Outer,0.16533946897217638
Vehicle Stoppage,373,66,,motorcycle,Outer,0.134625443360461
Vehicle Stoppage,374,66,,motorcycle,Outer,0.11183492298919942
Vehicle Stoppage,375,66,,motorcycle,Outer,0.09590599564156503
Vehicle Stoppage,376,66,,motorcycle,Outer,0.06178106506042567
Vehicle Stoppage,377,66,,motorcycle,Outer,0.038764029718286554
Vehicle Stoppage,378,66,,motorcycle,Outer,0.026193892417889372
Vehicle Stoppage,379,66,,motorcycle,Outer,0.021651096969897008
Vehicle Stoppage,380,66,,motorcycle,Outer,0.021934675744125384
Vehicle Stoppage,381,66,,motorcycle,Outer,0.02345463706817852
Vehicle Stoppage,382,66,,motorcycle,Outer,0.024805039810492542
Vehicle Stoppage,383,66,,motorcycle,Outer,0.025765092664304157
Vehicle Stoppage,384,66,,motorcycle,Outer,0.025912352266823094
Vehicle Stoppage,385,66,,motorcycle,Outer,0.02674696244436304
Vehicle Stoppage,386,66,,motorcycle,Outer,0.028221445746101304
Vehicle Stoppage,387,66,,motorcycle,Outer,0.029796811909997074
Vehicle Stoppage,388,66,,motorcycle,Outer,0.031081344887246138
Vehicle Stoppage,389,66,,motorcycle,Outer,0.03213113754600346
Vehicle Stoppage,390,66,,motorcycle,Outer,0.032467214232204965
Vehicle Stoppage,391,66,,motorcycle,Outer,0.032603220699799096
Vehicle Stoppage,392,66,,motorcycle,Outer,0.03229814236144471
Vehicle Stoppage,393,66,,motorcycle,Outer,0.031689272632868005
Vehicle Stoppage,394,66,,motorcycle,Outer,0.03103063002905787
Vehicle Stoppage,395,66,,motorcycle,Outer,0.030109965127849254
Vehicle Stoppage,396,66,,motorcycle,Outer,0.02932336951989121
Vehicle Stoppage,397,66,,motorcycle,Outer,0.028456457966510078
Vehicle Stoppage,398,66,,motorcycle,Outer,0.02745487206308327
Vehicle Stoppage,399,66,,motorcycle,Outer,0.026382759522085113
Vehicle Stoppage,400,66,,motorcycle,Outer,0.02527864711570016
Vehicle Stoppage,401,66,,motorcycle,Outer,0.024154916683777693
Vehicle Stoppage,402,66,,motorcycle,Outer,0.023363646975589923
Vehicle Stoppage,403,66,,motorcycle,Outer,0.022163934668734606
Vehicle Stoppage,404,66,,motorcycle,Outer,0.0220292986724536
Vehicle Stoppage,405,66,,motorcycle,Outer,0.022314121089569875
Vehicle Stoppage,406,66,,motorcycle,Outer,0.023064474847697344
Vehicle Stoppage,407,66,,motorcycle,Outer,0.02354400135915414
Vehicle Stoppage,408,66,,motorcycle,Outer,0.023695780215048274
Vehicle Stoppage,409,66,,motorcycle,Outer,0.02476307735319031
Vehicle Stoppage,410,66,,motorcycle,Outer,0.026882150211619365
Vehicle Stoppage,411,66,,motorcycle,Outer,0.028999482754013366
Vehicle Stoppage,412,66,,motorcycle,Outer,0.03142562648540402
Vehicle Stoppage,413,66,,motorcycle,Outer,0.03347013594236556
Vehicle Stoppage,414,66,,motorcycle,Outer,0.03605440333718104
Vehicle Stoppage,415,66,,motorcycle,Outer,0.03913374502907241
Vehicle Stoppage,416,66,,motorcycle,Outer,0.040888262374424084
Vehicle Stoppage,417,66,,motorcycle,Outer,0.04208622102303545
Vehicle Stoppage,418,66,,motorcycle,Outer,0.042296571965113335
Vehicle Stoppage,419,66,,motorcycle,Outer,0.04179437761230395
Vehicle Stoppage,420,66,,motorcycle,Outer,0.04246433797906048
Vehicle Stoppage,421,66,,motorcycle,Outer,0.04383811127318267
Vehicle Stoppage,422,66,,motorcycle,Outer,0.045910891953871866
Vehicle Stoppage,423,66,,motorcycle,Outer,0.04796269383594251
Vehicle Stoppage,424,66,,motorcycle,Outer,0.04893107397145424
Vehicle Stoppage,425,66,,motorcycle,Outer,0.05016871535130139
Vehicle Stoppage,426,66,,motorcycle,Outer,0.051510969705491426
Vehicle Stoppage,427,66,,motorcycle,Outer,0.051336731489257284
Vehicle Stoppage,428,66,,motorcycle,Outer,0.050262112967919007
Vehicle Stoppage,429,66,,motorcycle,Outer,0.048509380536142066
Vehicle Stoppage,430,66,,motorcycle,Outer,0.04723812019969171
Vehicle Stoppage,431,66,,motorcycle,Outer,0.0462467296141012
Vehicle Stoppage,432,66,,motorcycle,Outer,0.045539653050939495
Vehicle Stoppage,433,66,,motorcycle,Outer,0.0451355735534625
Vehicle Stoppage,434,66,,motorcycle,Outer,0.04559385923564644
Vehicle Stoppage,435,66,,motorcycle,Outer,0.0465563099912348
Vehicle Stoppage,436,66,,motorcycle,Outer,0.0480525753732318
Vehicle Stoppage,437,66,,motorcycle,Outer,0.0501665227019016
Vehicle Stoppage,438,66,,motorcycle,Outer,0.05272428283058541
Vehicle Stoppage,439,66,,motorcycle,Outer,0.05511533361960038
Vehicle Stoppage,440,66,,motorcycle,Outer,0.056960424857968345
Vehicle Stoppage,441,66,,motorcycle,Outer,0.05777586001090404
Vehicle Stoppage,442,66,,motorcycle,Outer,0.058172330192282684
Vehicle Stoppage,443,66,,motorcycle,Outer,0.05832572331313563
Vehicle Stoppage,444,66,,motorcycle,Outer,0.05803878013880032
Vehicle Stoppage,445,66,,motorcycle,Outer,0.05794963330341035
Vehicle Stoppage,446,66,,motorcycle,Outer,0.059237994564302406
Vehicle Stoppage,447,66,,motorcycle,Outer,0.059833853293933134
Vehicle Stoppage,448,66,,motorcycle,Outer,0.06032685968952591
Vehicle Stoppage,449,66,,motorcycle,Outer,0.06124867345502358
Vehicle Stoppage,450,66,,motorcycle,Outer,0.062112237119589485
Vehicle Stoppage,451,66,,motorcycle,Outer,0.06361359917502077
Vehicle Stoppage,452,66,,motorcycle,Outer,0.06517461162139501
Vehicle Stoppage,453,66,,motorcycle,Outer,0.06530911115609966
Vehicle Stoppage,454,66,,motorcycle,Outer,0.06544226463074332
Vehicle Stoppage,455,66,,motorcycle,Outer,0.06577423507726865
Vehicle Stoppage,456,66,,motorcycle,Outer,0.0646606526413112
Vehicle Stoppage,457,66,,motorcycle,Outer,0.06430839758538524
Vehicle Stoppage,458,66,,motorcycle,Outer,0.0635472265327171
Vehicle Stoppage,459,66,,motorcycle,Outer,0.06300872955392267
Vehicle Stoppage,460,66,,motorcycle,Outer,0.08226013615354072
Vehicle Stoppage,461,66,,motorcycle,Outer,0.11067520047417853
Vehicle Stoppage,462,66,,motorcycle,Outer,0.14407279410076176
Vehicle Stoppage,463,66,,motorcycle,Outer,0.18107249929241132
Vehicle Stoppage,464,66,,motorcycle,Outer,0.21802174203505165
Vehicle Stoppage,465,66,,motorcycle,Outer,0.25479578096977823
Vehicle Stoppage,466,66,,motorcycle,Outer,0.2907606575862719
Vehicle Stoppage,467,66,,motorcycle,Outer,0.3051098162957104
Vehicle Stoppage,468,66,,motorcycle,Outer,0.31022129198364085
Vehicle Stoppage,469,66,,motorcycle,Outer,0.3107494971838224
Vehicle Stoppage,470,66,,motorcycle,Outer,0.30955258034783356
Vehicle Stoppage,471,66,,motorcycle,Outer,0.3087347081233339
Vehicle Stoppage,472,66,,motorcycle,Outer,0.30836530284713237
Vehicle Stoppage,473,66,,motorcycle,Outer,0.30837342622216835
Vehicle Stoppage,474,66,,motorcycle,Outer,0.30862230962780207
Vehicle Stoppage,475,66,,motorcycle,Outer,0.3093342043809545
Vehicle Stoppage,476,66,,motorcycle,Outer,0.3104068298217705
Vehicle Stoppage,477,66,,motorcycle,Outer,0.3108922803801977
Vehicle Stoppage,478,66,,motorcycle,Outer,0.3103496415335429
Vehicle Stoppage,479,66,,motorcycle,Outer,0.3086970035487838
Vehicle Stoppage,480,66,,motorcycle,Outer,0.30659712979739623
Vehicle Stoppage,481,66,,motorcycle,Outer,0.3044207121731363
Vehicle Stoppage,482,66,,motorcycle,Outer,0.3020530582530159
Vehicle Stoppage,483,66,,motorcycle,Outer,0.2993410429593631
Vehicle Stoppage,484,66,,motorcycle,Outer,0.2964757831594372
Vehicle Stoppage,485,66,,motorcycle,Outer,0.2935340014376524
Vehicle Stoppage,486,66,,motorcycle,Outer,0.2919508520282098
Vehicle Stoppage,487,66,,motorcycle,Outer,0.29110096186718576
Vehicle Stoppage,488,66,,motorcycle,Outer,0.29073769965383045
Vehicle Stoppage,489,66,,motorcycle,Outer,0.29051631623714563
Vehicle Stoppage,490,66,,motorcycle,Outer,0.2900775758310244
Vehicle Stoppage,491,66,,motorcycle,Outer,0.28965553680190453
Vehicle Stoppage,492,66,,motorcycle,Outer,0.28929737295730884
Vehicle Stoppage,493,66,,motorcycle,Outer,0.2882515914960414
Vehicle Stoppage,494,66,,motorcycle,Outer,0.287687973332219
Vehicle Stoppage,495,66,,motorcycle,Outer,0.2874537354079731
Vehicle Stoppage,496,66,,motorcycle,Outer,0.27524071283151735
Vehicle Stoppage,497,66,,motorcycle,Outer,0.26962255098563553
Vehicle Stoppage,498,66,,motorcycle,Outer,0.2671425087850985
Vehicle Stoppage,499,66,,motorcycle,Outer,0.2664750082090218
Vehicle Stoppage,500,66,,motorcycle,Outer,0.25506714802184677
Vehicle Stoppage,501,66,,motorcycle,Outer,0.23374109608710134
Vehicle Stoppage,502,66,,motorcycle,Outer,0.2057120803453203
Vehicle Stoppage,503,66,,motorcycle,Outer,0.18497159241353653
Vehicle Stoppage,504,66,,motorcycle,Outer,0.17691469695873444
Vehicle Stoppage,505,66,,motorcycle,Outer,0.17409112556359294
Vehicle Stoppage,506,66,,motorcycle,Outer,0.15959965538810145
Vehicle Stoppage,507,66,,motorcycle,Outer,0.14737435326405832
Vehicle Stoppage,508,66,,motorcycle,Outer,0.1612591082698908
Vehicle Stoppage,509,66,,motorcycle,Outer,0.17266594916195546
Vehicle Stoppage,510,66,,motorcycle,Outer,0.1813311059912197
Vehicle Stoppage,511,66,,motorcycle,Outer,0.16615607121017267
Vehicle Stoppage,512,66,,motorcycle,Outer,0.13902150912718297
Vehicle Stoppage,513,66,,motorcycle,Outer,0.12170723068084378
Vehicle Stoppage,514,66,,motorcycle,Outer,0.11253537221691856
Vehicle Stoppage,515,66,,motorcycle,Outer,0.0861031939012723
Vehicle Stoppage,516,66,,motorcycle,Outer,0.06772067631085858
Vehicle Stoppage,517,66,,motorcycle,Outer,0.05621538935202922
Vehicle Stoppage,518,66,,motorcycle,Outer,0.04969044173682183
Vehicle Stoppage,519,66,,motorcycle,Outer,0.04793015752113077
Vehicle Stoppage,520,66,,motorcycle,Outer,0.04602445002387458
Vehicle Stoppage,521,66,,motorcycle,Outer,0.04415484118417579
Vehicle Stoppage,522,66,,motorcycle,Outer,0.04238348735062174
Vehicle Stoppage,523,66,,motorcycle,Outer,0.0404728303927475
Vehicle Stoppage,524,66,,motorcycle,Outer,0.040160303783712596
Vehicle Stoppage,525,66,,motorcycle,Outer,0.04052505397899154
Vehicle Stoppage,526,66,,motorcycle,Outer,0.04009114615472801
Vehicle Stoppage,527,66,,motorcycle,Outer,0.04017586340080503
Vehicle Stoppage,528,66,,motorcycle,Outer,0.0407921561087428
Vehicle Stoppage,529,66,,motorcycle,Outer,0.0418714700004653
Vehicle Stoppage,530,66,,motorcycle,Outer,0.04226795476480704
Vehicle Stoppage,531,66,,motorcycle,Outer,0.04096596148023198
Vehicle Stoppage,532,66,,motorcycle,Outer,0.03830992038623593
Vehicle Stoppage,533,66,,motorcycle,Outer,0.035849128301814394
Vehicle Stoppage,534,66,,motorcycle,Outer,0.03345504446268043
Vehicle Stoppage,535,66,,motorcycle,Outer,0.030702768604802123
Vehicle Stoppage,536,66,,motorcycle,Outer,0.027097232330995376
Vehicle Stoppage,537,66,,motorcycle,Outer,0.024077582935167353
Vehicle Stoppage,538,66,,motorcycle,Outer,0.02182131985009399
Vehicle Stoppage,539,66,,motorcycle,Outer,0.019382982226685042
Vehicle Stoppage,540,66,,motorcycle,Outer,0.01690088755065449
Vehicle Stoppage,541,66,,motorcycle,Outer,0.014103191128255045
Vehicle Stoppage,542,66,,motorcycle,Outer,0.011399122773270348
Vehicle Stoppage,543,66,,motorcycle,Outer,0.01073312629199622
Vehicle Stoppage,544,66,,motorcycle,Outer,0.011676043850547683
Vehicle Stoppage,545,66,,motorcycle,Outer,0.013831124321616008
Vehicle Stoppage,546,66,,motorcycle,Outer,0.0166868211472446
Vehicle Stoppage,547,66,,motorcycle,Outer,0.019416487838945236
Vehicle Stoppage,548,66,,motorcycle,Outer,0.02181467396043201
Vehicle Stoppage,549,66,,motorcycle,Outer,0.023621176939350345
Vehicle Stoppage,550,66,,motorcycle,Outer,0.016020611723648936
Vehicle Stoppage,551,66,,motorcycle,Outer,0.03434938136269797
Vehicle Stoppage,552,66,,motorcycle,Outer,0.042561954842323446
Vehicle Stoppage,553,66,,motorcycle,Outer,0.058272549283516946
Vehicle Stoppage,554,66,,motorcycle,Outer,0.06333000868466557
Vehicle Stoppage,555,66,,motorcycle,Outer,0.06296896060758767
Vehicle Stoppage,556,66,,motorcycle,Outer,0.05974512532416136
Vehicle Stoppage,557,66,,motorcycle,Outer,0.037971041597516304
Vehicle Stoppage,558,66,,motorcycle,Outer,0.02698240167219723
Vehicle Stoppage,559,66,,motorcycle,Outer,0.027984638643366904
Vehicle Stoppage,560,66,,motorcycle,Outer,0.034003676271834635
Vehicle Stoppage,561,66,,motorcycle,Outer,0.03447448331737806
Vehicle Stoppage,562,66,,motorcycle,Outer,0.0454686705325793
Vehicle Stoppage,563,66,,motorcycle,Outer,0.07210554763678169
Vehicle Stoppage,564,66,,motorcycle,Outer,0.10750451153324103
Vehicle Stoppage,565,66,,motorcycle,Outer,0.13772352740181737
Vehicle Stoppage,566,66,,motorcycle,Outer,0.1730769193162411
Vehicle Stoppage,567,66,,motorcycle,Outer,0.19713411678347326
Vehicle Stoppage,568,66,,motorcycle,Outer,0.2074968192527296
Vehicle Stoppage,569,66,,motorcycle,Outer,0.21040002376425168
Vehicle Stoppage,570,66,,motorcycle,Outer,0.20867477087563782
Vehicle Stoppage,571,66,,motorcycle,Outer,0.18404026733299642
Vehicle Stoppage,572,66,,motorcycle,Outer,0.1507264077724941
Vehicle Stoppage,573,66,,motorcycle,Outer,0.10272453455723347
Vehicle Stoppage,574,66,,motorcycle,Outer,0.13005506526083283
Vehicle Stoppage,575,66,,motorcycle,Outer,0.23597237126409465
Vehicle Stoppage,576,66,,motorcycle,Outer,0.38954271909509536
Vehicle Stoppage,577,66,,motorcycle,Outer,0.5660143637753373
Vehicle Stoppage,578,66,,motorcycle,Outer,0.7342112025841032
Vehicle Stoppage,579,66,,motorcycle,Outer,0.8992891081293033
Vehicle Stoppage,580,66,,motorcycle,Outer,0.99011032213587
Vehicle Stoppage,101,83,,motorcycle,Inner,0.0506008893202439
Vehicle Stoppage,102,83,,motorcycle,Inner,0.052824710126989506
Vehicle Stoppage,103,83,,motorcycle,Inner,0.05547476903962304
Vehicle Stoppage,104,83,,motorcycle,Inner,0.05689885763352208
Vehicle Stoppage,105,83,,motorcycle,Inner,0.05841104347639068
Vehicle Stoppage,106,83,,motorcycle,Inner,0.05889864175003826
Vehicle Stoppage,107,83,,motorcycle,Inner,0.05860034129593583
Vehicle Stoppage,108,83,,motorcycle,Inner,0.05726229125698373
Vehicle Stoppage,109,83,,motorcycle,Inner,0.05501363467359444
Vehicle Stoppage,110,83,,motorcycle,Inner,0.05216933965462852
Vehicle Stoppage,111,83,,motorcycle,Inner,0.05021434058115644
Vehicle Stoppage,112,83,,motorcycle,Inner,0.04902948092729464
Vehicle Stoppage,113,83,,motorcycle,Inner,0.048201244797198596
Vehicle Stoppage,114,83,,motorcycle,Inner,0.04767903103042162
Vehicle Stoppage,115,83,,motorcycle,Inner,0.04732060861823036
Vehicle Stoppage,116,83,,motorcycle,Inner,0.0475129456043347
Vehicle Stoppage,117,83,,motorcycle,Inner,0.04744228072089029
Vehicle Stoppage,118,83,,motorcycle,Inner,0.04673596045873354
Vehicle Stoppage,119,83,,motorcycle,Inner,0.045599232449683634
Vehicle Stoppage,120,83,,motorcycle,Inner,0.043880861431834874
Vehicle Stoppage,121,83,,motorcycle,Inner,0.042484820818736245
Vehicle Stoppage,122,83,,motorcycle,Inner,0.04130375285613011
Vehicle Stoppage,123,83,,motorcycle,Inner,0.040677880967419325
Vehicle Stoppage,124,83,,motorcycle,Inner,0.04061095911204419
Vehicle Stoppage,125,83,,motorcycle,Inner,0.040754140893895716
Vehicle Stoppage,126,83,,motorcycle,Inner,0.04123105625617991
Vehicle Stoppage,127,83,,motorcycle,Inner,0.042319971644607435
Vehicle Stoppage,128,83,,motorcycle,Inner,0.043450776747953494
Vehicle Stoppage,129,83,,motorcycle,Inner,0.04544282121523442
Vehicle Stoppage,130,83,,motorcycle,Inner,0.04697925073902069
Vehicle Stoppage,131,83,,motorcycle,Inner,0.04875623037110229
Vehicle Stoppage,132,83,,motorcycle,Inner,0.05059505904730199
Vehicle Stoppage,133,83,,motorcycle,Inner,0.05182171359575064
Vehicle Stoppage,134,83,,motorcycle,Inner,0.052300382407782224
Vehicle Stoppage,135,83,,motorcycle,Inner,0.052134633402377555
Vehicle Stoppage,136,83,,motorcycle,Inner,0.05092739930528077
Vehicle Stoppage,137,83,,motorcycle,Inner,0.04912534987152379
Vehicle Stoppage,138,83,,motorcycle,Inner,0.04669047011971369
Vehicle Stoppage,139,83,,motorcycle,Inner,0.04382168413012131
Vehicle Stoppage,140,83,,motorcycle,Inner,0.040469494684270226
Vehicle Stoppage,141,83,,motorcycle,Inner,0.037524658559407974
Vehicle Stoppage,142,83,,motorcycle,Inner,0.03523194573110956
Vehicle Stoppage,143,83,,motorcycle,Inner,0.03453925303187547
Vehicle Stoppage,144,83,,motorcycle,Inner,0.0350720686586922
Vehicle Stoppage,145,83,,motorcycle,Inner,0.03634074847880991
Vehicle Stoppage,146,83,,motorcycle,Inner,0.03792690338005841
Vehicle Stoppage,147,83,,motorcycle,Inner,0.04196307901000568
Vehicle Stoppage,148,83,,motorcycle,Inner,0.04566158122536351
Vehicle Stoppage,149,83,,motorcycle,Inner,0.04760178568078924
Vehicle Stoppage,150,83,,motorcycle,Inner,0.048295755507082073
Vehicle Stoppage,151,83,,motorcycle,Inner,0.04850041236938163
Vehicle Stoppage,152,83,,motorcycle,Inner,0.04840051652617036
Vehicle Stoppage,153,83,,motorcycle,Inner,0.0485890934264042
Vehicle Stoppage,154,83,,motorcycle,Inner,0.048260335680555634
Vehicle Stoppage,155,83,,motorcycle,Inner,0.04794350842397729
Vehicle Stoppage,156,83,,motorcycle,Inner,0.04947504421423185
Vehicle Stoppage,157,83,,motorcycle,Inner,0.0530322543363978
Vehicle Stoppage,158,83,,motorcycle,Inner,0.057400783966771514
Vehicle Stoppage,159,83,,motorcycle,Inner,0.06231340144783947
Vehicle Stoppage,160,83,,motorcycle,Inner,0.06680374241013785
Vehicle Stoppage,161,83,,motorcycle,Inner,0.07073931014647938
Vehicle Stoppage,162,83,,motorcycle,Inner,0.0744413863385171
Vehicle Stoppage,163,83,,motorcycle,Inner,0.07631415333998873
Vehicle Stoppage,164,83,,motorcycle,Inner,0.07559239379725696
Vehicle Stoppage,165,83,,motorcycle,Inner,0.07375289824813307
Vehicle Stoppage,166,83,,motorcycle,Inner,0.07156046394483381
Vehicle Stoppage,167,83,,motorcycle,Inner,0.07000714249275124
Vehicle Stoppage,168,83,,motorcycle,Inner,0.06820263924512186
Vehicle Stoppage,169,83,,motorcycle,Inner,0.06686000299132534
Vehicle Stoppage,170,83,,motorcycle,Inner,0.06727198525389728
Vehicle Stoppage,171,83,,motorcycle,Inner,0.06915374176427007
Vehicle Stoppage,172,83,,motorcycle,Inner,0.07180111419748766
Vehicle Stoppage,173,83,,motorcycle,Inner,0.07422728608806707
Vehicle Stoppage,174,83,,motorcycle,Inner,0.07719028436273838
Vehicle Stoppage,175,83,,motorcycle,Inner,0.08070501843132209
Vehicle Stoppage,176,83,,motorcycle,Inner,0.08460289593152132
Vehicle Stoppage,177,83,,motorcycle,Inner,0.08706101308852844
Vehicle Stoppage,178,83,,motorcycle,Inner,0.08848073236586297
Vehicle Stoppage,179,83,,motorcycle,Inner,0.08926057360335826
Vehicle Stoppage,180,83,,motorcycle,Inner,0.08962064494300338
Vehicle Stoppage,181,83,,motorcycle,Inner,0.08886585395977155
Vehicle Stoppage,182,83,,motorcycle,Inner,0.0874302579202441
Vehicle Stoppage,183,83,,motorcycle,Inner,0.08608489995347578
Vehicle Stoppage,184,83,,motorcycle,Inner,0.08535631201030289
Vehicle Stoppage,185,83,,motorcycle,Inner,0.08505292469986053
Vehicle Stoppage,186,83,,motorcycle,Inner,0.08567590092902377
Vehicle Stoppage,187,83,,motorcycle,Inner,0.08574199671106553
Vehicle Stoppage,188,83,,motorcycle,Inner,0.0855911210348359
Vehicle Stoppage,189,83,,motorcycle,Inner,0.0843768333134126
Vehicle Stoppage,190,83,,motorcycle,Inner,0.08208105749805986
Vehicle Stoppage,191,83,,motorcycle,Inner,0.07918383673452875
Vehicle Stoppage,192,83,,motorcycle,Inner,0.07595900209981486
Vehicle Stoppage,193,83,,motorcycle,Inner,0.0733351893704539
Vehicle Stoppage,194,83,,motorcycle,Inner,0.07229363734105225
Vehicle Stoppage,195,83,,motorcycle,Inner,0.07230802168500533
Vehicle Stoppage,196,83,,motorcycle,Inner,0.07384747795287684
Vehicle Stoppage,197,83,,motorcycle,Inner,0.07605688660470013
Vehicle Stoppage,198,83,,motorcycle,Inner,0.07887718301258138
Vehicle Stoppage,199,83,,motorcycle,Inner,0.08247860328594415
Vehicle Stoppage,200,83,,motorcycle,Inner,0.0852523899958222
Vehicle Stoppage,201,83,,motorcycle,Inner,0.08700143676974684
Vehicle Stoppage,202,83,,motorcycle,Inner,0.08809545958788007
Vehicle Stoppage,203,83,,motorcycle,Inner,0.08880225222369427
Vehicle Stoppage,204,83,,motorcycle,Inner,0.08994275957518999
Vehicle Stoppage,205,83,,motorcycle,Inner,0.09119040519703712
Vehicle Stoppage,206,83,,motorcycle,Inner,0.09242131788715778
Vehicle Stoppage,207,83,,motorcycle,Inner,0.09451692970045127
Vehicle Stoppage,208,83,,motorcycle,Inner,0.09721316783234756
Vehicle Stoppage,209,83,,motorcycle,Inner,0.1002071853711038
Vehicle Stoppage,210,83,,motorcycle,Inner,0.1038695335505071
Vehicle Stoppage,211,83,,motorcycle,Inner,0.10664712841890943
Vehicle Stoppage,212,83,,motorcycle,Inner,0.10861307471938735
Vehicle Stoppage,213,83,,motorcycle,Inner,0.1097846072999348
Vehicle Stoppage,214,83,,motorcycle,Inner,0.10995271711058391
Vehicle Stoppage,215,83,,motorcycle,Inner,0.10974743732771643
Vehicle Stoppage,216,83,,motorcycle,Inner,0.11048678654029205
Vehicle Stoppage,217,83,,motorcycle,Inner,0.11127084074455339
Vehicle Stoppage,218,83,,motorcycle,Inner,0.11254870057002044
Vehicle Stoppage,219,83,,motorcycle,Inner,0.11398043691792505
Vehicle Stoppage,220,83,,motorcycle,Inner,0.11579464581750351
Vehicle Stoppage,221,83,,motorcycle,Inner,0.1174981276446524
Vehicle Stoppage,222,83,,motorcycle,Inner,0.11902613158461886
Vehicle Stoppage,223,83,,motorcycle,Inner,0.1196918125854891
Vehicle Stoppage,224,83,,motorcycle,Inner,0.11962023240238287
Vehicle Stoppage,225,83,,motorcycle,Inner,0.11919819629508137
Vehicle Stoppage,226,83,,motorcycle,Inner,0.11904830952180837
Vehicle Stoppage,227,83,,motorcycle,Inner,0.11916274585624999
Vehicle Stoppage,228,83,,motorcycle,Inner,0.11970338341082896
Vehicle Stoppage,229,83,,motorcycle,Inner,0.12106857560903063
Vehicle Stoppage,230,83,,motorcycle,Inner,0.12316497066942354
Vehicle Stoppage,231,83,,motorcycle,Inner,0.1256596196078882
Vehicle Stoppage,232,83,,motorcycle,Inner,0.1280237868522895
Vehicle Stoppage,233,83,,motorcycle,Inner,0.12906296912747603
Vehicle Stoppage,234,83,,motorcycle,Inner,0.12932768458454544
Vehicle Stoppage,235,83,,motorcycle,Inner,0.12921277026672123
Vehicle Stoppage,236,83,,motorcycle,Inner,0.12906502237244824
Vehicle Stoppage,237,83,,motorcycle,Inner,0.1278761901215402
Vehicle Stoppage,238,83,,motorcycle,Inner,0.12661642863388278
Vehicle Stoppage,239,83,,motorcycle,Inner,0.1251249775224793
Vehicle Stoppage,240,83,,motorcycle,Inner,0.1241710513767261
Vehicle Stoppage,241,83,,motorcycle,Inner,0.12307497714807296
Vehicle Stoppage,242,83,,motorcycle,Inner,0.12184391654899912
Vehicle Stoppage,243,83,,motorcycle,Inner,0.12036133099962124
Vehicle Stoppage,244,83,,motorcycle,Inner,0.1192015100575499
Vehicle Stoppage,245,83,,motorcycle,Inner,0.11778488867422462
Vehicle Stoppage,246,83,,motorcycle,Inner,0.11514799173237983
Vehicle Stoppage,247,83,,motorcycle,Inner,0.11189280584559239
Vehicle Stoppage,248,83,,motorcycle,Inner,0.10873936729629996
Vehicle Stoppage,249,83,,motorcycle,Inner,0.1067288152281239
Vehicle Stoppage,250,83,,motorcycle,Inner,0.10547312453891305
Vehicle Stoppage,251,83,,motorcycle,Inner,0.1044123077036407
Vehicle Stoppage,252,83,,motorcycle,Inner,0.1034961835045085
Vehicle Stoppage,253,83,,motorcycle,Inner,0.10372757588992869
Vehicle Stoppage,254,83,,motorcycle,Inner,0.10533850198289314
Vehicle Stoppage,255,83,,motorcycle,Inner,0.1081111002626441
Vehicle Stoppage,256,83,,motorcycle,Inner,0.10905452764557753
Vehicle Stoppage,257,83,,motorcycle,Inner,0.1086050183002607
Vehicle Stoppage,258,83,,motorcycle,Inner,0.10729109935125435
Vehicle Stoppage,259,83,,motorcycle,Inner,0.10540445910870938
Vehicle Stoppage,260,83,,motorcycle,Inner,0.10297931831198089
Vehicle Stoppage,261,83,,motorcycle,Inner,0.0980114789195658
Vehicle Stoppage,262,83,,motorcycle,Inner,0.0920493889170392
Vehicle Stoppage,263,83,,motorcycle,Inner,0.08684981289559356
Vehicle Stoppage,264,83,,motorcycle,Inner,0.0826803483301785
Vehicle Stoppage,265,83,,motorcycle,Inner,0.078720835869544
Vehicle Stoppage,266,83,,motorcycle,Inner,0.07548807852899123
Vehicle Stoppage,267,83,,motorcycle,Inner,0.0736247920200766
Vehicle Stoppage,268,83,,motorcycle,Inner,0.07388565489998984
Vehicle Stoppage,269,83,,motorcycle,Inner,0.07472516309784889
Vehicle Stoppage,270,83,,motorcycle,Inner,0.07566518353906275
Vehicle Stoppage,271,83,,motorcycle,Inner,0.07628289454392542
Vehicle Stoppage,272,83,,motorcycle,Inner,0.07652150024666862
Vehicle Stoppage,273,83,,motorcycle,Inner,0.0758067279336093
Vehicle Stoppage,274,83,,motorcycle,Inner,0.07406078584514296
Vehicle Stoppage,275,83,,motorcycle,Inner,0.07175409395985638
Vehicle Stoppage,276,83,,motorcycle,Inner,0.06911070828750016
Vehicle Stoppage,277,83,,motorcycle,Inner,0.06575165397159093
Vehicle Stoppage,278,83,,motorcycle,Inner,0.06260678876927492
Vehicle Stoppage,279,83,,motorcycle,Inner,0.058937000262986386
Vehicle Stoppage,280,83,,motorcycle,Inner,0.056183449520303456
Vehicle Stoppage,281,83,,motorcycle,Inner,0.05415847117487648
Vehicle Stoppage,282,83,,motorcycle,Inner,0.05313097025276529
Vehicle Stoppage,283,83,,motorcycle,Inner,0.051444922004026526
Vehicle Stoppage,284,83,,motorcycle,Inner,0.049581649831366835
Vehicle Stoppage,285,83,,motorcycle,Inner,0.047419510752432364
Vehicle Stoppage,286,83,,motorcycle,Inner,0.0454868112753595
Vehicle Stoppage,287,83,,motorcycle,Inner,0.042571469319248725
Vehicle Stoppage,288,83,,motorcycle,Inner,0.03923289436174502
Vehicle Stoppage,289,83,,motorcycle,Inner,0.03516887828748405
Vehicle Stoppage,290,83,,motorcycle,Inner,0.03262667620215152
Vehicle Stoppage,291,83,,motorcycle,Inner,0.03140716478766764
Vehicle Stoppage,292,83,,motorcycle,Inner,0.030739063095678414
Vehicle Stoppage,293,83,,motorcycle,Inner,0.030200165562461165
Vehicle Stoppage,294,83,,motorcycle,Inner,0.028943565778947015
Vehicle Stoppage,295,83,,motorcycle,Inner,0.027394159961568104
Vehicle Stoppage,296,83,,motorcycle,Inner,0.02579631756666446
Vehicle Stoppage,297,83,,motorcycle,Inner,0.0240416305603451
Vehicle Stoppage,298,83,,motorcycle,Inner,0.02236604569431036
Vehicle Stoppage,299,83,,motorcycle,Inner,0.020977368757787603
Vehicle Stoppage,300,83,,motorcycle,Inner,0.020032473636572793
Vehicle Stoppage,301,83,,motorcycle,Inner,0.01993313823762164
Vehicle Stoppage,302,83,,motorcycle,Inner,0.0205204775772874
Vehicle Stoppage,303,83,,motorcycle,Inner,0.021359073013594146
Vehicle Stoppage,304,83,,motorcycle,Inner,0.022475764725586073
Vehicle Stoppage,305,83,,motorcycle,Inner,0.02365628880445879
Vehicle Stoppage,306,83,,motorcycle,Inner,0.023015864094141768
Vehicle Stoppage,307,83,,motorcycle,Inner,0.021219095173923334
Vehicle Stoppage,308,83,,motorcycle,Inner,0.01895521036548666
Vehicle Stoppage,309,83,,motorcycle,Inner,0.01643441510975946
Vehicle Stoppage,310,83,,motorcycle,Inner,0.014601369798756678
Vehicle Stoppage,311,83,,motorcycle,Inner,0.014520674915448388
Vehicle Stoppage,312,83,,motorcycle,Inner,0.01591540134586546
Vehicle Stoppage,313,83,,motorcycle,Inner,0.01638657987500753
Vehicle Stoppage,314,83,,motorcycle,Inner,0.015088074761219079
Vehicle Stoppage,315,83,,motorcycle,Inner,0.013148764200489507
Vehicle Stoppage,316,83,,motorcycle,Inner,0.011856221995223157
Vehicle Stoppage,317,83,,motorcycle,Inner,0.012300406497349566
Vehicle Stoppage,318,83,,motorcycle,Inner,0.012998846102635433
Vehicle Stoppage,319,83,,motorcycle,Inner,0.012889142717808574
Vehicle Stoppage,320,83,,motorcycle,Inner,0.012169634341264847
Vehicle Stoppage,321,83,,motorcycle,Inner,0.011175866856757874
Vehicle Stoppage,322,83,,motorcycle,Inner,0.010100000000000837
Vehicle Stoppage,323,83,,motorcycle,Inner,0.010046392387322233
Vehicle Stoppage,324,83,,motorcycle,Inner,0.009931767214350289
Vehicle Stoppage,325,83,,motorcycle,Inner,0.009656603957915207
Vehicle Stoppage,326,83,,motorcycle,Inner,0.010373041983910244
Vehicle Stoppage,327,83,,motorcycle,Inner,0.011417968295630843
Vehicle Stoppage,328,83,,motorcycle,Inner,0.012206555615734476
Vehicle Stoppage,329,83,,motorcycle,Inner,0.013038404810406518
Vehicle Stoppage,330,83,,motorcycle,Inner,0.01405275773647194
Vehicle Stoppage,331,83,,motorcycle,Inner,0.01514496616041068
Vehicle Stoppage,332,83,,motorcycle,Inner,0.016640012019226016
Vehicle Stoppage,333,83,,motorcycle,Inner,0.016760071598888367
Vehicle Stoppage,334,83,,motorcycle,Inner,0.016260688792293906
Vehicle Stoppage,335,83,,motorcycle,Inner,0.01572005089050176
Vehicle Stoppage,336,83,,motorcycle,Inner,0.014676852523620972
Vehicle Stoppage,337,83,,motorcycle,Inner,0.012975746606648632
Vehicle Stoppage,338,83,,motorcycle,Inner,0.012218837915288425
Vehicle Stoppage,339,83,,motorcycle,Inner,0.013014222988718134
Vehicle Stoppage,340,83,,motorcycle,Inner,0.01424359505180862
Vehicle Stoppage,341,83,,motorcycle,Inner,0.015204275714413906
Vehicle Stoppage,342,83,,motorcycle,Inner,0.01578131806915588
Vehicle Stoppage,343,83,,motorcycle,Inner,0.015279397893895758
Vehicle Stoppage,344,83,,motorcycle,Inner,0.013322537295877408
Vehicle Stoppage,345,83,,motorcycle,Inner,0.01132960723062004
Vehicle Stoppage,346,83,,motorcycle,Inner,0.010623088063267238
Vehicle Stoppage,347,83,,motorcycle,Inner,0.011001818031579859
Vehicle Stoppage,348,83,,motorcycle,Inner,0.012727922061358338
Vehicle Stoppage,349,83,,motorcycle,Inner,0.015041608956489783
Vehicle Stoppage,350,83,,motorcycle,Inner,0.016702694393424478
Vehicle Stoppage,351,83,,motorcycle,Inner,0.016387800340497242
Vehicle Stoppage,352,83,,motorcycle,Inner,0.015253196386329331
Vehicle Stoppage,353,83,,motorcycle,Inner,0.013787675656177752
Vehicle Stoppage,354,83,,motorcycle,Inner,0.013294359706285641
Vehicle Stoppage,355,83,,motorcycle,Inner,0.01398177385026757
Vehicle Stoppage,356,83,,motorcycle,Inner,0.01536294242649928
Vehicle Stoppage,357,83,,motorcycle,Inner,0.017548219282880802
Vehicle Stoppage,358,83,,motorcycle,Inner,0.01959413177458891
Vehicle Stoppage,359,83,,motorcycle,Inner,0.02196110197599097
Vehicle Stoppage,360,83,,motorcycle,Inner,0.02461747346906045
Vehicle Stoppage,361,83,,motorcycle,Inner,0.027215069355043732
Vehicle Stoppage,362,83,,motorcycle,Inner,0.029720026917890004
Vehicle Stoppage,363,83,,motorcycle,Inner,0.03127075310893861
Vehicle Stoppage,364,83,,motorcycle,Inner,0.031805659873679254
Vehicle Stoppage,365,83,,motorcycle,Inner,0.03174161306550049
Vehicle Stoppage,366,83,,motorcycle,Inner,0.03181524791668702
Vehicle Stoppage,367,83,,motorcycle,Inner,0.03189435686763762
Vehicle Stoppage,368,83,,motorcycle,Inner,0.03229133010577052
Vehicle Stoppage,369,83,,motorcycle,Inner,0.03322002408187111
Vehicle Stoppage,370,83,,motorcycle,Inner,0.0332362753629197
Vehicle Stoppage,371,83,,motorcycle,Inner,0.0331730312151317
Vehicle Stoppage,372,83,,motorcycle,Inner,0.03289513641862397
Vehicle Stoppage,373,83,,motorcycle,Inner,0.031952464693662946
Vehicle Stoppage,374,83,,motorcycle,Inner,0.03078587338374257
Vehicle Stoppage,375,83,,motorcycle,Inner,0.029627858511880222
Vehicle Stoppage,376,83,,motorcycle,Inner,0.028684490582891832
Vehicle Stoppage,377,83,,motorcycle,Inner,0.029150814739902477
Vehicle Stoppage,378,83,,motorcycle,Inner,0.030181119926206985
Vehicle Stoppage,379,83,,motorcycle,Inner,0.03249676907017586
Vehicle Stoppage,380,83,,motorcycle,Inner,0.03592798352259864
Vehicle Stoppage,381,83,,motorcycle,Inner,0.04010797925600871
Vehicle Stoppage,382,83,,motorcycle,Inner,0.04468489677731628
Vehicle Stoppage,383,83,,motorcycle,Inner,0.049059657560976994
Vehicle Stoppage,384,83,,motorcycle,Inner,0.0530865331322411
Vehicle Stoppage,385,83,,motorcycle,Inner,0.05676803678127123
Vehicle Stoppage,386,83,,motorcycle,Inner,0.05857721399998671
Vehicle Stoppage,387,83,,motorcycle,Inner,0.05833095233235614
Vehicle Stoppage,388,83,,motorcycle,Inner,0.05743883703558213
Vehicle Stoppage,389,83,,motorcycle,Inner,0.056526100166205295
Vehicle Stoppage,390,83,,motorcycle,Inner,0.055490990259680885
Vehicle Stoppage,391,83,,motorcycle,Inner,0.05490009107460132
Vehicle Stoppage,392,83,,motorcycle,Inner,0.05470146250330683
Vehicle Stoppage,393,83,,motorcycle,Inner,0.05588210804899627
Vehicle Stoppage,394,83,,motorcycle,Inner,0.05805144270386047
Vehicle Stoppage,395,83,,motorcycle,Inner,0.060855977520702834
Vehicle Stoppage,396,83,,motorcycle,Inner,0.063443596997646
Vehicle Stoppage,397,83,,motorcycle,Inner,0.06527541650575631
Vehicle Stoppage,398,83,,motorcycle,Inner,0.06616373629111261
Vehicle Stoppage,399,83,,motorcycle,Inner,0.0675814323612619
Vehicle Stoppage,400,83,,motorcycle,Inner,0.0682748123395437
Vehicle Stoppage,401,83,,motorcycle,Inner,0.06808421256061874
Vehicle Stoppage,402,83,,motorcycle,Inner,0.06763024471344499
Vehicle Stoppage,403,83,,motorcycle,Inner,0.0670615389027058
Vehicle Stoppage,404,83,,motorcycle,Inner,0.06713754538259291
Vehicle Stoppage,405,83,,motorcycle,Inner,0.0675613054936003
Vehicle Stoppage,406,83,,motorcycle,Inner,0.06745027798311921
Vehicle Stoppage,407,83,,motorcycle,Inner,0.06736839021380286
Vehicle Stoppage,408,83,,motorcycle,Inner,0.06787613719121117
Vehicle Stoppage,409,83,,motorcycle,Inner,0.06871862920635205
Vehicle Stoppage,410,83,,motorcycle,Inner,0.06904730262652621
Vehicle Stoppage,411,83,,motorcycle,Inner,0.06817037479726804
Vehicle Stoppage,412,83,,motorcycle,Inner,0.06667968206282802
Vehicle Stoppage,413,83,,motorcycle,Inner,0.06521410890290592
Vehicle Stoppage,414,83,,motorcycle,Inner,0.06345589019153537
Vehicle Stoppage,415,83,,motorcycle,Inner,0.06165857604583262
Vehicle Stoppage,416,83,,motorcycle,Inner,0.05945031539025124
Vehicle Stoppage,417,83,,motorcycle,Inner,0.05805385430787212
Vehicle Stoppage,418,83,,motorcycle,Inner,0.057212760814345634
Vehicle Stoppage,419,83,,motorcycle,Inner,0.05727172077037543
Vehicle Stoppage,420,83,,motorcycle,Inner,0.05778321555607696
Vehicle Stoppage,421,83,,motorcycle,Inner,0.05871567082134442
Vehicle Stoppage,422,83,,motorcycle,Inner,0.06011197883949579
Vehicle Stoppage,423,83,,motorcycle,Inner,0.06226026019862306
Vehicle Stoppage,424,83,,motorcycle,Inner,0.06450775147221072
Vehicle Stoppage,425,83,,motorcycle,Inner,0.0668493829440544
Vehicle Stoppage,426,83,,motorcycle,Inner,0.06902535765933758
Vehicle Stoppage,427,83,,motorcycle,Inner,0.07094124329330742
Vehicle Stoppage,428,83,,motorcycle,Inner,0.07246357705772005
Vehicle Stoppage,429,83,,motorcycle,Inner,0.07376374448195942
Vehicle Stoppage,430,83,,motorcycle,Inner,0.07527283706623916
Vehicle Stoppage,431,83,,motorcycle,Inner,0.07731041327013526
Vehicle Stoppage,432,83,,motorcycle,Inner,0.0795121374382541
Vehicle Stoppage,433,83,,motorcycle,Inner,0.08151349581510979
Vehicle Stoppage,434,83,,motorcycle,Inner,0.08315966570399434
Vehicle Stoppage,435,83,,motorcycle,Inner,0.08480619081175414
Vehicle Stoppage,436,83,,motorcycle,Inner,0.08602522885758145
Vehicle Stoppage,437,83,,motorcycle,Inner,0.0869943676337722
Vehicle Stoppage,438,83,,motorcycle,Inner,0.08691248471882851
Vehicle Stoppage,439,83,,motorcycle,Inner,0.08642684768056705
Vehicle Stoppage,440,83,,motorcycle,Inner,0.08564788380339136
Vehicle Stoppage,441,83,,motorcycle,Inner,0.0834587922270602
Vehicle Stoppage,442,83,,motorcycle,Inner,0.08038662824126895
Vehicle Stoppage,443,83,,motorcycle,Inner,0.07688185741773014
Vehicle Stoppage,444,83,,motorcycle,Inner,0.0728527281575605
Vehicle Stoppage,445,83,,motorcycle,Inner,0.06865347769778392
Vehicle Stoppage,446,83,,motorcycle,Inner,0.06468825241108805
Vehicle Stoppage,447,83,,motorcycle,Inner,0.06113468737141178
Vehicle Stoppage,448,83,,motorcycle,Inner,0.05927647088010561
Vehicle Stoppage,449,83,,motorcycle,Inner,0.05764277925291488
Vehicle Stoppage,450,83,,motorcycle,Inner,0.05632131035407363
Vehicle Stoppage,451,83,,motorcycle,Inner,0.05555978761658725
Vehicle Stoppage,452,83,,motorcycle,Inner,0.055184961719654174
Vehicle Stoppage,453,83,,motorcycle,Inner,0.055309040852285836
Vehicle Stoppage,454,83,,motorcycle,Inner,0.055827323059591705
Vehicle Stoppage,455,83,,motorcycle,Inner,0.05653034583301429
Vehicle Stoppage,456,83,,motorcycle,Inner,0.05818358875146785
Vehicle Stoppage,457,83,,motorcycle,Inner,0.060419367755712855
Vehicle Stoppage,458,83,,motorcycle,Inner,0.06261988502065806
Vehicle Stoppage,459,83,,motorcycle,Inner,0.06443019478474285
Vehicle Stoppage,460,83,,motorcycle,Inner,0.06579513659838312
Vehicle Stoppage,461,83,,motorcycle,Inner,0.0653792780627017
Vehicle Stoppage,462,83,,motorcycle,Inner,0.06380470202109305
Vehicle Stoppage,463,83,,motorcycle,Inner,0.061791342435654754
Vehicle Stoppage,464,83,,motorcycle,Inner,0.05911827128730829
Vehicle Stoppage,465,83,,motorcycle,Inner,0.05615870368873983
Vehicle Stoppage,466,83,,motorcycle,Inner,0.0533427595836615
Vehicle Stoppage,467,83,,motorcycle,Inner,0.050843386983949766
Vehicle Stoppage,468,83,,motorcycle,Inner,0.04958003630494439
Vehicle Stoppage,469,83,,motorcycle,Inner,0.04891461949151506
Vehicle Stoppage,470,83,,motorcycle,Inner,0.04858991664944227
Vehicle Stoppage,471,83,,motorcycle,Inner,0.048088460154176886
Vehicle Stoppage,472,83,,motorcycle,Inner,0.047955187414922704
Vehicle Stoppage,473,83,,motorcycle,Inner,0.047996354028193196
Vehicle Stoppage,474,83,,motorcycle,Inner,0.04800802016329874
Vehicle Stoppage,475,83,,motorcycle,Inner,0.047844017389849405
Vehicle Stoppage,476,83,,motorcycle,Inner,0.04790093944798564
Vehicle Stoppage,477,83,,motorcycle,Inner,0.04822302354685437
Vehicle Stoppage,478,83,,motorcycle,Inner,0.048642368363390254
Vehicle Stoppage,479,83,,motorcycle,Inner,0.049347846964178085
Vehicle Stoppage,480,83,,motorcycle,Inner,0.04962710952694984
Vehicle Stoppage,481,83,,motorcycle,Inner,0.04983542916439895
Vehicle Stoppage,482,83,,motorcycle,Inner,0.049793272637977136
Vehicle Stoppage,483,83,,motorcycle,Inner,0.049229767417692055
Vehicle Stoppage,484,83,,motorcycle,Inner,0.04847370421166549
Vehicle Stoppage,485,83,,motorcycle,Inner,0.047472307717235644
Vehicle Stoppage,486,83,,motorcycle,Inner,0.046166329721994484
Vehicle Stoppage,487,83,,motorcycle,Inner,0.04506817058635088
Vehicle Stoppage,488,83,,motorcycle,Inner,0.04403861941523826
Vehicle Stoppage,489,83,,motorcycle,Inner,0.04292143986401238
Vehicle Stoppage,490,83,,motorcycle,Inner,0.04201059390201513
Vehicle Stoppage,491,83,,motorcycle,Inner,0.041076148797086556
Vehicle Stoppage,492,83,,motorcycle,Inner,0.04052221612892874
Vehicle Stoppage,493,83,,motorcycle,Inner,0.039978619285819625
Vehicle Stoppage,494,83,,motorcycle,Inner,0.038000000000002386
Vehicle Stoppage,495,83,,motorcycle,Inner,0.0353735777099249
Vehicle Stoppage,496,83,,motorcycle,Inner,0.032279560096133135
Vehicle Stoppage,497,83,,motorcycle,Inner,0.029315524897230008
Vehicle Stoppage,498,83,,motorcycle,Inner,0.02631805463935768
Vehicle Stoppage,499,83,,motorcycle,Inner,0.023407904647792646
Vehicle Stoppage,500,83,,motorcycle,Inner,0.02037694775966504
Vehicle Stoppage,501,83,,motorcycle,Inner,0.018645374761585638
Vehicle Stoppage,502,83,,motorcycle,Inner,0.017462244987403293
Vehicle Stoppage,503,83,,motorcycle,Inner,0.016515750058656038
Vehicle Stoppage,504,83,,motorcycle,Inner,0.015586211855353383
Vehicle Stoppage,505,83,,motorcycle,Inner,0.01479594539054707
Vehicle Stoppage,506,83,,motorcycle,Inner,0.014608559134974233
Vehicle Stoppage,507,83,,motorcycle,Inner,0.014849242404915046
Vehicle Stoppage,508,83,,motorcycle,Inner,0.015593909067321277
Vehicle Stoppage,509,83,,motorcycle,Inner,0.01677050983124906
Vehicle Stoppage,510,83,,motorcycle,Inner,0.01827840255602593
Vehicle Stoppage,511,83,,motorcycle,Inner,0.01950205117417373
Vehicle Stoppage,512,83,,motorcycle,Inner,0.021220744567522428
Vehicle Stoppage,513,83,,motorcycle,Inner,0.02350531854708761
Vehicle Stoppage,514,83,,motorcycle,Inner,0.026181863951978298
Vehicle Stoppage,515,83,,motorcycle,Inner,0.028950993074510035
Vehicle Stoppage,516,83,,motorcycle,Inner,0.031629416687635206
Vehicle Stoppage,517,83,,motorcycle,Inner,0.03310060422409148
Vehicle Stoppage,518,83,,motorcycle,Inner,0.03405436829541364
Vehicle Stoppage,519,83,,motorcycle,Inner,0.03486789354119198
Vehicle Stoppage,520,83,,motorcycle,Inner,0.03517456467392704
Vehicle Stoppage,521,83,,motorcycle,Inner,0.035037265875062035
Vehicle Stoppage,522,83,,motorcycle,Inner,0.03476736975958443
Vehicle Stoppage,523,83,,motorcycle,Inner,0.03382366035780337
Vehicle Stoppage,524,83,,motorcycle,Inner,0.03337184442011124
Vehicle Stoppage,525,83,,motorcycle,Inner,0.0335214856472698
Vehicle Stoppage,526,83,,motorcycle,Inner,0.033371394936384156
Vehicle Stoppage,527,83,,motorcycle,Inner,0.03354355377714371
Vehicle Stoppage,528,83,,motorcycle,Inner,0.033792454779136734
Vehicle Stoppage,529,83,,motorcycle,Inner,0.034738163451745345
Vehicle Stoppage,530,83,,motorcycle,Inner,0.03648698398058967
Vehicle Stoppage,531,83,,motorcycle,Inner,0.03855411780860723
Vehicle Stoppage,532,83,,motorcycle,Inner,0.04077106817339805
Vehicle Stoppage,533,83,,motorcycle,Inner,0.042700000000001535
Vehicle Stoppage,534,83,,motorcycle,Inner,0.04440112611184089
Vehicle Stoppage,535,83,,motorcycle,Inner,0.045924394389041445
Vehicle Stoppage,536,83,,motorcycle,Inner,0.046569625293752186
Vehicle Stoppage,537,83,,motorcycle,Inner,0.04651849094715277
Vehicle Stoppage,538,83,,motorcycle,Inner,0.04608383664583606
Vehicle Stoppage,539,83,,motorcycle,Inner,0.04555480216178917
Vehicle Stoppage,540,83,,motorcycle,Inner,0.04561765009291963
Vehicle Stoppage,541,83,,motorcycle,Inner,0.04681249833111028
Vehicle Stoppage,542,83,,motorcycle,Inner,0.048653160226236
Vehicle Stoppage,543,83,,motorcycle,Inner,0.05123602248418455
Vehicle Stoppage,544,83,,motorcycle,Inner,0.05420415113254561
Vehicle Stoppage,545,83,,motorcycle,Inner,0.05743213386250124
Vehicle Stoppage,546,83,,motorcycle,Inner,0.06096064304122533
Vehicle Stoppage,547,83,,motorcycle,Inner,0.06410686390707114
Vehicle Stoppage,548,83,,motorcycle,Inner,0.06611845430740469
Vehicle Stoppage,549,83,,motorcycle,Inner,0.06751029551113222
Vehicle Stoppage,550,83,,motorcycle,Inner,0.06835268831582289
Vehicle Stoppage,551,83,,motorcycle,Inner,0.06896680360869385
Vehicle Stoppage,552,83,,motorcycle,Inner,0.06934010383609857
Vehicle Stoppage,553,83,,motorcycle,Inner,0.0703793293517315
Vehicle Stoppage,554,83,,motorcycle,Inner,0.07152656849031777
Vehicle Stoppage,555,83,,motorcycle,Inner,0.07271952970144835
Vehicle Stoppage,556,83,,motorcycle,Inner,0.07440994557181731
Vehicle Stoppage,557,83,,motorcycle,Inner,0.07574298647399097
Vehicle Stoppage,558,83,,motorcycle,Inner,0.07672717901760313
Vehicle Stoppage,559,83,,motorcycle,Inner,0.07781889230771678
Vehicle Stoppage,560,83,,motorcycle,Inner,0.07933051115428057
Vehicle Stoppage,561,83,,motorcycle,Inner,0.08100154319517926
Vehicle Stoppage,562,83,,motorcycle,Inner,0.08317794178747319
Vehicle Stoppage,563,83,,motorcycle,Inner,0.08498876396324183
Vehicle Stoppage,564,83,,motorcycle,Inner,0.086789688327587
Vehicle Stoppage,565,83,,motorcycle,Inner,0.08861478431954642
Vehicle Stoppage,566,83,,motorcycle,Inner,0.09096510319897176
Vehicle Stoppage,567,83,,motorcycle,Inner,0.09274357120576922
Vehicle Stoppage,568,83,,motorcycle,Inner,0.09412693557106602
Vehicle Stoppage,569,83,,motorcycle,Inner,0.09512307816718187
Vehicle Stoppage,570,83,,motorcycle,Inner,0.09621330469327317
Vehicle Stoppage,571,83,,motorcycle,Inner,0.09767712116969601
Vehicle Stoppage,572,83,,motorcycle,Inner,0.09945235039957435
Vehicle Stoppage,573,83,,motorcycle,Inner,0.1013095257120451
Vehicle Stoppage,574,83,,motorcycle,Inner,0.10307172260130358
Vehicle Stoppage,575,83,,motorcycle,Inner,0.10500652360686857
Vehicle Stoppage,576,83,,motorcycle,Inner,0.10711605855332439
Vehicle Stoppage,577,83,,motorcycle,Inner,0.10929780418654396
Vehicle Stoppage,578,83,,motorcycle,Inner,0.11134563305311795
Vehicle Stoppage,579,83,,motorcycle,Inner,0.11307966218555937
Vehicle Stoppage,580,83,,motorcycle,Inner,0.11433328474245275
Vehicle Stoppage,581,83,,motorcycle,Inner,0.11516878917484594
Vehicle Stoppage,582,83,,motorcycle,Inner,0.11557564622359019
Vehicle Stoppage,583,83,,motorcycle,Inner,0.11554462341450898
Vehicle Stoppage,584,83,,motorcycle,Inner,0.1145517350370575
Vehicle Stoppage,585,83,,motorcycle,Inner,0.11323184181138782
Vehicle Stoppage,586,83,,motorcycle,Inner,0.11194699638668058
Vehicle Stoppage,587,83,,motorcycle,Inner,0.11089030615883365
Vehicle Stoppage,588,83,,motorcycle,Inner,0.10990404906098941
Vehicle Stoppage,589,83,,motorcycle,Inner,0.10882577819616153
Vehicle Stoppage,590,83,,motorcycle,Inner,0.10715792084582425
Vehicle Stoppage,591,83,,motorcycle,Inner,0.10582778463144733
Vehicle Stoppage,592,83,,motorcycle,Inner,0.10449540659760771
Vehicle Stoppage,593,83,,motorcycle,Inner,0.10201509692197874
Vehicle Stoppage,594,83,,motorcycle,Inner,0.09842382841568552
Vehicle Stoppage,595,83,,motorcycle,Inner,0.0939430146418544
Vehicle Stoppage,596,83,,motorcycle,Inner,0.08942421372312698
Vehicle Stoppage,597,83,,motorcycle,Inner,0.08560286210168602
Vehicle Stoppage,598,83,,motorcycle,Inner,0.08234300213133104
Vehicle Stoppage,599,83,,motorcycle,Inner,0.07916924908068881
Vehicle Stoppage,600,83,,motorcycle,Inner,0.07684087453953438
Vehicle Stoppage,601,83,,motorcycle,Inner,0.07476315937679724
Vehicle Stoppage,602,83,,motorcycle,Inner,0.0728626790613737
Vehicle Stoppage,603,83,,motorcycle,Inner,0.07072213232078758
Vehicle Stoppage,604,83,,motorcycle,Inner,0.06874045388270358
Vehicle Stoppage,605,83,,motorcycle,Inner,0.06686239600851702
Vehicle Stoppage,606,83,,motorcycle,Inner,0.06558124731963991
Vehicle Stoppage,607,83,,motorcycle,Inner,0.0657863967701523
Vehicle Stoppage,608,83,,motorcycle,Inner,0.06725191447089154
Vehicle Stoppage,609,83,,motorcycle,Inner,0.06962679082077505
Vehicle Stoppage,610,83,,motorcycle,Inner,0.07254805304072398
Vehicle Stoppage,611,83,,motorcycle,Inner,0.07571485983610464
Vehicle Stoppage,612,83,,motorcycle,Inner,0.07875760280760319
Vehicle Stoppage,613,83,,motorcycle,Inner,0.08185627648506784
Vehicle Stoppage,614,83,,motorcycle,Inner,0.08416632343163978
Vehicle Stoppage,615,83,,motorcycle,Inner,0.08583996738116804
Vehicle Stoppage,616,83,,motorcycle,Inner,0.08759566199304428
Vehicle Stoppage,617,83,,motorcycle,Inner,0.08846858199383281
Vehicle Stoppage,618,83,,motorcycle,Inner,0.08831245665249943
Vehicle Stoppage,619,83,,motorcycle,Inner,0.0874574753808955
Vehicle Stoppage,620,83,,motorcycle,Inner,0.08627774915932895
Vehicle Stoppage,621,83,,motorcycle,Inner,0.08458699663659994
Vehicle Stoppage,622,83,,motorcycle,Inner,0.08266413974632394
Vehicle Stoppage,623,83,,motorcycle,Inner,0.0806882891131081
Vehicle Stoppage,624,83,,motorcycle,Inner,0.07938494819549088
Vehicle Stoppage,625,83,,motorcycle,Inner,0.0786285571532333
Vehicle Stoppage,626,83,,motorcycle,Inner,0.0787901643607899
Vehicle Stoppage,627,83,,motorcycle,Inner,0.0791732909509208
Vehicle Stoppage,628,83,,motorcycle,Inner,0.07989217733920786
Vehicle Stoppage,629,83,,motorcycle,Inner,0.08074156302673505
Vehicle Stoppage,630,83,,motorcycle,Inner,0.08146778504415071
Vehicle Stoppage,631,83,,motorcycle,Inner,0.08145581624414729
Vehicle Stoppage,632,83,,motorcycle,Inner,0.08127902558471484
Vehicle Stoppage,633,83,,motorcycle,Inner,0.08034705968484383
Vehicle Stoppage,634,83,,motorcycle,Inner,0.07959195939289386
Vehicle Stoppage,635,83,,motorcycle,Inner,0.07883679344062866
Vehicle Stoppage,636,83,,motorcycle,Inner,0.07795389663127891
Vehicle Stoppage,637,83,,motorcycle,Inner,0.07736517304317378
Vehicle Stoppage,638,83,,motorcycle,Inner,0.0773310416327082
Vehicle Stoppage,639,83,,motorcycle,Inner,0.07774689704419104
Vehicle Stoppage,640,83,,motorcycle,Inner,0.07870101651185739
Vehicle Stoppage,641,83,,motorcycle,Inner,0.07861074990100991
Vehicle Stoppage,642,83,,motorcycle,Inner,0.07815017594349914
Vehicle Stoppage,643,83,,motorcycle,Inner,0.0762103667488918
Vehicle Stoppage,644,83,,motorcycle,Inner,0.07431890741930483
Vehicle Stoppage,645,83,,motorcycle,Inner,0.07269834936227731
Vehicle Stoppage,646,83,,motorcycle,Inner,0.07211081749640243
Vehicle Stoppage,647,83,,motorcycle,Inner,0.07243983710638961
Vehicle Stoppage,648,83,,motorcycle,Inner,0.07384504045635305
Vehicle Stoppage,649,83,,motorcycle,Inner,0.07608344103679614
Vehicle Stoppage,650,83,,motorcycle,Inner,0.0793531977931606
Vehicle Stoppage,651,83,,motorcycle,Inner,0.08219884427411438
Vehicle Stoppage,652,83,,motorcycle,Inner,0.08465488763207651
Vehicle Stoppage,653,83,,motorcycle,Inner,0.08565150319755088
Vehicle Stoppage,654,83,,motorcycle,Inner,0.08620081206114172
Vehicle Stoppage,655,83,,motorcycle,Inner,0.08636741283609485
Vehicle Stoppage,656,83,,motorcycle,Inner,0.08612485123354478
Vehicle Stoppage,657,83,,motorcycle,Inner,0.08584602495165267
Vehicle Stoppage,658,83,,motorcycle,Inner,0.0858676306881703
Vehicle Stoppage,659,83,,motorcycle,Inner,0.0861145748407347
Vehicle Stoppage,660,83,,motorcycle,Inner,0.08695021564090533
Vehicle Stoppage,661,83,,motorcycle,Inner,0.08819348048467311
Vehicle Stoppage,662,83,,motorcycle,Inner,0.0895563509752391
Vehicle Stoppage,663,83,,motorcycle,Inner,0.0906146235438857
Vehicle Stoppage,664,83,,motorcycle,Inner,0.09191784375190566
Vehicle Stoppage,665,83,,motorcycle,Inner,0.09346748097600473
Vehicle Stoppage,666,83,,motorcycle,Inner,0.09496720486568117
Vehicle Stoppage,667,83,,motorcycle,Inner,0.09606273991511988
Vehicle Stoppage,668,83,,motorcycle,Inner,0.09649253857164286
Vehicle Stoppage,669,83,,motorcycle,Inner,0.09686263469470362
Vehicle Stoppage,670,83,,motorcycle,Inner,0.09703221114660823
Vehicle Stoppage,671,83,,motorcycle,Inner,0.09680960696129505
Vehicle Stoppage,672,83,,motorcycle,Inner,0.09648113805298823
Vehicle Stoppage,673,83,,motorcycle,Inner,0.09586620885379818
Vehicle Stoppage,674,83,,motorcycle,Inner,0.09544254816380802
Vehicle Stoppage,675,83,,motorcycle,Inner,0.09490426755420495
Vehicle Stoppage,676,83,,motorcycle,Inner,0.09459053863891681
Vehicle Stoppage,677,83,,motorcycle,Inner,0.09469382239618383
Vehicle Stoppage,678,83,,motorcycle,Inner,0.095132118656108
Vehicle Stoppage,679,83,,motorcycle,Inner,0.09571384434866512
Vehicle Stoppage,680,83,,motorcycle,Inner,0.09705179029774959
Vehicle Stoppage,681,83,,motorcycle,Inner,0.09845531981563838
Vehicle Stoppage,682,83,,motorcycle,Inner,0.10003124511871134
Vehicle Stoppage,683,83,,motorcycle,Inner,0.10157814725618676
Vehicle Stoppage,684,83,,motorcycle,Inner,0.10303305294904799
Vehicle Stoppage,685,83,,motorcycle,Inner,0.10461381361942955
Vehicle Stoppage,686,83,,motorcycle,Inner,0.10584899621631293
Vehicle Stoppage,687,83,,motorcycle,Inner,0.10652610008819342
Vehicle Stoppage,688,83,,motorcycle,Inner,0.10684362404935088
Vehicle Stoppage,689,83,,motorcycle,Inner,0.10688629472481449
Vehicle Stoppage,690,83,,motorcycle,Inner,0.10665026957302608
Vehicle Stoppage,691,83,,motorcycle,Inner,0.10626236398650249
Vehicle Stoppage,692,83,,motorcycle,Inner,0.1056820230692004
Vehicle Stoppage,693,83,,motorcycle,Inner,0.10546207849270053
Vehicle Stoppage,694,83,,motorcycle,Inner,0.1048664388639177
Vehicle Stoppage,695,83,,motorcycle,Inner,0.10407213844252643
Vehicle Stoppage,696,83,,motorcycle,Inner,0.10325662206366978
Vehicle Stoppage,697,83,,motorcycle,Inner,0.10226886134107303
Vehicle Stoppage,698,83,,motorcycle,Inner,0.10095588145323121
Vehicle Stoppage,699,83,,motorcycle,Inner,0.09910892997102172
Vehicle Stoppage,700,83,,motorcycle,Inner,0.09701716342997942
Vehicle Stoppage,701,83,,motorcycle,Inner,0.09483216753823441
Vehicle Stoppage,702,83,,motorcycle,Inner,0.09255765770588939
Vehicle Stoppage,703,83,,motorcycle,Inner,0.09053485516639231
Vehicle Stoppage,704,83,,motorcycle,Inner,0.08828521960102134
Vehicle Stoppage,705,83,,motorcycle,Inner,0.085941957157144
Vehicle Stoppage,706,83,,motorcycle,Inner,0.08398440331394703
Vehicle Stoppage,707,83,,motorcycle,Inner,0.08274515091532599
Vehicle Stoppage,708,83,,motorcycle,Inner,0.08229617245048754
Vehicle Stoppage,709,83,,motorcycle,Inner,0.08284714841200527
Vehicle Stoppage,710,83,,motorcycle,Inner,0.08350760444414296
Vehicle Stoppage,711,83,,motorcycle,Inner,0.08460289593151835
Vehicle Stoppage,712,83,,motorcycle,Inner,0.08576788443234994
Vehicle Stoppage,713,83,,motorcycle,Inner,0.0867751692594077
Vehicle Stoppage,714,83,,motorcycle,Inner,0.08759383539952971
Vehicle Stoppage,715,83,,motorcycle,Inner,0.08799119274108876
Vehicle Stoppage,716,83,,motorcycle,Inner,0.08726110244547568
Vehicle Stoppage,717,83,,motorcycle,Inner,0.08659243615928594
Vehicle Stoppage,718,83,,motorcycle,Inner,0.08556710816663386
Vehicle Stoppage,719,83,,motorcycle,Inner,0.08407645330292926
Vehicle Stoppage,720,83,,motorcycle,Inner,0.08220486603601909
Vehicle Stoppage,721,83,,motorcycle,Inner,0.07923698631320929
Vehicle Stoppage,722,83,,motorcycle,Inner,0.0758870871756218
Vehicle Stoppage,723,83,,motorcycle,Inner,0.07321693793105351
Vehicle Stoppage,724,83,,motorcycle,Inner,0.06958060074474992
Vehicle Stoppage,725,83,,motorcycle,Inner,0.06568599546326111
Vehicle Stoppage,726,83,,motorcycle,Inner,0.061771595414074704
Vehicle Stoppage,727,83,,motorcycle,Inner,0.057492434284872274
Vehicle Stoppage,728,83,,motorcycle,Inner,0.05358441937727555
Vehicle Stoppage,729,83,,motorcycle,Inner,0.049891281803535865
Vehicle Stoppage,730,83,,motorcycle,Inner,0.04570557952810666
Vehicle Stoppage,731,83,,motorcycle,Inner,0.04286956962695074
Vehicle Stoppage,732,83,,motorcycle,Inner,0.0405315926161255
Vehicle Stoppage,733,83,,motorcycle,Inner,0.03951531348730194
Vehicle Stoppage,734,83,,motorcycle,Inner,0.03887312696452677
Vehicle Stoppage,735,83,,motorcycle,Inner,0.03862447410645355
Vehicle Stoppage,736,83,,motorcycle,Inner,0.037694827231329935
Vehicle Stoppage,737,83,,motorcycle,Inner,0.03659193900301675
Vehicle Stoppage,738,83,,motorcycle,Inner,0.03512833614050157
Vehicle Stoppage,739,83,,motorcycle,Inner,0.033724916604789046
Vehicle Stoppage,740,83,,motorcycle,Inner,0.03253997541486208
Vehicle Stoppage,741,83,,motorcycle,Inner,0.03153823076838492
Vehicle Stoppage,742,83,,motorcycle,Inner,0.03068941185490672
Vehicle Stoppage,743,83,,motorcycle,Inner,0.030304125131738736
Vehicle Stoppage,744,83,,motorcycle,Inner,0.03005661324900476
Vehicle Stoppage,745,83,,motorcycle,Inner,0.029785902705815066
Vehicle Stoppage,746,83,,motorcycle,Inner,0.029883942176358848
Vehicle Stoppage,747,83,,motorcycle,Inner,0.029774149861919154
Vehicle Stoppage,748,83,,motorcycle,Inner,0.030144485399487636
Vehicle Stoppage,749,83,,motorcycle,Inner,0.030619764858670597
Vehicle Stoppage,750,83,,motorcycle,Inner,0.031087135603010355
Vehicle Stoppage,751,83,,motorcycle,Inner,0.03153791369130771
Vehicle Stoppage,752,83,,motorcycle,Inner,0.032116818024210604
Vehicle Stoppage,753,83,,motorcycle,Inner,0.03203154694984367
Vehicle Stoppage,754,83,,motorcycle,Inner,0.03180770346943958
Vehicle Stoppage,755,83,,motorcycle,Inner,0.03164569480988345
Vehicle Stoppage,756,83,,motorcycle,Inner,0.03183410121237981
Vehicle Stoppage,757,83,,motorcycle,Inner,0.03195387300468946
Vehicle Stoppage,758,83,,motorcycle,Inner,0.03192491190277562
Vehicle Stoppage,759,83,,motorcycle,Inner,0.032097507691410794
Vehicle Stoppage,760,83,,motorcycle,Inner,0.031813519138879594
Vehicle Stoppage,761,83,,motorcycle,Inner,0.03099677402569015
Vehicle Stoppage,762,83,,motorcycle,Inner,0.029979326209910985
Vehicle Stoppage,763,83,,motorcycle,Inner,0.02949847453683357
Vehicle Stoppage,764,83,,motorcycle,Inner,0.02928651566847789
Vehicle Stoppage,765,83,,motorcycle,Inner,0.029528630174796927
Vehicle Stoppage,766,83,,motorcycle,Inner,0.029806039656420202
Vehicle Stoppage,767,83,,motorcycle,Inner,0.03012391076868757
Vehicle Stoppage,768,83,,motorcycle,Inner,0.030313363389762836
Vehicle Stoppage,769,83,,motorcycle,Inner,0.03110401903291093
Vehicle Stoppage,770,83,,motorcycle,Inner,0.03190015673941999
Vehicle Stoppage,771,83,,motorcycle,Inner,0.03280746866187813
Vehicle Stoppage,772,83,,motorcycle,Inner,0.033721358217014434
Vehicle Stoppage,773,83,,motorcycle,Inner,0.0351240658238763
Vehicle Stoppage,774,83,,motorcycle,Inner,0.03640123624274364
Vehicle Stoppage,775,83,,motorcycle,Inner,0.03801065640054482
Vehicle Stoppage,776,83,,motorcycle,Inner,0.039392638906276964
Vehicle Stoppage,777,83,,motorcycle,Inner,0.04021989557420443
Vehicle Stoppage,778,83,,motorcycle,Inner,0.04105569388038368
Vehicle Stoppage,779,83,,motorcycle,Inner,0.04181506905411025
Vehicle Stoppage,780,83,,motorcycle,Inner,0.042431709840632
Vehicle Stoppage,781,83,,motorcycle,Inner,0.04290466175137181
Vehicle Stoppage,782,83,,motorcycle,Inner,0.04346090196946767
Vehicle Stoppage,783,83,,motorcycle,Inner,0.04346630879198493
Vehicle Stoppage,784,83,,motorcycle,Inner,0.04351298656723041
Vehicle Stoppage,785,83,,motorcycle,Inner,0.042991278185229485
Vehicle Stoppage,786,83,,motorcycle,Inner,0.04241285182583365
Vehicle Stoppage,787,83,,motorcycle,Inner,0.04199476157808642
Vehicle Stoppage,788,83,,motorcycle,Inner,0.041546359647985344
Vehicle Stoppage,789,83,,motorcycle,Inner,0.040746165463765506
Vehicle Stoppage,790,83,,motorcycle,Inner,0.04025878786054229
Vehicle Stoppage,791,83,,motorcycle,Inner,0.039585477134926564
Vehicle Stoppage,792,83,,motorcycle,Inner,0.038900514135418014
Vehicle Stoppage,793,83,,motorcycle,Inner,0.03829686671256488
Vehicle Stoppage,794,83,,motorcycle,Inner,0.0375074659234623
Vehicle Stoppage,795,83,,motorcycle,Inner,0.036565831044843615
Vehicle Stoppage,796,83,,motorcycle,Inner,0.03555193384332047
Vehicle Stoppage,797,83,,motorcycle,Inner,0.034563564630986
Vehicle Stoppage,798,83,,motorcycle,Inner,0.034112314491982404
Vehicle Stoppage,799,83,,motorcycle,Inner,0.03370534082308053
Vehicle Stoppage,800,83,,motorcycle,Inner,0.033621421742691046
Vehicle Stoppage,801,83,,motorcycle,Inner,0.03371913403396074
Vehicle Stoppage,802,83,,motorcycle,Inner,0.03396660124298425
Vehicle Stoppage,803,83,,motorcycle,Inner,0.03466554485364731
Vehicle Stoppage,804,83,,motorcycle,Inner,0.03539392603257899
Vehicle Stoppage,805,83,,motorcycle,Inner,0.036113709308238144
Vehicle Stoppage,806,83,,motorcycle,Inner,0.03688604072003336
Vehicle Stoppage,807,83,,motorcycle,Inner,0.03724003222340033
Vehicle Stoppage,808,83,,motorcycle,Inner,0.03718185041119064
Vehicle Stoppage,809,83,,motorcycle,Inner,0.03735465165143164
Vehicle Stoppage,810,83,,motorcycle,Inner,0.0377752564518106
Vehicle Stoppage,811,83,,motorcycle,Inner,0.03850467504082574
Vehicle Stoppage,812,83,,motorcycle,Inner,0.039403806922682305
Vehicle Stoppage,813,83,,motorcycle,Inner,0.03991039964720661
Vehicle Stoppage,814,83,,motorcycle,Inner,0.04107213167099938
Vehicle Stoppage,815,83,,motorcycle,Inner,0.0429292441116809
Vehicle Stoppage,816,83,,motorcycle,Inner,0.04493740090392611
Vehicle Stoppage,817,83,,motorcycle,Inner,0.046367229807267304
Vehicle Stoppage,818,83,,motorcycle,Inner,0.04721567536317286
Vehicle Stoppage,819,83,,motorcycle,Inner,0.04767315806615266
Vehicle Stoppage,820,83,,motorcycle,Inner,0.047857287846258235
Vehicle Stoppage,821,83,,motorcycle,Inner,0.046984678353691155
Vehicle Stoppage,822,83,,motorcycle,Inner,0.04507815435441229
Vehicle Stoppage,823,83,,motorcycle,Inner,0.04301185882985846
Vehicle Stoppage,824,83,,motorcycle,Inner,0.041305931777409106
Vehicle Stoppage,825,83,,motorcycle,Inner,0.039950093867219844
Vehicle Stoppage,826,83,,motorcycle,Inner,0.039259393780340504
Vehicle Stoppage,827,83,,motorcycle,Inner,0.03898820334408552
Vehicle Stoppage,828,83,,motorcycle,Inner,0.038908225351460726
Vehicle Stoppage,829,83,,motorcycle,Inner,0.038736287896495004
Vehicle Stoppage,830,83,,motorcycle,Inner,0.03866212617019178
Vehicle Stoppage,831,83,,motorcycle,Inner,0.0387091720397094
Vehicle Stoppage,832,83,,motorcycle,Inner,0.038635993581117675
Vehicle Stoppage,833,83,,motorcycle,Inner,0.03895394716841983
Vehicle Stoppage,834,83,,motorcycle,Inner,0.039751855302608885
Vehicle Stoppage,835,83,,motorcycle,Inner,0.04109075321772265
Vehicle Stoppage,836,83,,motorcycle,Inner,0.04303603141554635
Vehicle Stoppage,837,83,,motorcycle,Inner,0.04532604108015731
Vehicle Stoppage,838,83,,motorcycle,Inner,0.04727843060001147
Vehicle Stoppage,839,83,,motorcycle,Inner,0.04885744569663382
Vehicle Stoppage,840,83,,motorcycle,Inner,0.049878752991626876
Vehicle Stoppage,841,83,,motorcycle,Inner,0.049929950931278104
Vehicle Stoppage,842,83,,motorcycle,Inner,0.04915862081059074
Vehicle Stoppage,843,83,,motorcycle,Inner,0.047801673610871856
Vehicle Stoppage,844,83,,motorcycle,Inner,0.04617282750709895
Vehicle Stoppage,845,83,,motorcycle,Inner,0.04441823949685289
Vehicle Stoppage,846,83,,motorcycle,Inner,0.042565009103724655
Vehicle Stoppage,847,83,,motorcycle,Inner,0.041496023905913816
Vehicle Stoppage,848,83,,motorcycle,Inner,0.04124960605872887
Vehicle Stoppage,849,83,,motorcycle,Inner,0.041352388080982995
Vehicle Stoppage,850,83,,motorcycle,Inner,0.04174038811511162
Vehicle Stoppage,851,83,,motorcycle,Inner,0.042495293857085885
Vehicle Stoppage,852,83,,motorcycle,Inner,0.04340656632353591
Vehicle Stoppage,853,83,,motorcycle,Inner,0.04451033587831107
Vehicle Stoppage,854,83,,motorcycle,Inner,0.044818857638275464
Vehicle Stoppage,855,83,,motorcycle,Inner,0.0447832557994582
Vehicle Stoppage,856,83,,motorcycle,Inner,0.04441463722693459
Vehicle Stoppage,857,83,,motorcycle,Inner,0.04402839992550782
Vehicle Stoppage,858,83,,motorcycle,Inner,0.043420386916750826
Vehicle Stoppage,859,83,,motorcycle,Inner,0.042243579393798504
Vehicle Stoppage,860,83,,motorcycle,Inner,0.04079534287146269
Vehicle Stoppage,101,84,,motorcycle,Outer,0.020124611797502683
Vehicle Stoppage,102,84,,motorcycle,Outer,0.01862176146340555
Vehicle Stoppage,103,84,,motorcycle,Outer,0.016985287751462682
Vehicle Stoppage,104,84,,motorcycle,Outer,0.017051979357251848
Vehicle Stoppage,105,84,,motorcycle,Outer,0.017617321022226344
Vehicle Stoppage,106,84,,motorcycle,Outer,0.018609674903126518
Vehicle Stoppage,107,84,,motorcycle,Outer,0.020491949638818764
Vehicle Stoppage,108,84,,motorcycle,Outer,0.023138712150850088
Vehicle Stoppage,109,84,,motorcycle,Outer,0.025054540506666192
Vehicle Stoppage,110,84,,motorcycle,Outer,0.026084669827317514
Vehicle Stoppage,111,84,,motorcycle,Outer,0.026300760445279
Vehicle Stoppage,112,84,,motorcycle,Outer,0.026143067914840785
Vehicle Stoppage,113,84,,motorcycle,Outer,0.024988397307552805
Vehicle Stoppage,114,84,,motorcycle,Outer,0.02263846284534492
Vehicle Stoppage,115,84,,motorcycle,Outer,0.019487944991713
Vehicle Stoppage,116,84,,motorcycle,Outer,0.0170000000000036
Vehicle Stoppage,117,84,,motorcycle,Outer,0.015504837954651421
Vehicle Stoppage,118,84,,motorcycle,Outer,0.014534441853746657
Vehicle Stoppage,119,84,,motorcycle,Outer,0.014203168660551447
Vehicle Stoppage,120,84,,motorcycle,Outer,0.01410035460546912
Vehicle Stoppage,121,84,,motorcycle,Outer,0.014099999999999113
Vehicle Stoppage,122,84,,motorcycle,Outer,0.014201408380863811
Vehicle Stoppage,123,84,,motorcycle,Outer,0.014912075643582162
Vehicle Stoppage,124,84,,motorcycle,Outer,0.016269296235545287
Vehicle Stoppage,125,84,,motorcycle,Outer,0.01787568180517632
Vehicle Stoppage,126,84,,motorcycle,Outer,0.019662146373175367
Vehicle Stoppage,127,84,,motorcycle,Outer,0.021684326136636383
Vehicle Stoppage,128,84,,motorcycle,Outer,0.023829603437742302
Vehicle Stoppage,129,84,,motorcycle,Outer,0.025951493213297643
Vehicle Stoppage,130,84,,motorcycle,Outer,0.027388501236829888
Vehicle Stoppage,131,84,,motorcycle,Outer,0.028434486104022764
Vehicle Stoppage,132,84,,motorcycle,Outer,0.029002758489498896
Vehicle Stoppage,133,84,,motorcycle,Outer,0.029101546350666373
Vehicle Stoppage,134,84,,motorcycle,Outer,0.028602797066025747
Vehicle Stoppage,135,84,,motorcycle,Outer,0.027804496039309106
Vehicle Stoppage,136,84,,motorcycle,Outer,0.026815107682052714
Vehicle Stoppage,137,84,,motorcycle,Outer,0.02604323328620709
Vehicle Stoppage,138,84,,motorcycle,Outer,0.025179555198615106
Vehicle Stoppage,139,84,,motorcycle,Outer,0.023967686580065147
Vehicle Stoppage,140,84,,motorcycle,Outer,0.022926403991904147
Vehicle Stoppage,141,84,,motorcycle,Outer,0.022118318200082067
Vehicle Stoppage,142,84,,motorcycle,Outer,0.021723029254689902
Vehicle Stoppage,143,84,,motorcycle,Outer,0.021433618453261395
Vehicle Stoppage,144,84,,motorcycle,Outer,0.021944703233349912
Vehicle Stoppage,145,84,,motorcycle,Outer,0.02315534495532264
Vehicle Stoppage,146,84,,motorcycle,Outer,0.025071497761405187
Vehicle Stoppage,147,84,,motorcycle,Outer,0.02670318333083222
Vehicle Stoppage,148,84,,motorcycle,Outer,0.02812205540140892
Vehicle Stoppage,149,84,,motorcycle,Outer,0.029529815441346526
Vehicle Stoppage,150,84,,motorcycle,Outer,0.030919573088898932
Vehicle Stoppage,151,84,,motorcycle,Outer,0.03100967590930376
Vehicle Stoppage,152,84,,motorcycle,Outer,0.030840233462150528
Vehicle Stoppage,153,84,,motorcycle,Outer,0.030076070222019604
Vehicle Stoppage,154,84,,motorcycle,Outer,0.030558795787791516
Vehicle Stoppage,155,84,,motorcycle,Outer,0.03211681802420994
Vehicle Stoppage,156,84,,motorcycle,Outer,0.03411040896853054
Vehicle Stoppage,157,84,,motorcycle,Outer,0.036186323383293334
Vehicle Stoppage,158,84,,motorcycle,Outer,0.03837512214964114
Vehicle Stoppage,159,84,,motorcycle,Outer,0.04084470589929897
Vehicle Stoppage,160,84,,motorcycle,Outer,0.04313374549004522
Vehicle Stoppage,161,84,,motorcycle,Outer,0.04511895388858239
Vehicle Stoppage,162,84,,motorcycle,Outer,0.046604828076063955
Vehicle Stoppage,163,84,,motorcycle,Outer,0.0472451055666092
Vehicle Stoppage,164,84,,motorcycle,Outer,0.04780564820185408
Vehicle Stoppage,165,84,,motorcycle,Outer,0.04822488983916729
Vehicle Stoppage,166,84,,motorcycle,Outer,0.04879057285992541
Vehicle Stoppage,167,84,,motorcycle,Outer,0.04893362851863381
Vehicle Stoppage,168,84,,motorcycle,Outer,0.04866949763455769
Vehicle Stoppage,169,84,,motorcycle,Outer,0.04807629353434075
Vehicle Stoppage,170,84,,motorcycle,Outer,0.04775866413542394
Vehicle Stoppage,171,84,,motorcycle,Outer,0.047915028957517286
Vehicle Stoppage,172,84,,motorcycle,Outer,0.04832059602281379
Vehicle Stoppage,173,84,,motorcycle,Outer,0.04861481255749019
Vehicle Stoppage,174,84,,motorcycle,Outer,0.0492936101335684
Vehicle Stoppage,175,84,,motorcycle,Outer,0.05017907930602189
Vehicle Stoppage,176,84,,motorcycle,Outer,0.05219521050824468
Vehicle Stoppage,177,84,,motorcycle,Outer,0.054180623842841474
Vehicle Stoppage,178,84,,motorcycle,Outer,0.05570323150411024
Vehicle Stoppage,179,84,,motorcycle,Outer,0.05705032865812839
Vehicle Stoppage,180,84,,motorcycle,Outer,0.05839905821158141
Vehicle Stoppage,181,84,,motorcycle,Outer,0.06043475821081262
Vehicle Stoppage,182,84,,motorcycle,Outer,0.06307646153677163
Vehicle Stoppage,183,84,,motorcycle,Outer,0.06526944154809222
Vehicle Stoppage,184,84,,motorcycle,Outer,0.06744983320957809
Vehicle Stoppage,185,84,,motorcycle,Outer,0.0698808271273236
Vehicle Stoppage,186,84,,motorcycle,Outer,0.07212544627245082
Vehicle Stoppage,187,84,,motorcycle,Outer,0.07469310543818652
Vehicle Stoppage,188,84,,motorcycle,Outer,0.07637447217493791
Vehicle Stoppage,189,84,,motorcycle,Outer,0.07744985474486162
Vehicle Stoppage,190,84,,motorcycle,Outer,0.0787911162505053
Vehicle Stoppage,191,84,,motorcycle,Outer,0.08054992240840285
Vehicle Stoppage,192,84,,motorcycle,Outer,0.08274569475205622
Vehicle Stoppage,193,84,,motorcycle,Outer,0.08530633036299214
Vehicle Stoppage,194,84,,motorcycle,Outer,0.08756443341905364
Vehicle Stoppage,195,84,,motorcycle,Outer,0.08983295609073598
Vehicle Stoppage,196,84,,motorcycle,Outer,0.09120931969924922
Vehicle Stoppage,197,84,,motorcycle,Outer,0.09117899977516353
Vehicle Stoppage,198,84,,motorcycle,Outer,0.09015680784056425
Vehicle Stoppage,199,84,,motorcycle,Outer,0.08950139663715236
Vehicle Stoppage,200,84,,motorcycle,Outer,0.08876559017997782
Vehicle Stoppage,201,84,,motorcycle,Outer,0.08785544946103421
Vehicle Stoppage,202,84,,motorcycle,Outer,0.08682194423070347
Vehicle Stoppage,203,84,,motorcycle,Outer,0.08663099907077298
Vehicle Stoppage,204,84,,motorcycle,Outer,0.08737923094190952
Vehicle Stoppage,205,84,,motorcycle,Outer,0.08854433917535809
Vehicle Stoppage,206,84,,motorcycle,Outer,0.0886802119979424
Vehicle Stoppage,207,84,,motorcycle,Outer,0.08978468689036093
Vehicle Stoppage,208,84,,motorcycle,Outer,0.09158132997505553
Vehicle Stoppage,209,84,,motorcycle,Outer,0.09338206465911883
Vehicle Stoppage,210,84,,motorcycle,Outer,0.09566007526653786
Vehicle Stoppage,211,84,,motorcycle,Outer,0.09756664389021107
Vehicle Stoppage,212,84,,motorcycle,Outer,0.09898247319601793
Vehicle Stoppage,213,84,,motorcycle,Outer,0.10028728732995026
Vehicle Stoppage,214,84,,motorcycle,Outer,0.1004386877652244
Vehicle Stoppage,215,84,,motorcycle,Outer,0.10010179818564723
Vehicle Stoppage,216,84,,motorcycle,Outer,0.10046233124907923
Vehicle Stoppage,217,84,,motorcycle,Outer,0.10112022547443199
Vehicle Stoppage,218,84,,motorcycle,Outer,0.1025048779327099
Vehicle Stoppage,219,84,,motorcycle,Outer,0.10457810478297776
Vehicle Stoppage,220,84,,motorcycle,Outer,0.10690411591702019
Vehicle Stoppage,221,84,,motorcycle,Outer,0.10917875251165428
Vehicle Stoppage,222,84,,motorcycle,Outer,0.11131473397533913
Vehicle Stoppage,223,84,,motorcycle,Outer,0.11317990104254577
Vehicle Stoppage,224,84,,motorcycle,Outer,0.11530156113426694
Vehicle Stoppage,225,84,,motorcycle,Outer,0.11769868308524303
Vehicle Stoppage,226,84,,motorcycle,Outer,0.11979302984731996
Vehicle Stoppage,227,84,,motorcycle,Outer,0.12139332765848332
Vehicle Stoppage,228,84,,motorcycle,Outer,0.1226093389591522
Vehicle Stoppage,229,84,,motorcycle,Outer,0.12370161680430317
Vehicle Stoppage,230,84,,motorcycle,Outer,0.12474012987006192
Vehicle Stoppage,231,84,,motorcycle,Outer,0.12435163850950465
Vehicle Stoppage,232,84,,motorcycle,Outer,0.1231043865993461
Vehicle Stoppage,233,84,,motorcycle,Outer,0.1217494558509372
Vehicle Stoppage,234,84,,motorcycle,Outer,0.1196861311932163
Vehicle Stoppage,235,84,,motorcycle,Outer,0.11730481661039881
Vehicle Stoppage,236,84,,motorcycle,Outer,0.1133240045180167
Vehicle Stoppage,237,84,,motorcycle,Outer,0.10832363546336332
Vehicle Stoppage,238,84,,motorcycle,Outer,0.10309592620467152
Vehicle Stoppage,239,84,,motorcycle,Outer,0.09854176779417458
Vehicle Stoppage,240,84,,motorcycle,Outer,0.09527670229389276
Vehicle Stoppage,241,84,,motorcycle,Outer,0.093954510269603
Vehicle Stoppage,242,84,,motorcycle,Outer,0.09350133688883694
Vehicle Stoppage,243,84,,motorcycle,Outer,0.0947413848326023
Vehicle Stoppage,244,84,,motorcycle,Outer,0.09753691608821834
Vehicle Stoppage,245,84,,motorcycle,Outer,0.10141326343235416
Vehicle Stoppage,246,84,,motorcycle,Outer,0.10548293700878718
Vehicle Stoppage,247,84,,motorcycle,Outer,0.1093309196888055
Vehicle Stoppage,248,84,,motorcycle,Outer,0.1131102559452511
Vehicle Stoppage,249,84,,motorcycle,Outer,0.11708065595989524
Vehicle Stoppage,250,84,,motorcycle,Outer,0.12185766286942948
Vehicle Stoppage,251,84,,motorcycle,Outer,0.1248248773281942
Vehicle Stoppage,252,84,,motorcycle,Outer,0.12642408789467788
Vehicle Stoppage,253,84,,motorcycle,Outer,0.12645967736792613
Vehicle Stoppage,254,84,,motorcycle,Outer,0.12514391715141412
Vehicle Stoppage,255,84,,motorcycle,Outer,0.12336936410632932
Vehicle Stoppage,256,84,,motorcycle,Outer,0.12131698149888101
Vehicle Stoppage,257,84,,motorcycle,Outer,0.11962646028366157
Vehicle Stoppage,258,84,,motorcycle,Outer,0.11886673209944439
Vehicle Stoppage,259,84,,motorcycle,Outer,0.11871554236913913
Vehicle Stoppage,260,84,,motorcycle,Outer,0.11837651794170023
Vehicle Stoppage,261,84,,motorcycle,Outer,0.11769456232129065
Vehicle Stoppage,262,84,,motorcycle,Outer,0.11620430284632573
Vehicle Stoppage,263,84,,motorcycle,Outer,0.11423099404277036
Vehicle Stoppage,264,84,,motorcycle,Outer,0.1118114484299381
Vehicle Stoppage,265,84,,motorcycle,Outer,0.10912584478481384
Vehicle Stoppage,266,84,,motorcycle,Outer,0.1056000946969242
Vehicle Stoppage,267,84,,motorcycle,Outer,0.10212957456094873
Vehicle Stoppage,268,84,,motorcycle,Outer,0.0991145801585211
Vehicle Stoppage,269,84,,motorcycle,Outer,0.09588534820295061
Vehicle Stoppage,270,84,,motorcycle,Outer,0.09249270241483824
Vehicle Stoppage,271,84,,motorcycle,Outer,0.088597291154979
Vehicle Stoppage,272,84,,motorcycle,Outer,0.08397380543955899
Vehicle Stoppage,273,84,,motorcycle,Outer,0.08019438883114285
Vehicle Stoppage,274,84,,motorcycle,Outer,0.0771033721700915
Vehicle Stoppage,275,84,,motorcycle,Outer,0.07417438911106372
Vehicle Stoppage,276,84,,motorcycle,Outer,0.07165528591806403
Vehicle Stoppage,277,84,,motorcycle,Outer,0.06920115605970827
Vehicle Stoppage,278,84,,motorcycle,Outer,0.0673401069200193
Vehicle Stoppage,279,84,,motorcycle,Outer,0.06618051072633885
Vehicle Stoppage,280,84,,motorcycle,Outer,0.06562537618939494
Vehicle Stoppage,281,84,,motorcycle,Outer,0.06589021171615134
Vehicle Stoppage,282,84,,motorcycle,Outer,0.0666919035565782
Vehicle Stoppage,283,84,,motorcycle,Outer,0.06779572257893042
Vehicle Stoppage,284,84,,motorcycle,Outer,0.06929538224153509
Vehicle Stoppage,285,84,,motorcycle,Outer,0.07069123000768912
Vehicle Stoppage,286,84,,motorcycle,Outer,0.07222201880313245
Vehicle Stoppage,287,84,,motorcycle,Outer,0.07306004379960886
Vehicle Stoppage,288,84,,motorcycle,Outer,0.07280006868128572
Vehicle Stoppage,289,84,,motorcycle,Outer,0.07166100752850184
Vehicle Stoppage,290,84,,motorcycle,Outer,0.07048248009257611
Vehicle Stoppage,291,84,,motorcycle,Outer,0.0688971697531918
Vehicle Stoppage,292,84,,motorcycle,Outer,0.06707518169934866
Vehicle Stoppage,293,84,,motorcycle,Outer,0.0650086148137302
Vehicle Stoppage,294,84,,motorcycle,Outer,0.06171823069401472
Vehicle Stoppage,295,84,,motorcycle,Outer,0.057891277408595274
Vehicle Stoppage,296,84,,motorcycle,Outer,0.0540068514172046
Vehicle Stoppage,297,84,,motorcycle,Outer,0.04897764796312609
Vehicle Stoppage,298,84,,motorcycle,Outer,0.04370011441632595
Vehicle Stoppage,299,84,,motorcycle,Outer,0.03883979917558617
Vehicle Stoppage,300,84,,motorcycle,Outer,0.034364225584175706
Vehicle Stoppage,301,84,,motorcycle,Outer,0.03138693995916013
Vehicle Stoppage,302,84,,motorcycle,Outer,0.029656871041970297
Vehicle Stoppage,303,84,,motorcycle,Outer,0.028332490183538513
Vehicle Stoppage,304,84,,motorcycle,Outer,0.028086295590552573
Vehicle Stoppage,305,84,,motorcycle,Outer,0.028140007107319308
Vehicle Stoppage,306,84,,motorcycle,Outer,0.028775857936823575
Vehicle Stoppage,307,84,,motorcycle,Outer,0.029222765098464304
Vehicle Stoppage,308,84,,motorcycle,Outer,0.029247905907946684
Vehicle Stoppage,309,84,,motorcycle,Outer,0.02877846417027838
Vehicle Stoppage,310,84,,motorcycle,Outer,0.028017851452245453
Vehicle Stoppage,311,84,,motorcycle,Outer,0.02740000000000165
Vehicle Stoppage,312,84,,motorcycle,Outer,0.026524139948352485
Vehicle Stoppage,313,84,,motorcycle,Outer,0.024750353532826157
Vehicle Stoppage,314,84,,motorcycle,Outer,0.022842285349762532
Vehicle Stoppage,315,84,,motorcycle,Outer,0.020859769893264962
Vehicle Stoppage,316,84,,motorcycle,Outer,0.018744865963776863
Vehicle Stoppage,317,84,,motorcycle,Outer,0.017497714136420938
Vehicle Stoppage,318,84,,motorcycle,Outer,0.0175071414000113
Vehicle Stoppage,319,84,,motorcycle,Outer,0.018901058171435076
Vehicle Stoppage,320,84,,motorcycle,Outer,0.02032166331774566
Vehicle Stoppage,321,84,,motorcycle,Outer,0.021321585306912357
Vehicle Stoppage,322,84,,motorcycle,Outer,0.02204109797628184
Vehicle Stoppage,323,84,,motorcycle,Outer,0.02344376249666349
Vehicle Stoppage,324,84,,motorcycle,Outer,0.024821160327425745
Vehicle Stoppage,325,84,,motorcycle,Outer,0.025876823607239616
Vehicle Stoppage,326,84,,motorcycle,Outer,0.026016341018678512
Vehicle Stoppage,327,84,,motorcycle,Outer,0.026475649189398508
Vehicle Stoppage,328,84,,motorcycle,Outer,0.026984625252170113
Vehicle Stoppage,329,84,,motorcycle,Outer,0.027132637173706172
Vehicle Stoppage,330,84,,motorcycle,Outer,0.02538109532704061
Vehicle Stoppage,331,84,,motorcycle,Outer,0.0220227155455436
Vehicle Stoppage,332,84,,motorcycle,Outer,0.018678329689776476
Vehicle Stoppage,333,84,,motorcycle,Outer,0.017135343591542437
Vehicle Stoppage,334,84,,motorcycle,Outer,0.016426807358706712
Vehicle Stoppage,335,84,,motorcycle,Outer,0.015462535367782236
Vehicle Stoppage,336,84,,motorcycle,Outer,0.015115885683610853
Vehicle Stoppage,337,84,,motorcycle,Outer,0.015559562975874408
Vehicle Stoppage,338,84,,motorcycle,Outer,0.015962455951388742
Vehicle Stoppage,339,84,,motorcycle,Outer,0.016130096093951
Vehicle Stoppage,340,84,,motorcycle,Outer,0.017130382365843237
Vehicle Stoppage,341,84,,motorcycle,Outer,0.017315888657526445
Vehicle Stoppage,342,84,,motorcycle,Outer,0.018046883387444656
Vehicle Stoppage,343,84,,motorcycle,Outer,0.01645964762684495
Vehicle Stoppage,344,84,,motorcycle,Outer,0.014558159224302867
Vehicle Stoppage,345,84,,motorcycle,Outer,0.01293135723735339
Vehicle Stoppage,346,84,,motorcycle,Outer,0.011703845521876371
Vehicle Stoppage,347,84,,motorcycle,Outer,0.01077868266533531
Vehicle Stoppage,348,84,,motorcycle,Outer,0.01053233117595656
Vehicle Stoppage,349,84,,motorcycle,Outer,0.010667708282476386
Vehicle Stoppage,350,84,,motorcycle,Outer,0.026706740722149572
Vehicle Stoppage,351,84,,motorcycle,Outer,0.05620934086074649
Vehicle Stoppage,352,84,,motorcycle,Outer,0.09358552238461276
Vehicle Stoppage,353,84,,motorcycle,Outer,0.13497173778239321
Vehicle Stoppage,354,84,,motorcycle,Outer,0.17860195967570167
Vehicle Stoppage,355,84,,motorcycle,Outer,0.22321086443092442
Vehicle Stoppage,356,84,,motorcycle,Outer,0.2606836013254399
Vehicle Stoppage,357,84,,motorcycle,Outer,0.2584146280689248
Vehicle Stoppage,358,84,,motorcycle,Outer,0.23603103609483256
Vehicle Stoppage,359,84,,motorcycle,Outer,0.2175062297958388
Vehicle Stoppage,360,84,,motorcycle,Outer,0.2040992405669377
Vehicle Stoppage,361,84,,motorcycle,Outer,0.19564835803041783
Vehicle Stoppage,362,84,,motorcycle,Outer,0.19085711933275903
Vehicle Stoppage,363,84,,motorcycle,Outer,0.18802180724586584
Vehicle Stoppage,364,84,,motorcycle,Outer,0.2124186903264423
Vehicle Stoppage,365,84,,motorcycle,Outer,0.2477703170276842
Vehicle Stoppage,366,84,,motorcycle,Outer,0.2729414589248014
Vehicle Stoppage,367,84,,motorcycle,Outer,0.28867381245966917
Vehicle Stoppage,368,84,,motorcycle,Outer,0.2974749233128744
Vehicle Stoppage,369,84,,motorcycle,Outer,0.3017465989866351
Vehicle Stoppage,370,84,,motorcycle,Outer,0.27702768814687284
Vehicle Stoppage,371,84,,motorcycle,Outer,0.24026988991548862
Vehicle Stoppage,372,84,,motorcycle,Outer,0.19744085190254268
Vehicle Stoppage,373,84,,motorcycle,Outer,0.1515291721088723
Vehicle Stoppage,374,84,,motorcycle,Outer,0.11746033373015284
Vehicle Stoppage,375,84,,motorcycle,Outer,0.09463889263933359
Vehicle Stoppage,376,84,,motorcycle,Outer,0.0586387244063186
Vehicle Stoppage,377,84,,motorcycle,Outer,0.04304195627524798
Vehicle Stoppage,378,84,,motorcycle,Outer,0.03528526604688643
Vehicle Stoppage,379,84,,motorcycle,Outer,0.031127158559690525
Vehicle Stoppage,380,84,,motorcycle,Outer,0.028945638704306546
Vehicle Stoppage,381,84,,motorcycle,Outer,0.021310326135471153
Vehicle Stoppage,382,84,,motorcycle,Outer,0.03285437565987151
Vehicle Stoppage,383,84,,motorcycle,Outer,0.04542741463037578
Vehicle Stoppage,384,84,,motorcycle,Outer,0.05225648285141661
Vehicle Stoppage,385,84,,motorcycle,Outer,0.05550576546629661
Vehicle Stoppage,386,84,,motorcycle,Outer,0.05662552428012678
Vehicle Stoppage,387,84,,motorcycle,Outer,0.056240910376701064
Vehicle Stoppage,388,84,,motorcycle,Outer,0.054504678698254365
Vehicle Stoppage,389,84,,motorcycle,Outer,0.051966239040358776
Vehicle Stoppage,390,84,,motorcycle,Outer,0.04880348348222875
Vehicle Stoppage,391,84,,motorcycle,Outer,0.0331615741484035
Vehicle Stoppage,392,84,,motorcycle,Outer,0.010089598604509333
Vehicle Stoppage,393,84,,motorcycle,Outer,0.035892199709693595
Vehicle Stoppage,394,84,,motorcycle,Outer,0.05528155207661805
Vehicle Stoppage,395,84,,motorcycle,Outer,0.06705467918050172
Vehicle Stoppage,396,84,,motorcycle,Outer,0.07537453150766492
Vehicle Stoppage,397,84,,motorcycle,Outer,0.0805784090187946
Vehicle Stoppage,398,84,,motorcycle,Outer,0.07106532206358081
Vehicle Stoppage,399,84,,motorcycle,Outer,0.04953645122533691
Vehicle Stoppage,400,84,,motorcycle,Outer,0.029516944286289964
Vehicle Stoppage,401,84,,motorcycle,Outer,0.030829369114532417
Vehicle Stoppage,402,84,,motorcycle,Outer,0.0338999999999956
Vehicle Stoppage,403,84,,motorcycle,Outer,0.03671852393547073
Vehicle Stoppage,404,84,,motorcycle,Outer,0.039108183286879275
Vehicle Stoppage,405,84,,motorcycle,Outer,0.04130399496416806
Vehicle Stoppage,406,84,,motorcycle,Outer,0.043671615495649324
Vehicle Stoppage,407,84,,motorcycle,Outer,0.045305408065701845
Vehicle Stoppage,408,84,,motorcycle,Outer,0.04632116147075286
Vehicle Stoppage,409,84,,motorcycle,Outer,0.0481757200257536
Vehicle Stoppage,410,84,,motorcycle,Outer,0.049972992706061536
Vehicle Stoppage,411,84,,motorcycle,Outer,0.050622228319190866
Vehicle Stoppage,412,84,,motorcycle,Outer,0.05080157477874325
Vehicle Stoppage,413,84,,motorcycle,Outer,0.05074347248661547
Vehicle Stoppage,414,84,,motorcycle,Outer,0.05055066765137363
Vehicle Stoppage,415,84,,motorcycle,Outer,0.050224496015391376
Vehicle Stoppage,416,84,,motorcycle,Outer,0.048352559394512315
Vehicle Stoppage,105,99,,car,Inner,0.11636257989577961
Vehicle Stoppage,106,99,,car,Inner,0.11643165377164931
Vehicle Stoppage,107,99,,car,Inner,0.11656423122038849
Vehicle Stoppage,108,99,,car,Inner,0.1170258518447958
Vehicle Stoppage,109,99,,car,Inner,0.11541338743837519
Vehicle Stoppage,110,99,,car,Inner,0.10941169955722647
Vehicle Stoppage,111,99,,car,Inner,0.10188468972323568
Vehicle Stoppage,112,99,,car,Inner,0.09164523992003794
Vehicle Stoppage,113,99,,car,Inner,0.08067793998361901
Vehicle Stoppage,114,99,,car,Inner,0.06856544319115968
Vehicle Stoppage,115,99,,car,Inner,0.056570310234260915
Vehicle Stoppage,116,99,,car,Inner,0.045991847103586087
Vehicle Stoppage,117,99,,car,Inner,0.040597660031091484
Vehicle Stoppage,118,99,,car,Inner,0.038225645841499366
Vehicle Stoppage,119,99,,car,Inner,0.03751972814399989
Vehicle Stoppage,120,99,,car,Inner,0.040617853217530066
Vehicle Stoppage,121,99,,car,Inner,0.057350937219897064
Vehicle Stoppage,122,99,,car,Inner,0.08854044273663624
Vehicle Stoppage,123,99,,car,Inner,0.1306998087221305
Vehicle Stoppage,124,99,,car,Inner,0.17882779426028683
Vehicle Stoppage,125,99,,car,Inner,0.23050268978907906
Vehicle Stoppage,126,99,,car,Inner,0.2846928520353091
Vehicle Stoppage,127,99,,car,Inner,0.2954627726127293
Vehicle Stoppage,128,99,,car,Inner,0.28191220264472283
Vehicle Stoppage,129,99,,car,Inner,0.2528324544040987
Vehicle Stoppage,130,99,,car,Inner,0.21360798206059664
Vehicle Stoppage,131,99,,car,Inner,0.1691583873179208
Vehicle Stoppage,132,99,,car,Inner,0.12378970070244517
Vehicle Stoppage,133,99,,car,Inner,0.0838697204001573
Vehicle Stoppage,134,99,,car,Inner,0.08052254342729684
Vehicle Stoppage,135,99,,car,Inner,0.08448248339152345
Vehicle Stoppage,136,99,,car,Inner,0.08778524933040258
Vehicle Stoppage,137,99,,car,Inner,0.10084294720009118
Vehicle Stoppage,138,99,,car,Inner,0.12586917811759976
Vehicle Stoppage,139,99,,car,Inner,0.14037197013649133
Vehicle Stoppage,140,99,,car,Inner,0.14941770310107305
Vehicle Stoppage,141,99,,car,Inner,0.141040596992498
Vehicle Stoppage,142,99,,car,Inner,0.13211585824571198
Vehicle Stoppage,143,99,,car,Inner,0.1269236778540535
Vehicle Stoppage,144,99,,car,Inner,0.10913775698629413
Vehicle Stoppage,145,99,,car,Inner,0.08220097323024271
Vehicle Stoppage,146,99,,car,Inner,0.06999714279882922
Vehicle Stoppage,147,99,,car,Inner,0.06309817746971952
Vehicle Stoppage,148,99,,car,Inner,0.05854442757427476
Vehicle Stoppage,149,99,,car,Inner,0.0549353256111242
Vehicle Stoppage,150,99,,car,Inner,0.05161869816258181
Vehicle Stoppage,151,99,,car,Inner,0.04785655649960902
Vehicle Stoppage,152,99,,car,Inner,0.04414442207119124
Vehicle Stoppage,153,99,,car,Inner,0.04195914679780236
Vehicle Stoppage,154,99,,car,Inner,0.040424992269627834
Vehicle Stoppage,155,99,,car,Inner,0.03896485596020193
Vehicle Stoppage,156,99,,car,Inner,0.038986792635460205
Vehicle Stoppage,157,99,,car,Inner,0.038715629918681174
Vehicle Stoppage,158,99,,car,Inner,0.04052110561176819
Vehicle Stoppage,159,99,,car,Inner,0.04360389890824468
Vehicle Stoppage,160,99,,car,Inner,0.04674697851198727
Vehicle Stoppage,161,99,,car,Inner,0.05006395909233659
Vehicle Stoppage,162,99,,car,Inner,0.05400481460017982
Vehicle Stoppage,163,99,,car,Inner,0.056824114599343
Vehicle Stoppage,164,99,,car,Inner,0.06051859218455182
Vehicle Stoppage,165,99,,car,Inner,0.06267702928504569
Vehicle Stoppage,166,99,,car,Inner,0.06393879886266315
Vehicle Stoppage,167,99,,car,Inner,0.06440124222404706
Vehicle Stoppage,168,99,,car,Inner,0.06460417943136945
Vehicle Stoppage,169,99,,car,Inner,0.06371883551980397
Vehicle Stoppage,170,99,,car,Inner,0.06275770868985285
Vehicle Stoppage,171,99,,car,Inner,0.06105243647881871
Vehicle Stoppage,172,99,,car,Inner,0.059109136349642113
Vehicle Stoppage,173,99,,car,Inner,0.05739729958805795
Vehicle Stoppage,174,99,,car,Inner,0.05610008912648847
Vehicle Stoppage,175,99,,car,Inner,0.05559460405470872
Vehicle Stoppage,176,99,,car,Inner,0.05717412001945818
Vehicle Stoppage,177,99,,car,Inner,0.05926162333246599
Vehicle Stoppage,178,99,,car,Inner,0.06172778952789186
Vehicle Stoppage,179,99,,car,Inner,0.06426274192718141
Vehicle Stoppage,180,99,,car,Inner,0.06678540259666928
Vehicle Stoppage,181,99,,car,Inner,0.07010235374080569
Vehicle Stoppage,182,99,,car,Inner,0.07418685867457167
Vehicle Stoppage,183,99,,car,Inner,0.07718471351246145
Vehicle Stoppage,184,99,,car,Inner,0.08064862057097154
Vehicle Stoppage,185,99,,car,Inner,0.08415515432817407
Vehicle Stoppage,186,99,,car,Inner,0.08741287090583695
Vehicle Stoppage,187,99,,car,Inner,0.09045711691181851
Vehicle Stoppage,188,99,,car,Inner,0.09226158463846022
Vehicle Stoppage,189,99,,car,Inner,0.09264394205776044
Vehicle Stoppage,190,99,,car,Inner,0.09261020462129971
Vehicle Stoppage,191,99,,car,Inner,0.09187861557510672
Vehicle Stoppage,192,99,,car,Inner,0.0907297635839449
Vehicle Stoppage,193,99,,car,Inner,0.0911230486759412
Vehicle Stoppage,194,99,,car,Inner,0.09207285159046187
Vehicle Stoppage,195,99,,car,Inner,0.09333830939115671
Vehicle Stoppage,196,99,,car,Inner,0.09551083708144485
Vehicle Stoppage,197,99,,car,Inner,0.09769467743946944
Vehicle Stoppage,198,99,,car,Inner,0.09990325320028097
Vehicle Stoppage,199,99,,car,Inner,0.10274244497772614
Vehicle Stoppage,200,99,,car,Inner,0.10495737229942033
Vehicle Stoppage,201,99,,car,Inner,0.10732683727754896
Vehicle Stoppage,202,99,,car,Inner,0.10993293410073768
Vehicle Stoppage,203,99,,car,Inner,0.11290407432860268
Vehicle Stoppage,204,99,,car,Inner,0.1162494301061301
Vehicle Stoppage,205,99,,car,Inner,0.12001220771237366
Vehicle Stoppage,206,99,,car,Inner,0.12350157893727469
Vehicle Stoppage,207,99,,car,Inner,0.12595126041449614
Vehicle Stoppage,208,99,,car,Inner,0.12794424566974452
Vehicle Stoppage,209,99,,car,Inner,0.12937542270463043
Vehicle Stoppage,210,99,,car,Inner,0.12995664661724599
Vehicle Stoppage,211,99,,car,Inner,0.1310469381557536
Vehicle Stoppage,212,99,,car,Inner,0.13254704825079994
Vehicle Stoppage,213,99,,car,Inner,0.1349250532703215
Vehicle Stoppage,214,99,,car,Inner,0.1377412429158497
Vehicle Stoppage,215,99,,car,Inner,0.14088736636050098
Vehicle Stoppage,216,99,,car,Inner,0.14338148416027227
Vehicle Stoppage,217,99,,car,Inner,0.1455709449031637
Vehicle Stoppage,218,99,,car,Inner,0.14676893404259603
Vehicle Stoppage,219,99,,car,Inner,0.14759329253052225
Vehicle Stoppage,220,99,,car,Inner,0.1473066529386827
Vehicle Stoppage,221,99,,car,Inner,0.14704727131095885
Vehicle Stoppage,222,99,,car,Inner,0.14629917976529921
Vehicle Stoppage,223,99,,car,Inner,0.14620687398340165
Vehicle Stoppage,224,99,,car,Inner,0.14632925203116143
Vehicle Stoppage,225,99,,car,Inner,0.14636837090028543
Vehicle Stoppage,226,99,,car,Inner,0.14581128214235553
Vehicle Stoppage,227,99,,car,Inner,0.1446498185273608
Vehicle Stoppage,228,99,,car,Inner,0.143309211148486
Vehicle Stoppage,229,99,,car,Inner,0.1417635355089539
Vehicle Stoppage,230,99,,car,Inner,0.1400218911456259
Vehicle Stoppage,231,99,,car,Inner,0.13838298305788077
Vehicle Stoppage,232,99,,car,Inner,0.1364271234029322
Vehicle Stoppage,233,99,,car,Inner,0.13496999666592974
Vehicle Stoppage,234,99,,car,Inner,0.1335338908292568
Vehicle Stoppage,235,99,,car,Inner,0.13242960394111883
Vehicle Stoppage,236,99,,car,Inner,0.13166871306427333
Vehicle Stoppage,237,99,,car,Inner,0.13086252328301956
Vehicle Stoppage,238,99,,car,Inner,0.12955963877690646
Vehicle Stoppage,239,99,,car,Inner,0.128887586679246
Vehicle Stoppage,240,99,,car,Inner,0.12840284264765878
Vehicle Stoppage,241,99,,car,Inner,0.12776826679579253
Vehicle Stoppage,242,99,,car,Inner,0.1268008280730175
Vehicle Stoppage,243,99,,car,Inner,0.12501527906619955
Vehicle Stoppage,244,99,,car,Inner,0.12347360041726362
Vehicle Stoppage,245,99,,car,Inner,0.12225105316519844
Vehicle Stoppage,246,99,,car,Inner,0.11964418080290473
Vehicle Stoppage,247,99,,car,Inner,0.11651287482506241
Vehicle Stoppage,248,99,,car,Inner,0.11246390532077531
Vehicle Stoppage,249,99,,car,Inner,0.10749009256670879
Vehicle Stoppage,250,99,,car,Inner,0.10251409659164577
Vehicle Stoppage,251,99,,car,Inner,0.09780618589844552
Vehicle Stoppage,252,99,,car,Inner,0.09291393867444998
Vehicle Stoppage,253,99,,car,Inner,0.08960608238284659
Vehicle Stoppage,254,99,,car,Inner,0.08699040176939542
Vehicle Stoppage,255,99,,car,Inner,0.08520850896477708
Vehicle Stoppage,256,99,,car,Inner,0.08404933075284096
Vehicle Stoppage,257,99,,car,Inner,0.08358498669018312
Vehicle Stoppage,258,99,,car,Inner,0.08317030720154595
Vehicle Stoppage,259,99,,car,Inner,0.08356751761299724
Vehicle Stoppage,260,99,,car,Inner,0.08402743599563253
Vehicle Stoppage,261,99,,car,Inner,0.08472378650650855
Vehicle Stoppage,262,99,,car,Inner,0.08578956813039612
Vehicle Stoppage,263,99,,car,Inner,0.08712152432090516
Vehicle Stoppage,264,99,,car,Inner,0.08829994337484065
Vehicle Stoppage,265,99,,car,Inner,0.0889855044375302
Vehicle Stoppage,266,99,,car,Inner,0.08797368924855219
Vehicle Stoppage,267,99,,car,Inner,0.08656679501980047
Vehicle Stoppage,268,99,,car,Inner,0.08526007271871203
Vehicle Stoppage,269,99,,car,Inner,0.0838649509628393
Vehicle Stoppage,270,99,,car,Inner,0.08304721548613017
Vehicle Stoppage,271,99,,car,Inner,0.08153244752856721
Vehicle Stoppage,272,99,,car,Inner,0.07922045190479546
Vehicle Stoppage,273,99,,car,Inner,0.07760644303148037
Vehicle Stoppage,274,99,,car,Inner,0.07590026350414401
Vehicle Stoppage,275,99,,car,Inner,0.07430060565029864
Vehicle Stoppage,276,99,,car,Inner,0.07280336530683261
Vehicle Stoppage,277,99,,car,Inner,0.0709085326318438
Vehicle Stoppage,278,99,,car,Inner,0.0700139986002874
Vehicle Stoppage,279,99,,car,Inner,0.07041817947092156
Vehicle Stoppage,280,99,,car,Inner,0.07122274917468902
Vehicle Stoppage,281,99,,car,Inner,0.07224679923706903
Vehicle Stoppage,282,99,,car,Inner,0.07320935732540987
Vehicle Stoppage,283,99,,car,Inner,0.07250889600595149
Vehicle Stoppage,284,99,,car,Inner,0.07130610072076368
Vehicle Stoppage,285,99,,car,Inner,0.06970466268478585
Vehicle Stoppage,286,99,,car,Inner,0.06711519947076867
Vehicle Stoppage,287,99,,car,Inner,0.06461586492494738
Vehicle Stoppage,288,99,,car,Inner,0.06222539674441485
Vehicle Stoppage,289,99,,car,Inner,0.05951016719854919
Vehicle Stoppage,290,99,,car,Inner,0.05774400401773891
Vehicle Stoppage,291,99,,car,Inner,0.05583018896618171
Vehicle Stoppage,292,99,,car,Inner,0.05397869950267519
Vehicle Stoppage,293,99,,car,Inner,0.052258587811002316
Vehicle Stoppage,294,99,,car,Inner,0.05017818250994392
Vehicle Stoppage,295,99,,car,Inner,0.04791502895752639
Vehicle Stoppage,296,99,,car,Inner,0.04577379162796263
Vehicle Stoppage,297,99,,car,Inner,0.04441103466482468
Vehicle Stoppage,298,99,,car,Inner,0.04325390155812454
Vehicle Stoppage,299,99,,car,Inner,0.04280432221167025
Vehicle Stoppage,300,99,,car,Inner,0.04244384525463577
Vehicle Stoppage,301,99,,car,Inner,0.04081041533727063
Vehicle Stoppage,302,99,,car,Inner,0.03834070943527997
Vehicle Stoppage,303,99,,car,Inner,0.03516887828748278
Vehicle Stoppage,304,99,,car,Inner,0.0314340579626648
Vehicle Stoppage,305,99,,car,Inner,0.027382110948581586
Vehicle Stoppage,306,99,,car,Inner,0.023809661904361092
Vehicle Stoppage,307,99,,car,Inner,0.020655265672459237
Vehicle Stoppage,308,99,,car,Inner,0.018949670181834997
Vehicle Stoppage,309,99,,car,Inner,0.018085353189808626
Vehicle Stoppage,310,99,,car,Inner,0.018016103907341104
Vehicle Stoppage,311,99,,car,Inner,0.018110770276272798
Vehicle Stoppage,312,99,,car,Inner,0.018676188047882653
Vehicle Stoppage,313,99,,car,Inner,0.01912537581330219
Vehicle Stoppage,314,99,,car,Inner,0.01935071058127076
Vehicle Stoppage,315,99,,car,Inner,0.019719026345120457
Vehicle Stoppage,316,99,,car,Inner,0.01984968513604384
Vehicle Stoppage,317,99,,car,Inner,0.02038062805706036
Vehicle Stoppage,318,99,,car,Inner,0.021245470105412792
Vehicle Stoppage,319,99,,car,Inner,0.022346588106473154
Vehicle Stoppage,320,99,,car,Inner,0.0234081182498701
Vehicle Stoppage,321,99,,car,Inner,0.024507345837527162
Vehicle Stoppage,322,99,,car,Inner,0.02590482580524474
Vehicle Stoppage,323,99,,car,Inner,0.02703867600309882
Vehicle Stoppage,324,99,,car,Inner,0.02805601539778095
Vehicle Stoppage,325,99,,car,Inner,0.028712366673615975
Vehicle Stoppage,326,99,,car,Inner,0.029300170647960994
Vehicle Stoppage,327,99,,car,Inner,0.029830353668711347
Vehicle Stoppage,328,99,,car,Inner,0.030681101675127935
Vehicle Stoppage,329,99,,car,Inner,0.03106976021792592
Vehicle Stoppage,330,99,,car,Inner,0.03147967598308525
Vehicle Stoppage,331,99,,car,Inner,0.032478454396716996
Vehicle Stoppage,332,99,,car,Inner,0.03383681427084999
Vehicle Stoppage,333,99,,car,Inner,0.035479853438265256
Vehicle Stoppage,334,99,,car,Inner,0.03725050335230966
Vehicle Stoppage,335,99,,car,Inner,0.039021660651489286
Vehicle Stoppage,336,99,,car,Inner,0.041165519552174484
Vehicle Stoppage,337,99,,car,Inner,0.04324742766916827
Vehicle Stoppage,338,99,,car,Inner,0.04499111023302593
Vehicle Stoppage,339,99,,car,Inner,0.04661416093849205
Vehicle Stoppage,340,99,,car,Inner,0.047762014195381695
Vehicle Stoppage,341,99,,car,Inner,0.04882007783688729
Vehicle Stoppage,342,99,,car,Inner,0.049988498677200066
Vehicle Stoppage,343,99,,car,Inner,0.0498639148081945
Vehicle Stoppage,344,99,,car,Inner,0.0489400653861374
Vehicle Stoppage,345,99,,car,Inner,0.047628772816438035
Vehicle Stoppage,346,99,,car,Inner,0.045671106840092394
Vehicle Stoppage,347,99,,car,Inner,0.04417442699119363
Vehicle Stoppage,348,99,,car,Inner,0.042680440485072565
Vehicle Stoppage,349,99,,car,Inner,0.04100792606314801
Vehicle Stoppage,350,99,,car,Inner,0.04051123301011166
Vehicle Stoppage,351,99,,car,Inner,0.04070835295120236
Vehicle Stoppage,352,99,,car,Inner,0.04144502382674706
Vehicle Stoppage,353,99,,car,Inner,0.04255408323534116
Vehicle Stoppage,354,99,,car,Inner,0.04342637447450008
Vehicle Stoppage,355,99,,car,Inner,0.04383697069824921
Vehicle Stoppage,356,99,,car,Inner,0.04418144406874475
Vehicle Stoppage,357,99,,car,Inner,0.04454312517100765
Vehicle Stoppage,358,99,,car,Inner,0.04495297542988067
Vehicle Stoppage,359,99,,car,Inner,0.045703938561142826
Vehicle Stoppage,360,99,,car,Inner,0.04581189801787547
Vehicle Stoppage,361,99,,car,Inner,0.0456536964549471
Vehicle Stoppage,362,99,,car,Inner,0.04546757086099932
Vehicle Stoppage,363,99,,car,Inner,0.045015552867875966
Vehicle Stoppage,364,99,,car,Inner,0.04374402816386211
Vehicle Stoppage,365,99,,car,Inner,0.04219004621946002
Vehicle Stoppage,366,99,,car,Inner,0.04042783694436673
Vehicle Stoppage,367,99,,car,Inner,0.03915673632977806
Vehicle Stoppage,368,99,,car,Inner,0.03822145994071564
Vehicle Stoppage,369,99,,car,Inner,0.037211019873154304
Vehicle Stoppage,370,99,,car,Inner,0.03613876035504737
Vehicle Stoppage,371,99,,car,Inner,0.03571918252143807
Vehicle Stoppage,372,99,,car,Inner,0.035266556395548175
Vehicle Stoppage,373,99,,car,Inner,0.034932649484394895
Vehicle Stoppage,374,99,,car,Inner,0.034560671289779035
Vehicle Stoppage,375,99,,car,Inner,0.034128287387442904
Vehicle Stoppage,376,99,,car,Inner,0.033664818431113325
Vehicle Stoppage,377,99,,car,Inner,0.033551453023676736
Vehicle Stoppage,378,99,,car,Inner,0.033443085982016826
Vehicle Stoppage,379,99,,car,Inner,0.034100146627252984
Vehicle Stoppage,380,99,,car,Inner,0.0348127850078087
Vehicle Stoppage,381,99,,car,Inner,0.035973601432165214
Vehicle Stoppage,382,99,,car,Inner,0.037165171868302226
Vehicle Stoppage,383,99,,car,Inner,0.03816438129984332
Vehicle Stoppage,384,99,,car,Inner,0.03880747350704219
Vehicle Stoppage,385,99,,car,Inner,0.03936419693070945
Vehicle Stoppage,386,99,,car,Inner,0.03900371777151875
Vehicle Stoppage,387,99,,car,Inner,0.03853686546671883
Vehicle Stoppage,388,99,,car,Inner,0.03765275554325528
Vehicle Stoppage,389,99,,car,Inner,0.03625272403557841
Vehicle Stoppage,390,99,,car,Inner,0.03537258825700984
Vehicle Stoppage,391,99,,car,Inner,0.03447100230629195
Vehicle Stoppage,392,99,,car,Inner,0.03390943821415512
Vehicle Stoppage,393,99,,car,Inner,0.03379659746187384
Vehicle Stoppage,394,99,,car,Inner,0.0341525987298108
Vehicle Stoppage,395,99,,car,Inner,0.03476693831789292
Vehicle Stoppage,396,99,,car,Inner,0.0348769264700888
Vehicle Stoppage,397,99,,car,Inner,0.033792454779136734
Vehicle Stoppage,398,99,,car,Inner,0.032478454396722006
Vehicle Stoppage,399,99,,car,Inner,0.030901456276365966
Vehicle Stoppage,400,99,,car,Inner,0.029608275870097917
Vehicle Stoppage,401,99,,car,Inner,0.028401760508815363
Vehicle Stoppage,402,99,,car,Inner,0.027137059531201674
Vehicle Stoppage,403,99,,car,Inner,0.026121638539726124
Vehicle Stoppage,404,99,,car,Inner,0.026246904579401542
Vehicle Stoppage,405,99,,car,Inner,0.027011849251759115
Vehicle Stoppage,406,99,,car,Inner,0.028207268566806297
Vehicle Stoppage,407,99,,car,Inner,0.029461330587734067
Vehicle Stoppage,408,99,,car,Inner,0.03155138665732513
Vehicle Stoppage,409,99,,car,Inner,0.03358586011999307
Vehicle Stoppage,410,99,,car,Inner,0.0354203331435522
Vehicle Stoppage,411,99,,car,Inner,0.03650671171168074
Vehicle Stoppage,412,99,,car,Inner,0.036947665690811045
Vehicle Stoppage,413,99,,car,Inner,0.037185615498464594
Vehicle Stoppage,414,99,,car,Inner,0.03640027472423439
Vehicle Stoppage,415,99,,car,Inner,0.03540692022755168
Vehicle Stoppage,416,99,,car,Inner,0.03463899536649571
Vehicle Stoppage,417,99,,car,Inner,0.03406890077475103
Vehicle Stoppage,418,99,,car,Inner,0.033811536492739505
Vehicle Stoppage,419,99,,car,Inner,0.03447027705139423
Vehicle Stoppage,420,99,,car,Inner,0.03456240732356065
Vehicle Stoppage,421,99,,car,Inner,0.03457701548717356
Vehicle Stoppage,422,99,,car,Inner,0.03481436485130987
Vehicle Stoppage,423,99,,car,Inner,0.032347179166047596
Vehicle Stoppage,424,99,,car,Inner,0.028689545134076923
Vehicle Stoppage,425,99,,car,Inner,0.02561269216619023
Vehicle Stoppage,426,99,,car,Inner,0.024764894508159226
Vehicle Stoppage,427,99,,car,Inner,0.025434818654747723
Vehicle Stoppage,428,99,,car,Inner,0.02596247291765202
Vehicle Stoppage,429,99,,car,Inner,0.026685201891685165
Vehicle Stoppage,430,99,,car,Inner,0.02804014978561366
Vehicle Stoppage,431,99,,car,Inner,0.02760072462816784
Vehicle Stoppage,432,99,,car,Inner,0.027191910561776746
Vehicle Stoppage,433,99,,car,Inner,0.02861835075611568
Vehicle Stoppage,434,99,,car,Inner,0.03081509370422097
Vehicle Stoppage,435,99,,car,Inner,0.034643902782450844
Vehicle Stoppage,436,99,,car,Inner,0.039980245121812606
Vehicle Stoppage,437,99,,car,Inner,0.04351746775721376
Vehicle Stoppage,438,99,,car,Inner,0.0490917508345363
Vehicle Stoppage,439,99,,car,Inner,0.053707541369900746
Vehicle Stoppage,440,99,,car,Inner,0.05326649979114263
Vehicle Stoppage,441,99,,car,Inner,0.05234214363206698
Vehicle Stoppage,442,99,,car,Inner,0.05095193813782209
Vehicle Stoppage,443,99,,car,Inner,0.04948373470141764
Vehicle Stoppage,444,99,,car,Inner,0.04848143974759562
Vehicle Stoppage,445,99,,car,Inner,0.04779131720303325
Vehicle Stoppage,446,99,,car,Inner,0.049739320461791914
Vehicle Stoppage,447,99,,car,Inner,0.05286132801963775
Vehicle Stoppage,448,99,,car,Inner,0.054019626063137594
Vehicle Stoppage,449,99,,car,Inner,0.05103136290555942
Vehicle Stoppage,450,99,,car,Inner,0.04698340132428954
Vehicle Stoppage,451,99,,car,Inner,0.042299527184115775
Vehicle Stoppage,452,99,,car,Inner,0.037159790096285436
Vehicle Stoppage,453,99,,car,Inner,0.03222374900596726
Vehicle Stoppage,454,99,,car,Inner,0.027259493759043893
Vehicle Stoppage,455,99,,car,Inner,0.022530423875288353
Vehicle Stoppage,456,99,,car,Inner,0.02390983061420829
Vehicle Stoppage,457,99,,car,Inner,0.024961169844371335
Vehicle Stoppage,458,99,,car,Inner,0.025858847615466415
Vehicle Stoppage,459,99,,car,Inner,0.027319040978769388
Vehicle Stoppage,460,99,,car,Inner,0.029248247810759524
Vehicle Stoppage,461,99,,car,Inner,0.03145313974788726
Vehicle Stoppage,462,99,,car,Inner,0.03413297525853362
Vehicle Stoppage,463,99,,car,Inner,0.03390014749230723
Vehicle Stoppage,464,99,,car,Inner,0.034836762191689116
Vehicle Stoppage,465,99,,car,Inner,0.036415655973782005
Vehicle Stoppage,466,99,,car,Inner,0.038265519727305825
Vehicle Stoppage,467,99,,car,Inner,0.039458839313899215
Vehicle Stoppage,468,99,,car,Inner,0.04032988966014813
Vehicle Stoppage,469,99,,car,Inner,0.04006906537466897
Vehicle Stoppage,470,99,,car,Inner,0.03921849053698769
Vehicle Stoppage,471,99,,car,Inner,0.04027666818395163
Vehicle Stoppage,472,99,,car,Inner,0.04001062358922847
Vehicle Stoppage,473,99,,car,Inner,0.04103961500793619
Vehicle Stoppage,474,99,,car,Inner,0.04060898915265332
Vehicle Stoppage,475,99,,car,Inner,0.0397412883535542
Vehicle Stoppage,476,99,,car,Inner,0.03921849053698757
Vehicle Stoppage,477,99,,car,Inner,0.0389894857621906
Vehicle Stoppage,478,99,,car,Inner,0.03712276929325683
Vehicle Stoppage,479,99,,car,Inner,0.036055512754635956
Vehicle Stoppage,480,99,,car,Inner,0.034016466600747135
Vehicle Stoppage,481,99,,car,Inner,0.035444745731903225
Vehicle Stoppage,482,99,,car,Inner,0.040016996389030265
Vehicle Stoppage,483,99,,car,Inner,0.045825975166932355
Vehicle Stoppage,484,99,,car,Inner,0.05014229751417338
Vehicle Stoppage,485,99,,car,Inner,0.05313002917372103
Vehicle Stoppage,486,99,,car,Inner,0.05768439997087774
Vehicle Stoppage,487,99,,car,Inner,0.06218311667968775
Vehicle Stoppage,488,99,,car,Inner,0.06330639778095258
Vehicle Stoppage,489,99,,car,Inner,0.06262092302097179
Vehicle Stoppage,490,99,,car,Inner,0.06146250889770166
Vehicle Stoppage,491,99,,car,Inner,0.06023188524361116
Vehicle Stoppage,492,99,,car,Inner,0.05906606470724632
Vehicle Stoppage,493,99,,car,Inner,0.05523594843939203
Vehicle Stoppage,494,99,,car,Inner,0.052702371863136206
Vehicle Stoppage,495,99,,car,Inner,0.051179781164045306
Vehicle Stoppage,496,99,,car,Inner,0.05018067357060477
Vehicle Stoppage,497,99,,car,Inner,0.04730803314449361
Vehicle Stoppage,498,99,,car,Inner,0.04648236224634772
Vehicle Stoppage,499,99,,car,Inner,0.04867627758980739
Vehicle Stoppage,500,99,,car,Inner,0.052661940716225285
Vehicle Stoppage,501,99,,car,Inner,0.055354313291730746
Vehicle Stoppage,502,99,,car,Inner,0.05514571606209371
Vehicle Stoppage,503,99,,car,Inner,0.055368673453493056
Vehicle Stoppage,504,99,,car,Inner,0.05833532377556729
Vehicle Stoppage,505,99,,car,Inner,0.060781082583321384
Vehicle Stoppage,506,99,,car,Inner,0.06463946163142155
Vehicle Stoppage,507,99,,car,Inner,0.06933815688349826
Vehicle Stoppage,508,99,,car,Inner,0.07492930001008347
Vehicle Stoppage,509,99,,car,Inner,0.08352245207128725
Vehicle Stoppage,510,99,,car,Inner,0.0915817121482166
Vehicle Stoppage,511,99,,car,Inner,0.09674636944091938
Vehicle Stoppage,512,99,,car,Inner,0.10327681249921544
Vehicle Stoppage,513,99,,car,Inner,0.10362055780587393
Vehicle Stoppage,514,99,,car,Inner,0.09787241695186698
Vehicle Stoppage,515,99,,car,Inner,0.08867479912579182
Vehicle Stoppage,516,99,,car,Inner,0.07803287768626387
Vehicle Stoppage,517,99,,car,Inner,0.06982155827535917
Vehicle Stoppage,518,99,,car,Inner,0.06324080960898489
Vehicle Stoppage,519,99,,car,Inner,0.05812512365578891
Vehicle Stoppage,520,99,,car,Inner,0.05452017975025223
Vehicle Stoppage,521,99,,car,Inner,0.05403868984347916
Vehicle Stoppage,522,99,,car,Inner,0.0547694257775291
Vehicle Stoppage,523,99,,car,Inner,0.05697753943441603
Vehicle Stoppage,524,99,,car,Inner,0.057123375250417746
Vehicle Stoppage,525,99,,car,Inner,0.05726849046377925
Vehicle Stoppage,526,99,,car,Inner,0.056253177688017623
Vehicle Stoppage,527,99,,car,Inner,0.056935050715707966
Vehicle Stoppage,528,99,,car,Inner,0.05728001396647996
Vehicle Stoppage,529,99,,car,Inner,0.05758784593991887
Vehicle Stoppage,530,99,,car,Inner,0.05711899859065864
Vehicle Stoppage,531,99,,car,Inner,0.05653538714822961
Vehicle Stoppage,532,99,,car,Inner,0.05516747230025935
Vehicle Stoppage,533,99,,car,Inner,0.05451495207738328
Vehicle Stoppage,534,99,,car,Inner,0.053979625786027274
Vehicle Stoppage,535,99,,car,Inner,0.053711265112636575
Vehicle Stoppage,536,99,,car,Inner,0.054306537359698516
Vehicle Stoppage,537,99,,car,Inner,0.05573544653090995
Vehicle Stoppage,538,99,,car,Inner,0.05692890302824861
Vehicle Stoppage,539,99,,car,Inner,0.057238623323759306
Vehicle Stoppage,540,99,,car,Inner,0.05683044958470886
Vehicle Stoppage,541,99,,car,Inner,0.05607798141873704
Vehicle Stoppage,542,99,,car,Inner,0.05625122220894073
Vehicle Stoppage,543,99,,car,Inner,0.05836797066885147
Vehicle Stoppage,544,99,,car,Inner,0.0623407571336766
Vehicle Stoppage,545,99,,car,Inner,0.0680101463018559
Vehicle Stoppage,546,99,,car,Inner,0.07113683996354994
Vehicle Stoppage,547,99,,car,Inner,0.07535330118847013
Vehicle Stoppage,548,99,,car,Inner,0.07784497414734592
Vehicle Stoppage,549,99,,car,Inner,0.07894738754386298
Vehicle Stoppage,550,99,,car,Inner,0.07804671677912228
Vehicle Stoppage,551,99,,car,Inner,0.07528910943822255
Vehicle Stoppage,552,99,,car,Inner,0.07206941098690985
Vehicle Stoppage,553,99,,car,Inner,0.07033128748999387
Vehicle Stoppage,554,99,,car,Inner,0.06886697321648172
Vehicle Stoppage,555,99,,car,Inner,0.06812965580420453
Vehicle Stoppage,556,99,,car,Inner,0.06777558557474982
Vehicle Stoppage,557,99,,car,Inner,0.06763261047748954
Vehicle Stoppage,558,99,,car,Inner,0.06734277986540538
Vehicle Stoppage,559,99,,car,Inner,0.06693952494602526
Vehicle Stoppage,560,99,,car,Inner,0.06656320304792797
Vehicle Stoppage,561,99,,car,Inner,0.06629781293527194
Vehicle Stoppage,562,99,,car,Inner,0.06602734282098818
Vehicle Stoppage,563,99,,car,Inner,0.0663108588392633
Vehicle Stoppage,564,99,,car,Inner,0.06681466904804705
Vehicle Stoppage,565,99,,car,Inner,0.06792657800890035
Vehicle Stoppage,566,99,,car,Inner,0.0694141196011319
Vehicle Stoppage,567,99,,car,Inner,0.07114393860337064
Vehicle Stoppage,568,99,,car,Inner,0.07214048793846858
Vehicle Stoppage,569,99,,car,Inner,0.07414910653541087
Vehicle Stoppage,570,99,,car,Inner,0.07663523993568454
Vehicle Stoppage,571,99,,car,Inner,0.07936056955441141
Vehicle Stoppage,572,99,,car,Inner,0.08202200924142307
Vehicle Stoppage,573,99,,car,Inner,0.08458557796693472
Vehicle Stoppage,574,99,,car,Inner,0.08705015795505558
Vehicle Stoppage,575,99,,car,Inner,0.0897424091497378
Vehicle Stoppage,576,99,,car,Inner,0.0918048473665729
Vehicle Stoppage,577,99,,car,Inner,0.09318245543019306
Vehicle Stoppage,578,99,,car,Inner,0.09344543862596522
Vehicle Stoppage,579,99,,car,Inner,0.09381177964413626
Vehicle Stoppage,580,99,,car,Inner,0.09400324462485174
Vehicle Stoppage,581,99,,car,Inner,0.09464850764803383
Vehicle Stoppage,582,99,,car,Inner,0.09541325903667537
Vehicle Stoppage,583,99,,car,Inner,0.09502531241727345
Vehicle Stoppage,584,99,,car,Inner,0.09469318877300337
Vehicle Stoppage,585,99,,car,Inner,0.09468817243985632
Vehicle Stoppage,586,99,,car,Inner,0.09436800305188256
Vehicle Stoppage,587,99,,car,Inner,0.09332036219389796
Vehicle Stoppage,588,99,,car,Inner,0.09186076420323094
Vehicle Stoppage,589,99,,car,Inner,0.08873387177397359
Vehicle Stoppage,590,99,,car,Inner,0.0844258254327357
Vehicle Stoppage,591,99,,car,Inner,0.08022131886226157
Vehicle Stoppage,592,99,,car,Inner,0.07691150759151281
Vehicle Stoppage,593,99,,car,Inner,0.074900066755644
Vehicle Stoppage,594,99,,car,Inner,0.07405295402615453
Vehicle Stoppage,595,99,,car,Inner,0.07389188047410573
Vehicle Stoppage,596,99,,car,Inner,0.0727859876624559
Vehicle Stoppage,597,99,,car,Inner,0.07175465141717258
Vehicle Stoppage,598,99,,car,Inner,0.07195533336730522
Vehicle Stoppage,599,99,,car,Inner,0.07343269026802897
Vehicle Stoppage,600,99,,car,Inner,0.07533418878569953
Vehicle Stoppage,601,99,,car,Inner,0.0771622964925197
Vehicle Stoppage,602,99,,car,Inner,0.08053881052013857
Vehicle Stoppage,603,99,,car,Inner,0.08388092751036513
Vehicle Stoppage,604,99,,car,Inner,0.08369450400115856
Vehicle Stoppage,605,99,,car,Inner,0.08150153372790249
Vehicle Stoppage,606,99,,car,Inner,0.078539798828356
Vehicle Stoppage,607,99,,car,Inner,0.07297081608423996
Vehicle Stoppage,608,99,,car,Inner,0.06771447408051007
Vehicle Stoppage,609,99,,car,Inner,0.06512917932846732
Vehicle Stoppage,610,99,,car,Inner,0.06671986211016848
Vehicle Stoppage,611,99,,car,Inner,0.07086042619121417
Vehicle Stoppage,612,99,,car,Inner,0.0756341853925794
Vehicle Stoppage,613,99,,car,Inner,0.07655494758668244
Vehicle Stoppage,614,99,,car,Inner,0.07501266559721784
Vehicle Stoppage,615,99,,car,Inner,0.07201006874042125
Vehicle Stoppage,616,99,,car,Inner,0.07040809612537789
Vehicle Stoppage,617,99,,car,Inner,0.07061536659962973
Vehicle Stoppage,618,99,,car,Inner,0.07305956474001492
Vehicle Stoppage,619,99,,car,Inner,0.0745633958454173
Vehicle Stoppage,620,99,,car,Inner,0.09516012820504138
Vehicle Stoppage,621,99,,car,Inner,0.10615333249597363
Vehicle Stoppage,622,99,,car,Inner,0.11028440506254449
Vehicle Stoppage,623,99,,car,Inner,0.11118745432826667
Vehicle Stoppage,624,99,,car,Inner,0.11116496750325654
Vehicle Stoppage,625,99,,car,Inner,0.112429533486541
Vehicle Stoppage,626,99,,car,Inner,0.11340414454507065
Vehicle Stoppage,627,99,,car,Inner,0.09067838772276088
Vehicle Stoppage,628,99,,car,Inner,0.07767110144706661
Vehicle Stoppage,629,99,,car,Inner,0.0692685354255427
Vehicle Stoppage,630,99,,car,Inner,0.06266737588251188
Vehicle Stoppage,631,99,,car,Inner,0.05658144572207073
Vehicle Stoppage,632,99,,car,Inner,0.052405534058917395
Vehicle Stoppage,633,99,,car,Inner,0.05165123425437266
Vehicle Stoppage,634,99,,car,Inner,0.05283578332910743
Vehicle Stoppage,635,99,,car,Inner,0.054368005297234595
Vehicle Stoppage,636,99,,car,Inner,0.057438837035570144
Vehicle Stoppage,637,99,,car,Inner,0.0600720400852223
Vehicle Stoppage,638,99,,car,Inner,0.06285896912931396
Vehicle Stoppage,639,99,,car,Inner,0.06329423354461702
Vehicle Stoppage,640,99,,car,Inner,0.05948193002920803
Vehicle Stoppage,641,99,,car,Inner,0.05686624657914938
Vehicle Stoppage,642,99,,car,Inner,0.05495252496473454
Vehicle Stoppage,643,99,,car,Inner,0.05186106439323996
Vehicle Stoppage,644,99,,car,Inner,0.04905670188669449
Vehicle Stoppage,645,99,,car,Inner,0.046162430611919575
Vehicle Stoppage,646,99,,car,Inner,0.045300110375146044
Vehicle Stoppage,647,99,,car,Inner,0.045339827966146856
Vehicle Stoppage,648,99,,car,Inner,0.04636086711871888
Vehicle Stoppage,649,99,,car,Inner,0.04859886829958755
Vehicle Stoppage,650,99,,car,Inner,0.05138920120025263
Vehicle Stoppage,651,99,,car,Inner,0.05424287971706087
Vehicle Stoppage,652,99,,car,Inner,0.057054097135960144
Vehicle Stoppage,653,99,,car,Inner,0.05925883900313988
Vehicle Stoppage,654,99,,car,Inner,0.06071655457945306
Vehicle Stoppage,655,99,,car,Inner,0.06076257071586198
Vehicle Stoppage,656,99,,car,Inner,0.05954267377267308
Vehicle Stoppage,657,99,,car,Inner,0.05854997865072624
Vehicle Stoppage,658,99,,car,Inner,0.05890687565980862
Vehicle Stoppage,659,99,,car,Inner,0.05936303563666713
Vehicle Stoppage,660,99,,car,Inner,0.060586219555276946
Vehicle Stoppage,661,99,,car,Inner,0.0621819909620154
Vehicle Stoppage,662,99,,car,Inner,0.06373648876428895
Vehicle Stoppage,663,99,,car,Inner,0.06504921213972797
Vehicle Stoppage,664,99,,car,Inner,0.06653495322009588
Vehicle Stoppage,665,99,,car,Inner,0.06777861019525391
Vehicle Stoppage,666,99,,car,Inner,0.07134879116005037
Vehicle Stoppage,667,99,,car,Inner,0.07464650025285777
Vehicle Stoppage,668,99,,car,Inner,0.07783553173198343
Vehicle Stoppage,669,99,,car,Inner,0.08169657275553663
Vehicle Stoppage,670,99,,car,Inner,0.08540316153398225
Vehicle Stoppage,671,99,,car,Inner,0.0893980424841616
Vehicle Stoppage,672,99,,car,Inner,0.09358552238460295
Vehicle Stoppage,673,99,,car,Inner,0.09638340106055443
Vehicle Stoppage,674,99,,car,Inner,0.09965244603119904
Vehicle Stoppage,675,99,,car,Inner,0.10307788317577764
Vehicle Stoppage,676,99,,car,Inner,0.1055402292966934
Vehicle Stoppage,677,99,,car,Inner,0.10686449363562649
Vehicle Stoppage,678,99,,car,Inner,0.10746762303131153
Vehicle Stoppage,679,99,,car,Inner,0.10476268419624413
Vehicle Stoppage,680,99,,car,Inner,0.10078695352078527
Vehicle Stoppage,681,99,,car,Inner,0.09650005181345693
Vehicle Stoppage,682,99,,car,Inner,0.09276815186258582
Vehicle Stoppage,683,99,,car,Inner,0.09122220124508448
Vehicle Stoppage,684,99,,car,Inner,0.08975266012771085
Vehicle Stoppage,685,99,,car,Inner,0.08867581406448659
Vehicle Stoppage,686,99,,car,Inner,0.08855873757005088
Vehicle Stoppage,687,99,,car,Inner,0.08931080561723181
Vehicle Stoppage,688,99,,car,Inner,0.09060077262363514
Vehicle Stoppage,689,99,,car,Inner,0.09134949370411893
Vehicle Stoppage,690,99,,car,Inner,0.09038722254832968
Vehicle Stoppage,691,99,,car,Inner,0.08959045708109904
Vehicle Stoppage,692,99,,car,Inner,0.08906368507982941
Vehicle Stoppage,693,99,,car,Inner,0.08875590121225331
Vehicle Stoppage,694,99,,car,Inner,0.0880056816347696
Vehicle Stoppage,695,99,,car,Inner,0.08678582833619809
Vehicle Stoppage,696,99,,car,Inner,0.0863352766834011
Vehicle Stoppage,697,99,,car,Inner,0.08246235504762135
Vehicle Stoppage,698,99,,car,Inner,0.07681178295028122
Vehicle Stoppage,699,99,,car,Inner,0.07084885320172503
Vehicle Stoppage,700,99,,car,Inner,0.06512818130425972
Vehicle Stoppage,701,99,,car,Inner,0.06072800013173638
Vehicle Stoppage,702,99,,car,Inner,0.05756127170242113
Vehicle Stoppage,703,99,,car,Inner,0.05576602908581369
Vehicle Stoppage,704,99,,car,Inner,0.055018633207306065
Vehicle Stoppage,705,99,,car,Inner,0.055069592335514984
Vehicle Stoppage,706,99,,car,Inner,0.0560802995712332
Vehicle Stoppage,707,99,,car,Inner,0.058439199173151865
Vehicle Stoppage,708,99,,car,Inner,0.06146942329321326
Vehicle Stoppage,709,99,,car,Inner,0.06388059173175586
Vehicle Stoppage,710,99,,car,Inner,0.04350264359783313
Vehicle Stoppage,711,99,,car,Inner,0.03180251562376047
Vehicle Stoppage,712,99,,car,Inner,0.02339444378479426
Vehicle Stoppage,713,99,,car,Inner,0.01833084831643666
Vehicle Stoppage,714,99,,car,Inner,0.01964739168439775
Vehicle Stoppage,715,99,,car,Inner,0.027526895938335277
Vehicle Stoppage,716,99,,car,Inner,0.03382809483255299
Vehicle Stoppage,717,99,,car,Inner,0.054847607058097644
Vehicle Stoppage,718,99,,car,Inner,0.06865347769778392
Vehicle Stoppage,719,99,,car,Inner,0.07517885340972319
Vehicle Stoppage,720,99,,car,Inner,0.07602585086665946
Vehicle Stoppage,721,99,,car,Inner,0.07431958019257542
Vehicle Stoppage,722,99,,car,Inner,0.07099077404845919
Vehicle Stoppage,723,99,,car,Inner,0.06679738018815068
Vehicle Stoppage,724,99,,car,Inner,0.06337799302596732
Vehicle Stoppage,725,99,,car,Inner,0.06047222502934508
Vehicle Stoppage,726,99,,car,Inner,0.05695752803625338
Vehicle Stoppage,727,99,,car,Inner,0.054483483735891326
Vehicle Stoppage,728,99,,car,Inner,0.05222116429188087
Vehicle Stoppage,729,99,,car,Inner,0.05155201256983123
Vehicle Stoppage,730,99,,car,Inner,0.052919939531334316
Vehicle Stoppage,731,99,,car,Inner,0.053323634534781464
Vehicle Stoppage,732,99,,car,Inner,0.0529506373899318
Vehicle Stoppage,733,99,,car,Inner,0.0548343870212817
Vehicle Stoppage,734,99,,car,Inner,0.055871638601349076
Vehicle Stoppage,735,99,,car,Inner,0.05692776124177262
Vehicle Stoppage,736,99,,car,Inner,0.05487221519129538
Vehicle Stoppage,737,99,,car,Inner,0.05114547878356424
Vehicle Stoppage,738,99,,car,Inner,0.04757415264616088
Vehicle Stoppage,739,99,,car,Inner,0.04418551798949384
Vehicle Stoppage,740,99,,car,Inner,0.04008989897717564
Vehicle Stoppage,741,99,,car,Inner,0.03652245884384416
Vehicle Stoppage,742,99,,car,Inner,0.03323040776157665
Vehicle Stoppage,743,99,,car,Inner,0.030859844458447718
Vehicle Stoppage,744,99,,car,Inner,0.0296602427501907
Vehicle Stoppage,745,99,,car,Inner,0.029486437560342017
Vehicle Stoppage,746,99,,car,Inner,0.03146823795513045
Vehicle Stoppage,747,99,,car,Inner,0.03399999999998764
Vehicle Stoppage,748,99,,car,Inner,0.037380476187443716
Vehicle Stoppage,749,99,,car,Inner,0.04054750300573838
Vehicle Stoppage,750,99,,car,Inner,0.04477722635447358
Vehicle Stoppage,751,99,,car,Inner,0.04836620721124018
Vehicle Stoppage,752,99,,car,Inner,0.05193621087450212
Vehicle Stoppage,753,99,,car,Inner,0.05387281318068547
Vehicle Stoppage,754,99,,car,Inner,0.056808802134875956
Vehicle Stoppage,755,99,,car,Inner,0.06059042828698433
Vehicle Stoppage,756,99,,car,Inner,0.0660364293401759
Vehicle Stoppage,757,99,,car,Inner,0.06968966924875866
Vehicle Stoppage,758,99,,car,Inner,0.07270825262650846
Vehicle Stoppage,759,99,,car,Inner,0.07589703551522675
Vehicle Stoppage,760,99,,car,Inner,0.07938816032633195
Vehicle Stoppage,761,99,,car,Inner,0.08254580546581734
Vehicle Stoppage,762,99,,car,Inner,0.08553461287688556
Vehicle Stoppage,763,99,,car,Inner,0.0874663935463093
Vehicle Stoppage,764,99,,car,Inner,0.08959871650866812
Vehicle Stoppage,765,99,,car,Inner,0.09165244132045994
Vehicle Stoppage,766,99,,car,Inner,0.093164907556436
Vehicle Stoppage,767,99,,car,Inner,0.09387182750964643
Vehicle Stoppage,768,99,,car,Inner,0.0915561576301634
Vehicle Stoppage,769,99,,car,Inner,0.09021224972253583
Vehicle Stoppage,770,99,,car,Inner,0.08959520076433805
Vehicle Stoppage,771,99,,car,Inner,0.08868652659790639
Vehicle Stoppage,772,99,,car,Inner,0.0878992605202156
Vehicle Stoppage,773,99,,car,Inner,0.0872200091721975
Vehicle Stoppage,774,99,,car,Inner,0.08336486070282301
Vehicle Stoppage,775,99,,car,Inner,0.08048105367102996
Vehicle Stoppage,776,99,,car,Inner,0.0753331932152052
Vehicle Stoppage,777,99,,car,Inner,0.06805247974908421
Vehicle Stoppage,778,99,,car,Inner,0.06013651137203462
Vehicle Stoppage,779,99,,car,Inner,0.051754903149360994
Vehicle Stoppage,780,99,,car,Inner,0.04324869940242048
Vehicle Stoppage,781,99,,car,Inner,0.03674914965002562
Vehicle Stoppage,782,99,,car,Inner,0.032964526388225134
Vehicle Stoppage,783,99,,car,Inner,0.031254119728440784
Vehicle Stoppage,784,99,,car,Inner,0.03181571938523869
Vehicle Stoppage,785,99,,car,Inner,0.03374314745248259
Vehicle Stoppage,786,99,,car,Inner,0.035557418353969514
Vehicle Stoppage,787,99,,car,Inner,0.036986754385859986
Vehicle Stoppage,788,99,,car,Inner,0.03934513947109222
Vehicle Stoppage,789,99,,car,Inner,0.0387249273724411
Vehicle Stoppage,790,99,,car,Inner,0.03829738894494601
Vehicle Stoppage,791,99,,car,Inner,0.03623106401970746
Vehicle Stoppage,792,99,,car,Inner,0.03327296199619651
Vehicle Stoppage,793,99,,car,Inner,0.030121254953934532
Vehicle Stoppage,794,99,,car,Inner,0.027488179277647313
Vehicle Stoppage,795,99,,car,Inner,0.02533140343526393
Vehicle Stoppage,796,99,,car,Inner,0.024920874784001176
Vehicle Stoppage,797,99,,car,Inner,0.023608896628179072
Vehicle Stoppage,798,99,,car,Inner,0.022710790386944773
Vehicle Stoppage,799,99,,car,Inner,0.022022715545545603
Vehicle Stoppage,800,99,,car,Inner,0.02193171219946184
Vehicle Stoppage,801,99,,car,Inner,0.02232576986354377
Vehicle Stoppage,802,99,,car,Inner,0.022896506283714188
Vehicle Stoppage,803,99,,car,Inner,0.02410995644956805
Vehicle Stoppage,804,99,,car,Inner,0.025795542250550692
Vehicle Stoppage,805,99,,car,Inner,0.027365123789232688
Vehicle Stoppage,806,99,,car,Inner,0.029099312706663084
Vehicle Stoppage,807,99,,car,Inner,0.03077466490476032
Vehicle Stoppage,808,99,,car,Inner,0.03286000608642812
Vehicle Stoppage,809,99,,car,Inner,0.03442005229512903
Vehicle Stoppage,810,99,,car,Inner,0.03427331323348198
Vehicle Stoppage,811,99,,car,Inner,0.033167001673345485
Vehicle Stoppage,812,99,,car,Inner,0.03182483307104314
Vehicle Stoppage,813,99,,car,Inner,0.031324910215349
Vehicle Stoppage,814,99,,car,Inner,0.03072783754188114
Vehicle Stoppage,815,99,,car,Inner,0.029891804897001682
Vehicle Stoppage,816,99,,car,Inner,0.03054995908344299
Vehicle Stoppage,817,99,,car,Inner,0.03142387627267149
Vehicle Stoppage,818,99,,car,Inner,0.032213351269307536
Vehicle Stoppage,819,99,,car,Inner,0.032190837205634794
Vehicle Stoppage,820,99,,car,Inner,0.030973859946741542
Vehicle Stoppage,821,99,,car,Inner,0.028937346111898292
Vehicle Stoppage,822,99,,car,Inner,0.0264578910724162
Vehicle Stoppage,823,99,,car,Inner,0.02300978052915815
Vehicle Stoppage,824,99,,car,Inner,0.01979595918363285
Vehicle Stoppage,825,99,,car,Inner,0.01693074127141614
Vehicle Stoppage,826,99,,car,Inner,0.014972307771352554
Vehicle Stoppage,827,99,,car,Inner,0.01421724305200686
Vehicle Stoppage,828,99,,car,Inner,0.014342245291448914
Vehicle Stoppage,829,99,,car,Inner,0.014426711336955065
Vehicle Stoppage,830,99,,car,Inner,0.015261061562028331
Vehicle Stoppage,831,99,,car,Inner,0.016804761230087516
Vehicle Stoppage,832,99,,car,Inner,0.01856906028855027
Vehicle Stoppage,833,99,,car,Inner,0.02028718807524147
Vehicle Stoppage,834,99,,car,Inner,0.021382469455133033
Vehicle Stoppage,835,99,,car,Inner,0.02197544083743821
Vehicle Stoppage,836,99,,car,Inner,0.022373198251477416
Vehicle Stoppage,837,99,,car,Inner,0.024252834885842723
Vehicle Stoppage,838,99,,car,Inner,0.026504716561395823
Vehicle Stoppage,839,99,,car,Inner,0.029207190895386353
Vehicle Stoppage,840,99,,car,Inner,0.0308423410265853
Vehicle Stoppage,841,99,,car,Inner,0.03184038316352434
Vehicle Stoppage,842,99,,car,Inner,0.03247799254880358
Vehicle Stoppage,843,99,,car,Inner,0.033144079410956304
Vehicle Stoppage,844,99,,car,Inner,0.0319915613873382
Vehicle Stoppage,845,99,,car,Inner,0.029876077386426066
Vehicle Stoppage,846,99,,car,Inner,0.02651735280905796
Vehicle Stoppage,847,99,,car,Inner,0.023521266972676574
Vehicle Stoppage,848,99,,car,Inner,0.02105350327142263
Vehicle Stoppage,849,99,,car,Inner,0.018672439583516783
Vehicle Stoppage,850,99,,car,Inner,0.01680743882927525
Vehicle Stoppage,851,99,,car,Inner,0.015520631430456965
Vehicle Stoppage,852,99,,car,Inner,0.015147607071747466
Vehicle Stoppage,853,99,,car,Inner,0.015555384919692673
Vehicle Stoppage,854,99,,car,Inner,0.01581423409463856
Vehicle Stoppage,855,99,,car,Inner,0.016172198366325025
Vehicle Stoppage,856,99,,car,Inner,0.016530275254821366
Vehicle Stoppage,857,99,,car,Inner,0.01726267650162995
Vehicle Stoppage,858,99,,car,Inner,0.015876082640251227
Vehicle Stoppage,859,99,,car,Inner,0.01570795976567632
Vehicle Stoppage,860,99,,car,Inner,0.01623083485221922
Vehicle Stoppage,108,107,,motorcycle,Inner,0.061913649545154215
Vehicle Stoppage,109,107,,motorcycle,Inner,0.06850007299266207
Vehicle Stoppage,110,107,,motorcycle,Inner,0.06721257322852593
Vehicle Stoppage,111,107,,motorcycle,Inner,0.06625103772772374
Vehicle Stoppage,112,107,,motorcycle,Inner,0.06582165297225522
Vehicle Stoppage,113,107,,motorcycle,Inner,0.06511605024876933
Vehicle Stoppage,114,107,,motorcycle,Inner,0.0659618829324902
Vehicle Stoppage,115,107,,motorcycle,Inner,0.06717886572427494
Vehicle Stoppage,116,107,,motorcycle,Inner,0.0672626196337876
Vehicle Stoppage,117,107,,motorcycle,Inner,0.06987131027825672
Vehicle Stoppage,118,107,,motorcycle,Inner,0.07305922255266524
Vehicle Stoppage,119,107,,motorcycle,Inner,0.07758124773422986
Vehicle Stoppage,120,107,,motorcycle,Inner,0.08235417415042945
Vehicle Stoppage,121,107,,motorcycle,Inner,0.08654998555748329
Vehicle Stoppage,122,107,,motorcycle,Inner,0.09033498768472524
Vehicle Stoppage,123,107,,motorcycle,Inner,0.09340342606136387
Vehicle Stoppage,124,107,,motorcycle,Inner,0.09509600412215018
Vehicle Stoppage,125,107,,motorcycle,Inner,0.09639341263800476
Vehicle Stoppage,126,107,,motorcycle,Inner,0.09633275663033454
Vehicle Stoppage,127,107,,motorcycle,Inner,0.09512034482696019
Vehicle Stoppage,128,107,,motorcycle,Inner,0.09293637608601282
Vehicle Stoppage,129,107,,motorcycle,Inner,0.08962282075453892
Vehicle Stoppage,130,107,,motorcycle,Inner,0.08551216287757009
Vehicle Stoppage,131,107,,motorcycle,Inner,0.0822982381342401
Vehicle Stoppage,132,107,,motorcycle,Inner,0.07979028762951326
Vehicle Stoppage,133,107,,motorcycle,Inner,0.07697493098405685
Vehicle Stoppage,134,107,,motorcycle,Inner,0.07426769149502194
Vehicle Stoppage,135,107,,motorcycle,Inner,0.07146943402602779
Vehicle Stoppage,136,107,,motorcycle,Inner,0.06870815089929004
Vehicle Stoppage,137,107,,motorcycle,Inner,0.06623971618296626
Vehicle Stoppage,138,107,,motorcycle,Inner,0.0626700087761286
Vehicle Stoppage,139,107,,motorcycle,Inner,0.05918048664889289
Vehicle Stoppage,140,107,,motorcycle,Inner,0.05517245689653499
Vehicle Stoppage,141,107,,motorcycle,Inner,0.05131754086080283
Vehicle Stoppage,142,107,,motorcycle,Inner,0.04755312818311728
Vehicle Stoppage,143,107,,motorcycle,Inner,0.044318957568968795
Vehicle Stoppage,144,107,,motorcycle,Inner,0.04102596738651977
Vehicle Stoppage,145,107,,motorcycle,Inner,0.03803261758017404
Vehicle Stoppage,146,107,,motorcycle,Inner,0.03377484270873476
Vehicle Stoppage,147,107,,motorcycle,Inner,0.030563049586057715
Vehicle Stoppage,148,107,,motorcycle,Inner,0.02874456470360894
Vehicle Stoppage,149,107,,motorcycle,Inner,0.027404014304476452
Vehicle Stoppage,150,107,,motorcycle,Inner,0.026631184727677542
Vehicle Stoppage,151,107,,motorcycle,Inner,0.026777789303821103
Vehicle Stoppage,152,107,,motorcycle,Inner,0.027253073221199846
Vehicle Stoppage,153,107,,motorcycle,Inner,0.02839894364232797
Vehicle Stoppage,154,107,,motorcycle,Inner,0.028982235938590603
Vehicle Stoppage,155,107,,motorcycle,Inner,0.029446222168558047
Vehicle Stoppage,156,107,,motorcycle,Inner,0.029426008903689252
Vehicle Stoppage,157,107,,motorcycle,Inner,0.02750163631495262
Vehicle Stoppage,158,107,,motorcycle,Inner,0.024162781296860007
Vehicle Stoppage,159,107,,motorcycle,Inner,0.020324615617520674
Vehicle Stoppage,160,107,,motorcycle,Inner,0.01601311962111259
Vehicle Stoppage,161,107,,motorcycle,Inner,0.011634861408716255
Vehicle Stoppage,162,107,,motorcycle,Inner,0.007917701686726118
Vehicle Stoppage,163,107,,motorcycle,Inner,0.007209022125087921
Vehicle Stoppage,164,107,,motorcycle,Inner,0.008814193099769064
Vehicle Stoppage,165,107,,motorcycle,Inner,0.010623088063274328
Vehicle Stoppage,166,107,,motorcycle,Inner,0.011610770861576223
Vehicle Stoppage,167,107,,motorcycle,Inner,0.0123036579926422
Vehicle Stoppage,168,107,,motorcycle,Inner,0.012700393694687619
Vehicle Stoppage,169,107,,motorcycle,Inner,0.013100000000001444
Vehicle Stoppage,170,107,,motorcycle,Inner,0.013106105447463679
Vehicle Stoppage,171,107,,motorcycle,Inner,0.012813274366838419
Vehicle Stoppage,172,107,,motorcycle,Inner,0.012432618388735439
Vehicle Stoppage,173,107,,motorcycle,Inner,0.012937542270462565
Vehicle Stoppage,174,107,,motorcycle,Inner,0.012880993750489199
Vehicle Stoppage,175,107,,motorcycle,Inner,0.01238426420906654
Vehicle Stoppage,176,107,,motorcycle,Inner,0.011693160394008603
Vehicle Stoppage,177,107,,motorcycle,Inner,0.010448444860359197
Vehicle Stoppage,178,107,,motorcycle,Inner,0.008711486669905986
Vehicle Stoppage,179,107,,motorcycle,Inner,0.006580273550544406
Vehicle Stoppage,180,107,,motorcycle,Inner,0.00508035431835499
Vehicle Stoppage,181,107,,motorcycle,Inner,0.005239274758970058
Vehicle Stoppage,182,107,,motorcycle,Inner,0.00608276253029993
Vehicle Stoppage,183,107,,motorcycle,Inner,0.008203657720798362
Vehicle Stoppage,184,107,,motorcycle,Inner,0.01142803570173216
Vehicle Stoppage,185,107,,motorcycle,Inner,0.01536294242649928
Vehicle Stoppage,186,107,,motorcycle,Inner,0.018973665961010994
Vehicle Stoppage,187,107,,motorcycle,Inner,0.02321077336066182
Vehicle Stoppage,188,107,,motorcycle,Inner,0.02802516726087133
Vehicle Stoppage,189,107,,motorcycle,Inner,0.03381789467131387
Vehicle Stoppage,190,107,,motorcycle,Inner,0.038455298724620474
Vehicle Stoppage,191,107,,motorcycle,Inner,0.041083573359679264
Vehicle Stoppage,192,107,,motorcycle,Inner,0.042419924563821446
Vehicle Stoppage,193,107,,motorcycle,Inner,0.04460179368590239
Vehicle Stoppage,194,107,,motorcycle,Inner,0.04723663832238288
Vehicle Stoppage,195,107,,motorcycle,Inner,0.05021951811795899
Vehicle Stoppage,196,107,,motorcycle,Inner,0.051575672559842044
Vehicle Stoppage,197,107,,motorcycle,Inner,0.052347397260992246
Vehicle Stoppage,198,107,,motorcycle,Inner,0.05293401552876934
Vehicle Stoppage,199,107,,motorcycle,Inner,0.05430230197698826
Vehicle Stoppage,200,107,,motorcycle,Inner,0.05479498152203612
Vehicle Stoppage,201,107,,motorcycle,Inner,0.05409510144180922
Vehicle Stoppage,202,107,,motorcycle,Inner,0.05248161582878505
Vehicle Stoppage,203,107,,motorcycle,Inner,0.052542173537075645
Vehicle Stoppage,204,107,,motorcycle,Inner,0.05309284320885564
Vehicle Stoppage,205,107,,motorcycle,Inner,0.05440854712267434
Vehicle Stoppage,206,107,,motorcycle,Inner,0.057268665079608934
Vehicle Stoppage,207,107,,motorcycle,Inner,0.060525118752464566
Vehicle Stoppage,208,107,,motorcycle,Inner,0.06453224000451142
Vehicle Stoppage,209,107,,motorcycle,Inner,0.0682973645172383
Vehicle Stoppage,210,107,,motorcycle,Inner,0.07302773445753977
Vehicle Stoppage,211,107,,motorcycle,Inner,0.07742254193708153
Vehicle Stoppage,212,107,,motorcycle,Inner,0.08141259116377986
Vehicle Stoppage,213,107,,motorcycle,Inner,0.08415759026968579
Vehicle Stoppage,214,107,,motorcycle,Inner,0.08587351163193234
Vehicle Stoppage,215,107,,motorcycle,Inner,0.08665592882197423
Vehicle Stoppage,216,107,,motorcycle,Inner,0.08664802363585496
Vehicle Stoppage,217,107,,motorcycle,Inner,0.08427128811166569
Vehicle Stoppage,218,107,,motorcycle,Inner,0.0816899626637193
Vehicle Stoppage,219,107,,motorcycle,Inner,0.07949647790939585
Vehicle Stoppage,220,107,,motorcycle,Inner,0.07745844046971136
Vehicle Stoppage,221,107,,motorcycle,Inner,0.07437506302518643
Vehicle Stoppage,222,107,,motorcycle,Inner,0.07103365399583245
Vehicle Stoppage,223,107,,motorcycle,Inner,0.06845334177379163
Vehicle Stoppage,224,107,,motorcycle,Inner,0.06890812724200562
Vehicle Stoppage,225,107,,motorcycle,Inner,0.07125398234484633
Vehicle Stoppage,226,107,,motorcycle,Inner,0.07461380569305304
Vehicle Stoppage,227,107,,motorcycle,Inner,0.07793234245164649
Vehicle Stoppage,228,107,,motorcycle,Inner,0.08238021607157904
Vehicle Stoppage,229,107,,motorcycle,Inner,0.08738083313862428
Vehicle Stoppage,230,107,,motorcycle,Inner,0.0927099239563899
Vehicle Stoppage,231,107,,motorcycle,Inner,0.09588769472669735
Vehicle Stoppage,232,107,,motorcycle,Inner,0.09750102563563168
Vehicle Stoppage,233,107,,motorcycle,Inner,0.09746717396128753
Vehicle Stoppage,234,107,,motorcycle,Inner,0.09816109208846843
Vehicle Stoppage,235,107,,motorcycle,Inner,0.09887851131565673
Vehicle Stoppage,236,107,,motorcycle,Inner,0.10013750546124
Vehicle Stoppage,237,107,,motorcycle,Inner,0.10168898662097012
Vehicle Stoppage,238,107,,motorcycle,Inner,0.10321807012340417
Vehicle Stoppage,239,107,,motorcycle,Inner,0.1046497013851492
Vehicle Stoppage,240,107,,motorcycle,Inner,0.1073048927123091
Vehicle Stoppage,241,107,,motorcycle,Inner,0.10978856953253915
Vehicle Stoppage,242,107,,motorcycle,Inner,0.11241374471122373
Vehicle Stoppage,243,107,,motorcycle,Inner,0.11478013765456259
Vehicle Stoppage,244,107,,motorcycle,Inner,0.11594800558870803
Vehicle Stoppage,245,107,,motorcycle,Inner,0.11614077664627213
Vehicle Stoppage,246,107,,motorcycle,Inner,0.11602422160910492
Vehicle Stoppage,247,107,,motorcycle,Inner,0.11486727123075373
Vehicle Stoppage,248,107,,motorcycle,Inner,0.11346369463401192
Vehicle Stoppage,249,107,,motorcycle,Inner,0.11180362248156325
Vehicle Stoppage,250,107,,motorcycle,Inner,0.1102423239958254
Vehicle Stoppage,251,107,,motorcycle,Inner,0.10900165136363225
Vehicle Stoppage,252,107,,motorcycle,Inner,0.10828942700005767
Vehicle Stoppage,253,107,,motorcycle,Inner,0.10790152918286326
Vehicle Stoppage,254,107,,motorcycle,Inner,0.10717914909160364
Vehicle Stoppage,255,107,,motorcycle,Inner,0.1057568910284314
Vehicle Stoppage,256,107,,motorcycle,Inner,0.10378602988841928
Vehicle Stoppage,257,107,,motorcycle,Inner,0.10086371993933456
Vehicle Stoppage,258,107,,motorcycle,Inner,0.09777325810261622
Vehicle Stoppage,259,107,,motorcycle,Inner,0.09496578331167677
Vehicle Stoppage,260,107,,motorcycle,Inner,0.09216425554411058
Vehicle Stoppage,261,107,,motorcycle,Inner,0.09022333401066314
Vehicle Stoppage,262,107,,motorcycle,Inner,0.08852553303991109
Vehicle Stoppage,263,107,,motorcycle,Inner,0.08733991069379864
Vehicle Stoppage,264,107,,motorcycle,Inner,0.08621954534790727
Vehicle Stoppage,265,107,,motorcycle,Inner,0.08574287142381212
Vehicle Stoppage,266,107,,motorcycle,Inner,0.08523966212978201
Vehicle Stoppage,267,107,,motorcycle,Inner,0.08451851868082032
Vehicle Stoppage,268,107,,motorcycle,Inner,0.08325310805009013
Vehicle Stoppage,269,107,,motorcycle,Inner,0.08174594791181125
Vehicle Stoppage,270,107,,motorcycle,Inner,0.07982242792599575
Vehicle Stoppage,271,107,,motorcycle,Inner,0.07948899294870829
Vehicle Stoppage,272,107,,motorcycle,Inner,0.07993122043357205
Vehicle Stoppage,273,107,,motorcycle,Inner,0.07936258564336122
Vehicle Stoppage,274,107,,motorcycle,Inner,0.07760496118161615
Vehicle Stoppage,275,107,,motorcycle,Inner,0.07530896360991698
Vehicle Stoppage,276,107,,motorcycle,Inner,0.07307708259092016
Vehicle Stoppage,277,107,,motorcycle,Inner,0.07041619131989078
Vehicle Stoppage,278,107,,motorcycle,Inner,0.06657597164143145
Vehicle Stoppage,279,107,,motorcycle,Inner,0.06078461976519752
Vehicle Stoppage,280,107,,motorcycle,Inner,0.055679529452032465
Vehicle Stoppage,281,107,,motorcycle,Inner,0.051755676017228094
Vehicle Stoppage,282,107,,motorcycle,Inner,0.04825453346577948
Vehicle Stoppage,283,107,,motorcycle,Inner,0.04392948895673421
Vehicle Stoppage,284,107,,motorcycle,Inner,0.03872415266988002
Vehicle Stoppage,285,107,,motorcycle,Inner,0.03313608305156304
Vehicle Stoppage,286,107,,motorcycle,Inner,0.028839036044913453
Vehicle Stoppage,287,107,,motorcycle,Inner,0.025500000000000966
Vehicle Stoppage,288,107,,motorcycle,Inner,0.022955827146935576
Vehicle Stoppage,289,107,,motorcycle,Inner,0.020582759776083204
Vehicle Stoppage,290,107,,motorcycle,Inner,0.019887936041731613
Vehicle Stoppage,291,107,,motorcycle,Inner,0.020145719148244923
Vehicle Stoppage,292,107,,motorcycle,Inner,0.02112865353021838
Vehicle Stoppage,293,107,,motorcycle,Inner,0.02131783291049657
Vehicle Stoppage,294,107,,motorcycle,Inner,0.021232286735065962
Vehicle Stoppage,295,107,,motorcycle,Inner,0.02098809186181878
Vehicle Stoppage,296,107,,motorcycle,Inner,0.01914262259983595
Vehicle Stoppage,297,107,,motorcycle,Inner,0.016313491349186315
Vehicle Stoppage,298,107,,motorcycle,Inner,0.013341664064130709
Vehicle Stoppage,299,107,,motorcycle,Inner,0.010807404868879836
Vehicle Stoppage,300,107,,motorcycle,Inner,0.009470480452429904
Vehicle Stoppage,301,107,,motorcycle,Inner,0.010282509421347312
Vehicle Stoppage,302,107,,motorcycle,Inner,0.012201639234135695
Vehicle Stoppage,303,107,,motorcycle,Inner,0.014757371039582752
Vehicle Stoppage,304,107,,motorcycle,Inner,0.0176819116613519
Vehicle Stoppage,305,107,,motorcycle,Inner,0.021246176126539024
Vehicle Stoppage,306,107,,motorcycle,Inner,0.025350542400512852
Vehicle Stoppage,307,107,,motorcycle,Inner,0.030480321520615767
Vehicle Stoppage,308,107,,motorcycle,Inner,0.03506479716182465
Vehicle Stoppage,109,109,,motorcycle,Inner,0.8829419969624245
Vehicle Stoppage,110,109,,motorcycle,Inner,0.8922207854561566
Vehicle Stoppage,111,109,,motorcycle,Inner,0.8929006775672244
Vehicle Stoppage,112,109,,motorcycle,Inner,0.8942538621666637
Vehicle Stoppage,113,109,,motorcycle,Inner,0.8967954337528665
Vehicle Stoppage,114,109,,motorcycle,Inner,0.9036053342029349
Vehicle Stoppage,115,109,,motorcycle,Inner,0.9137466279007486
Vehicle Stoppage,116,109,,motorcycle,Inner,0.9237627238636557
Vehicle Stoppage,117,109,,motorcycle,Inner,0.9338636303015619
Vehicle Stoppage,118,109,,motorcycle,Inner,0.944095016404602
Vehicle Stoppage,119,109,,motorcycle,Inner,0.9549640464436404
Vehicle Stoppage,120,109,,motorcycle,Inner,0.9641090446624787
Vehicle Stoppage,121,109,,motorcycle,Inner,0.9748052523453101
Vehicle Stoppage,122,109,,motorcycle,Inner,0.9875467077561426
Vehicle Stoppage,123,109,,motorcycle,Inner,0.9960265910104998
Vehicle Stoppage,129,109,,motorcycle,Inner,0.9913752972512497
Vehicle Stoppage,130,109,,motorcycle,Inner,0.9779863393728983
Vehicle Stoppage,131,109,,motorcycle,Inner,0.9651828479619836
Vehicle Stoppage,132,109,,motorcycle,Inner,0.9534518026623054
Vehicle Stoppage,133,109,,motorcycle,Inner,0.9458607138474415
Vehicle Stoppage,134,109,,motorcycle,Inner,0.9403174410803999
Vehicle Stoppage,135,109,,motorcycle,Inner,0.9354682250081988
Vehicle Stoppage,136,109,,motorcycle,Inner,0.9320798463651084
Vehicle Stoppage,137,109,,motorcycle,Inner,0.9415980299469608
Vehicle Stoppage,138,109,,motorcycle,Inner,0.9603068051409371
Vehicle Stoppage,122,122,,person,Outer,0.9168355359605069
Vehicle Stoppage,123,122,,person,Outer,0.9176335325172008
Vehicle Stoppage,124,122,,person,Outer,0.9181841481968722
Vehicle Stoppage,125,122,,person,Outer,0.9186937356921566
Vehicle Stoppage,126,122,,person,Outer,0.9188020733542085
Vehicle Stoppage,127,122,,person,Outer,0.9186915750130832
Vehicle Stoppage,128,122,,person,Outer,0.9187044410472898
Vehicle Stoppage,129,122,,person,Outer,0.9196039201743346
Vehicle Stoppage,130,122,,person,Outer,0.9205908809020501
Vehicle Stoppage,131,122,,person,Outer,0.9204600262912054
Vehicle Stoppage,132,122,,person,Outer,0.9201478576837607
Vehicle Stoppage,133,122,,person,Outer,0.9202626255585927
Vehicle Stoppage,134,122,,person,Outer,0.9208204656717827
Vehicle Stoppage,135,122,,person,Outer,0.9215757917827426
Vehicle Stoppage,136,122,,person,Outer,0.9220351511737575
Vehicle Stoppage,137,122,,person,Outer,0.9220837109503744
Vehicle Stoppage,138,122,,person,Outer,0.9219203002429265
Vehicle Stoppage,139,122,,person,Outer,0.921052235217955
Vehicle Stoppage,140,122,,person,Outer,0.9193635407171518
Vehicle Stoppage,141,122,,person,Outer,0.9178064556321216
Vehicle Stoppage,142,122,,person,Outer,0.9162659493837016
Vehicle Stoppage,143,122,,person,Outer,0.9146116388937999
Vehicle Stoppage,144,122,,person,Outer,0.9130205528902343
Vehicle Stoppage,145,122,,person,Outer,0.9113309168463432
Vehicle Stoppage,146,122,,person,Outer,0.9104784017207658
Vehicle Stoppage,147,122,,person,Outer,0.9111233176689036
Vehicle Stoppage,148,122,,person,Outer,0.912398273781794
Vehicle Stoppage,149,122,,person,Outer,0.9137508248970309
Vehicle Stoppage,150,122,,person,Outer,0.9147543167430189
Vehicle Stoppage,151,122,,person,Outer,0.9157953046396351
Vehicle Stoppage,152,122,,person,Outer,0.9168517928214959
Vehicle Stoppage,153,122,,person,Outer,0.9177412489367544
Vehicle Stoppage,154,122,,person,Outer,0.8440031101838424
Vehicle Stoppage,155,122,,person,Outer,0.7386966156684367
Vehicle Stoppage,156,122,,person,Outer,0.6177495042490829
Vehicle Stoppage,157,122,,person,Outer,0.4897117927924587
Vehicle Stoppage,158,122,,person,Outer,0.35807335840578647
Vehicle Stoppage,159,122,,person,Outer,0.22522699660565695
Vehicle Stoppage,160,122,,person,Outer,0.09238322358523857
Vehicle Stoppage,161,122,,person,Outer,0.033991175325361646
Vehicle Stoppage,162,122,,person,Outer,0.012127654348635816
Vehicle Stoppage,163,122,,person,Outer,0.014664924138914046
Vehicle Stoppage,164,122,,person,Outer,0.018526737435387765
Vehicle Stoppage,165,122,,person,Outer,0.020474862636901882
Vehicle Stoppage,166,122,,person,Outer,0.02218828519737627
Vehicle Stoppage,167,122,,person,Outer,0.024189667215565452
Vehicle Stoppage,168,122,,person,Outer,0.026332109676210035
Vehicle Stoppage,169,122,,person,Outer,0.028640006983241508
Vehicle Stoppage,170,122,,person,Outer,0.030887214183215713
Vehicle Stoppage,171,122,,person,Outer,0.033256878987663364
Vehicle Stoppage,172,122,,person,Outer,0.03662922330598645
Vehicle Stoppage,173,122,,person,Outer,0.039687277558435895
Vehicle Stoppage,174,122,,person,Outer,0.04166353321551583
Vehicle Stoppage,175,122,,person,Outer,0.04253763039944367
Vehicle Stoppage,176,122,,person,Outer,0.04214949584515156
Vehicle Stoppage,177,122,,person,Outer,0.040015122141514224
Vehicle Stoppage,178,122,,person,Outer,0.03664819231558551
Vehicle Stoppage,179,122,,person,Outer,0.03330540496676096
Vehicle Stoppage,180,122,,person,Outer,0.031010320862583485
Vehicle Stoppage,181,122,,person,Outer,0.029355238033433446
Vehicle Stoppage,182,122,,person,Outer,0.02838626428397779
Vehicle Stoppage,183,122,,person,Outer,0.028044607324767556
Vehicle Stoppage,184,122,,person,Outer,0.02868396764745174
Vehicle Stoppage,185,122,,person,Outer,0.030176149522427774
Vehicle Stoppage,186,122,,person,Outer,0.03220947065693711
Vehicle Stoppage,187,122,,person,Outer,0.03565459297200861
Vehicle Stoppage,188,122,,person,Outer,0.0397820311195899
Vehicle Stoppage,189,122,,person,Outer,0.044254717262686344
Vehicle Stoppage,190,122,,person,Outer,0.04760378136241133
Vehicle Stoppage,191,122,,person,Outer,0.05088850557838152
Vehicle Stoppage,192,122,,person,Outer,0.054159948301303634
Vehicle Stoppage,193,122,,person,Outer,0.0596799798927586
Vehicle Stoppage,194,122,,person,Outer,0.06721078782457694
Vehicle Stoppage,156,140,,person,Outer,0.08212088650276902
Vehicle Stoppage,157,140,,person,Outer,0.08227083322782631
Vehicle Stoppage,158,140,,person,Outer,0.0820225578728096
Vehicle Stoppage,159,140,,person,Outer,0.08314000240558177
Vehicle Stoppage,160,140,,person,Outer,0.08347382823375987
Vehicle Stoppage,161,140,,person,Outer,0.08309542707032314
Vehicle Stoppage,162,140,,person,Outer,0.08250824201253056
Vehicle Stoppage,163,140,,person,Outer,0.08228402031986448
Vehicle Stoppage,164,140,,person,Outer,0.08229033965174135
Vehicle Stoppage,165,140,,person,Outer,0.08230893025668297
Vehicle Stoppage,166,140,,person,Outer,0.08135434837795506
Vehicle Stoppage,167,140,,person,Outer,0.08074212035858155
Vehicle Stoppage,168,140,,person,Outer,0.08018989961336069
Vehicle Stoppage,169,140,,person,Outer,0.08078861305901569
Vehicle Stoppage,170,140,,person,Outer,0.08156886660976052
Vehicle Stoppage,171,140,,person,Outer,0.08291953931372198
Vehicle Stoppage,172,140,,person,Outer,0.0853764604560312
Vehicle Stoppage,173,140,,person,Outer,0.08785379900721309
Vehicle Stoppage,174,140,,person,Outer,0.09117066414148844
Vehicle Stoppage,175,140,,person,Outer,0.09481165540163548
Vehicle Stoppage,176,140,,person,Outer,0.09771642645942179
Vehicle Stoppage,177,140,,person,Outer,0.09735979663083869
Vehicle Stoppage,178,140,,person,Outer,0.09441615327899167
Vehicle Stoppage,179,140,,person,Outer,0.08996288123443051
Vehicle Stoppage,180,140,,person,Outer,0.08517370486248287
Vehicle Stoppage,181,140,,person,Outer,0.082163069562913
Vehicle Stoppage,182,140,,person,Outer,0.08159148239859644
Vehicle Stoppage,183,140,,person,Outer,0.08100197528455633
Vehicle Stoppage,184,140,,person,Outer,0.07983996492984778
Vehicle Stoppage,185,140,,person,Outer,0.07746153884348392
Vehicle Stoppage,186,140,,person,Outer,0.07453542781791207
Vehicle Stoppage,187,140,,person,Outer,0.07186000278318756
Vehicle Stoppage,188,140,,person,Outer,0.07030689866577762
Vehicle Stoppage,189,140,,person,Outer,0.07022506674969527
Vehicle Stoppage,190,140,,person,Outer,0.07436188539837746
Vehicle Stoppage,191,140,,person,Outer,0.07660084855927678
Vehicle Stoppage,192,140,,person,Outer,0.07732955450538177
Vehicle Stoppage,193,140,,person,Outer,0.07788324595187276
Vehicle Stoppage,194,140,,person,Outer,0.07881738386930352
Vehicle Stoppage,195,140,,person,Outer,0.07975688058092717
Vehicle Stoppage,196,140,,person,Outer,0.08146066535451779
Vehicle Stoppage,197,140,,person,Outer,0.07845947998808524
Vehicle Stoppage,198,140,,person,Outer,0.07217783593319856
Vehicle Stoppage,199,140,,person,Outer,0.06910028943498846
Vehicle Stoppage,200,140,,person,Outer,0.06261629180970997
Vehicle Stoppage,201,140,,person,Outer,0.06049735531409114
Vehicle Stoppage,202,140,,person,Outer,0.06078453750749547
Vehicle Stoppage,203,140,,person,Outer,0.06795476436571601
Vehicle Stoppage,204,140,,person,Outer,0.09044888059009144
Vehicle Stoppage,205,140,,person,Outer,0.1279928122981818
Vehicle Stoppage,206,140,,person,Outer,0.16447847883538227
Vehicle Stoppage,207,140,,person,Outer,0.20224549438739264
Vehicle Stoppage,208,140,,person,Outer,0.23553691854994055
Vehicle Stoppage,209,140,,person,Outer,0.26539005256413833
Vehicle Stoppage,210,140,,person,Outer,0.2787688110244658
Vehicle Stoppage,211,140,,person,Outer,0.2851294793598092
Vehicle Stoppage,212,140,,person,Outer,0.28507327128301585
Vehicle Stoppage,213,140,,person,Outer,0.28632668405163075
Vehicle Stoppage,214,140,,person,Outer,0.2938556958780923
Vehicle Stoppage,215,140,,person,Outer,0.3052343525883068
Vehicle Stoppage,216,140,,person,Outer,0.31682286849278946
Vehicle Stoppage,217,140,,person,Outer,0.3308500566722086
Vehicle Stoppage,218,140,,person,Outer,0.33890190321094144
Vehicle Stoppage,219,140,,person,Outer,0.3260326670749442
Vehicle Stoppage,220,140,,person,Outer,0.3202264979666655
Vehicle Stoppage,221,140,,person,Outer,0.3154962123385941
Vehicle Stoppage,222,140,,person,Outer,0.31191577388776287
Vehicle Stoppage,223,140,,person,Outer,0.31342447256076783
Vehicle Stoppage,224,140,,person,Outer,0.3174370016239394
Vehicle Stoppage,225,140,,person,Outer,0.32326020478864614
Vehicle Stoppage,226,140,,person,Outer,0.3474513635028595
Vehicle Stoppage,227,140,,person,Outer,0.36376940498068167
Vehicle Stoppage,228,140,,person,Outer,0.37406721321174097
Vehicle Stoppage,229,140,,person,Outer,0.38160708850858904
Vehicle Stoppage,230,140,,person,Outer,0.3826260053890729
Vehicle Stoppage,231,140,,person,Outer,0.37106437446890794
Vehicle Stoppage,232,140,,person,Outer,0.35447462532598606
Vehicle Stoppage,233,140,,person,Outer,0.3339328824779047
Vehicle Stoppage,234,140,,person,Outer,0.3106855162378885
Vehicle Stoppage,235,140,,person,Outer,0.28869369580924176
Vehicle Stoppage,236,140,,person,Outer,0.268800148809482
Vehicle Stoppage,237,140,,person,Outer,0.25770333719220695
Vehicle Stoppage,238,140,,person,Outer,0.25401909377052995
Vehicle Stoppage,239,140,,person,Outer,0.24774583750287404
Vehicle Stoppage,240,140,,person,Outer,0.23672739596422201
Vehicle Stoppage,241,140,,person,Outer,0.23024374041436554
Vehicle Stoppage,242,140,,person,Outer,0.22682759973160435
Vehicle Stoppage,243,140,,person,Outer,0.22433744671810804
Vehicle Stoppage,244,140,,person,Outer,0.22007071590741062
Vehicle Stoppage,245,140,,person,Outer,0.21362549005210563
Vehicle Stoppage,246,140,,person,Outer,0.207526697077748
Vehicle Stoppage,247,140,,person,Outer,0.19983805943813804
Vehicle Stoppage,248,140,,person,Outer,0.1863023886051895
Vehicle Stoppage,249,140,,person,Outer,0.16804529151393124
Vehicle Stoppage,250,140,,person,Outer,0.14807339396393907
Vehicle Stoppage,251,140,,person,Outer,0.14152293100413632
Vehicle Stoppage,252,140,,person,Outer,0.12992216900898615
Vehicle Stoppage,253,140,,person,Outer,0.11875689453669534
Vehicle Stoppage,254,140,,person,Outer,0.11241814800111204
Vehicle Stoppage,255,140,,person,Outer,0.10769326812758552
Vehicle Stoppage,256,140,,person,Outer,0.10726984664853448
Vehicle Stoppage,257,140,,person,Outer,0.10606983548587412
Vehicle Stoppage,258,140,,person,Outer,0.09791200130729578
Vehicle Stoppage,259,140,,person,Outer,0.09337371150382721
Vehicle Stoppage,260,140,,person,Outer,0.09064844179576383
Vehicle Stoppage,261,140,,person,Outer,0.08656587087299378
Vehicle Stoppage,262,140,,person,Outer,0.0826073241304892
Vehicle Stoppage,263,140,,person,Outer,0.07862932023106839
Vehicle Stoppage,264,140,,person,Outer,0.0755444902027959
Vehicle Stoppage,265,140,,person,Outer,0.07322800010924599
Vehicle Stoppage,266,140,,person,Outer,0.07122113450374006
Vehicle Stoppage,267,140,,person,Outer,0.07108783299552764
Vehicle Stoppage,268,140,,person,Outer,0.07385478995975589
Vehicle Stoppage,269,140,,person,Outer,0.07837359249134702
Vehicle Stoppage,270,140,,person,Outer,0.08533065099950712
Vehicle Stoppage,271,140,,person,Outer,0.09437171186324662
Vehicle Stoppage,272,140,,person,Outer,0.10468275884786563
Vehicle Stoppage,273,140,,person,Outer,0.11587618392060346
Vehicle Stoppage,274,140,,person,Outer,0.11784417677594869
Vehicle Stoppage,275,140,,person,Outer,0.1143358648893624
Vehicle Stoppage,276,140,,person,Outer,0.10795563903753053
Vehicle Stoppage,277,140,,person,Outer,0.0979624928225025
Vehicle Stoppage,278,140,,person,Outer,0.08705199595644379
Vehicle Stoppage,279,140,,person,Outer,0.07576305168088739
Vehicle Stoppage,280,140,,person,Outer,0.06424484415110378
Vehicle Stoppage,281,140,,person,Outer,0.05853417805009667
Vehicle Stoppage,282,140,,person,Outer,0.05552116713471061
Vehicle Stoppage,283,140,,person,Outer,0.052892059895602486
Vehicle Stoppage,284,140,,person,Outer,0.05131832031545456
Vehicle Stoppage,285,140,,person,Outer,0.05034600282048292
Vehicle Stoppage,286,140,,person,Outer,0.04958275910031628
Vehicle Stoppage,287,140,,person,Outer,0.052523613737062484
Vehicle Stoppage,288,140,,person,Outer,0.05827538073663033
Vehicle Stoppage,289,140,,person,Outer,0.061649655311281255
Vehicle Stoppage,290,140,,person,Outer,0.06739859048971306
Vehicle Stoppage,291,140,,person,Outer,0.069554654768761
Vehicle Stoppage,292,140,,person,Outer,0.06977822009768221
Vehicle Stoppage,293,140,,person,Outer,0.056884620065528795
Vehicle Stoppage,294,140,,person,Outer,0.03024235440569419
Vehicle Stoppage,295,140,,person,Outer,0.026400378785159728
Vehicle Stoppage,296,140,,person,Outer,0.06291144569949239
Vehicle Stoppage,297,140,,person,Outer,0.101180334057565
Vehicle Stoppage,298,140,,person,Outer,0.13649630031616997
Vehicle Stoppage,299,140,,person,Outer,0.16836392131332584
Vehicle Stoppage,300,140,,person,Outer,0.18203016233580102
Vehicle Stoppage,301,140,,person,Outer,0.18727012575421803
Vehicle Stoppage,302,140,,person,Outer,0.18538233464923293
Vehicle Stoppage,303,140,,person,Outer,0.1851443760960699
Vehicle Stoppage,304,140,,person,Outer,0.1917108499798543
Vehicle Stoppage,305,140,,person,Outer,0.2023766784982957
Vehicle Stoppage,306,140,,person,Outer,0.2140464669178106
Vehicle Stoppage,307,140,,person,Outer,0.22943524140812133
Vehicle Stoppage,308,140,,person,Outer,0.23968946576769312
Vehicle Stoppage,309,140,,person,Outer,0.22981009551366488
Vehicle Stoppage,228,163,,car,Outer,0.11772994521360917
Vehicle Stoppage,229,163,,car,Outer,0.12004007664109627
Vehicle Stoppage,230,163,,car,Outer,0.12017695286534845
Vehicle Stoppage,231,163,,car,Outer,0.11982028208946675
Vehicle Stoppage,232,163,,car,Outer,0.11886769956552666
Vehicle Stoppage,233,163,,car,Outer,0.11812705024675817
Vehicle Stoppage,234,163,,car,Outer,0.11645471222754394
Vehicle Stoppage,235,163,,car,Outer,0.11493415506280248
Vehicle Stoppage,236,163,,car,Outer,0.11286133084453116
Vehicle Stoppage,237,163,,car,Outer,0.11152439195081593
Vehicle Stoppage,238,163,,car,Outer,0.11031269192617796
Vehicle Stoppage,239,163,,car,Outer,0.10886027742019026
Vehicle Stoppage,240,163,,car,Outer,0.10746445924117912
Vehicle Stoppage,241,163,,car,Outer,0.10534424521538711
Vehicle Stoppage,242,163,,car,Outer,0.10306900601053641
Vehicle Stoppage,243,163,,car,Outer,0.10063558018911058
Vehicle Stoppage,244,163,,car,Outer,0.09728478812229716
Vehicle Stoppage,245,163,,car,Outer,0.09381924109691096
Vehicle Stoppage,246,163,,car,Outer,0.09145315740858863
Vehicle Stoppage,247,163,,car,Outer,0.08946641828082817
Vehicle Stoppage,248,163,,car,Outer,0.08884081269326503
Vehicle Stoppage,249,163,,car,Outer,0.08845529944553752
Vehicle Stoppage,250,163,,car,Outer,0.08813313792212345
Vehicle Stoppage,251,163,,car,Outer,0.08373559577623284
Vehicle Stoppage,252,163,,car,Outer,0.07784349683820359
Vehicle Stoppage,253,163,,car,Outer,0.07357859743159287
Vehicle Stoppage,254,163,,car,Outer,0.07285169867614079
Vehicle Stoppage,255,163,,car,Outer,0.07177220910631331
Vehicle Stoppage,256,163,,car,Outer,0.07047701753054106
Vehicle Stoppage,257,163,,car,Outer,0.0690427403859342
Vehicle Stoppage,258,163,,car,Outer,0.0681364073018226
Vehicle Stoppage,259,163,,car,Outer,0.06746258222155693
Vehicle Stoppage,260,163,,car,Outer,0.0667904184745068
Vehicle Stoppage,261,163,,car,Outer,0.06531653695658231
Vehicle Stoppage,262,163,,car,Outer,0.06581800665471747
Vehicle Stoppage,263,163,,car,Outer,0.06740578610178571
Vehicle Stoppage,264,163,,car,Outer,0.0699080825083926
Vehicle Stoppage,265,163,,car,Outer,0.07281133153568675
Vehicle Stoppage,266,163,,car,Outer,0.07480922403019796
Vehicle Stoppage,267,163,,car,Outer,0.07456037821792957
Vehicle Stoppage,268,163,,car,Outer,0.07345291008530205
Vehicle Stoppage,269,163,,car,Outer,0.07301068414964958
Vehicle Stoppage,270,163,,car,Outer,0.07214000277238583
Vehicle Stoppage,271,163,,car,Outer,0.07220006925204484
Vehicle Stoppage,272,163,,car,Outer,0.07259889806326936
Vehicle Stoppage,273,163,,car,Outer,0.07376103307302713
Vehicle Stoppage,274,163,,car,Outer,0.07472255348956093
Vehicle Stoppage,275,163,,car,Outer,0.07576918898866736
Vehicle Stoppage,276,163,,car,Outer,0.07571294473205925
Vehicle Stoppage,277,163,,car,Outer,0.07613389521100204
Vehicle Stoppage,278,163,,car,Outer,0.07645894323098701
Vehicle Stoppage,279,163,,car,Outer,0.07820805585104446
Vehicle Stoppage,280,163,,car,Outer,0.0813419940744027
Vehicle Stoppage,281,163,,car,Outer,0.08386000238492722
Vehicle Stoppage,282,163,,car,Outer,0.08595539540947639
Vehicle Stoppage,283,163,,car,Outer,0.08711813818028974
Vehicle Stoppage,284,163,,car,Outer,0.08771100273056204
Vehicle Stoppage,285,163,,car,Outer,0.08849819207192924
Vehicle Stoppage,286,163,,car,Outer,0.08849774008413576
Vehicle Stoppage,287,163,,car,Outer,0.08726981150432449
Vehicle Stoppage,288,163,,car,Outer,0.08621658773112992
Vehicle Stoppage,289,163,,car,Outer,0.08408864370412923
Vehicle Stoppage,290,163,,car,Outer,0.08283091210411551
Vehicle Stoppage,291,163,,car,Outer,0.08111602800926289
Vehicle Stoppage,292,163,,car,Outer,0.07847802240118114
Vehicle Stoppage,293,163,,car,Outer,0.07495385246937021
Vehicle Stoppage,294,163,,car,Outer,0.0719847206009731
Vehicle Stoppage,295,163,,car,Outer,0.06971549325651931
Vehicle Stoppage,296,163,,car,Outer,0.06891190027854247
Vehicle Stoppage,297,163,,car,Outer,0.06735317364460867
Vehicle Stoppage,298,163,,car,Outer,0.06610484097250595
Vehicle Stoppage,299,163,,car,Outer,0.06602984173841518
Vehicle Stoppage,300,163,,car,Outer,0.06645607571923552
Vehicle Stoppage,301,163,,car,Outer,0.06715720363445965
Vehicle Stoppage,302,163,,car,Outer,0.06841936860275918
Vehicle Stoppage,303,163,,car,Outer,0.0702422237688958
Vehicle Stoppage,304,163,,car,Outer,0.07309261248580495
Vehicle Stoppage,305,163,,car,Outer,0.07657218816254226
Vehicle Stoppage,306,163,,car,Outer,0.07560747317560625
Vehicle Stoppage,307,163,,car,Outer,0.07272138612540799
Vehicle Stoppage,308,163,,car,Outer,0.06899405771513477
Vehicle Stoppage,309,163,,car,Outer,0.06338517176753983
Vehicle Stoppage,310,163,,car,Outer,0.05705479822065531
Vehicle Stoppage,311,163,,car,Outer,0.05061719075571418
Vehicle Stoppage,312,163,,car,Outer,0.043644014480793865
Vehicle Stoppage,313,163,,car,Outer,0.04043785355332318
Vehicle Stoppage,314,163,,car,Outer,0.039331539507120254
Vehicle Stoppage,315,163,,car,Outer,0.039470748662777826
Vehicle Stoppage,316,163,,car,Outer,0.040969500851244546
Vehicle Stoppage,317,163,,car,Outer,0.04213751297833828
Vehicle Stoppage,318,163,,car,Outer,0.042609036600234046
Vehicle Stoppage,319,163,,car,Outer,0.04350930934868954
Vehicle Stoppage,320,163,,car,Outer,0.0444527839398151
Vehicle Stoppage,321,163,,car,Outer,0.04623267242978948
Vehicle Stoppage,322,163,,car,Outer,0.04846607060614607
Vehicle Stoppage,323,163,,car,Outer,0.05172011214218319
Vehicle Stoppage,324,163,,car,Outer,0.05619653014199282
Vehicle Stoppage,325,163,,car,Outer,0.06139218191268513
Vehicle Stoppage,326,163,,car,Outer,0.06609114918051298
Vehicle Stoppage,327,163,,car,Outer,0.0693181073024978
Vehicle Stoppage,328,163,,car,Outer,0.07026720429902059
Vehicle Stoppage,329,163,,car,Outer,0.06955084471089876
Vehicle Stoppage,330,163,,car,Outer,0.067347011811964
Vehicle Stoppage,331,163,,car,Outer,0.06473924621124517
Vehicle Stoppage,332,163,,car,Outer,0.06186857037300997
Vehicle Stoppage,333,163,,car,Outer,0.059573148313649536
Vehicle Stoppage,334,163,,car,Outer,0.058766401965750864
Vehicle Stoppage,335,163,,car,Outer,0.058947179745944295
Vehicle Stoppage,336,163,,car,Outer,0.058941496418056294
Vehicle Stoppage,337,163,,car,Outer,0.05913391581825718
Vehicle Stoppage,338,163,,car,Outer,0.05883349386191508
Vehicle Stoppage,339,163,,car,Outer,0.05771048431611093
Vehicle Stoppage,340,163,,car,Outer,0.056319534799213124
Vehicle Stoppage,341,163,,car,Outer,0.05411108943645355
Vehicle Stoppage,342,163,,car,Outer,0.05127231221624684
Vehicle Stoppage,343,163,,car,Outer,0.04874966666552718
Vehicle Stoppage,344,163,,car,Outer,0.046664011829250875
Vehicle Stoppage,345,163,,car,Outer,0.04477231287302361
Vehicle Stoppage,346,163,,car,Outer,0.0437321392113438
Vehicle Stoppage,347,163,,car,Outer,0.043248699402411515
Vehicle Stoppage,348,163,,car,Outer,0.043248699402411515
Vehicle Stoppage,349,163,,car,Outer,0.043801940596275665
Vehicle Stoppage,350,163,,car,Outer,0.04441092208004596
Vehicle Stoppage,351,163,,car,Outer,0.04446234361794334
Vehicle Stoppage,352,163,,car,Outer,0.04397556139493848
Vehicle Stoppage,353,163,,car,Outer,0.042953230379098525
Vehicle Stoppage,354,163,,car,Outer,0.04193578424209658
Vehicle Stoppage,355,163,,car,Outer,0.041169163217142195
Vehicle Stoppage,356,163,,car,Outer,0.041100486615124
Vehicle Stoppage,357,163,,car,Outer,0.042098574797726676
Vehicle Stoppage,358,163,,car,Outer,0.043704919631548746
Vehicle Stoppage,359,163,,car,Outer,0.04588779794237445
Vehicle Stoppage,360,163,,car,Outer,0.04819647289999321
Vehicle Stoppage,361,163,,car,Outer,0.049716797966076295
Vehicle Stoppage,362,163,,car,Outer,0.05073716586487303
Vehicle Stoppage,363,163,,car,Outer,0.0514735854589542
Vehicle Stoppage,364,163,,car,Outer,0.05106172735033117
Vehicle Stoppage,365,163,,car,Outer,0.050458398706257034
Vehicle Stoppage,366,163,,car,Outer,0.04959758058615711
Vehicle Stoppage,367,163,,car,Outer,0.04963476604155602
Vehicle Stoppage,368,163,,car,Outer,0.049884366288446974
Vehicle Stoppage,369,163,,car,Outer,0.05067109629759457
Vehicle Stoppage,370,163,,car,Outer,0.05133312770521639
Vehicle Stoppage,371,163,,car,Outer,0.05308295394945077
Vehicle Stoppage,372,163,,car,Outer,0.055096007114854524
Vehicle Stoppage,373,163,,car,Outer,0.056333737671130764
Vehicle Stoppage,374,163,,car,Outer,0.05576468416479936
Vehicle Stoppage,375,163,,car,Outer,0.05437692525327517
Vehicle Stoppage,376,163,,car,Outer,0.05241574191023262
Vehicle Stoppage,377,163,,car,Outer,0.049980796312182864
Vehicle Stoppage,378,163,,car,Outer,0.046795298909184935
Vehicle Stoppage,379,163,,car,Outer,0.04267551991481995
Vehicle Stoppage,380,163,,car,Outer,0.03991002380354918
Vehicle Stoppage,381,163,,car,Outer,0.038498441526899775
Vehicle Stoppage,382,163,,car,Outer,0.037911080174537676
Vehicle Stoppage,383,163,,car,Outer,0.037604919890890307
Vehicle Stoppage,384,163,,car,Outer,0.03716180835212536
Vehicle Stoppage,385,163,,car,Outer,0.03664764658201456
Vehicle Stoppage,386,163,,car,Outer,0.036695640067998685
Vehicle Stoppage,387,163,,car,Outer,0.03601694045861757
Vehicle Stoppage,388,163,,car,Outer,0.03514555448417159
Vehicle Stoppage,389,163,,car,Outer,0.03427083308004077
Vehicle Stoppage,390,163,,car,Outer,0.03342289634367231
Vehicle Stoppage,391,163,,car,Outer,0.033085495311385923
Vehicle Stoppage,392,163,,car,Outer,0.03286350559511489
Vehicle Stoppage,393,163,,car,Outer,0.03249923076012989
Vehicle Stoppage,394,163,,car,Outer,0.03229024620531724
Vehicle Stoppage,395,163,,car,Outer,0.03220512381593948
Vehicle Stoppage,396,163,,car,Outer,0.031569922394584206
Vehicle Stoppage,397,163,,car,Outer,0.030594280511229362
Vehicle Stoppage,398,163,,car,Outer,0.029076622912573707
Vehicle Stoppage,399,163,,car,Outer,0.027586228448268576
Vehicle Stoppage,400,163,,car,Outer,0.02626118809193604
Vehicle Stoppage,401,163,,car,Outer,0.02500599928016877
Vehicle Stoppage,402,163,,car,Outer,0.02410808992848736
Vehicle Stoppage,403,163,,car,Outer,0.023695780215046567
Vehicle Stoppage,404,163,,car,Outer,0.02311579546543922
Vehicle Stoppage,405,163,,car,Outer,0.02241985726983596
Vehicle Stoppage,406,163,,car,Outer,0.021102132593648536
Vehicle Stoppage,407,163,,car,Outer,0.020200000000003084
Vehicle Stoppage,408,163,,car,Outer,0.01945867415832781
Vehicle Stoppage,409,163,,car,Outer,0.01740402252354317
Vehicle Stoppage,410,163,,car,Outer,0.014670037491430121
Vehicle Stoppage,411,163,,car,Outer,0.012702755606562277
Vehicle Stoppage,412,163,,car,Outer,0.011543396380616022
Vehicle Stoppage,413,163,,car,Outer,0.011870130580581882
Vehicle Stoppage,414,163,,car,Outer,0.012491997438363796
Vehicle Stoppage,415,163,,car,Outer,0.013548431643549541
Vehicle Stoppage,416,163,,car,Outer,0.01514001321003073
Vehicle Stoppage,417,163,,car,Outer,0.01764794605612954
Vehicle Stoppage,418,163,,car,Outer,0.019450449866259927
Vehicle Stoppage,419,163,,car,Outer,0.02094970166852123
Vehicle Stoppage,420,163,,car,Outer,0.022631835983849907
Vehicle Stoppage,421,163,,car,Outer,0.024569289774025258
Vehicle Stoppage,422,163,,car,Outer,0.026504716561398318
Vehicle Stoppage,423,163,,car,Outer,0.029307336965341834
Vehicle Stoppage,424,163,,car,Outer,0.03204496840379334
Vehicle Stoppage,425,163,,car,Outer,0.03498242415842664
Vehicle Stoppage,426,163,,car,Outer,0.03800631526470346
Vehicle Stoppage,427,163,,car,Outer,0.04119465984808858
Vehicle Stoppage,428,163,,car,Outer,0.04476449485920658
Vehicle Stoppage,429,163,,car,Outer,0.048081701301014114
Vehicle Stoppage,430,163,,car,Outer,0.05037231382416118
Vehicle Stoppage,431,163,,car,Outer,0.05167252654941584
Vehicle Stoppage,432,163,,car,Outer,0.052740970791210394
Vehicle Stoppage,433,163,,car,Outer,0.053806783958899526
Vehicle Stoppage,434,163,,car,Outer,0.054418471128836916
Vehicle Stoppage,435,163,,car,Outer,0.05484706008529554
Vehicle Stoppage,436,163,,car,Outer,0.055121774282037274
Vehicle Stoppage,437,163,,car,Outer,0.05544231236159079
Vehicle Stoppage,438,163,,car,Outer,0.05585704968936238
Vehicle Stoppage,439,163,,car,Outer,0.05656155938444734
Vehicle Stoppage,440,163,,car,Outer,0.05666127425323167
Vehicle Stoppage,441,163,,car,Outer,0.056325127607490574
Vehicle Stoppage,442,163,,car,Outer,0.055930045592689916
Vehicle Stoppage,443,163,,car,Outer,0.05541299486582843
Vehicle Stoppage,444,163,,car,Outer,0.054060059193460346
Vehicle Stoppage,445,163,,car,Outer,0.05218515114474968
Vehicle Stoppage,446,163,,car,Outer,0.049906412413635734
Vehicle Stoppage,447,163,,car,Outer,0.0479251499736872
Vehicle Stoppage,448,163,,car,Outer,0.04636248483418478
Vehicle Stoppage,449,163,,car,Outer,0.04507604685417923
Vehicle Stoppage,450,163,,car,Outer,0.04376528304489904
Vehicle Stoppage,451,163,,car,Outer,0.04327135311034216
Vehicle Stoppage,452,163,,car,Outer,0.043212613899184835
Vehicle Stoppage,453,163,,car,Outer,0.043368652273265945
Vehicle Stoppage,454,163,,car,Outer,0.04366886762901513
Vehicle Stoppage,455,163,,car,Outer,0.04373934155883709
Vehicle Stoppage,456,163,,car,Outer,0.043973855869139745
Vehicle Stoppage,457,163,,car,Outer,0.044251214672593145
Vehicle Stoppage,458,163,,car,Outer,0.0445004494359358
Vehicle Stoppage,459,163,,car,Outer,0.044631491124542136
Vehicle Stoppage,460,163,,car,Outer,0.044251214672593145
Vehicle Stoppage,461,163,,car,Outer,0.04374391386239264
Vehicle Stoppage,462,163,,car,Outer,0.04324592466348396
Vehicle Stoppage,463,163,,car,Outer,0.04283223085480802
Vehicle Stoppage,464,163,,car,Outer,0.04267551991481995
Vehicle Stoppage,465,163,,car,Outer,0.04256594883236904
Vehicle Stoppage,466,163,,car,Outer,0.042766575733865046
Vehicle Stoppage,467,163,,car,Outer,0.04272996606598276
Vehicle Stoppage,468,163,,car,Outer,0.04262769053092239
Vehicle Stoppage,469,163,,car,Outer,0.04321446517081916
Vehicle Stoppage,470,163,,car,Outer,0.04434636399976528
Vehicle Stoppage,471,163,,car,Outer,0.04596803237032913
Vehicle Stoppage,472,163,,car,Outer,0.04801499765697678
Vehicle Stoppage,473,163,,car,Outer,0.05020806708089506
Vehicle Stoppage,474,163,,car,Outer,0.052516092771646775
Vehicle Stoppage,475,163,,car,Outer,0.05474029594366157
Vehicle Stoppage,476,163,,car,Outer,0.056546794780959656
Vehicle Stoppage,477,163,,car,Outer,0.05796291918114217
Vehicle Stoppage,478,163,,car,Outer,0.05867674155915457
Vehicle Stoppage,479,163,,car,Outer,0.05916629107862094
Vehicle Stoppage,480,163,,car,Outer,0.05915285284751772
Vehicle Stoppage,481,163,,car,Outer,0.059333717227222936
Vehicle Stoppage,482,163,,car,Outer,0.05941893637553971
Vehicle Stoppage,483,163,,car,Outer,0.05930134905716767
Vehicle Stoppage,484,163,,car,Outer,0.059002118606027255
Vehicle Stoppage,485,163,,car,Outer,0.058712264476855396
Vehicle Stoppage,486,163,,car,Outer,0.058405479195019705
Vehicle Stoppage,487,163,,car,Outer,0.05770216633714584
Vehicle Stoppage,488,163,,car,Outer,0.056800352111587286
Vehicle Stoppage,489,163,,car,Outer,0.055500810804883255
Vehicle Stoppage,490,163,,car,Outer,0.05420009225084559
Vehicle Stoppage,491,163,,car,Outer,0.05280340898085812
Vehicle Stoppage,492,163,,car,Outer,0.05130477560618011
Vehicle Stoppage,493,163,,car,Outer,0.04960010080635436
Vehicle Stoppage,494,163,,car,Outer,0.04800666620376978
Vehicle Stoppage,495,163,,car,Outer,0.04672408372562759
Vehicle Stoppage,496,163,,car,Outer,0.04542818508371296
Vehicle Stoppage,497,163,,car,Outer,0.044165257839166173
Vehicle Stoppage,498,163,,car,Outer,0.04325008670511078
Vehicle Stoppage,499,163,,car,Outer,0.04219964454826774
Vehicle Stoppage,500,163,,car,Outer,0.041413524361006475
Vehicle Stoppage,501,163,,car,Outer,0.04067247226318869
Vehicle Stoppage,502,163,,car,Outer,0.040052215918719006
Vehicle Stoppage,503,163,,car,Outer,0.039802638103524024
Vehicle Stoppage,504,163,,car,Outer,0.039812812008193005
Vehicle Stoppage,505,163,,car,Outer,0.039949092605465725
Vehicle Stoppage,506,163,,car,Outer,0.0400026249138752
Vehicle Stoppage,507,163,,car,Outer,0.03986289001063111
Vehicle Stoppage,508,163,,car,Outer,0.03990814453216199
Vehicle Stoppage,509,163,,car,Outer,0.04046344028873607
Vehicle Stoppage,510,163,,car,Outer,0.04105423242493071
Vehicle Stoppage,511,163,,car,Outer,0.041744460710375894
Vehicle Stoppage,512,163,,car,Outer,0.04276119736396237
Vehicle Stoppage,513,163,,car,Outer,0.04398920322079088
Vehicle Stoppage,514,163,,car,Outer,0.045555460704507604
Vehicle Stoppage,515,163,,car,Outer,0.04760178568078924
Vehicle Stoppage,516,163,,car,Outer,0.049236673323849525
Vehicle Stoppage,517,163,,car,Outer,0.050798818883913036
Vehicle Stoppage,518,163,,car,Outer,0.05247647091792032
Vehicle Stoppage,519,163,,car,Outer,0.0541720407590477
Vehicle Stoppage,520,163,,car,Outer,0.05508402672281581
Vehicle Stoppage,521,163,,car,Outer,0.05549234181398496
Vehicle Stoppage,522,163,,car,Outer,0.055339316945544746
Vehicle Stoppage,523,163,,car,Outer,0.05535639077829962
Vehicle Stoppage,524,163,,car,Outer,0.05550441423887257
Vehicle Stoppage,525,163,,car,Outer,0.05582006807591746
Vehicle Stoppage,526,163,,car,Outer,0.05622855146631295
Vehicle Stoppage,527,163,,car,Outer,0.05682288271462954
Vehicle Stoppage,528,163,,car,Outer,0.057789704965507865
Vehicle Stoppage,529,163,,car,Outer,0.05900186437731799
Vehicle Stoppage,530,163,,car,Outer,0.060030408960788595
Vehicle Stoppage,531,163,,car,Outer,0.061130843278985735
Vehicle Stoppage,532,163,,car,Outer,0.06229133166019373
Vehicle Stoppage,533,163,,car,Outer,0.06344667051941726
Vehicle Stoppage,534,163,,car,Outer,0.06404100249058987
Vehicle Stoppage,535,163,,car,Outer,0.06435409854857452
Vehicle Stoppage,536,163,,car,Outer,0.06413111569277537
Vehicle Stoppage,537,163,,car,Outer,0.0630892225344327
Vehicle Stoppage,538,163,,car,Outer,0.06176706242003196
Vehicle Stoppage,539,163,,car,Outer,0.06039114173452903
Vehicle Stoppage,540,163,,car,Outer,0.05938526753328412
Vehicle Stoppage,541,163,,car,Outer,0.059588002148085135
Vehicle Stoppage,542,163,,car,Outer,0.06049371868219003
Vehicle Stoppage,543,163,,car,Outer,0.06214853176061023
Vehicle Stoppage,544,163,,car,Outer,0.06451550201308166
Vehicle Stoppage,545,163,,car,Outer,0.06662507035643636
Vehicle Stoppage,546,163,,car,Outer,0.06854582408870435
Vehicle Stoppage,547,163,,car,Outer,0.06978889596490107
Vehicle Stoppage,548,163,,car,Outer,0.07033988910994864
Vehicle Stoppage,549,163,,car,Outer,0.0703683167341741
Vehicle Stoppage,550,163,,car,Outer,0.06985656733622139
Vehicle Stoppage,551,163,,car,Outer,0.07003606213944553
Vehicle Stoppage,552,163,,car,Outer,0.07071357719702943
Vehicle Stoppage,553,163,,car,Outer,0.07199034657507776
Vehicle Stoppage,554,163,,car,Outer,0.07378597427696305
Vehicle Stoppage,555,163,,car,Outer,0.0757180295570342
Vehicle Stoppage,556,163,,car,Outer,0.07730278132124227
Vehicle Stoppage,557,163,,car,Outer,0.07863841300535268
Vehicle Stoppage,558,163,,car,Outer,0.07830312892854321
Vehicle Stoppage,559,163,,car,Outer,0.07887027323396528
Vehicle Stoppage,560,163,,car,Outer,0.08001562347441461
Vehicle Stoppage,561,163,,car,Outer,0.08136000245820582
Vehicle Stoppage,562,163,,car,Outer,0.08274738666567825
Vehicle Stoppage,563,163,,car,Outer,0.08490147230760832
Vehicle Stoppage,564,163,,car,Outer,0.08751651272759758
Vehicle Stoppage,565,163,,car,Outer,0.09077956818579644
Vehicle Stoppage,566,163,,car,Outer,0.09295697929687388
Vehicle Stoppage,567,163,,car,Outer,0.09346250585127996
Vehicle Stoppage,568,163,,car,Outer,0.09346041942983067
Vehicle Stoppage,569,163,,car,Outer,0.09295638762344526
Vehicle Stoppage,570,163,,car,Outer,0.09231105025943481
Vehicle Stoppage,571,163,,car,Outer,0.09166924238805294
Vehicle Stoppage,572,163,,car,Outer,0.0909084154520424
Vehicle Stoppage,573,163,,car,Outer,0.08804044525103415
Vehicle Stoppage,574,163,,car,Outer,0.08493909582753845
Vehicle Stoppage,575,163,,car,Outer,0.08163969622677007
Vehicle Stoppage,576,163,,car,Outer,0.07923357874032377
Vehicle Stoppage,577,163,,car,Outer,0.07596110847006393
Vehicle Stoppage,578,163,,car,Outer,0.072605922623433
Vehicle Stoppage,579,163,,car,Outer,0.06924059502921617
Vehicle Stoppage,580,163,,car,Outer,0.06774215821775967
Vehicle Stoppage,581,163,,car,Outer,0.06682252614201845
Vehicle Stoppage,582,163,,car,Outer,0.06580402723238234
Vehicle Stoppage,583,163,,car,Outer,0.06477113554663445
Vehicle Stoppage,584,163,,car,Outer,0.0640078120232226
Vehicle Stoppage,585,163,,car,Outer,0.06344525198941096
Vehicle Stoppage,586,163,,car,Outer,0.06258793813506947
Vehicle Stoppage,587,163,,car,Outer,0.06164576222255668
Vehicle Stoppage,588,163,,car,Outer,0.06090361237233531
Vehicle Stoppage,589,163,,car,Outer,0.059942639247863666
Vehicle Stoppage,590,163,,car,Outer,0.05851880039781986
Vehicle Stoppage,591,163,,car,Outer,0.05821005067855912
Vehicle Stoppage,592,163,,car,Outer,0.0584193461106877
Vehicle Stoppage,593,163,,car,Outer,0.059026519463713956
Vehicle Stoppage,594,163,,car,Outer,0.059864931303734215
Vehicle Stoppage,595,163,,car,Outer,0.06113738627059976
Vehicle Stoppage,596,163,,car,Outer,0.062191076530321285
Vehicle Stoppage,597,163,,car,Outer,0.06293647591024137
Vehicle Stoppage,598,163,,car,Outer,0.06257994886543573
Vehicle Stoppage,599,163,,car,Outer,0.06154689269166773
Vehicle Stoppage,600,163,,car,Outer,0.05997907968617098
Vehicle Stoppage,601,163,,car,Outer,0.058694122363316635
Vehicle Stoppage,602,163,,car,Outer,0.05739425058314355
Vehicle Stoppage,603,163,,car,Outer,0.05668721196177954
Vehicle Stoppage,604,163,,car,Outer,0.057097898385146145
Vehicle Stoppage,605,163,,car,Outer,0.05780493058555327
Vehicle Stoppage,606,163,,car,Outer,0.059287098090568195
Vehicle Stoppage,607,163,,car,Outer,0.061606006200691565
Vehicle Stoppage,608,163,,car,Outer,0.06362837417379029
Vehicle Stoppage,609,163,,car,Outer,0.06555188784466594
Vehicle Stoppage,610,163,,car,Outer,0.06716375510645672
Vehicle Stoppage,611,163,,car,Outer,0.06792532664625173
Vehicle Stoppage,612,163,,car,Outer,0.0684200263080933
Vehicle Stoppage,613,163,,car,Outer,0.06851897547395736
Vehicle Stoppage,614,163,,car,Outer,0.06819340144031014
Vehicle Stoppage,615,163,,car,Outer,0.0676842670049695
Vehicle Stoppage,616,163,,car,Outer,0.06694908513190972
Vehicle Stoppage,617,163,,car,Outer,0.06652533352039626
Vehicle Stoppage,618,163,,car,Outer,0.06639917168157694
Vehicle Stoppage,619,163,,car,Outer,0.06699380568381046
Vehicle Stoppage,620,163,,car,Outer,0.06667008324578413
Vehicle Stoppage,621,163,,car,Outer,0.0657517300152677
Vehicle Stoppage,622,163,,car,Outer,0.06460975158596827
Vehicle Stoppage,623,163,,car,Outer,0.06284910500556454
Vehicle Stoppage,624,163,,car,Outer,0.0614772315577044
Vehicle Stoppage,625,163,,car,Outer,0.06020979986679841
Vehicle Stoppage,626,163,,car,Outer,0.05836925560601556
Vehicle Stoppage,627,163,,car,Outer,0.05751773639496367
Vehicle Stoppage,628,163,,car,Outer,0.05710210153750761
Vehicle Stoppage,629,163,,car,Outer,0.05628827586629485
Vehicle Stoppage,630,163,,car,Outer,0.055417055136482214
Vehicle Stoppage,631,163,,car,Outer,0.05456784767607916
Vehicle Stoppage,632,163,,car,Outer,0.053426772315011785
Vehicle Stoppage,633,163,,car,Outer,0.053273820963022266
Vehicle Stoppage,634,163,,car,Outer,0.05359561549231144
Vehicle Stoppage,635,163,,car,Outer,0.054798905098551974
Vehicle Stoppage,636,163,,car,Outer,0.05757951024453211
Vehicle Stoppage,637,163,,car,Outer,0.06056071333794048
Vehicle Stoppage,638,163,,car,Outer,0.06419049773914781
Vehicle Stoppage,639,163,,car,Outer,0.06793121521067715
Vehicle Stoppage,640,163,,car,Outer,0.07017834423809147
Vehicle Stoppage,641,163,,car,Outer,0.07063101301836454
Vehicle Stoppage,642,163,,car,Outer,0.06999264247047375
Vehicle Stoppage,643,163,,car,Outer,0.06806181014342573
Vehicle Stoppage,644,163,,car,Outer,0.06825342482249272
Vehicle Stoppage,645,163,,car,Outer,0.06845326873130701
Vehicle Stoppage,646,163,,car,Outer,0.06834573871134969
Vehicle Stoppage,647,163,,car,Outer,0.06884184773812668
Vehicle Stoppage,648,163,,car,Outer,0.07142800571204966
Vehicle Stoppage,649,163,,car,Outer,0.07391325997410941
Vehicle Stoppage,650,163,,car,Outer,0.07710025940293737
Vehicle Stoppage,651,163,,car,Outer,0.07860915977162111
Vehicle Stoppage,652,163,,car,Outer,0.07954929289440907
Vehicle Stoppage,653,163,,car,Outer,0.08170801674254681
Vehicle Stoppage,654,163,,car,Outer,0.0835682355922437
Vehicle Stoppage,655,163,,car,Outer,0.08432093452992474
Vehicle Stoppage,656,163,,car,Outer,0.0857621128471109
Vehicle Stoppage,657,163,,car,Outer,0.08641741722592182
Vehicle Stoppage,658,163,,car,Outer,0.08700643654351466
Vehicle Stoppage,659,163,,car,Outer,0.08742865662927674
Vehicle Stoppage,660,163,,car,Outer,0.08776702114120079
Vehicle Stoppage,661,163,,car,Outer,0.0885036722402015
Vehicle Stoppage,662,163,,car,Outer,0.08961880383044184
Vehicle Stoppage,663,163,,car,Outer,0.09201065155729969
Vehicle Stoppage,664,163,,car,Outer,0.09572925362708687
Vehicle Stoppage,665,163,,car,Outer,0.09987201810317078
Vehicle Stoppage,666,163,,car,Outer,0.10407924865217001
Vehicle Stoppage,667,163,,car,Outer,0.10699271003203298
Vehicle Stoppage,668,163,,car,Outer,0.10966138791753326
Vehicle Stoppage,669,163,,car,Outer,0.11248902168656197
Vehicle Stoppage,670,163,,car,Outer,0.11371618178606184
Vehicle Stoppage,671,163,,car,Outer,0.1146336774250899
Vehicle Stoppage,672,163,,car,Outer,0.11560038927269949
Vehicle Stoppage,673,163,,car,Outer,0.11571594531437708
Vehicle Stoppage,674,163,,car,Outer,0.11667261889578476
Vehicle Stoppage,675,163,,car,Outer,0.11855905701379134
Vehicle Stoppage,676,163,,car,Outer,0.12042433308929266
Vehicle Stoppage,677,163,,car,Outer,0.12251040772114317
Vehicle Stoppage,678,163,,car,Outer,0.12361949684415127
Vehicle Stoppage,679,163,,car,Outer,0.12395257157477708
Vehicle Stoppage,680,163,,car,Outer,0.12402523936683567
Vehicle Stoppage,681,163,,car,Outer,0.12246832243481943
Vehicle Stoppage,682,163,,car,Outer,0.1196428852878392
Vehicle Stoppage,683,163,,car,Outer,0.11580708095794046
Vehicle Stoppage,684,163,,car,Outer,0.11196401207530454
Vehicle Stoppage,685,163,,car,Outer,0.10801134199703166
Vehicle Stoppage,686,163,,car,Outer,0.10403941560773768
Vehicle Stoppage,687,163,,car,Outer,0.1006249472049565
Vehicle Stoppage,688,163,,car,Outer,0.0980630919357528
Vehicle Stoppage,689,163,,car,Outer,0.09610249736609755
Vehicle Stoppage,690,163,,car,Outer,0.09502973218945955
Vehicle Stoppage,691,163,,car,Outer,0.09370725692282396
Vehicle Stoppage,692,163,,car,Outer,0.09279935344602301
Vehicle Stoppage,693,163,,car,Outer,0.09110049396134028
Vehicle Stoppage,694,163,,car,Outer,0.08882128123371988
Vehicle Stoppage,695,163,,car,Outer,0.0872699833848936
Vehicle Stoppage,696,163,,car,Outer,0.08556430330458567
Vehicle Stoppage,697,163,,car,Outer,0.08354262385154258
Vehicle Stoppage,698,163,,car,Outer,0.08122659662943318
Vehicle Stoppage,699,163,,car,Outer,0.07921647555906387
Vehicle Stoppage,700,163,,car,Outer,0.07855749486841168
Vehicle Stoppage,701,163,,car,Outer,0.07844743462982004
Vehicle Stoppage,702,163,,car,Outer,0.07838245977257742
Vehicle Stoppage,703,163,,car,Outer,0.07895802682438248
Vehicle Stoppage,704,163,,car,Outer,0.07989242767622484
Vehicle Stoppage,705,163,,car,Outer,0.08137106365287847
Vehicle Stoppage,706,163,,car,Outer,0.08163338777730367
Vehicle Stoppage,707,163,,car,Outer,0.0811233628494267
Vehicle Stoppage,708,163,,car,Outer,0.08046924878486375
Vehicle Stoppage,709,163,,car,Outer,0.07924626174148865
Vehicle Stoppage,710,163,,car,Outer,0.07864661467603513
Vehicle Stoppage,711,163,,car,Outer,0.07832700683672485
Vehicle Stoppage,712,163,,car,Outer,0.07788099896636705
Vehicle Stoppage,713,163,,car,Outer,0.07832400653694507
Vehicle Stoppage,714,163,,car,Outer,0.07869599735692095
Vehicle Stoppage,715,163,,car,Outer,0.07877340921910538
Vehicle Stoppage,716,163,,car,Outer,0.07818388580775204
Vehicle Stoppage,717,163,,car,Outer,0.07659242782416462
Vehicle Stoppage,718,163,,car,Outer,0.07473506539771256
Vehicle Stoppage,719,163,,car,Outer,0.07285773809280911
Vehicle Stoppage,720,163,,car,Outer,0.07109381126371221
Vehicle Stoppage,721,163,,car,Outer,0.06922261191258912
Vehicle Stoppage,722,163,,car,Outer,0.06813075663750734
Vehicle Stoppage,723,163,,car,Outer,0.06736980035594836
Vehicle Stoppage,724,163,,car,Outer,0.06653675675895211
Vehicle Stoppage,725,163,,car,Outer,0.0652993108692577
Vehicle Stoppage,726,163,,car,Outer,0.06351448653654071
Vehicle Stoppage,727,163,,car,Outer,0.06154867992085543
Vehicle Stoppage,728,163,,car,Outer,0.058830009348976114
Vehicle Stoppage,729,163,,car,Outer,0.055232689595926296
Vehicle Stoppage,730,163,,car,Outer,0.051486891535611756
Vehicle Stoppage,731,163,,car,Outer,0.04767777259898049
Vehicle Stoppage,732,163,,car,Outer,0.043561106505688695
Vehicle Stoppage,733,163,,car,Outer,0.03996998874155622
Vehicle Stoppage,734,163,,car,Outer,0.034601300553588864
Vehicle Stoppage,735,163,,car,Outer,0.029644729717098757
Vehicle Stoppage,736,163,,car,Outer,0.025540947515706645
Vehicle Stoppage,737,163,,car,Outer,0.022259604668546002
Vehicle Stoppage,738,163,,car,Outer,0.019104188022526974
Vehicle Stoppage,739,163,,car,Outer,0.017295664196555358
Vehicle Stoppage,740,163,,car,Outer,0.015394154734834149
Vehicle Stoppage,741,163,,car,Outer,0.01592984620139028
Vehicle Stoppage,742,163,,car,Outer,0.01523154621172404
Vehicle Stoppage,743,163,,car,Outer,0.015493224325491573
Vehicle Stoppage,744,163,,car,Outer,0.017655594014364614
Vehicle Stoppage,745,163,,car,Outer,0.01820027472320036
Vehicle Stoppage,746,163,,car,Outer,0.020082330542045352
Vehicle Stoppage,747,163,,car,Outer,0.021941968918034238
Vehicle Stoppage,748,163,,car,Outer,0.023661149591685905
Vehicle Stoppage,749,163,,car,Outer,0.024586378342488863
Vehicle Stoppage,750,163,,car,Outer,0.025640007800309336
Vehicle Stoppage,751,163,,car,Outer,0.02660169167553695
Vehicle Stoppage,752,163,,car,Outer,0.029910700426435288
Vehicle Stoppage,753,163,,car,Outer,0.03340957946457767
Vehicle Stoppage,754,163,,car,Outer,0.03680217384883194
Vehicle Stoppage,755,163,,car,Outer,0.03990914682125186
Vehicle Stoppage,756,163,,car,Outer,0.04548054529136106
Vehicle Stoppage,757,163,,car,Outer,0.04763412642213337
Vehicle Stoppage,758,163,,car,Outer,0.049246827308973895
Vehicle Stoppage,759,163,,car,Outer,0.05078287112797308
Vehicle Stoppage,760,163,,car,Outer,0.05120156247615606
Vehicle Stoppage,761,163,,car,Outer,0.05084338698395965
Vehicle Stoppage,762,163,,car,Outer,0.05048930579835562
Vehicle Stoppage,763,163,,car,Outer,0.05030874675442163
Vehicle Stoppage,764,163,,car,Outer,0.051588855385637615
Vehicle Stoppage,765,163,,car,Outer,0.05371936336182723
Vehicle Stoppage,766,163,,car,Outer,0.05572800014355804
Vehicle Stoppage,767,163,,car,Outer,0.05783640721898629
Vehicle Stoppage,768,163,,car,Outer,0.06021768843122707
Vehicle Stoppage,769,163,,car,Outer,0.06250007999995089
Vehicle Stoppage,770,163,,car,Outer,0.05998341437431061
Vehicle Stoppage,771,163,,car,Outer,0.058830774259734035
Vehicle Stoppage,772,163,,car,Outer,0.05390371044742941
Vehicle Stoppage,773,163,,car,Outer,0.05083246993802383
Vehicle Stoppage,774,163,,car,Outer,0.04448932456219121
Vehicle Stoppage,775,163,,car,Outer,0.03686217573611376
Vehicle Stoppage,776,163,,car,Outer,0.03037268509697603
Vehicle Stoppage,777,163,,car,Outer,0.02682181947594313
Vehicle Stoppage,778,163,,car,Outer,0.022635591443565653
Vehicle Stoppage,779,163,,car,Outer,0.01994442277931752
Vehicle Stoppage,780,163,,car,Outer,0.015890248582074138
Vehicle Stoppage,781,163,,car,Outer,0.014354441821263426
Vehicle Stoppage,782,163,,car,Outer,0.014115594213497078
Vehicle Stoppage,783,163,,car,Outer,0.01255746789762585
Vehicle Stoppage,784,163,,car,Outer,0.010316006979448067
Vehicle Stoppage,785,163,,car,Outer,0.008949301648730389
Vehicle Stoppage,786,163,,car,Outer,0.0077833154889091075
Vehicle Stoppage,787,163,,car,Outer,0.0064031242374334605
Vehicle Stoppage,788,163,,car,Outer,0.007106335201777484
Vehicle Stoppage,789,163,,car,Outer,0.00924175308045126
Vehicle Stoppage,790,163,,car,Outer,0.012163058825803992
Vehicle Stoppage,791,163,,car,Outer,0.012879829191417488
Vehicle Stoppage,792,163,,car,Outer,0.012448293055677476
Vehicle Stoppage,793,163,,car,Outer,0.015761027885257774
Vehicle Stoppage,794,163,,car,Outer,0.14225062390020798
Vehicle Stoppage,795,163,,car,Outer,0.2105029453475616
Vehicle Stoppage,796,163,,car,Outer,0.25072554716263235
Vehicle Stoppage,797,163,,car,Outer,0.2736368761698623
Vehicle Stoppage,798,163,,car,Outer,0.28633159099198335
Vehicle Stoppage,799,163,,car,Outer,0.29320385399922727
Vehicle Stoppage,800,163,,car,Outer,0.2969401623223088
Vehicle Stoppage,801,163,,car,Outer,0.17494050417213175
Vehicle Stoppage,802,163,,car,Outer,0.11088070165723504
Vehicle Stoppage,803,163,,car,Outer,0.07546509126742344
Vehicle Stoppage,804,163,,car,Outer,0.05826396828229546
Vehicle Stoppage,805,163,,car,Outer,0.05256805113374318
Vehicle Stoppage,806,163,,car,Outer,0.05300283011311719
Vehicle Stoppage,807,163,,car,Outer,0.05595944960415679
Vehicle Stoppage,808,163,,car,Outer,0.05675649742540783
Vehicle Stoppage,809,163,,car,Outer,0.055631825423941496
Vehicle Stoppage,810,163,,car,Outer,0.05375686002734787
Vehicle Stoppage,811,163,,car,Outer,0.05093888495049665
Vehicle Stoppage,812,163,,car,Outer,0.0476240485469289
Vehicle Stoppage,813,163,,car,Outer,0.0446229761445877
Vehicle Stoppage,814,163,,car,Outer,0.04239540069394437
Vehicle Stoppage,815,163,,car,Outer,0.0406893106355984
Vehicle Stoppage,816,163,,car,Outer,0.03706656175045359
Vehicle Stoppage,817,163,,car,Outer,0.032739120330267095
Vehicle Stoppage,818,163,,car,Outer,0.02820248216025943
Vehicle Stoppage,819,163,,car,Outer,0.027586228448261568
Vehicle Stoppage,820,163,,car,Outer,0.027761304003957994
Vehicle Stoppage,821,163,,car,Outer,0.02967305174733337
Vehicle Stoppage,822,163,,car,Outer,0.03198124450361255
Vehicle Stoppage,823,163,,car,Outer,0.03608670115152638
Vehicle Stoppage,824,163,,car,Outer,0.04060307870100271
Vehicle Stoppage,825,163,,car,Outer,0.04514886488052392
Vehicle Stoppage,826,163,,car,Outer,0.04538645172295112
Vehicle Stoppage,827,163,,car,Outer,0.04460784684335163
Vehicle Stoppage,828,163,,car,Outer,0.041539378907244795
Vehicle Stoppage,829,163,,car,Outer,0.03836482764199526
Vehicle Stoppage,830,163,,car,Outer,0.03569565799925837
Vehicle Stoppage,831,163,,car,Outer,0.03347730574583394
Vehicle Stoppage,832,163,,car,Outer,0.03427083308004077
Vehicle Stoppage,833,163,,car,Outer,0.033324015364302795
Vehicle Stoppage,834,163,,car,Outer,0.031813519138879594
Vehicle Stoppage,835,163,,car,Outer,0.0324322370489607
Vehicle Stoppage,836,163,,car,Outer,0.03125411972844445
Vehicle Stoppage,837,163,,car,Outer,0.029446222168551583
Vehicle Stoppage,838,163,,car,Outer,0.028014460551642865
Vehicle Stoppage,839,163,,car,Outer,0.027416783181113347
Vehicle Stoppage,840,163,,car,Outer,0.02727874630550353
Vehicle Stoppage,841,163,,car,Outer,0.027594383486497273
Vehicle Stoppage,842,163,,car,Outer,0.025548581173915067
Vehicle Stoppage,843,163,,car,Outer,0.024328584011405672
Vehicle Stoppage,844,163,,car,Outer,0.023837994882120482
Vehicle Stoppage,845,163,,car,Outer,0.023623716896372285
Vehicle Stoppage,846,163,,car,Outer,0.02071834935510658
Vehicle Stoppage,847,163,,car,Outer,0.01838831150486783
Vehicle Stoppage,848,163,,car,Outer,0.015697452022544883
Vehicle Stoppage,849,163,,car,Outer,0.01365613415283013
Vehicle Stoppage,850,163,,car,Outer,0.01273930924344235
Vehicle Stoppage,851,163,,car,Outer,0.013370115930687128
Vehicle Stoppage,852,163,,car,Outer,0.01522005256232504
Vehicle Stoppage,853,163,,car,Outer,0.017477127910497645
Vehicle Stoppage,854,163,,car,Outer,0.018500000000000228
Vehicle Stoppage,855,163,,car,Outer,0.01764652940381768
Vehicle Stoppage,856,163,,car,Outer,0.017308090593713608
Vehicle Stoppage,857,163,,car,Outer,0.017297687706746268
Vehicle Stoppage,858,163,,car,Outer,0.01788994130790205
Vehicle Stoppage,859,163,,car,Outer,0.02000399960008309
Vehicle Stoppage,860,163,,car,Outer,0.02288755120147523
Vehicle Stoppage,311,176,,person,Outer,0.9878664383407328
Vehicle Stoppage,312,176,,person,Outer,0.8698927979929505
Vehicle Stoppage,313,176,,person,Outer,0.7640241488330097
Vehicle Stoppage,314,176,,person,Outer,0.7063357629343142
Vehicle Stoppage,315,176,,person,Outer,0.6738379998189507
Vehicle Stoppage,316,176,,person,Outer,0.6548967323173923
Vehicle Stoppage,317,176,,person,Outer,0.6471627306945303
Vehicle Stoppage,318,176,,person,Outer,0.6460606550471838
Vehicle Stoppage,319,176,,person,Outer,0.6548234113102521
Vehicle Stoppage,320,176,,person,Outer,0.6627266253893802
Vehicle Stoppage,321,176,,person,Outer,0.6762176055087585
Vehicle Stoppage,322,176,,person,Outer,0.6922994222155568
Vehicle Stoppage,323,176,,person,Outer,0.7088136920235093
Vehicle Stoppage,324,176,,person,Outer,0.7221921766399849
Vehicle Stoppage,325,176,,person,Outer,0.7331092142375496
Vehicle Stoppage,326,176,,person,Outer,0.7390930252681307
Vehicle Stoppage,327,176,,person,Outer,0.7434973032903346
Vehicle Stoppage,328,176,,person,Outer,0.7458506888111065
Vehicle Stoppage,329,176,,person,Outer,0.7501864634875791
Vehicle Stoppage,330,176,,person,Outer,0.7559801055583428
Vehicle Stoppage,331,176,,person,Outer,0.7628070791491138
Vehicle Stoppage,332,176,,person,Outer,0.77041871732195
Vehicle Stoppage,333,176,,person,Outer,0.7854331034531199
Vehicle Stoppage,334,176,,person,Outer,0.804022250935884
Vehicle Stoppage,335,176,,person,Outer,0.8256145408118714
Vehicle Stoppage,336,176,,person,Outer,0.8483370085054645
Vehicle Stoppage,337,176,,person,Outer,0.8744195903569428
Vehicle Stoppage,338,176,,person,Outer,0.9000564982266417
Vehicle Stoppage,339,176,,person,Outer,0.9216042100598278
Vehicle Stoppage,340,176,,person,Outer,0.9307437563583236
Vehicle Stoppage,341,176,,person,Outer,0.9164894980303923
Vehicle Stoppage,342,176,,person,Outer,0.8900513749216966
Vehicle Stoppage,343,176,,person,Outer,0.8561262815729935
Vehicle Stoppage,344,176,,person,Outer,0.821359896756591
Vehicle Stoppage,345,176,,person,Outer,0.7917336231334365
Vehicle Stoppage,346,176,,person,Outer,0.7746373409538133
Vehicle Stoppage,347,176,,person,Outer,0.7717519096186284
Vehicle Stoppage,348,176,,person,Outer,0.7698771135707319
Vehicle Stoppage,349,176,,person,Outer,0.7646710403827252
Vehicle Stoppage,350,176,,person,Outer,0.7668872276938751
Vehicle Stoppage,351,176,,person,Outer,0.7710602570486944
Vehicle Stoppage,352,176,,person,Outer,0.7780263041825792
Vehicle Stoppage,373,176,,person,Outer,0.9858184670617617
Vehicle Stoppage,309,195,,person,Outer,0.05006176185473359
Vehicle Stoppage,310,195,,person,Outer,0.03299696955781647
Vehicle Stoppage,311,195,,person,Outer,0.03026301372963511
Vehicle Stoppage,312,195,,person,Outer,0.017340415219942878
Vehicle Stoppage,313,195,,person,Outer,0.02793796699833431
Vehicle Stoppage,314,195,,person,Outer,0.0490800366747971
Vehicle Stoppage,315,195,,person,Outer,0.07280226644822864
Vehicle Stoppage,316,195,,person,Outer,0.10248634055326297
Vehicle Stoppage,317,195,,person,Outer,0.13978329657008273
Vehicle Stoppage,318,195,,person,Outer,0.17690000000000825
Vehicle Stoppage,319,195,,person,Outer,0.22727749558633534
Vehicle Stoppage,320,195,,person,Outer,0.26941211925226943
Vehicle Stoppage,321,195,,person,Outer,0.295807843033273
Vehicle Stoppage,322,195,,person,Outer,0.31025358982612555
Vehicle Stoppage,323,195,,person,Outer,0.317166533543502
Vehicle Stoppage,324,195,,person,Outer,0.2972230139137945
Vehicle Stoppage,325,195,,person,Outer,0.2662200030050347
Vehicle Stoppage,326,195,,person,Outer,0.24444976989148023
Vehicle Stoppage,327,195,,person,Outer,0.23147790391309264
Vehicle Stoppage,328,195,,person,Outer,0.2246562930344912
Vehicle Stoppage,329,195,,person,Outer,0.2137132658493644
Vehicle Stoppage,330,195,,person,Outer,0.20592158701797053
Vehicle Stoppage,331,195,,person,Outer,0.20335437049643174
Vehicle Stoppage,332,195,,person,Outer,0.2020941612219443
Vehicle Stoppage,333,195,,person,Outer,0.20241566144940917
Vehicle Stoppage,334,195,,person,Outer,0.20432682153842907
Vehicle Stoppage,335,195,,person,Outer,0.20726005403840375
Vehicle Stoppage,336,195,,person,Outer,0.21986091057756943
Vehicle Stoppage,337,195,,person,Outer,0.23117138663770284
Vehicle Stoppage,338,195,,person,Outer,0.2599494181566788
Vehicle Stoppage,339,195,,person,Outer,0.28455115533063907
Vehicle Stoppage,340,195,,person,Outer,0.2922115671906229
Vehicle Stoppage,341,195,,person,Outer,0.2829869961676621
Vehicle Stoppage,342,195,,person,Outer,0.2630107412255249
Vehicle Stoppage,343,195,,person,Outer,0.23849614252645446
Vehicle Stoppage,344,195,,person,Outer,0.20887436415222876
Vehicle Stoppage,345,195,,person,Outer,0.17676249602220578
Vehicle Stoppage,346,195,,person,Outer,0.15471137644013133
Vehicle Stoppage,347,195,,person,Outer,0.12210716604688107
Vehicle Stoppage,348,195,,person,Outer,0.08305787139098286
Vehicle Stoppage,349,195,,person,Outer,0.04229527160333144
Vehicle Stoppage,350,195,,person,Outer,0.019059118552539583
Vehicle Stoppage,351,195,,person,Outer,0.0631000792392551
Vehicle Stoppage,352,195,,person,Outer,0.11337460033005577
Vehicle Stoppage,353,195,,person,Outer,0.1646895564387727
Vehicle Stoppage,354,195,,person,Outer,0.18042106307191685
Vehicle Stoppage,355,195,,person,Outer,0.17710618283956187
Vehicle Stoppage,356,195,,person,Outer,0.16831422993912162
Vehicle Stoppage,357,195,,person,Outer,0.15105839930305073
Vehicle Stoppage,358,195,,person,Outer,0.1264016613814851
Vehicle Stoppage,359,195,,person,Outer,0.09937454402411469
Vehicle Stoppage,360,195,,person,Outer,0.07491361691975804
Vehicle Stoppage,361,195,,person,Outer,0.06470625935718449
Vehicle Stoppage,362,195,,person,Outer,0.059205574061910876
Vehicle Stoppage,363,195,,person,Outer,0.05144754610279596
Vehicle Stoppage,364,195,,person,Outer,0.04485287058817549
Vehicle Stoppage,365,195,,person,Outer,0.03979610533707591
Vehicle Stoppage,366,195,,person,Outer,0.035701540583003455
Vehicle Stoppage,367,195,,person,Outer,0.028624465060504062
Vehicle Stoppage,368,195,,person,Outer,0.025107966863132596
Vehicle Stoppage,369,195,,person,Outer,0.033443235489408314
Vehicle Stoppage,370,195,,person,Outer,0.059074529198289046
Vehicle Stoppage,371,195,,person,Outer,0.07057627079975677
Vehicle Stoppage,372,195,,person,Outer,0.07470006693437854
Vehicle Stoppage,373,195,,person,Outer,0.07120126403371894
Vehicle Stoppage,374,195,,person,Outer,0.06457592430619975
Vehicle Stoppage,375,195,,person,Outer,0.05734012556665346
Vehicle Stoppage,376,195,,person,Outer,0.03610886317789453
Vehicle Stoppage,377,195,,person,Outer,0.03501913762501332
Vehicle Stoppage,378,195,,person,Outer,0.05824165176229797
Vehicle Stoppage,379,195,,person,Outer,0.0781000640204666
Vehicle Stoppage,380,195,,person,Outer,0.09726664381996612
Vehicle Stoppage,381,195,,person,Outer,0.11259951154424157
Vehicle Stoppage,382,195,,person,Outer,0.1257669272901259
Vehicle Stoppage,383,195,,person,Outer,0.1343500279121715
Vehicle Stoppage,384,195,,person,Outer,0.1391302267661573
Vehicle Stoppage,385,195,,person,Outer,0.14159187829816025
Vehicle Stoppage,386,195,,person,Outer,0.1391035944898627
Vehicle Stoppage,387,195,,person,Outer,0.1319136838997323
Vehicle Stoppage,388,195,,person,Outer,0.12104982445258475
Vehicle Stoppage,389,195,,person,Outer,0.10424994004794882
Vehicle Stoppage,390,195,,person,Outer,0.0872470056792861
Vehicle Stoppage,391,195,,person,Outer,0.07115757162804838
Vehicle Stoppage,392,195,,person,Outer,0.05601160594020251
Vehicle Stoppage,393,195,,person,Outer,0.045478016667399326
Vehicle Stoppage,420,195,,person,Outer,0.04971327790439373
Vehicle Stoppage,421,195,,person,Outer,0.08068661599050327
Vehicle Stoppage,422,195,,person,Outer,0.10751046460693843
Vehicle Stoppage,423,195,,person,Outer,0.14699200658538483
Vehicle Stoppage,424,195,,person,Outer,0.192890487064548
Vehicle Stoppage,425,195,,person,Outer,0.24243128923470206
Vehicle Stoppage,426,195,,person,Outer,0.29409081930586467
Vehicle Stoppage,427,195,,person,Outer,0.3074230472817562
Vehicle Stoppage,428,195,,person,Outer,0.30171791461562786
Vehicle Stoppage,429,195,,person,Outer,0.3162633080203911
Vehicle Stoppage,430,195,,person,Outer,0.32520027675264684
Vehicle Stoppage,431,195,,person,Outer,0.33172556428469485
Vehicle Stoppage,432,195,,person,Outer,0.33830354712890415
Vehicle Stoppage,433,195,,person,Outer,0.3065652459102294
Vehicle Stoppage,434,195,,person,Outer,0.2600960207308081
Vehicle Stoppage,435,195,,person,Outer,0.22080226448113957
Vehicle Stoppage,436,195,,person,Outer,0.17086711210762473
Vehicle Stoppage,437,195,,person,Outer,0.1148714498907332
Vehicle Stoppage,438,195,,person,Outer,0.05333441665565645
Vehicle Stoppage,439,195,,person,Outer,0.016070158679990648
Vehicle Stoppage,440,195,,person,Outer,0.042521759135766266
Vehicle Stoppage,441,195,,person,Outer,0.05769064048873242
Vehicle Stoppage,442,195,,person,Outer,0.06619101147436779
Vehicle Stoppage,443,195,,person,Outer,0.072271294439778
Vehicle Stoppage,444,195,,person,Outer,0.07691404293105075
Vehicle Stoppage,445,195,,person,Outer,0.07993028212136222
Vehicle Stoppage,446,195,,person,Outer,0.08404237026643288
Vehicle Stoppage,447,195,,person,Outer,0.08744741276905292
Vehicle Stoppage,448,195,,person,Outer,0.09080198235721162
Vehicle Stoppage,449,195,,person,Outer,0.09414143614795444
Vehicle Stoppage,450,195,,person,Outer,0.09565531872301665
Vehicle Stoppage,451,195,,person,Outer,0.09605675405716502
Vehicle Stoppage,452,195,,person,Outer,0.09419437350500591
Vehicle Stoppage,453,195,,person,Outer,0.09122220124510153
Vehicle Stoppage,454,195,,person,Outer,0.0874817123746509
Vehicle Stoppage,455,195,,person,Outer,0.08259636795888942
Vehicle Stoppage,456,195,,person,Outer,0.07835917304310504
Vehicle Stoppage,457,195,,person,Outer,0.07567463247350495
Vehicle Stoppage,458,195,,person,Outer,0.07364305805708946
Vehicle Stoppage,459,195,,person,Outer,0.07228727412207592
Vehicle Stoppage,460,195,,person,Outer,0.07041938653523976
Vehicle Stoppage,461,195,,person,Outer,0.06848313661040846
Vehicle Stoppage,462,195,,person,Outer,0.06709135562798166
Vehicle Stoppage,463,195,,person,Outer,0.07528140540665032
Vehicle Stoppage,464,195,,person,Outer,0.09102510642674341
Vehicle Stoppage,465,195,,person,Outer,0.10953597582530283
Vehicle Stoppage,466,195,,person,Outer,0.13306483382171677
Vehicle Stoppage,467,195,,person,Outer,0.16034375572500342
Vehicle Stoppage,468,195,,person,Outer,0.19013368980798878
Vehicle Stoppage,469,195,,person,Outer,0.22222965598677416
Vehicle Stoppage,470,195,,person,Outer,0.22618775386832582
Vehicle Stoppage,471,195,,person,Outer,0.2146350390779655
Vehicle Stoppage,472,195,,person,Outer,0.19864302152353444
Vehicle Stoppage,473,195,,person,Outer,0.17744430112009818
Vehicle Stoppage,474,195,,person,Outer,0.1527665212014754
Vehicle Stoppage,475,195,,person,Outer,0.1258030603761297
Vehicle Stoppage,476,195,,person,Outer,0.09783455422292837
Vehicle Stoppage,477,195,,person,Outer,0.0852939036508503
Vehicle Stoppage,478,195,,person,Outer,0.07862060798543567
Vehicle Stoppage,479,195,,person,Outer,0.0723409289406789
Vehicle Stoppage,480,195,,person,Outer,0.0667582204676025
Vehicle Stoppage,481,195,,person,Outer,0.062072538211361265
Vehicle Stoppage,482,195,,person,Outer,0.05921148537235194
Vehicle Stoppage,483,195,,person,Outer,0.05736871969984869
Vehicle Stoppage,484,195,,person,Outer,0.0569874547597943
Vehicle Stoppage,485,195,,person,Outer,0.05843902805487999
Vehicle Stoppage,486,195,,person,Outer,0.062383491405986535
Vehicle Stoppage,487,195,,person,Outer,0.0681584184088801
Vehicle Stoppage,488,195,,person,Outer,0.07550264896015484
Vehicle Stoppage,489,195,,person,Outer,0.08300759001440311
Vehicle Stoppage,490,195,,person,Outer,0.09249999999999232
Vehicle Stoppage,491,195,,person,Outer,0.10245945539578849
Vehicle Stoppage,492,195,,person,Outer,0.11362930959924257
Vehicle Stoppage,493,195,,person,Outer,0.1265902444898567
Vehicle Stoppage,494,195,,person,Outer,0.13916414768179164
Vehicle Stoppage,495,195,,person,Outer,0.15132071900437297
Vehicle Stoppage,496,195,,person,Outer,0.16598978884257332
Vehicle Stoppage,497,195,,person,Outer,0.1798874370266073
Vehicle Stoppage,498,195,,person,Outer,0.19371938467793007
Vehicle Stoppage,499,195,,person,Outer,0.20251195026467014
Vehicle Stoppage,500,195,,person,Outer,0.20540703493309267
Vehicle Stoppage,501,195,,person,Outer,0.20485624227736482
Vehicle Stoppage,502,195,,person,Outer,0.20025588630550292
Vehicle Stoppage,503,195,,person,Outer,0.19182723998432005
Vehicle Stoppage,504,195,,person,Outer,0.18006079528870675
Vehicle Stoppage,505,195,,person,Outer,0.16235088543029638
Vehicle Stoppage,506,195,,person,Outer,0.14439006198489635
Vehicle Stoppage,507,195,,person,Outer,0.12806763837910434
Vehicle Stoppage,508,195,,person,Outer,0.11284795080106859
Vehicle Stoppage,509,195,,person,Outer,0.1009226436435387
Vehicle Stoppage,510,195,,person,Outer,0.11063186701850611
Vehicle Stoppage,511,195,,person,Outer,0.13627626352376715
Vehicle Stoppage,512,195,,person,Outer,0.17359403791605554
Vehicle Stoppage,513,195,,person,Outer,0.21845283243757008
Vehicle Stoppage,514,195,,person,Outer,0.2677469327555369
Vehicle Stoppage,515,195,,person,Outer,0.3197489014836484
Vehicle Stoppage,516,195,,person,Outer,0.37255488186305596
Vehicle Stoppage,517,195,,person,Outer,0.3874980516080073
Vehicle Stoppage,518,195,,person,Outer,0.3968221893997404
Vehicle Stoppage,519,195,,person,Outer,0.4045015821971473
Vehicle Stoppage,520,195,,person,Outer,0.40965752769844366
Vehicle Stoppage,521,195,,person,Outer,0.41365426384845155
Vehicle Stoppage,522,195,,person,Outer,0.41700119903904087
Vehicle Stoppage,523,195,,person,Outer,0.38410005206977077
Vehicle Stoppage,524,195,,person,Outer,0.3372291950587916
Vehicle Stoppage,525,195,,person,Outer,0.2833752459196137
Vehicle Stoppage,526,195,,person,Outer,0.22567509831613985
Vehicle Stoppage,527,195,,person,Outer,0.16544754455718677
Vehicle Stoppage,528,195,,person,Outer,0.10617141799937738
Vehicle Stoppage,529,195,,person,Outer,0.06247639554263577
Vehicle Stoppage,530,195,,person,Outer,0.05858754133772867
Vehicle Stoppage,531,195,,person,Outer,0.062069718865154416
Vehicle Stoppage,532,195,,person,Outer,0.06502707128573473
Vehicle Stoppage,533,195,,person,Outer,0.0666237945481916
Vehicle Stoppage,534,195,,person,Outer,0.06988197192409694
Vehicle Stoppage,535,195,,person,Outer,0.0747773361386991
Vehicle Stoppage,536,195,,person,Outer,0.07700935008166386
Vehicle Stoppage,537,195,,person,Outer,0.07922783601740035
Vehicle Stoppage,538,195,,person,Outer,0.08126844406040891
Vehicle Stoppage,539,195,,person,Outer,0.08407645330293191
Vehicle Stoppage,540,195,,person,Outer,0.08623236051506593
Vehicle Stoppage,541,195,,person,Outer,0.08380841246557795
Vehicle Stoppage,542,195,,person,Outer,0.0785343873726672
Vehicle Stoppage,543,195,,person,Outer,0.0767151223684128
Vehicle Stoppage,544,195,,person,Outer,0.07457647082022384
Vehicle Stoppage,545,195,,person,Outer,0.07222243418772313
Vehicle Stoppage,546,195,,person,Outer,0.06941037386442855
Vehicle Stoppage,547,195,,person,Outer,0.068829063628673
Vehicle Stoppage,548,195,,person,Outer,0.0705443123150291
Vehicle Stoppage,549,195,,person,Outer,0.07382391211524758
Vehicle Stoppage,550,195,,person,Outer,0.07746483072982387
Vehicle Stoppage,551,195,,person,Outer,0.07890202785733563
Vehicle Stoppage,552,195,,person,Outer,0.07935767133680734
Vehicle Stoppage,553,195,,person,Outer,0.0798677031095738
Vehicle Stoppage,554,195,,person,Outer,0.07844896430163695
Vehicle Stoppage,555,195,,person,Outer,0.07635764532775656
Vehicle Stoppage,556,195,,person,Outer,0.07249199955857093
Vehicle Stoppage,557,195,,person,Outer,0.06873521659236971
Vehicle Stoppage,558,195,,person,Outer,0.06793246646486298
Vehicle Stoppage,559,195,,person,Outer,0.07027268317063431
Vehicle Stoppage,316,199,,car,Inner,0.023713498265760826
Vehicle Stoppage,317,199,,car,Inner,0.024234892201129486
Vehicle Stoppage,318,199,,car,Inner,0.024721245923297115
Vehicle Stoppage,319,199,,car,Inner,0.025088044961685797
Vehicle Stoppage,320,199,,car,Inner,0.027902867236184486
Vehicle Stoppage,321,199,,car,Inner,0.031822633454826624
Vehicle Stoppage,322,199,,car,Inner,0.036400274724249615
Vehicle Stoppage,323,199,,car,Inner,0.03855191305240873
Vehicle Stoppage,324,199,,car,Inner,0.039556668211561966
Vehicle Stoppage,325,199,,car,Inner,0.04204866228548807
Vehicle Stoppage,326,199,,car,Inner,0.04423053244083818
Vehicle Stoppage,327,199,,car,Inner,0.045602741145679825
Vehicle Stoppage,328,199,,car,Inner,0.04615798955760893
Vehicle Stoppage,329,199,,car,Inner,0.044453121375233516
Vehicle Stoppage,330,199,,car,Inner,0.04145961890804145
Vehicle Stoppage,331,199,,car,Inner,0.03771153669634593
Vehicle Stoppage,332,199,,car,Inner,0.03365382593406005
Vehicle Stoppage,333,199,,car,Inner,0.03196623218335898
Vehicle Stoppage,334,199,,car,Inner,0.03129680494875431
Vehicle Stoppage,335,199,,car,Inner,0.032309905601835096
Vehicle Stoppage,336,199,,car,Inner,0.03420716299256468
Vehicle Stoppage,337,199,,car,Inner,0.03592728767942092
Vehicle Stoppage,338,199,,car,Inner,0.03695970779105542
Vehicle Stoppage,339,199,,car,Inner,0.037662979170527536
Vehicle Stoppage,340,199,,car,Inner,0.034096920682072165
Vehicle Stoppage,341,199,,car,Inner,0.028311481769766625
Vehicle Stoppage,342,199,,car,Inner,0.02149534833400084
Vehicle Stoppage,343,199,,car,Inner,0.015164761785140387
Vehicle Stoppage,344,199,,car,Inner,0.011621101496847657
Vehicle Stoppage,345,199,,car,Inner,0.00958853482029023
Vehicle Stoppage,346,199,,car,Inner,0.009100000000002568
Vehicle Stoppage,347,199,,car,Inner,0.009633275663031448
Vehicle Stoppage,348,199,,car,Inner,0.010885311203633223
Vehicle Stoppage,349,199,,car,Inner,0.012231925441233958
Vehicle Stoppage,350,199,,car,Inner,0.013675159962498086
Vehicle Stoppage,351,199,,car,Inner,0.01598812058999706
Vehicle Stoppage,352,199,,car,Inner,0.01754194972059885
Vehicle Stoppage,353,199,,car,Inner,0.01979595918363285
Vehicle Stoppage,354,199,,car,Inner,0.02128497122385044
Vehicle Stoppage,355,199,,car,Inner,0.022451057881528694
Vehicle Stoppage,356,199,,car,Inner,0.024027692356949487
Vehicle Stoppage,357,199,,car,Inner,0.023430322234237126
Vehicle Stoppage,358,199,,car,Inner,0.021876471379088182
Vehicle Stoppage,359,199,,car,Inner,0.020169779374105506
Vehicle Stoppage,360,199,,car,Inner,0.01713971995103932
Vehicle Stoppage,361,199,,car,Inner,0.012886038956940274
Vehicle Stoppage,362,199,,car,Inner,0.008668333173105648
Vehicle Stoppage,363,199,,car,Inner,0.007468600939928861
Vehicle Stoppage,364,199,,car,Inner,0.010210778618697418
Vehicle Stoppage,365,199,,car,Inner,0.014221462653329697
Vehicle Stoppage,366,199,,car,Inner,0.01899947367691678
Vehicle Stoppage,367,199,,car,Inner,0.022760711763911198
Vehicle Stoppage,368,199,,car,Inner,0.025034775812854487
Vehicle Stoppage,369,199,,car,Inner,0.02608236952426055
Vehicle Stoppage,370,199,,car,Inner,0.02578003103178354
Vehicle Stoppage,371,199,,car,Inner,0.024970382456020603
Vehicle Stoppage,372,199,,car,Inner,0.023715395843207882
Vehicle Stoppage,373,199,,car,Inner,0.02224971909935392
Vehicle Stoppage,374,199,,car,Inner,0.02002623279601683
Vehicle Stoppage,375,199,,car,Inner,0.01697439247808287
Vehicle Stoppage,376,199,,car,Inner,0.014787156589420989
Vehicle Stoppage,377,199,,car,Inner,0.012549501982154035
Vehicle Stoppage,378,199,,car,Inner,0.01070560600807666
Vehicle Stoppage,379,199,,car,Inner,0.010920164833928023
Vehicle Stoppage,380,199,,car,Inner,0.0113463650567084
Vehicle Stoppage,381,199,,car,Inner,0.016772000476982876
Vehicle Stoppage,382,199,,car,Inner,0.025854400012373706
Vehicle Stoppage,383,199,,car,Inner,0.035578785814024814
Vehicle Stoppage,384,199,,car,Inner,0.047157289998473496
Vehicle Stoppage,385,199,,car,Inner,0.05924229907760194
Vehicle Stoppage,386,199,,car,Inner,0.0707873576283249
Vehicle Stoppage,387,199,,car,Inner,0.08326205618407606
Vehicle Stoppage,388,199,,car,Inner,0.0920865353892738
Vehicle Stoppage,389,199,,car,Inner,0.098548059341625
Vehicle Stoppage,390,199,,car,Inner,0.10356954185473333
Vehicle Stoppage,391,199,,car,Inner,0.1063977443369857
Vehicle Stoppage,392,199,,car,Inner,0.10688091504098864
Vehicle Stoppage,393,199,,car,Inner,0.10456098698845032
Vehicle Stoppage,394,199,,car,Inner,0.10199181339695922
Vehicle Stoppage,395,199,,car,Inner,0.09960281120530842
Vehicle Stoppage,396,199,,car,Inner,0.09746861033173586
Vehicle Stoppage,397,199,,car,Inner,0.09606924585943305
Vehicle Stoppage,398,199,,car,Inner,0.09561825139584965
Vehicle Stoppage,399,199,,car,Inner,0.09547544186857163
Vehicle Stoppage,400,199,,car,Inner,0.08917936981163206
Vehicle Stoppage,401,199,,car,Inner,0.08193906272346664
Vehicle Stoppage,402,199,,car,Inner,0.07417229941157005
Vehicle Stoppage,403,199,,car,Inner,0.06430956382996814
Vehicle Stoppage,404,199,,car,Inner,0.053223491054231936
Vehicle Stoppage,405,199,,car,Inner,0.04221433405846338
Vehicle Stoppage,406,199,,car,Inner,0.03414805997417736
Vehicle Stoppage,407,199,,car,Inner,0.029976657585521774
Vehicle Stoppage,408,199,,car,Inner,0.026647513955334542
Vehicle Stoppage,409,199,,car,Inner,0.02093895890440607
Vehicle Stoppage,410,199,,car,Inner,0.014139660533409388
Vehicle Stoppage,411,199,,car,Inner,0.007528612089884473
Vehicle Stoppage,412,199,,car,Inner,0.005852349955361046
Vehicle Stoppage,413,199,,car,Inner,0.010151847122571743
Vehicle Stoppage,414,199,,car,Inner,0.01386001443000676
Vehicle Stoppage,415,199,,car,Inner,0.01884489320744368
Vehicle Stoppage,416,199,,car,Inner,0.022246123257764247
Vehicle Stoppage,417,199,,car,Inner,0.02424046204179479
Vehicle Stoppage,418,199,,car,Inner,0.0249369204193409
Vehicle Stoppage,419,199,,car,Inner,0.02342925521650284
Vehicle Stoppage,420,199,,car,Inner,0.021343148783615984
Vehicle Stoppage,421,199,,car,Inner,0.018146349495136865
Vehicle Stoppage,422,199,,car,Inner,0.014965627283876504
Vehicle Stoppage,423,199,,car,Inner,0.02465461417260281
Vehicle Stoppage,424,199,,car,Inner,0.05982081577511224
Vehicle Stoppage,425,199,,car,Inner,0.10545164768745537
Vehicle Stoppage,426,199,,car,Inner,0.15550909941222146
Vehicle Stoppage,427,199,,car,Inner,0.21046360730539748
Vehicle Stoppage,428,199,,car,Inner,0.26854783558986156
Vehicle Stoppage,429,199,,car,Inner,0.328302680464236
Vehicle Stoppage,430,199,,car,Inner,0.3671961464939396
Vehicle Stoppage,431,199,,car,Inner,0.3915410195624429
Vehicle Stoppage,432,199,,car,Inner,0.40693219336886843
Vehicle Stoppage,433,199,,car,Inner,0.4174617707048158
Vehicle Stoppage,434,199,,car,Inner,0.42244484847137315
Vehicle Stoppage,435,199,,car,Inner,0.4241260779532424
Vehicle Stoppage,436,199,,car,Inner,0.4227722909557856
Vehicle Stoppage,437,199,,car,Inner,0.4212228151465673
Vehicle Stoppage,438,199,,car,Inner,0.42100518999176556
Vehicle Stoppage,439,199,,car,Inner,0.4218366745554539
Vehicle Stoppage,440,199,,car,Inner,0.423955115548804
Vehicle Stoppage,441,199,,car,Inner,0.42670207405167404
Vehicle Stoppage,442,199,,car,Inner,0.429851555772458
Vehicle Stoppage,443,199,,car,Inner,0.4335921701322539
Vehicle Stoppage,444,199,,car,Inner,0.4370453180163428
Vehicle Stoppage,445,199,,car,Inner,0.44019510447073323
Vehicle Stoppage,446,199,,car,Inner,0.4417574108037126
Vehicle Stoppage,447,199,,car,Inner,0.43962171238463577
Vehicle Stoppage,448,199,,car,Inner,0.4360706594119839
Vehicle Stoppage,449,199,,car,Inner,0.43070985593552435
Vehicle Stoppage,450,199,,car,Inner,0.424412594063844
Vehicle Stoppage,451,199,,car,Inner,0.41724952965820783
Vehicle Stoppage,452,199,,car,Inner,0.4098801044207902
Vehicle Stoppage,453,199,,car,Inner,0.40400123762186674
Vehicle Stoppage,454,199,,car,Inner,0.39985822487476896
Vehicle Stoppage,455,199,,car,Inner,0.3958953902232293
Vehicle Stoppage,456,199,,car,Inner,0.39374819364665203
Vehicle Stoppage,457,199,,car,Inner,0.3926586940333814
Vehicle Stoppage,458,199,,car,Inner,0.39251605062723144
Vehicle Stoppage,459,199,,car,Inner,0.391921025207891
Vehicle Stoppage,460,199,,car,Inner,0.3914696029067908
Vehicle Stoppage,461,199,,car,Inner,0.39450177439398115
Vehicle Stoppage,462,199,,car,Inner,0.39950752183156757
Vehicle Stoppage,463,199,,car,Inner,0.4054377017495972
Vehicle Stoppage,464,199,,car,Inner,0.41396823549639145
Vehicle Stoppage,465,199,,car,Inner,0.4241566927445578
Vehicle Stoppage,466,199,,car,Inner,0.40167918790994966
Vehicle Stoppage,467,199,,car,Inner,0.3622683259684693
Vehicle Stoppage,468,199,,car,Inner,0.3114578783720156
Vehicle Stoppage,469,199,,car,Inner,0.2526244841657258
Vehicle Stoppage,470,199,,car,Inner,0.19142439760908053
Vehicle Stoppage,471,199,,car,Inner,0.12549246989361434
Vehicle Stoppage,472,199,,car,Inner,0.07190945695803942
Vehicle Stoppage,473,199,,car,Inner,0.06933346955115752
Vehicle Stoppage,474,199,,car,Inner,0.08365267479285735
Vehicle Stoppage,475,199,,car,Inner,0.10095167160577728
Vehicle Stoppage,476,199,,car,Inner,0.11591177679597704
Vehicle Stoppage,477,199,,car,Inner,0.12901263504014507
Vehicle Stoppage,478,199,,car,Inner,0.13873734176493507
Vehicle Stoppage,479,199,,car,Inner,0.14547140612505557
Vehicle Stoppage,480,199,,car,Inner,0.15082469956874067
Vehicle Stoppage,481,199,,car,Inner,0.154709340377364
Vehicle Stoppage,482,199,,car,Inner,0.1556797353543496
Vehicle Stoppage,483,199,,car,Inner,0.15437940277122392
Vehicle Stoppage,484,199,,car,Inner,0.1517412600448578
Vehicle Stoppage,485,199,,car,Inner,0.1483538000861445
Vehicle Stoppage,486,199,,car,Inner,0.1442556757982215
Vehicle Stoppage,487,199,,car,Inner,0.14051199237075648
Vehicle Stoppage,488,199,,car,Inner,0.13742386983344076
Vehicle Stoppage,489,199,,car,Inner,0.13490370639830818
Vehicle Stoppage,490,199,,car,Inner,0.1297476396702456
Vehicle Stoppage,491,199,,car,Inner,0.1254931073804366
Vehicle Stoppage,492,199,,car,Inner,0.12086703438076896
Vehicle Stoppage,493,199,,car,Inner,0.11722934786136376
Vehicle Stoppage,494,199,,car,Inner,0.11545198136022777
Vehicle Stoppage,495,199,,car,Inner,0.1154191058707292
Vehicle Stoppage,496,199,,car,Inner,0.11619913941161483
Vehicle Stoppage,497,199,,car,Inner,0.11676754686127677
Vehicle Stoppage,498,199,,car,Inner,0.11656127144124236
Vehicle Stoppage,499,199,,car,Inner,0.11601917944892097
Vehicle Stoppage,500,199,,car,Inner,0.11518354917262288
Vehicle Stoppage,501,199,,car,Inner,0.1133705870144409
Vehicle Stoppage,502,199,,car,Inner,0.11110544541109818
Vehicle Stoppage,503,199,,car,Inner,0.10860460395397166
Vehicle Stoppage,504,199,,car,Inner,0.10642706422709708
Vehicle Stoppage,505,199,,car,Inner,0.10450129185804166
Vehicle Stoppage,506,199,,car,Inner,0.10337427146055359
Vehicle Stoppage,507,199,,car,Inner,0.10249380469081959
Vehicle Stoppage,508,199,,car,Inner,0.10172089264255128
Vehicle Stoppage,509,199,,car,Inner,0.10137184027135505
Vehicle Stoppage,510,199,,car,Inner,0.10157878715558817
Vehicle Stoppage,511,199,,car,Inner,0.1020096073906805
Vehicle Stoppage,512,199,,car,Inner,0.10174133869769349
Vehicle Stoppage,513,199,,car,Inner,0.11004476361917327
Vehicle Stoppage,514,199,,car,Inner,0.13274245741283783
Vehicle Stoppage,515,199,,car,Inner,0.16974545649295159
Vehicle Stoppage,516,199,,car,Inner,0.2147391440795105
Vehicle Stoppage,517,199,,car,Inner,0.26716564150354766
Vehicle Stoppage,518,199,,car,Inner,0.32408150209476605
Vehicle Stoppage,519,199,,car,Inner,0.3836890668236522
Vehicle Stoppage,520,199,,car,Inner,0.4218103009647766
Vehicle Stoppage,521,199,,car,Inner,0.4437167790381623
Vehicle Stoppage,522,199,,car,Inner,0.4554634233393452
Vehicle Stoppage,523,199,,car,Inner,0.4377626982738446
Vehicle Stoppage,524,199,,car,Inner,0.3991595420380169
Vehicle Stoppage,525,199,,car,Inner,0.3472604354083515
Vehicle Stoppage,526,199,,car,Inner,0.28778491968829906
Vehicle Stoppage,527,199,,car,Inner,0.22528066938820404
Vehicle Stoppage,528,199,,car,Inner,0.16388904783420483
Vehicle Stoppage,529,199,,car,Inner,0.10091144632796063
Vehicle Stoppage,530,199,,car,Inner,0.06781061863749485
Vehicle Stoppage,531,199,,car,Inner,0.05274135000167895
Vehicle Stoppage,532,199,,car,Inner,0.0490539498919315
Vehicle Stoppage,533,199,,car,Inner,0.05040813426422304
Vehicle Stoppage,534,199,,car,Inner,0.05451898751810796
Vehicle Stoppage,535,199,,car,Inner,0.05971465481771811
Vehicle Stoppage,536,199,,car,Inner,0.06364000314268292
Vehicle Stoppage,537,199,,car,Inner,0.06837441041793862
Vehicle Stoppage,538,199,,car,Inner,0.06733594879409181
Vehicle Stoppage,539,199,,car,Inner,0.05988397114421009
Vehicle Stoppage,540,199,,car,Inner,0.049432479201428806
Vehicle Stoppage,541,199,,car,Inner,0.03718400193631639
Vehicle Stoppage,542,199,,car,Inner,0.02463331078032016
Vehicle Stoppage,543,199,,car,Inner,0.018096684779258913
Vehicle Stoppage,544,199,,car,Inner,0.013104579352274154
Vehicle Stoppage,545,199,,car,Inner,0.013274034804836847
Vehicle Stoppage,546,199,,car,Inner,0.021144266362303498
Vehicle Stoppage,547,199,,car,Inner,0.033900589965370605
Vehicle Stoppage,548,199,,car,Inner,0.049453412420174384
Vehicle Stoppage,549,199,,car,Inner,0.06637296136229437
Vehicle Stoppage,550,199,,car,Inner,0.07908527043641314
Vehicle Stoppage,551,199,,car,Inner,0.08548783539194132
Vehicle Stoppage,552,199,,car,Inner,0.08764456628907874
Vehicle Stoppage,553,199,,car,Inner,0.1197347902658161
Vehicle Stoppage,554,199,,car,Inner,0.16873458448107173
Vehicle Stoppage,555,199,,car,Inner,0.22693789899441838
Vehicle Stoppage,556,199,,car,Inner,0.2342307622836872
Vehicle Stoppage,557,199,,car,Inner,0.2161098100503512
Vehicle Stoppage,558,199,,car,Inner,0.20535610533899137
Vehicle Stoppage,559,199,,car,Inner,0.19869177134446037
Vehicle Stoppage,560,199,,car,Inner,0.1629771149578986
Vehicle Stoppage,561,199,,car,Inner,0.09207763029096067
Vehicle Stoppage,562,199,,car,Inner,0.05445851632206779
Vehicle Stoppage,563,199,,car,Inner,0.099011362984255
Vehicle Stoppage,564,199,,car,Inner,0.13202518699096916
Vehicle Stoppage,565,199,,car,Inner,0.17479273440277385
Vehicle Stoppage,566,199,,car,Inner,0.22312025905327107
Vehicle Stoppage,567,199,,car,Inner,0.27801582688761356
Vehicle Stoppage,568,199,,car,Inner,0.3112732722223283
Vehicle Stoppage,569,199,,car,Inner,0.329966740748221
Vehicle Stoppage,570,199,,car,Inner,0.33943843329829393
Vehicle Stoppage,571,199,,car,Inner,0.34376355246011825
Vehicle Stoppage,572,199,,car,Inner,0.3447510696140026
Vehicle Stoppage,573,199,,car,Inner,0.3437895286363501
Vehicle Stoppage,574,199,,car,Inner,0.33904679618011807
Vehicle Stoppage,575,199,,car,Inner,0.33533088136943145
Vehicle Stoppage,576,199,,car,Inner,0.3312309164314293
Vehicle Stoppage,577,199,,car,Inner,0.32768777822799483
Vehicle Stoppage,578,199,,car,Inner,0.32464998074849244
Vehicle Stoppage,579,199,,car,Inner,0.32159634637228524
Vehicle Stoppage,580,199,,car,Inner,0.31897506172113665
Vehicle Stoppage,581,199,,car,Inner,0.31672172328402
Vehicle Stoppage,582,199,,car,Inner,0.31359786351312985
Vehicle Stoppage,583,199,,car,Inner,0.31296891219416373
Vehicle Stoppage,584,199,,car,Inner,0.3145867924754641
Vehicle Stoppage,585,199,,car,Inner,0.31755834109655234
Vehicle Stoppage,586,199,,car,Inner,0.3217847261757415
Vehicle Stoppage,587,199,,car,Inner,0.3265390022646637
Vehicle Stoppage,588,199,,car,Inner,0.33148770716271975
Vehicle Stoppage,589,199,,car,Inner,0.33714597728580215
Vehicle Stoppage,590,199,,car,Inner,0.3426319453874726
Vehicle Stoppage,591,199,,car,Inner,0.3465904788074823
Vehicle Stoppage,592,199,,car,Inner,0.3502128638414013
Vehicle Stoppage,593,199,,car,Inner,0.3517710903414273
Vehicle Stoppage,594,199,,car,Inner,0.35258000510522086
Vehicle Stoppage,595,199,,car,Inner,0.3534814563736055
Vehicle Stoppage,596,199,,car,Inner,0.3537297980097193
Vehicle Stoppage,597,199,,car,Inner,0.3529123687262878
Vehicle Stoppage,598,199,,car,Inner,0.3516003555174466
Vehicle Stoppage,599,199,,car,Inner,0.3496834282604804
Vehicle Stoppage,600,199,,car,Inner,0.35017666969687594
Vehicle Stoppage,601,199,,car,Inner,0.3505784077777738
Vehicle Stoppage,602,199,,car,Inner,0.35043066361264547
Vehicle Stoppage,603,199,,car,Inner,0.3498964418224392
Vehicle Stoppage,604,199,,car,Inner,0.34889173105706667
Vehicle Stoppage,605,199,,car,Inner,0.3477689606621034
Vehicle Stoppage,606,199,,car,Inner,0.3484014064265538
Vehicle Stoppage,607,199,,car,Inner,0.35011292464003724
Vehicle Stoppage,608,199,,car,Inner,0.3231045651178603
Vehicle Stoppage,609,199,,car,Inner,0.28265011940560847
Vehicle Stoppage,610,199,,car,Inner,0.23643149113432185
Vehicle Stoppage,611,199,,car,Inner,0.1864416262533691
Vehicle Stoppage,612,199,,car,Inner,0.1392663993933943
Vehicle Stoppage,613,199,,car,Inner,0.09603468123549032
Vehicle Stoppage,614,199,,car,Inner,0.13400167909396318
Vehicle Stoppage,615,199,,car,Inner,0.20249034544886155
Vehicle Stoppage,616,199,,car,Inner,0.2696988134938642
Vehicle Stoppage,617,199,,car,Inner,0.3133995851943706
Vehicle Stoppage,618,199,,car,Inner,0.3392027417341993
Vehicle Stoppage,619,199,,car,Inner,0.3561688504066573
Vehicle Stoppage,620,199,,car,Inner,0.338084279433402
Vehicle Stoppage,621,199,,car,Inner,0.29403722553445283
Vehicle Stoppage,622,199,,car,Inner,0.2343802466079441
Vehicle Stoppage,623,199,,car,Inner,0.16091892368518937
Vehicle Stoppage,624,199,,car,Inner,0.10564852104975818
Vehicle Stoppage,625,199,,car,Inner,0.06900586931559037
Vehicle Stoppage,626,199,,car,Inner,0.039920546088449124
Vehicle Stoppage,627,199,,car,Inner,0.015321879780235657
Vehicle Stoppage,628,199,,car,Inner,0.013046455457317464
Vehicle Stoppage,629,199,,car,Inner,0.015625939971718662
Vehicle Stoppage,630,199,,car,Inner,0.02118135972972855
Vehicle Stoppage,631,199,,car,Inner,0.03253582640720065
Vehicle Stoppage,632,199,,car,Inner,0.04155394084801115
Vehicle Stoppage,633,199,,car,Inner,0.07014100084829497
Vehicle Stoppage,634,199,,car,Inner,0.09556411460375826
Vehicle Stoppage,635,199,,car,Inner,0.10939675497929278
Vehicle Stoppage,636,199,,car,Inner,0.14274540272807185
Vehicle Stoppage,637,199,,car,Inner,0.18602755172285362
Vehicle Stoppage,638,199,,car,Inner,0.23389420685429657
Vehicle Stoppage,639,199,,car,Inner,0.283960454993298
Vehicle Stoppage,640,199,,car,Inner,0.3143994433837326
Vehicle Stoppage,641,199,,car,Inner,0.3614219971169454
Vehicle Stoppage,642,199,,car,Inner,0.4189756198157534
Vehicle Stoppage,643,199,,car,Inner,0.4208393992962201
Vehicle Stoppage,644,199,,car,Inner,0.39655765028555523
Vehicle Stoppage,645,199,,car,Inner,0.35833718757617095
Vehicle Stoppage,646,199,,car,Inner,0.33356864361028454
Vehicle Stoppage,647,199,,car,Inner,0.3149229270789891
Vehicle Stoppage,648,199,,car,Inner,0.27669029617968516
Vehicle Stoppage,649,199,,car,Inner,0.22978337624815337
Vehicle Stoppage,650,199,,car,Inner,0.21053876127687496
Vehicle Stoppage,651,199,,car,Inner,0.22647236034448168
Vehicle Stoppage,652,199,,car,Inner,0.2637432463590311
Vehicle Stoppage,653,199,,car,Inner,0.2915742272561097
Vehicle Stoppage,654,199,,car,Inner,0.31175370086014803
Vehicle Stoppage,655,199,,car,Inner,0.3500640227158405
Vehicle Stoppage,656,199,,car,Inner,0.39659884013950636
Vehicle Stoppage,657,199,,car,Inner,0.4504380090534109
Vehicle Stoppage,658,199,,car,Inner,0.48331618015539196
Vehicle Stoppage,659,199,,car,Inner,0.503254706883106
Vehicle Stoppage,660,199,,car,Inner,0.5165606450359881
Vehicle Stoppage,661,199,,car,Inner,0.5260377552989923
Vehicle Stoppage,662,199,,car,Inner,0.5335334385022102
Vehicle Stoppage,663,199,,car,Inner,0.5384836673474899
Vehicle Stoppage,664,199,,car,Inner,0.5394075453680706
Vehicle Stoppage,665,199,,car,Inner,0.5406049944275453
Vehicle Stoppage,666,199,,car,Inner,0.5403857140968885
Vehicle Stoppage,667,199,,car,Inner,0.5388136598119969
Vehicle Stoppage,668,199,,car,Inner,0.5363387082805006
Vehicle Stoppage,669,199,,car,Inner,0.5335327637549524
Vehicle Stoppage,670,199,,car,Inner,0.5322649434257329
Vehicle Stoppage,671,199,,car,Inner,0.5310030602548369
Vehicle Stoppage,672,199,,car,Inner,0.5301521291101221
Vehicle Stoppage,673,199,,car,Inner,0.5322710681598251
Vehicle Stoppage,674,199,,car,Inner,0.5370286119007056
Vehicle Stoppage,675,199,,car,Inner,0.5428648542685359
Vehicle Stoppage,676,199,,car,Inner,0.5492596198520283
Vehicle Stoppage,677,199,,car,Inner,0.5551350196123479
Vehicle Stoppage,678,199,,car,Inner,0.5608176263278484
Vehicle Stoppage,679,199,,car,Inner,0.5664476763126471
Vehicle Stoppage,680,199,,car,Inner,0.5705955660535759
Vehicle Stoppage,681,199,,car,Inner,0.572837472587117
Vehicle Stoppage,682,199,,car,Inner,0.574701748735807
Vehicle Stoppage,683,199,,car,Inner,0.5748758909538587
Vehicle Stoppage,684,199,,car,Inner,0.5742922252651484
Vehicle Stoppage,685,199,,car,Inner,0.5738381740525863
Vehicle Stoppage,686,199,,car,Inner,0.5727744494999744
Vehicle Stoppage,687,199,,car,Inner,0.5705140226146919
Vehicle Stoppage,688,199,,car,Inner,0.5681871610657868
Vehicle Stoppage,689,199,,car,Inner,0.5646040825215488
Vehicle Stoppage,690,199,,car,Inner,0.5612732133284085
Vehicle Stoppage,691,199,,car,Inner,0.5572913959500881
Vehicle Stoppage,692,199,,car,Inner,0.5523273033265641
Vehicle Stoppage,693,199,,car,Inner,0.5466708333174594
Vehicle Stoppage,694,199,,car,Inner,0.5404762529473419
Vehicle Stoppage,695,199,,car,Inner,0.5339996722845408
Vehicle Stoppage,696,199,,car,Inner,0.5312326985417954
Vehicle Stoppage,697,199,,car,Inner,0.5304647961929212
Vehicle Stoppage,698,199,,car,Inner,0.5001496775966203
Vehicle Stoppage,699,199,,car,Inner,0.4550214280668627
Vehicle Stoppage,700,199,,car,Inner,0.40256906239799267
Vehicle Stoppage,701,199,,car,Inner,0.3458138372014647
Vehicle Stoppage,702,199,,car,Inner,0.2871013758239403
Vehicle Stoppage,703,199,,car,Inner,0.22331506890490163
Vehicle Stoppage,704,199,,car,Inner,0.16012885436422894
Vehicle Stoppage,705,199,,car,Inner,0.1287202004348934
Vehicle Stoppage,706,199,,car,Inner,0.11261283230609258
Vehicle Stoppage,707,199,,car,Inner,0.12469739371775673
Vehicle Stoppage,708,199,,car,Inner,0.1547103745713264
Vehicle Stoppage,709,199,,car,Inner,0.19741127120809937
Vehicle Stoppage,710,199,,car,Inner,0.24981593223812093
Vehicle Stoppage,711,199,,car,Inner,0.31227148444903063
Vehicle Stoppage,712,199,,car,Inner,0.37913513421998035
Vehicle Stoppage,713,199,,car,Inner,0.4554938528674105
Vehicle Stoppage,714,199,,car,Inner,0.5106945956244274
Vehicle Stoppage,715,199,,car,Inner,0.5452082996433587
Vehicle Stoppage,716,199,,car,Inner,0.5719697282199475
Vehicle Stoppage,717,199,,car,Inner,0.5928010205794153
Vehicle Stoppage,718,199,,car,Inner,0.6021884837822743
Vehicle Stoppage,719,199,,car,Inner,0.6047671452716298
Vehicle Stoppage,720,199,,car,Inner,0.5968075904343041
Vehicle Stoppage,721,199,,car,Inner,0.5875898229207166
Vehicle Stoppage,722,199,,car,Inner,0.5842372120979652
Vehicle Stoppage,723,199,,car,Inner,0.5528886415906916
Vehicle Stoppage,724,199,,car,Inner,0.5276544418461749
Vehicle Stoppage,725,199,,car,Inner,0.5069546922556325
Vehicle Stoppage,726,199,,car,Inner,0.459876994423508
Vehicle Stoppage,727,199,,car,Inner,0.40210073364767907
Vehicle Stoppage,728,199,,car,Inner,0.33880982866498927
Vehicle Stoppage,729,199,,car,Inner,0.2717693875328818
Vehicle Stoppage,730,199,,car,Inner,0.22855216034857
Vehicle Stoppage,731,199,,car,Inner,0.17720476855886408
Vehicle Stoppage,732,199,,car,Inner,0.12050933573794662
Vehicle Stoppage,733,199,,car,Inner,0.09132973228910564
Vehicle Stoppage,734,199,,car,Inner,0.07255466904341404
Vehicle Stoppage,735,199,,car,Inner,0.06127846277445247
Vehicle Stoppage,736,199,,car,Inner,0.05652158879578779
Vehicle Stoppage,737,199,,car,Inner,0.05350140185079201
Vehicle Stoppage,738,199,,car,Inner,0.051208202467963794
Vehicle Stoppage,739,199,,car,Inner,0.04857859610980848
Vehicle Stoppage,740,199,,car,Inner,0.048759101714445884
Vehicle Stoppage,741,199,,car,Inner,0.050102295356603904
Vehicle Stoppage,742,199,,car,Inner,0.052540746092914314
Vehicle Stoppage,743,199,,car,Inner,0.057832343891624505
Vehicle Stoppage,744,199,,car,Inner,0.06620287002842404
Vehicle Stoppage,745,199,,car,Inner,0.07623417868645964
Vehicle Stoppage,746,199,,car,Inner,0.08604678959729162
Vehicle Stoppage,747,199,,car,Inner,0.0894861441788597
Vehicle Stoppage,748,199,,car,Inner,0.0916962921823991
Vehicle Stoppage,749,199,,car,Inner,0.0921225813793852
Vehicle Stoppage,750,199,,car,Inner,0.08919938340593944
Vehicle Stoppage,751,199,,car,Inner,0.08305136964554022
Vehicle Stoppage,752,199,,car,Inner,0.07537758287448382
Vehicle Stoppage,753,199,,car,Inner,0.06735888953953846
Vehicle Stoppage,754,199,,car,Inner,0.060370274142167904
Vehicle Stoppage,755,199,,car,Inner,0.05427200014741532
Vehicle Stoppage,756,199,,car,Inner,0.04916197717749643
Vehicle Stoppage,757,199,,car,Inner,0.046988190005574734
Vehicle Stoppage,758,199,,car,Inner,0.04562466438233727
Vehicle Stoppage,759,199,,car,Inner,0.047228063690980246
Vehicle Stoppage,760,199,,car,Inner,0.04941710230273962
Vehicle Stoppage,761,199,,car,Inner,0.052563865915666474
Vehicle Stoppage,762,199,,car,Inner,0.05542291944673916
Vehicle Stoppage,763,199,,car,Inner,0.05880833274291262
Vehicle Stoppage,764,199,,car,Inner,0.06388818357098311
Vehicle Stoppage,765,199,,car,Inner,0.0697000717359862
Vehicle Stoppage,766,199,,car,Inner,0.07324459024391816
Vehicle Stoppage,767,199,,car,Inner,0.07623312928118459
Vehicle Stoppage,768,199,,car,Inner,0.07812323598008251
Vehicle Stoppage,769,199,,car,Inner,0.08122050233776443
Vehicle Stoppage,770,199,,car,Inner,0.08326758072623625
Vehicle Stoppage,771,199,,car,Inner,0.08418580640464395
Vehicle Stoppage,772,199,,car,Inner,0.08508401730054993
Vehicle Stoppage,773,199,,car,Inner,0.08712204083927184
Vehicle Stoppage,774,199,,car,Inner,0.0905646730243168
Vehicle Stoppage,775,199,,car,Inner,0.09358653749338174
Vehicle Stoppage,776,199,,car,Inner,0.0989456921750542
Vehicle Stoppage,777,199,,car,Inner,0.10636023693090925
Vehicle Stoppage,778,199,,car,Inner,0.11464702351129656
Vehicle Stoppage,779,199,,car,Inner,0.11974113745909963
Vehicle Stoppage,780,199,,car,Inner,0.1225035509689402
Vehicle Stoppage,781,199,,car,Inner,0.12398790263570855
Vehicle Stoppage,782,199,,car,Inner,0.1243220414890179
Vehicle Stoppage,783,199,,car,Inner,0.11986346399132798
Vehicle Stoppage,784,199,,car,Inner,0.11294113511029262
Vehicle Stoppage,785,199,,car,Inner,0.10418944284330568
Vehicle Stoppage,786,199,,car,Inner,0.1069428351971301
Vehicle Stoppage,787,199,,car,Inner,0.12194839072329193
Vehicle Stoppage,788,199,,car,Inner,0.14880702268374796
Vehicle Stoppage,789,199,,car,Inner,0.16218933380466957
Vehicle Stoppage,790,199,,car,Inner,0.1674077955174152
Vehicle Stoppage,791,199,,car,Inner,0.17125154013905683
Vehicle Stoppage,792,199,,car,Inner,0.1750428804607523
Vehicle Stoppage,793,199,,car,Inner,0.16340403911777338
Vehicle Stoppage,794,199,,car,Inner,0.13889726419192727
Vehicle Stoppage,795,199,,car,Inner,0.10943061728785207
Vehicle Stoppage,796,199,,car,Inner,0.09861952139409423
Vehicle Stoppage,797,199,,car,Inner,0.09775172632747045
Vehicle Stoppage,798,199,,car,Inner,0.09900570690621316
Vehicle Stoppage,799,199,,car,Inner,0.10214274325667329
Vehicle Stoppage,800,199,,car,Inner,0.10791895106977467
Vehicle Stoppage,801,199,,car,Inner,0.11421265253902203
Vehicle Stoppage,802,199,,car,Inner,0.12011698464413267
Vehicle Stoppage,803,199,,car,Inner,0.1284196246684996
Vehicle Stoppage,804,199,,car,Inner,0.13502758977335313
Vehicle Stoppage,805,199,,car,Inner,0.13903629022668768
Vehicle Stoppage,806,199,,car,Inner,0.14190320644721063
Vehicle Stoppage,807,199,,car,Inner,0.14390013898534518
Vehicle Stoppage,808,199,,car,Inner,0.1449879995034069
Vehicle Stoppage,809,199,,car,Inner,0.1457913920641411
Vehicle Stoppage,810,199,,car,Inner,0.14292533015529785
Vehicle Stoppage,811,199,,car,Inner,0.13910032350789192
Vehicle Stoppage,812,199,,car,Inner,0.13611245350812975
Vehicle Stoppage,813,199,,car,Inner,0.13271235812840168
Vehicle Stoppage,814,199,,car,Inner,0.12677200006309827
Vehicle Stoppage,815,199,,car,Inner,0.11918934516138231
Vehicle Stoppage,816,199,,car,Inner,0.11151399015370965
Vehicle Stoppage,817,199,,car,Inner,0.10943587163265552
Vehicle Stoppage,818,199,,car,Inner,0.10932598044380838
Vehicle Stoppage,819,199,,car,Inner,0.11016410486179003
Vehicle Stoppage,820,199,,car,Inner,0.11173692317224312
Vehicle Stoppage,821,199,,car,Inner,0.11460039266948614
Vehicle Stoppage,822,199,,car,Inner,0.11666434759600654
Vehicle Stoppage,823,199,,car,Inner,0.11729829495776735
Vehicle Stoppage,824,199,,car,Inner,0.11199683031228691
Vehicle Stoppage,825,199,,car,Inner,0.10581006568374991
Vehicle Stoppage,826,199,,car,Inner,0.10194684889686513
Vehicle Stoppage,827,199,,car,Inner,0.09639445004770662
Vehicle Stoppage,828,199,,car,Inner,0.0910729927036486
Vehicle Stoppage,829,199,,car,Inner,0.0869568283690253
Vehicle Stoppage,830,199,,car,Inner,0.07973261566008741
Vehicle Stoppage,831,199,,car,Inner,0.07601243319352353
Vehicle Stoppage,832,199,,car,Inner,0.07294141484781201
Vehicle Stoppage,833,199,,car,Inner,0.06985821354716308
Vehicle Stoppage,834,199,,car,Inner,0.06473530721328806
Vehicle Stoppage,835,199,,car,Inner,0.06004681506957617
Vehicle Stoppage,836,199,,car,Inner,0.057878838965551
Vehicle Stoppage,837,199,,car,Inner,0.061363344107045845
Vehicle Stoppage,838,199,,car,Inner,0.06327242685405005
Vehicle Stoppage,839,199,,car,Inner,0.0671732833796311
Vehicle Stoppage,840,199,,car,Inner,0.07038252624053992
Vehicle Stoppage,841,199,,car,Inner,0.07859414736479396
Vehicle Stoppage,842,199,,car,Inner,0.08694193464605568
Vehicle Stoppage,843,199,,car,Inner,0.0933651433887428
Vehicle Stoppage,844,199,,car,Inner,0.09718281741130587
Vehicle Stoppage,845,199,,car,Inner,0.1006876357851278
Vehicle Stoppage,846,199,,car,Inner,0.10232814862001677
Vehicle Stoppage,847,199,,car,Inner,0.10320004844960022
Vehicle Stoppage,848,199,,car,Inner,0.10340778500673843
Vehicle Stoppage,849,199,,car,Inner,0.10161259764419037
Vehicle Stoppage,850,199,,car,Inner,0.10057261058558625
Vehicle Stoppage,851,199,,car,Inner,0.09982108995597705
Vehicle Stoppage,852,199,,car,Inner,0.09925648593416718
Vehicle Stoppage,853,199,,car,Inner,0.09639922198855065
Vehicle Stoppage,854,199,,car,Inner,0.09243916918709884
Vehicle Stoppage,855,199,,car,Inner,0.08770689824636661
Vehicle Stoppage,856,199,,car,Inner,0.08493909582754038
Vehicle Stoppage,857,199,,car,Inner,0.08203218880414638
Vehicle Stoppage,858,199,,car,Inner,0.08012421606481449
Vehicle Stoppage,859,199,,car,Inner,0.07814684894479249
Vehicle Stoppage,860,199,,car,Inner,0.07823873720862667
Vehicle Stoppage,499,200,,motorcycle,Inner,0.06665320697460576
Vehicle Stoppage,500,200,,motorcycle,Inner,0.05637845333103832
Vehicle Stoppage,501,200,,motorcycle,Inner,0.05015755177438379
Vehicle Stoppage,502,200,,motorcycle,Inner,0.04637779641164057
Vehicle Stoppage,503,200,,motorcycle,Inner,0.05478193132776489
Vehicle Stoppage,504,200,,motorcycle,Inner,0.061413516427572444
Vehicle Stoppage,505,200,,motorcycle,Inner,0.0653710945296194
Vehicle Stoppage,506,200,,motorcycle,Inner,0.0676488728656984
Vehicle Stoppage,507,200,,motorcycle,Inner,0.06874794542385075
Vehicle Stoppage,508,200,,motorcycle,Inner,0.06954861608974611
Vehicle Stoppage,509,200,,motorcycle,Inner,0.08340053956660592
Vehicle Stoppage,510,200,,motorcycle,Inner,0.09172049934447794
Vehicle Stoppage,511,200,,motorcycle,Inner,0.109786383490852
Vehicle Stoppage,512,200,,motorcycle,Inner,0.13443600708143766
Vehicle Stoppage,513,200,,motorcycle,Inner,0.16270986448276642
Vehicle Stoppage,514,200,,motorcycle,Inner,0.19345741133386476
Vehicle Stoppage,528,200,,motorcycle,Inner,0.15156836741220403
Vehicle Stoppage,529,200,,motorcycle,Inner,0.13128324340904693
Vehicle Stoppage,530,200,,motorcycle,Inner,0.11044695559407236
Vehicle Stoppage,531,200,,motorcycle,Inner,0.09192502379657068
Vehicle Stoppage,532,200,,motorcycle,Inner,0.06730475466116527
Vehicle Stoppage,533,200,,motorcycle,Inner,0.0421089064213244
Vehicle Stoppage,534,200,,motorcycle,Inner,0.02209524835795907
Vehicle Stoppage,535,200,,motorcycle,Inner,0.009093404203047805
Vehicle Stoppage,536,200,,motorcycle,Inner,0.016011246047698446
Vehicle Stoppage,537,200,,motorcycle,Inner,0.04313339773307549
Vehicle Stoppage,538,200,,motorcycle,Inner,0.07280934006018601
Vehicle Stoppage,539,200,,motorcycle,Inner,0.09747927984961262
Vehicle Stoppage,541,200,,motorcycle,Inner,0.11508544651692232
Vehicle Stoppage,543,200,,motorcycle,Inner,0.13236570552828353
Vehicle Stoppage,544,200,,motorcycle,Inner,0.1532974233312449
Vehicle Stoppage,545,200,,motorcycle,Inner,0.1620002777775355
Vehicle Stoppage,551,200,,motorcycle,Inner,0.16315023751131374
Vehicle Stoppage,552,200,,motorcycle,Inner,0.16107762104029927
Vehicle Stoppage,553,200,,motorcycle,Inner,0.15713742393204508
Vehicle Stoppage,554,200,,motorcycle,Inner,0.15296015821121117
Vehicle Stoppage,555,200,,motorcycle,Inner,0.1491901471277523
Vehicle Stoppage,425,225,,car,Outer,0.9957718664433236
Vehicle Stoppage,426,225,,car,Outer,0.9632772030936912
Vehicle Stoppage,427,225,,car,Outer,0.9253860275582267
Vehicle Stoppage,428,225,,car,Outer,0.8838012502819839
Vehicle Stoppage,429,225,,car,Outer,0.8374304329315937
Vehicle Stoppage,430,225,,car,Outer,0.7899514162276021
Vehicle Stoppage,431,225,,car,Outer,0.7508820479942298
Vehicle Stoppage,432,225,,car,Outer,0.7229939487990172
Vehicle Stoppage,433,225,,car,Outer,0.695081671460266
Vehicle Stoppage,434,225,,car,Outer,0.6804649954259283
Vehicle Stoppage,435,225,,car,Outer,0.6729184571699587
Vehicle Stoppage,436,225,,car,Outer,0.6684588244611512
Vehicle Stoppage,437,225,,car,Outer,0.6789972017615291
Vehicle Stoppage,438,225,,car,Outer,0.6860700838835715
Vehicle Stoppage,439,225,,car,Outer,0.686074063057329
Vehicle Stoppage,440,225,,car,Outer,0.6842668631462527
Vehicle Stoppage,441,225,,car,Outer,0.674048996735406
Vehicle Stoppage,442,225,,car,Outer,0.6595929047526298
Vehicle Stoppage,443,225,,car,Outer,0.6426836858050821
Vehicle Stoppage,444,225,,car,Outer,0.6193324309286689
Vehicle Stoppage,445,225,,car,Outer,0.5936418533088744
Vehicle Stoppage,446,225,,car,Outer,0.5695567574877838
Vehicle Stoppage,447,225,,car,Outer,0.5458383643534005
Vehicle Stoppage,448,225,,car,Outer,0.5340082770894171
Vehicle Stoppage,449,225,,car,Outer,0.5269979221970407
Vehicle Stoppage,450,225,,car,Outer,0.5276173803050891
Vehicle Stoppage,451,225,,car,Outer,0.5406228445043694
Vehicle Stoppage,452,225,,car,Outer,0.5639163856459527
Vehicle Stoppage,453,225,,car,Outer,0.5963642175717739
Vehicle Stoppage,454,225,,car,Outer,0.620251247479604
Vehicle Stoppage,455,225,,car,Outer,0.6265148202556766
Vehicle Stoppage,456,225,,car,Outer,0.6277421524798249
Vehicle Stoppage,457,225,,car,Outer,0.6276101735950426
Vehicle Stoppage,458,225,,car,Outer,0.6254041333409924
Vehicle Stoppage,459,225,,car,Outer,0.6235907391871675
Vehicle Stoppage,460,225,,car,Outer,0.6194010009678644
Vehicle Stoppage,461,225,,car,Outer,0.611837396699484
Vehicle Stoppage,462,225,,car,Outer,0.6023155983369552
Vehicle Stoppage,463,225,,car,Outer,0.5926262903381905
Vehicle Stoppage,464,225,,car,Outer,0.5842115370308938
Vehicle Stoppage,465,225,,car,Outer,0.5764302906683579
Vehicle Stoppage,466,225,,car,Outer,0.5662340152269233
Vehicle Stoppage,467,225,,car,Outer,0.5573033733972835
Vehicle Stoppage,468,225,,car,Outer,0.5507762703675619
Vehicle Stoppage,469,225,,car,Outer,0.5527734617363648
Vehicle Stoppage,470,225,,car,Outer,0.5671124932497924
Vehicle Stoppage,471,225,,car,Outer,0.5967375470003492
Vehicle Stoppage,472,225,,car,Outer,0.6374005491055056
Vehicle Stoppage,473,225,,car,Outer,0.6900773434912928
Vehicle Stoppage,474,225,,car,Outer,0.7520059906676256
Vehicle Stoppage,475,225,,car,Outer,0.7857914481591045
Vehicle Stoppage,476,225,,car,Outer,0.7860947780007173
Vehicle Stoppage,477,225,,car,Outer,0.7613012018905525
Vehicle Stoppage,478,225,,car,Outer,0.709003032433574
Vehicle Stoppage,479,225,,car,Outer,0.6541058324155301
Vehicle Stoppage,480,225,,car,Outer,0.6021237746510197
Vehicle Stoppage,481,225,,car,Outer,0.5576337956042553
Vehicle Stoppage,482,225,,car,Outer,0.5415651484355279
Vehicle Stoppage,483,225,,car,Outer,0.5446832565812806
Vehicle Stoppage,484,225,,car,Outer,0.5496251995678539
Vehicle Stoppage,485,225,,car,Outer,0.5746282711457992
Vehicle Stoppage,486,225,,car,Outer,0.5896835931243085
Vehicle Stoppage,487,225,,car,Outer,0.6074711927326278
Vehicle Stoppage,488,225,,car,Outer,0.6132257740832492
Vehicle Stoppage,489,225,,car,Outer,0.6132548980644201
Vehicle Stoppage,490,225,,car,Outer,0.602775687963599
Vehicle Stoppage,491,225,,car,Outer,0.6000081416114285
Vehicle Stoppage,492,225,,car,Outer,0.602394040475167
Vehicle Stoppage,493,225,,car,Outer,0.6067111091780003
Vehicle Stoppage,494,225,,car,Outer,0.608001126643696
Vehicle Stoppage,495,225,,car,Outer,0.617680540409037
Vehicle Stoppage,496,225,,car,Outer,0.6295715130150004
Vehicle Stoppage,497,225,,car,Outer,0.6449372062456851
Vehicle Stoppage,498,225,,car,Outer,0.6599769465670771
Vehicle Stoppage,499,225,,car,Outer,0.675090490230751
Vehicle Stoppage,500,225,,car,Outer,0.6912752418537702
Vehicle Stoppage,501,225,,car,Outer,0.7059795039517817
Vehicle Stoppage,502,225,,car,Outer,0.7196251037866854
Vehicle Stoppage,503,225,,car,Outer,0.7327799465050862
Vehicle Stoppage,504,225,,car,Outer,0.7394261896903572
Vehicle Stoppage,505,225,,car,Outer,0.7419675531989219
Vehicle Stoppage,506,225,,car,Outer,0.7454440421654669
Vehicle Stoppage,507,225,,car,Outer,0.7508925422455534
Vehicle Stoppage,508,225,,car,Outer,0.7571065248695183
Vehicle Stoppage,509,225,,car,Outer,0.765656280585485
Vehicle Stoppage,510,225,,car,Outer,0.7762834791492058
Vehicle Stoppage,511,225,,car,Outer,0.7890228450431612
Vehicle Stoppage,512,225,,car,Outer,0.8031833725868611
Vehicle Stoppage,513,225,,car,Outer,0.8773037330366203
Vehicle Stoppage,514,225,,car,Outer,0.9184545987690356
Vehicle Stoppage,515,225,,car,Outer,0.9417339327007382
Vehicle Stoppage,516,225,,car,Outer,0.9504744341643248
Vehicle Stoppage,517,225,,car,Outer,0.9518237074164538
Vehicle Stoppage,518,225,,car,Outer,0.9521204388101302
Vehicle Stoppage,519,225,,car,Outer,0.9558119166446839
Vehicle Stoppage,520,225,,car,Outer,0.8969400091421947
Vehicle Stoppage,521,225,,car,Outer,0.8652180592197599
Vehicle Stoppage,522,225,,car,Outer,0.8500753966560843
Vehicle Stoppage,523,225,,car,Outer,0.8500236996696052
Vehicle Stoppage,524,225,,car,Outer,0.8514723542194408
Vehicle Stoppage,525,225,,car,Outer,0.854035619866056
Vehicle Stoppage,526,225,,car,Outer,0.8572411562681823
Vehicle Stoppage,527,225,,car,Outer,0.8485198229858878
Vehicle Stoppage,528,225,,car,Outer,0.84191311903307
Vehicle Stoppage,529,225,,car,Outer,0.8401228779172648
Vehicle Stoppage,530,225,,car,Outer,0.8387283827318478
Vehicle Stoppage,531,225,,car,Outer,0.8445351028820496
Vehicle Stoppage,532,225,,car,Outer,0.8547346839809356
Vehicle Stoppage,533,225,,car,Outer,0.8693386739355338
Vehicle Stoppage,534,225,,car,Outer,0.8868938211533492
Vehicle Stoppage,535,225,,car,Outer,0.9063387060034548
Vehicle Stoppage,536,225,,car,Outer,0.9250162485059473
Vehicle Stoppage,537,225,,car,Outer,0.9428374727385436
Vehicle Stoppage,538,225,,car,Outer,0.9547287887143615
Vehicle Stoppage,539,225,,car,Outer,0.9692618325303044
Vehicle Stoppage,540,225,,car,Outer,0.985045283223061
Vehicle Stoppage,420,240,,car,Outer,0.11422521613024054
Vehicle Stoppage,421,240,,car,Outer,0.10841369839646962
Vehicle Stoppage,422,240,,car,Outer,0.10529753083524854
Vehicle Stoppage,423,240,,car,Outer,0.10414086613813138
Vehicle Stoppage,424,240,,car,Outer,0.10478024622990845
Vehicle Stoppage,425,240,,car,Outer,0.10634815466193781
Vehicle Stoppage,426,240,,car,Outer,0.1077972634161014
Vehicle Stoppage,427,240,,car,Outer,0.10622099604127305
Vehicle Stoppage,428,240,,car,Outer,0.10606153874048965
Vehicle Stoppage,429,240,,car,Outer,0.10647863635490254
Vehicle Stoppage,430,240,,car,Outer,0.10415565275106042
Vehicle Stoppage,431,240,,car,Outer,0.10116328385338168
Vehicle Stoppage,432,240,,car,Outer,0.0985957909852151
Vehicle Stoppage,433,240,,car,Outer,0.09846390201490103
Vehicle Stoppage,434,240,,car,Outer,0.09973264260010087
Vehicle Stoppage,435,240,,car,Outer,0.10149822658548974
Vehicle Stoppage,436,240,,car,Outer,0.10346482494065577
Vehicle Stoppage,437,240,,car,Outer,0.10460406301860609
Vehicle Stoppage,438,240,,car,Outer,0.10469484227983965
Vehicle Stoppage,439,240,,car,Outer,0.10350850206625581
Vehicle Stoppage,440,240,,car,Outer,0.10143175045319905
Vehicle Stoppage,441,240,,car,Outer,0.0994613995477614
Vehicle Stoppage,442,240,,car,Outer,0.09485910604680789
Vehicle Stoppage,443,240,,car,Outer,0.09220943552587343
Vehicle Stoppage,444,240,,car,Outer,0.09062676205183287
Vehicle Stoppage,445,240,,car,Outer,0.09003849176879794
Vehicle Stoppage,446,240,,car,Outer,0.08971426865331802
Vehicle Stoppage,447,240,,car,Outer,0.09005870307749388
Vehicle Stoppage,448,240,,car,Outer,0.09040984459670028
Vehicle Stoppage,449,240,,car,Outer,0.09292157984020877
Vehicle Stoppage,450,240,,car,Outer,0.09466472415847442
Vehicle Stoppage,451,240,,car,Outer,0.09494614262833545
Vehicle Stoppage,452,240,,car,Outer,0.09404902976639372
Vehicle Stoppage,453,240,,car,Outer,0.09348475811595898
Vehicle Stoppage,454,240,,car,Outer,0.0914525013326573
Vehicle Stoppage,455,240,,car,Outer,0.08859599313738764
Vehicle Stoppage,456,240,,car,Outer,0.08694072693508001
Vehicle Stoppage,457,240,,car,Outer,0.08589412086982766
Vehicle Stoppage,458,240,,car,Outer,0.08652866577037271
Vehicle Stoppage,459,240,,car,Outer,0.08760416656757612
Vehicle Stoppage,460,240,,car,Outer,0.08890376819910666
Vehicle Stoppage,461,240,,car,Outer,0.09125184929632983
Vehicle Stoppage,462,240,,car,Outer,0.09427412158169352
Vehicle Stoppage,463,240,,car,Outer,0.09646719649704862
Vehicle Stoppage,464,240,,car,Outer,0.09765270093550926
Vehicle Stoppage,465,240,,car,Outer,0.09797984486617636
Vehicle Stoppage,466,240,,car,Outer,0.0979535093807316
Vehicle Stoppage,467,240,,car,Outer,0.09867036029122782
Vehicle Stoppage,468,240,,car,Outer,0.09977504698069663
Vehicle Stoppage,469,240,,car,Outer,0.1011103357723664
Vehicle Stoppage,470,240,,car,Outer,0.10155043082134264
Vehicle Stoppage,471,240,,car,Outer,0.10200078431071395
Vehicle Stoppage,472,240,,car,Outer,0.10222817615511245
Vehicle Stoppage,473,240,,car,Outer,0.10350483080513365
Vehicle Stoppage,474,240,,car,Outer,0.10499647613134519
Vehicle Stoppage,475,240,,car,Outer,0.10662354336636642
Vehicle Stoppage,476,240,,car,Outer,0.10878625832337495
Vehicle Stoppage,477,240,,car,Outer,0.11223404118181224
Vehicle Stoppage,478,240,,car,Outer,0.11542911244568788
Vehicle Stoppage,479,240,,car,Outer,0.11954020244253087
Vehicle Stoppage,480,240,,car,Outer,0.1226559823245462
Vehicle Stoppage,481,240,,car,Outer,0.12556345009596184
Vehicle Stoppage,482,240,,car,Outer,0.12820109203902455
Vehicle Stoppage,483,240,,car,Outer,0.1307223775793625
Vehicle Stoppage,484,240,,car,Outer,0.1327985692694017
Vehicle Stoppage,485,240,,car,Outer,0.13524278169277446
Vehicle Stoppage,486,240,,car,Outer,0.13756325817601808
Vehicle Stoppage,487,240,,car,Outer,0.1377192070845627
Vehicle Stoppage,488,240,,car,Outer,0.1369613814182641
Vehicle Stoppage,489,240,,car,Outer,0.1366274496578176
Vehicle Stoppage,490,240,,car,Outer,0.1359786012576979
Vehicle Stoppage,491,240,,car,Outer,0.13456689786124643
Vehicle Stoppage,492,240,,car,Outer,0.13289112084710736
Vehicle Stoppage,493,240,,car,Outer,0.13149920151848385
Vehicle Stoppage,494,240,,car,Outer,0.131650750092806
Vehicle Stoppage,495,240,,car,Outer,0.13321805433199252
Vehicle Stoppage,496,240,,car,Outer,0.13629031513647527
Vehicle Stoppage,497,240,,car,Outer,0.14006034413780089
Vehicle Stoppage,498,240,,car,Outer,0.14416521771911386
Vehicle Stoppage,499,240,,car,Outer,0.1502007323550739
Vehicle Stoppage,500,240,,car,Outer,0.15697964836245515
Vehicle Stoppage,501,240,,car,Outer,0.16308188127440815
Vehicle Stoppage,502,240,,car,Outer,0.16885591490972243
Vehicle Stoppage,503,240,,car,Outer,0.17342540183029304
Vehicle Stoppage,504,240,,car,Outer,0.17877922138772717
Vehicle Stoppage,505,240,,car,Outer,0.18457654238824248
Vehicle Stoppage,506,240,,car,Outer,0.1895046173579912
Vehicle Stoppage,507,240,,car,Outer,0.1938923670493482
Vehicle Stoppage,508,240,,car,Outer,0.1985402981764624
Vehicle Stoppage,509,240,,car,Outer,0.20979592465060032
Vehicle Stoppage,510,240,,car,Outer,0.22280020197477515
Vehicle Stoppage,511,240,,car,Outer,0.23208965939912124
Vehicle Stoppage,512,240,,car,Outer,0.2391209108380112
Vehicle Stoppage,513,240,,car,Outer,0.2436908902687985
Vehicle Stoppage,514,240,,car,Outer,0.2476292793673681
Vehicle Stoppage,515,240,,car,Outer,0.25088381773242896
Vehicle Stoppage,516,240,,car,Outer,0.2482017324677618
Vehicle Stoppage,517,240,,car,Outer,0.2448956104139107
Vehicle Stoppage,518,240,,car,Outer,0.2448694754353864
Vehicle Stoppage,519,240,,car,Outer,0.24838506396319412
Vehicle Stoppage,520,240,,car,Outer,0.2538588781193201
Vehicle Stoppage,521,240,,car,Outer,0.26002926758348066
Vehicle Stoppage,522,240,,car,Outer,0.2669415853702804
Vehicle Stoppage,523,240,,car,Outer,0.2738578098210859
Vehicle Stoppage,524,240,,car,Outer,0.2794823250225349
Vehicle Stoppage,525,240,,car,Outer,0.2840831744401681
Vehicle Stoppage,526,240,,car,Outer,0.28868339058559944
Vehicle Stoppage,527,240,,car,Outer,0.2936415501934277
Vehicle Stoppage,528,240,,car,Outer,0.29806786140072
Vehicle Stoppage,529,240,,car,Outer,0.3034807407398317
Vehicle Stoppage,530,240,,car,Outer,0.30889535444872085
Vehicle Stoppage,531,240,,car,Outer,0.31408223445460953
Vehicle Stoppage,532,240,,car,Outer,0.3192240749066394
Vehicle Stoppage,533,240,,car,Outer,0.32208435230541793
Vehicle Stoppage,534,240,,car,Outer,0.3237845734435183
Vehicle Stoppage,535,240,,car,Outer,0.32483295707178567
Vehicle Stoppage,536,240,,car,Outer,0.3240102621831596
Vehicle Stoppage,537,240,,car,Outer,0.3239422788090514
Vehicle Stoppage,538,240,,car,Outer,0.32538481833054295
Vehicle Stoppage,539,240,,car,Outer,0.3275637647848086
Vehicle Stoppage,540,240,,car,Outer,0.3316783080034008
Vehicle Stoppage,541,240,,car,Outer,0.33750131851594084
Vehicle Stoppage,542,240,,car,Outer,0.34435581888505934
Vehicle Stoppage,543,240,,car,Outer,0.35266576244370346
Vehicle Stoppage,544,240,,car,Outer,0.3606018580096332
Vehicle Stoppage,545,240,,car,Outer,0.36820001357957577
Vehicle Stoppage,546,240,,car,Outer,0.3753531270683657
Vehicle Stoppage,547,240,,car,Outer,0.3812589277643218
Vehicle Stoppage,548,240,,car,Outer,0.38530676090616195
Vehicle Stoppage,549,240,,car,Outer,0.38880973496043436
Vehicle Stoppage,550,240,,car,Outer,0.39189658074548456
Vehicle Stoppage,551,240,,car,Outer,0.3947568872103422
Vehicle Stoppage,552,240,,car,Outer,0.39728303512735735
Vehicle Stoppage,553,240,,car,Outer,0.39967362935274753
Vehicle Stoppage,554,240,,car,Outer,0.4019022891201301
Vehicle Stoppage,555,240,,car,Outer,0.4042705034998251
Vehicle Stoppage,556,240,,car,Outer,0.4070979243376177
Vehicle Stoppage,557,240,,car,Outer,0.40811177390513675
Vehicle Stoppage,558,240,,car,Outer,0.4077873955874539
Vehicle Stoppage,559,240,,car,Outer,0.40744316168025185
Vehicle Stoppage,560,240,,car,Outer,0.4083489928970023
Vehicle Stoppage,561,240,,car,Outer,0.4095973266514306
Vehicle Stoppage,562,240,,car,Outer,0.4111165893028347
Vehicle Stoppage,563,240,,car,Outer,0.41195195108167587
Vehicle Stoppage,564,240,,car,Outer,0.4134837965386313
Vehicle Stoppage,565,240,,car,Outer,0.4158550709081213
Vehicle Stoppage,566,240,,car,Outer,0.41882359054857166
Vehicle Stoppage,567,240,,car,Outer,0.42095522327201906
Vehicle Stoppage,568,240,,car,Outer,0.42358000424949444
Vehicle Stoppage,569,240,,car,Outer,0.4259838611966395
Vehicle Stoppage,570,240,,car,Outer,0.4293221634157753
Vehicle Stoppage,571,240,,car,Outer,0.4346736246886836
Vehicle Stoppage,572,240,,car,Outer,0.44116720186342273
Vehicle Stoppage,573,240,,car,Outer,0.4466671467659084
Vehicle Stoppage,574,240,,car,Outer,0.45330045223891396
Vehicle Stoppage,575,240,,car,Outer,0.46011937581458107
Vehicle Stoppage,576,240,,car,Outer,0.4674015511313546
Vehicle Stoppage,577,240,,car,Outer,0.4734790069263894
Vehicle Stoppage,578,240,,car,Outer,0.47697233672404793
Vehicle Stoppage,579,240,,car,Outer,0.4793710984195863
Vehicle Stoppage,580,240,,car,Outer,0.4822520502807643
Vehicle Stoppage,581,240,,car,Outer,0.4843211021626073
Vehicle Stoppage,582,240,,car,Outer,0.4853963844117522
Vehicle Stoppage,583,240,,car,Outer,0.4858771140936788
Vehicle Stoppage,584,240,,car,Outer,0.4862242795254058
Vehicle Stoppage,585,240,,car,Outer,0.4865479421393096
Vehicle Stoppage,586,240,,car,Outer,0.48567746499091474
Vehicle Stoppage,587,240,,car,Outer,0.48454561188808787
Vehicle Stoppage,588,240,,car,Outer,0.48274631018787
Vehicle Stoppage,589,240,,car,Outer,0.48021083911131635
Vehicle Stoppage,590,240,,car,Outer,0.47740842053738397
Vehicle Stoppage,591,240,,car,Outer,0.4763065609457852
Vehicle Stoppage,592,240,,car,Outer,0.4761459125100229
Vehicle Stoppage,593,240,,car,Outer,0.4771136657024186
Vehicle Stoppage,594,240,,car,Outer,0.4769421453384021
Vehicle Stoppage,595,240,,car,Outer,0.4761058075680242
Vehicle Stoppage,596,240,,car,Outer,0.4766390353296709
Vehicle Stoppage,597,240,,car,Outer,0.4762075597887999
Vehicle Stoppage,598,240,,car,Outer,0.47403058973023826
Vehicle Stoppage,599,240,,car,Outer,0.4672934944978365
Vehicle Stoppage,600,240,,car,Outer,0.4598686769067895
Vehicle Stoppage,601,240,,car,Outer,0.4572563832249923
Vehicle Stoppage,602,240,,car,Outer,0.4580101854762616
Vehicle Stoppage,603,240,,car,Outer,0.4605317035775048
Vehicle Stoppage,604,240,,car,Outer,0.4655457013011698
Vehicle Stoppage,605,240,,car,Outer,0.47243645075290697
Vehicle Stoppage,606,240,,car,Outer,0.4833231320762525
Vehicle Stoppage,607,240,,car,Outer,0.49584042796044697
Vehicle Stoppage,608,240,,car,Outer,0.5085468120045566
Vehicle Stoppage,609,240,,car,Outer,0.5241970335665764
Vehicle Stoppage,610,240,,car,Outer,0.5282800015143496
Vehicle Stoppage,611,240,,car,Outer,0.5235000095510957
Vehicle Stoppage,612,240,,car,Outer,0.5244400537716392
Vehicle Stoppage,613,240,,car,Outer,0.5177897835994814
Vehicle Stoppage,614,240,,car,Outer,0.4977918641360033
Vehicle Stoppage,615,240,,car,Outer,0.4719745120236879
Vehicle Stoppage,616,240,,car,Outer,0.44770540537277875
Vehicle Stoppage,617,240,,car,Outer,0.4378371044121347
Vehicle Stoppage,618,240,,car,Outer,0.43514141379556476
Vehicle Stoppage,619,240,,car,Outer,0.4232158078333138
Vehicle Stoppage,620,240,,car,Outer,0.41502332464573516
Vehicle Stoppage,621,240,,car,Outer,0.411154678922668
Vehicle Stoppage,622,240,,car,Outer,0.4134101232432548
Vehicle Stoppage,623,240,,car,Outer,0.42425888323051053
Vehicle Stoppage,624,240,,car,Outer,0.4186487907542559
Vehicle Stoppage,625,240,,car,Outer,0.40211928578470063
Vehicle Stoppage,626,240,,car,Outer,0.39277769794121664
Vehicle Stoppage,627,240,,car,Outer,0.3894135334063223
Vehicle Stoppage,628,240,,car,Outer,0.37911963810913113
Vehicle Stoppage,629,240,,car,Outer,0.36953792768807836
Vehicle Stoppage,630,240,,car,Outer,0.36923515542266594
Vehicle Stoppage,631,240,,car,Outer,0.3747982123756726
Vehicle Stoppage,632,240,,car,Outer,0.38183537028410247
Vehicle Stoppage,633,240,,car,Outer,0.3869289340434538
Vehicle Stoppage,634,240,,car,Outer,0.41007804135310716
Vehicle Stoppage,635,240,,car,Outer,0.42730010531241425
Vehicle Stoppage,636,240,,car,Outer,0.43898519337216574
Vehicle Stoppage,637,240,,car,Outer,0.4474571934833515
Vehicle Stoppage,638,240,,car,Outer,0.4536402649677368
Vehicle Stoppage,639,240,,car,Outer,0.4586352036204784
Vehicle Stoppage,640,240,,car,Outer,0.4630450194095583
Vehicle Stoppage,641,240,,car,Outer,0.4656672846571895
Vehicle Stoppage,642,240,,car,Outer,0.4673549828556418
Vehicle Stoppage,643,240,,car,Outer,0.4672806972259844
Vehicle Stoppage,644,240,,car,Outer,0.4659015883209685
Vehicle Stoppage,645,240,,car,Outer,0.46371174235725515
Vehicle Stoppage,646,240,,car,Outer,0.4595128398641343
Vehicle Stoppage,647,240,,car,Outer,0.45482749477137246
Vehicle Stoppage,648,240,,car,Outer,0.4510435123133928
Vehicle Stoppage,649,240,,car,Outer,0.4462367533047881
Vehicle Stoppage,650,240,,car,Outer,0.4419015727512207
Vehicle Stoppage,651,240,,car,Outer,0.4351216496567371
Vehicle Stoppage,652,240,,car,Outer,0.42713232141808266
Vehicle Stoppage,653,240,,car,Outer,0.4191964933059462
Vehicle Stoppage,654,240,,car,Outer,0.4106044568681633
Vehicle Stoppage,655,240,,car,Outer,0.4014514790108509
Vehicle Stoppage,656,240,,car,Outer,0.3926242605851041
Vehicle Stoppage,657,240,,car,Outer,0.3836812479128998
Vehicle Stoppage,658,240,,car,Outer,0.37668693898249384
Vehicle Stoppage,659,240,,car,Outer,0.36994855047695696
Vehicle Stoppage,660,240,,car,Outer,0.3626483834239433
Vehicle Stoppage,661,240,,car,Outer,0.35923390708562236
Vehicle Stoppage,662,240,,car,Outer,0.35924678147479616
Vehicle Stoppage,663,240,,car,Outer,0.3626382357115696
Vehicle Stoppage,664,240,,car,Outer,0.36508379859971557
Vehicle Stoppage,665,240,,car,Outer,0.3621212227970084
Vehicle Stoppage,666,240,,car,Outer,0.35748823756873355
Vehicle Stoppage,667,240,,car,Outer,0.3525538965888791
Vehicle Stoppage,668,240,,car,Outer,0.34336039375560046
Vehicle Stoppage,669,240,,car,Outer,0.3304017251770928
Vehicle Stoppage,670,240,,car,Outer,0.3154404064161707
Vehicle Stoppage,671,240,,car,Outer,0.3041592510511554
Vehicle Stoppage,672,240,,car,Outer,0.2997104269123732
Vehicle Stoppage,673,240,,car,Outer,0.2995625143438347
Vehicle Stoppage,674,240,,car,Outer,0.3019478431782571
Vehicle Stoppage,675,240,,car,Outer,0.3070966785883537
Vehicle Stoppage,676,240,,car,Outer,0.3125022399919722
Vehicle Stoppage,677,240,,car,Outer,0.32124619842108676
Vehicle Stoppage,678,240,,car,Outer,0.33104931656778486
Vehicle Stoppage,679,240,,car,Outer,0.3421143229974487
Vehicle Stoppage,680,240,,car,Outer,0.35259797220063427
Vehicle Stoppage,681,240,,car,Outer,0.3616668771120706
Vehicle Stoppage,682,240,,car,Outer,0.3686833058330661
Vehicle Stoppage,683,240,,car,Outer,0.37567666949119916
Vehicle Stoppage,684,240,,car,Outer,0.37823701563966394
Vehicle Stoppage,685,240,,car,Outer,0.37795392576344955
Vehicle Stoppage,686,240,,car,Outer,0.3745414529795108
Vehicle Stoppage,687,240,,car,Outer,0.3736202349980509
Vehicle Stoppage,688,240,,car,Outer,0.3746732042727392
Vehicle Stoppage,689,240,,car,Outer,0.37561091570932825
Vehicle Stoppage,690,240,,car,Outer,0.3782979910070881
Vehicle Stoppage,691,240,,car,Outer,0.38181457541586544
Vehicle Stoppage,692,240,,car,Outer,0.38566862719179607
Vehicle Stoppage,693,240,,car,Outer,0.39097519102879247
Vehicle Stoppage,694,240,,car,Outer,0.39517937699227446
Vehicle Stoppage,695,240,,car,Outer,0.39924881966012193
Vehicle Stoppage,696,240,,car,Outer,0.40544939264968705
Vehicle Stoppage,697,240,,car,Outer,0.42079188442744464
Vehicle Stoppage,698,240,,car,Outer,0.44559156185906457
Vehicle Stoppage,699,240,,car,Outer,0.47877594968836673
Vehicle Stoppage,700,240,,car,Outer,0.49588135677801315
Vehicle Stoppage,701,240,,car,Outer,0.5046428142756021
Vehicle Stoppage,702,240,,car,Outer,0.5243190059496244
Vehicle Stoppage,703,240,,car,Outer,0.5307207551999422
Vehicle Stoppage,704,240,,car,Outer,0.5213826617754027
Vehicle Stoppage,705,240,,car,Outer,0.5051332596454116
Vehicle Stoppage,706,240,,car,Outer,0.4908085166335221
Vehicle Stoppage,707,240,,car,Outer,0.49773258884666016
Vehicle Stoppage,708,240,,car,Outer,0.5133549746520446
Vehicle Stoppage,709,240,,car,Outer,0.5160903506170197
Vehicle Stoppage,710,240,,car,Outer,0.5236552300894177
Vehicle Stoppage,711,240,,car,Outer,0.5204530718518237
Vehicle Stoppage,712,240,,car,Outer,0.5095904630190747
Vehicle Stoppage,713,240,,car,Outer,0.4961702631153923
Vehicle Stoppage,714,240,,car,Outer,0.4533125301599311
Vehicle Stoppage,715,240,,car,Outer,0.39200510200761296
Vehicle Stoppage,716,240,,car,Outer,0.335628797930091
Vehicle Stoppage,717,240,,car,Outer,0.303959536780805
Vehicle Stoppage,718,240,,car,Outer,0.2619794075876986
Vehicle Stoppage,719,240,,car,Outer,0.21276806621295621
Vehicle Stoppage,720,240,,car,Outer,0.15055846040657722
Vehicle Stoppage,721,240,,car,Outer,0.13367453010952088
Vehicle Stoppage,722,240,,car,Outer,0.1445882429521848
Vehicle Stoppage,723,240,,car,Outer,0.1948605911927806
Vehicle Stoppage,724,240,,car,Outer,0.25815586377225835
Vehicle Stoppage,725,240,,car,Outer,0.30536530582238464
Vehicle Stoppage,726,240,,car,Outer,0.3583881973503055
Vehicle Stoppage,727,240,,car,Outer,0.40050320847653864
Vehicle Stoppage,728,240,,car,Outer,0.45518191967607535
Vehicle Stoppage,729,240,,car,Outer,0.5182827027790892
Vehicle Stoppage,730,240,,car,Outer,0.5558866880938951
Vehicle Stoppage,731,240,,car,Outer,0.6109381065214402
Vehicle Stoppage,732,240,,car,Outer,0.6787125238272851
Vehicle Stoppage,733,240,,car,Outer,0.7217446986296453
Vehicle Stoppage,734,240,,car,Outer,0.7498358753754035
Vehicle Stoppage,735,240,,car,Outer,0.7703572158421025
Vehicle Stoppage,736,240,,car,Outer,0.7867107791304216
Vehicle Stoppage,737,240,,car,Outer,0.7963573381340805
Vehicle Stoppage,738,240,,car,Outer,0.8008695087216187
Vehicle Stoppage,739,240,,car,Outer,0.8026525649370342
Vehicle Stoppage,740,240,,car,Outer,0.8046499176660649
Vehicle Stoppage,741,240,,car,Outer,0.8054540644878504
Vehicle Stoppage,742,240,,car,Outer,0.8060776947664595
Vehicle Stoppage,743,240,,car,Outer,0.8065396518460864
Vehicle Stoppage,744,240,,car,Outer,0.8077760333161673
Vehicle Stoppage,745,240,,car,Outer,0.809449325158774
Vehicle Stoppage,746,240,,car,Outer,0.8109714298296797
Vehicle Stoppage,747,240,,car,Outer,0.811739490230704
Vehicle Stoppage,748,240,,car,Outer,0.8129813404992758
Vehicle Stoppage,749,240,,car,Outer,0.8146162409380269
Vehicle Stoppage,750,240,,car,Outer,0.8176395782984112
Vehicle Stoppage,751,240,,car,Outer,0.8166932349419805
Vehicle Stoppage,752,240,,car,Outer,0.8120856174074284
Vehicle Stoppage,753,240,,car,Outer,0.8051351811962971
Vehicle Stoppage,754,240,,car,Outer,0.7980069799193493
Vehicle Stoppage,755,240,,car,Outer,0.7970944046974645
Vehicle Stoppage,756,240,,car,Outer,0.798566778672892
Vehicle Stoppage,757,240,,car,Outer,0.8015320642369773
Vehicle Stoppage,758,240,,car,Outer,0.810164143862219
Vehicle Stoppage,759,240,,car,Outer,0.8253942633675134
Vehicle Stoppage,760,240,,car,Outer,0.8455416311453907
Vehicle Stoppage,761,240,,car,Outer,0.86780892482159
Vehicle Stoppage,762,240,,car,Outer,0.8853225400948557
Vehicle Stoppage,763,240,,car,Outer,0.9006691123825681
Vehicle Stoppage,764,240,,car,Outer,0.9150972516623611
Vehicle Stoppage,765,240,,car,Outer,0.9227757094765802
Vehicle Stoppage,766,240,,car,Outer,0.9313431268871862
Vehicle Stoppage,767,240,,car,Outer,0.9352049294138679
Vehicle Stoppage,768,240,,car,Outer,0.9342382244374293
Vehicle Stoppage,769,240,,car,Outer,0.9286952191111981
Vehicle Stoppage,770,240,,car,Outer,0.9231139149639138
Vehicle Stoppage,771,240,,car,Outer,0.9162630681196323
Vehicle Stoppage,772,240,,car,Outer,0.9149309263545505
Vehicle Stoppage,773,240,,car,Outer,0.9094543693885919
Vehicle Stoppage,774,240,,car,Outer,0.9060600421605675
Vehicle Stoppage,775,240,,car,Outer,0.9045993422504771
Vehicle Stoppage,776,240,,car,Outer,0.90396175250947
Vehicle Stoppage,777,240,,car,Outer,0.8982798005076136
Vehicle Stoppage,778,240,,car,Outer,0.8898868748329777
Vehicle Stoppage,779,240,,car,Outer,0.880085478803055
Vehicle Stoppage,780,240,,car,Outer,0.8711824435788437
Vehicle Stoppage,781,240,,car,Outer,0.8654685320680369
Vehicle Stoppage,782,240,,car,Outer,0.8611593348504029
Vehicle Stoppage,783,240,,car,Outer,0.8601026101576473
Vehicle Stoppage,784,240,,car,Outer,0.8622655565427597
Vehicle Stoppage,785,240,,car,Outer,0.8658545951832781
Vehicle Stoppage,786,240,,car,Outer,0.8704287966284227
Vehicle Stoppage,787,240,,car,Outer,0.8758562952904997
Vehicle Stoppage,788,240,,car,Outer,0.8791116538870382
Vehicle Stoppage,789,240,,car,Outer,0.8822267282280722
Vehicle Stoppage,790,240,,car,Outer,0.8834157458411058
Vehicle Stoppage,791,240,,car,Outer,0.8828327134854064
Vehicle Stoppage,792,240,,car,Outer,0.8811008171599852
Vehicle Stoppage,793,240,,car,Outer,0.881004772972315
Vehicle Stoppage,794,240,,car,Outer,0.8789420743143374
Vehicle Stoppage,795,240,,car,Outer,0.8753285326093279
Vehicle Stoppage,796,240,,car,Outer,0.8721386185693155
Vehicle Stoppage,797,240,,car,Outer,0.8727115961186676
Vehicle Stoppage,798,240,,car,Outer,0.8775336802653171
Vehicle Stoppage,799,240,,car,Outer,0.8858759506838391
Vehicle Stoppage,800,240,,car,Outer,0.8925965101881105
Vehicle Stoppage,801,240,,car,Outer,0.9179295670148063
Vehicle Stoppage,802,240,,car,Outer,0.9592084340746818
Vehicle Stoppage,823,240,,car,Outer,0.964223635885368
Vehicle Stoppage,824,240,,car,Outer,0.9364720230738335
Vehicle Stoppage,825,240,,car,Outer,0.9157361901770618
Vehicle Stoppage,826,240,,car,Outer,0.8972241916043043
Vehicle Stoppage,827,240,,car,Outer,0.8852401820974966
Vehicle Stoppage,828,240,,car,Outer,0.8816553635066202
Vehicle Stoppage,829,240,,car,Outer,0.8835333157272552
Vehicle Stoppage,830,240,,car,Outer,0.8857981090519408
Vehicle Stoppage,831,240,,car,Outer,0.8889168802537204
Vehicle Stoppage,832,240,,car,Outer,0.8919310343294448
Vehicle Stoppage,833,240,,car,Outer,0.8950107485388099
Vehicle Stoppage,834,240,,car,Outer,0.8924266300374502
Vehicle Stoppage,835,240,,car,Outer,0.8869662282184181
Vehicle Stoppage,836,240,,car,Outer,0.881308714356101
Vehicle Stoppage,837,240,,car,Outer,0.8772086296885188
Vehicle Stoppage,838,240,,car,Outer,0.8739088854108347
Vehicle Stoppage,839,240,,car,Outer,0.8716797863894689
Vehicle Stoppage,840,240,,car,Outer,0.869651539411046
Vehicle Stoppage,841,240,,car,Outer,0.8706169077154423
Vehicle Stoppage,842,240,,car,Outer,0.8734768743361174
Vehicle Stoppage,843,240,,car,Outer,0.877483823212715
Vehicle Stoppage,844,240,,car,Outer,0.8854531777570177
Vehicle Stoppage,501,257,,motorcycle,Inner,0.0629483915600753
Vehicle Stoppage,502,257,,motorcycle,Inner,0.06205320297938418
Vehicle Stoppage,503,257,,motorcycle,Inner,0.06179449813697588
Vehicle Stoppage,504,257,,motorcycle,Inner,0.06140757282289874
Vehicle Stoppage,505,257,,motorcycle,Inner,0.06103277807866831
Vehicle Stoppage,506,257,,motorcycle,Inner,0.06042731170588551
Vehicle Stoppage,507,257,,motorcycle,Inner,0.060560052840136436
Vehicle Stoppage,508,257,,motorcycle,Inner,0.06113100686231008
Vehicle Stoppage,509,257,,motorcycle,Inner,0.062079706829203704
Vehicle Stoppage,510,257,,motorcycle,Inner,0.06267447646369612
Vehicle Stoppage,511,257,,motorcycle,Inner,0.06309080757131612
Vehicle Stoppage,512,257,,motorcycle,Inner,0.0630778883603476
Vehicle Stoppage,513,257,,motorcycle,Inner,0.0618896598794924
Vehicle Stoppage,514,257,,motorcycle,Inner,0.05942735060559195
Vehicle Stoppage,515,257,,motorcycle,Inner,0.056387587286564705
Vehicle Stoppage,516,257,,motorcycle,Inner,0.05310602602341903
Vehicle Stoppage,517,257,,motorcycle,Inner,0.049722932335092576
Vehicle Stoppage,518,257,,motorcycle,Inner,0.04611561557650623
Vehicle Stoppage,519,257,,motorcycle,Inner,0.0423491440291259
Vehicle Stoppage,520,257,,motorcycle,Inner,0.03913693907294899
Vehicle Stoppage,521,257,,motorcycle,Inner,0.036786546453830574
Vehicle Stoppage,522,257,,motorcycle,Inner,0.03510626724674909
Vehicle Stoppage,523,257,,motorcycle,Inner,0.03497213176230301
Vehicle Stoppage,524,257,,motorcycle,Inner,0.036723425766122586
Vehicle Stoppage,525,257,,motorcycle,Inner,0.03966988782439785
Vehicle Stoppage,526,257,,motorcycle,Inner,0.04347781043244773
Vehicle Stoppage,527,257,,motorcycle,Inner,0.047902609532256786
Vehicle Stoppage,528,257,,motorcycle,Inner,0.05186029309597079
Vehicle Stoppage,529,257,,motorcycle,Inner,0.05505288366652969
Vehicle Stoppage,530,257,,motorcycle,Inner,0.05704673522648212
Vehicle Stoppage,531,257,,motorcycle,Inner,0.057568133546254695
Vehicle Stoppage,532,257,,motorcycle,Inner,0.057207079981413736
Vehicle Stoppage,533,257,,motorcycle,Inner,0.056413916722736525
Vehicle Stoppage,534,257,,motorcycle,Inner,0.05550207203339267
Vehicle Stoppage,535,257,,motorcycle,Inner,0.0544655854645847
Vehicle Stoppage,536,257,,motorcycle,Inner,0.054245737159703045
Vehicle Stoppage,537,257,,motorcycle,Inner,0.05432936590831633
Vehicle Stoppage,538,257,,motorcycle,Inner,0.055180612537375544
Vehicle Stoppage,539,257,,motorcycle,Inner,0.05647344508704969
Vehicle Stoppage,540,257,,motorcycle,Inner,0.05823074789147008
Vehicle Stoppage,541,257,,motorcycle,Inner,0.061335307939223795
Vehicle Stoppage,542,257,,motorcycle,Inner,0.06541391289320878
Vehicle Stoppage,543,257,,motorcycle,Inner,0.06929184656220592
Vehicle Stoppage,544,257,,motorcycle,Inner,0.07280247248549282
Vehicle Stoppage,545,257,,motorcycle,Inner,0.07566095426308275
Vehicle Stoppage,546,257,,motorcycle,Inner,0.07874439662604418
Vehicle Stoppage,547,257,,motorcycle,Inner,0.08128892913551335
Vehicle Stoppage,548,257,,motorcycle,Inner,0.0827010278049828
Vehicle Stoppage,549,257,,motorcycle,Inner,0.08310968655938845
Vehicle Stoppage,550,257,,motorcycle,Inner,0.0826160396049113
Vehicle Stoppage,551,257,,motorcycle,Inner,0.08164857622763935
Vehicle Stoppage,552,257,,motorcycle,Inner,0.0809926539878871
Vehicle Stoppage,553,257,,motorcycle,Inner,0.08066387047495202
Vehicle Stoppage,554,257,,motorcycle,Inner,0.0824561095371375
Vehicle Stoppage,555,257,,motorcycle,Inner,0.0856808613402078
Vehicle Stoppage,556,257,,motorcycle,Inner,0.08838014482902101
Vehicle Stoppage,557,257,,motorcycle,Inner,0.09142915289994216
Vehicle Stoppage,558,257,,motorcycle,Inner,0.09386207967012004
Vehicle Stoppage,559,257,,motorcycle,Inner,0.09593414407812
Vehicle Stoppage,560,257,,motorcycle,Inner,0.09663218925389797
Vehicle Stoppage,561,257,,motorcycle,Inner,0.09468162440515399
Vehicle Stoppage,562,257,,motorcycle,Inner,0.09152404055765931
Vehicle Stoppage,563,257,,motorcycle,Inner,0.08838014482902695
Vehicle Stoppage,564,257,,motorcycle,Inner,0.08524236036150637
Vehicle Stoppage,565,257,,motorcycle,Inner,0.08316158969139108
Vehicle Stoppage,566,257,,motorcycle,Inner,0.08197444723814341
Vehicle Stoppage,567,257,,motorcycle,Inner,0.08113260750155067
Vehicle Stoppage,568,257,,motorcycle,Inner,0.08111627456928804
Vehicle Stoppage,569,257,,motorcycle,Inner,0.08152410686417194
Vehicle Stoppage,570,257,,motorcycle,Inner,0.08250484834238342
Vehicle Stoppage,571,257,,motorcycle,Inner,0.08388229849020859
Vehicle Stoppage,572,257,,motorcycle,Inner,0.08560963730795505
Vehicle Stoppage,573,257,,motorcycle,Inner,0.08740400448492128
Vehicle Stoppage,574,257,,motorcycle,Inner,0.089150715084071
Vehicle Stoppage,575,257,,motorcycle,Inner,0.09082202376075928
Vehicle Stoppage,576,257,,motorcycle,Inner,0.09258709413303419
Vehicle Stoppage,577,257,,motorcycle,Inner,0.09453560175934182
Vehicle Stoppage,578,257,,motorcycle,Inner,0.09663048173324618
Vehicle Stoppage,579,257,,motorcycle,Inner,0.09892229273526125
Vehicle Stoppage,580,257,,motorcycle,Inner,0.10021985831161206
Vehicle Stoppage,581,257,,motorcycle,Inner,0.10111226434019153
Vehicle Stoppage,582,257,,motorcycle,Inner,0.10155451737860034
Vehicle Stoppage,583,257,,motorcycle,Inner,0.10181964447002098
Vehicle Stoppage,584,257,,motorcycle,Inner,0.10163842777217368
Vehicle Stoppage,585,257,,motorcycle,Inner,0.10151699365130336
Vehicle Stoppage,586,257,,motorcycle,Inner,0.10109030616236137
Vehicle Stoppage,587,257,,motorcycle,Inner,0.10053377541901115
Vehicle Stoppage,588,257,,motorcycle,Inner,0.09983331107400593
Vehicle Stoppage,589,257,,motorcycle,Inner,0.09904705952222399
Vehicle Stoppage,590,257,,motorcycle,Inner,0.09787195716853787
Vehicle Stoppage,591,257,,motorcycle,Inner,0.09674223483050376
Vehicle Stoppage,592,257,,motorcycle,Inner,0.0955253369530826
Vehicle Stoppage,593,257,,motorcycle,Inner,0.09427873567247552
Vehicle Stoppage,594,257,,motorcycle,Inner,0.09342917103346739
Vehicle Stoppage,595,257,,motorcycle,Inner,0.09295186926576413
Vehicle Stoppage,596,257,,motorcycle,Inner,0.09258876821731735
Vehicle Stoppage,597,257,,motorcycle,Inner,0.09186517294383006
Vehicle Stoppage,598,257,,motorcycle,Inner,0.09062786547193433
Vehicle Stoppage,599,257,,motorcycle,Inner,0.08908002020655183
Vehicle Stoppage,600,257,,motorcycle,Inner,0.0873751680971232
Vehicle Stoppage,601,257,,motorcycle,Inner,0.08561267429533731
Vehicle Stoppage,602,257,,motorcycle,Inner,0.08383203444984849
Vehicle Stoppage,603,257,,motorcycle,Inner,0.08194296797163148
Vehicle Stoppage,604,257,,motorcycle,Inner,0.08040055969954688
Vehicle Stoppage,605,257,,motorcycle,Inner,0.07929571236833345
Vehicle Stoppage,606,257,,motorcycle,Inner,0.07839005038906403
Vehicle Stoppage,607,257,,motorcycle,Inner,0.07851069990771849
Vehicle Stoppage,608,257,,motorcycle,Inner,0.07926417854239351
Vehicle Stoppage,609,257,,motorcycle,Inner,0.0800890129793092
Vehicle Stoppage,610,257,,motorcycle,Inner,0.08093707432320506
Vehicle Stoppage,611,257,,motorcycle,Inner,0.08154140052758707
Vehicle Stoppage,612,257,,motorcycle,Inner,0.08190879073701168
Vehicle Stoppage,613,257,,motorcycle,Inner,0.08183520025026052
Vehicle Stoppage,614,257,,motorcycle,Inner,0.08014992202117012
Vehicle Stoppage,615,257,,motorcycle,Inner,0.0776073450132079
Vehicle Stoppage,616,257,,motorcycle,Inner,0.07495445283637017
Vehicle Stoppage,617,257,,motorcycle,Inner,0.07185659329525905
Vehicle Stoppage,618,257,,motorcycle,Inner,0.06918012720427738
Vehicle Stoppage,619,257,,motorcycle,Inner,0.06633528472841252
Vehicle Stoppage,620,257,,motorcycle,Inner,0.06388935748620371
Vehicle Stoppage,621,257,,motorcycle,Inner,0.06230834615042286
Vehicle Stoppage,622,257,,motorcycle,Inner,0.06134574149849136
Vehicle Stoppage,623,257,,motorcycle,Inner,0.060742489247645394
Vehicle Stoppage,624,257,,motorcycle,Inner,0.06013484846575701
Vehicle Stoppage,625,257,,motorcycle,Inner,0.059640338697897775
Vehicle Stoppage,626,257,,motorcycle,Inner,0.05954242185198769
Vehicle Stoppage,627,257,,motorcycle,Inner,0.059600083892556756
Vehicle Stoppage,628,257,,motorcycle,Inner,0.05977909333538077
Vehicle Stoppage,629,257,,motorcycle,Inner,0.06048049272285842
Vehicle Stoppage,630,257,,motorcycle,Inner,0.061531292851685224
Vehicle Stoppage,631,257,,motorcycle,Inner,0.062004596603803135
Vehicle Stoppage,632,257,,motorcycle,Inner,0.06220200961384249
Vehicle Stoppage,633,257,,motorcycle,Inner,0.06274982071687094
Vehicle Stoppage,634,257,,motorcycle,Inner,0.06409906395572725
Vehicle Stoppage,635,257,,motorcycle,Inner,0.0653826429566653
Vehicle Stoppage,636,257,,motorcycle,Inner,0.06731990790249415
Vehicle Stoppage,637,257,,motorcycle,Inner,0.06897680769650175
Vehicle Stoppage,638,257,,motorcycle,Inner,0.07109437389836695
Vehicle Stoppage,639,257,,motorcycle,Inner,0.07274785220197408
Vehicle Stoppage,640,257,,motorcycle,Inner,0.07278516332330352
Vehicle Stoppage,641,257,,motorcycle,Inner,0.0723923338482767
Vehicle Stoppage,642,257,,motorcycle,Inner,0.07178028977372698
Vehicle Stoppage,643,257,,motorcycle,Inner,0.06961386356179157
Vehicle Stoppage,644,257,,motorcycle,Inner,0.06950395672190339
Vehicle Stoppage,645,257,,motorcycle,Inner,0.07141834498222929
Vehicle Stoppage,646,257,,motorcycle,Inner,0.07520618325642983
Vehicle Stoppage,647,257,,motorcycle,Inner,0.08159712004721595
Vehicle Stoppage,648,257,,motorcycle,Inner,0.08748771342308895
Vehicle Stoppage,649,257,,motorcycle,Inner,0.09194460288674494
Vehicle Stoppage,650,257,,motorcycle,Inner,0.09562060447414139
Vehicle Stoppage,651,257,,motorcycle,Inner,0.09471351540302893
Vehicle Stoppage,652,257,,motorcycle,Inner,0.09160049126506395
Vehicle Stoppage,653,257,,motorcycle,Inner,0.08709793338536735
Vehicle Stoppage,654,257,,motorcycle,Inner,0.08142143452433502
Vehicle Stoppage,655,257,,motorcycle,Inner,0.07648954176879443
Vehicle Stoppage,656,257,,motorcycle,Inner,0.07255129220075196
Vehicle Stoppage,657,257,,motorcycle,Inner,0.0690730048571786
Vehicle Stoppage,658,257,,motorcycle,Inner,0.06646058982585382
Vehicle Stoppage,659,257,,motorcycle,Inner,0.06424733457505889
Vehicle Stoppage,660,257,,motorcycle,Inner,0.06306346010171256
Vehicle Stoppage,661,257,,motorcycle,Inner,0.06328111882702803
Vehicle Stoppage,662,257,,motorcycle,Inner,0.06408595790030604
Vehicle Stoppage,663,257,,motorcycle,Inner,0.06672608185710023
Vehicle Stoppage,664,257,,motorcycle,Inner,0.07026841395676976
Vehicle Stoppage,665,257,,motorcycle,Inner,0.07393003449208464
Vehicle Stoppage,666,257,,motorcycle,Inner,0.07785171802857022
Vehicle Stoppage,667,257,,motorcycle,Inner,0.08161648117874283
Vehicle Stoppage,668,257,,motorcycle,Inner,0.0845842774988316
Vehicle Stoppage,669,257,,motorcycle,Inner,0.08697976776239186
Vehicle Stoppage,670,257,,motorcycle,Inner,0.08846541697182846
Vehicle Stoppage,671,257,,motorcycle,Inner,0.08954306226614794
Vehicle Stoppage,672,257,,motorcycle,Inner,0.09068461832085739
Vehicle Stoppage,673,257,,motorcycle,Inner,0.09157565178583628
Vehicle Stoppage,674,257,,motorcycle,Inner,0.09209603683113007
Vehicle Stoppage,675,257,,motorcycle,Inner,0.09227269368562444
Vehicle Stoppage,676,257,,motorcycle,Inner,0.09243906100777231
Vehicle Stoppage,677,257,,motorcycle,Inner,0.09302472789532829
Vehicle Stoppage,678,257,,motorcycle,Inner,0.09351753846204118
Vehicle Stoppage,679,257,,motorcycle,Inner,0.0933785842685618
Vehicle Stoppage,680,257,,motorcycle,Inner,0.09312019115100874
Vehicle Stoppage,681,257,,motorcycle,Inner,0.09380085287458524
Vehicle Stoppage,682,257,,motorcycle,Inner,0.09500131578036278
Vehicle Stoppage,683,257,,motorcycle,Inner,0.09622977709628538
Vehicle Stoppage,684,257,,motorcycle,Inner,0.09715806708657321
Vehicle Stoppage,685,257,,motorcycle,Inner,0.09772256648287683
Vehicle Stoppage,686,257,,motorcycle,Inner,0.09834734363469551
Vehicle Stoppage,687,257,,motorcycle,Inner,0.09913853942841955
Vehicle Stoppage,688,257,,motorcycle,Inner,0.09933403243601747
Vehicle Stoppage,689,257,,motorcycle,Inner,0.09829435385616254
Vehicle Stoppage,690,257,,motorcycle,Inner,0.09670915158349962
Vehicle Stoppage,691,257,,motorcycle,Inner,0.09505808750443383
Vehicle Stoppage,692,257,,motorcycle,Inner,0.0934892507190022
Vehicle Stoppage,693,257,,motorcycle,Inner,0.09187861557512252
Vehicle Stoppage,694,257,,motorcycle,Inner,0.09034273628798267
Vehicle Stoppage,695,257,,motorcycle,Inner,0.08871538761680645
Vehicle Stoppage,696,257,,motorcycle,Inner,0.08775676612090874
Vehicle Stoppage,697,257,,motorcycle,Inner,0.08644472222177817
Vehicle Stoppage,698,257,,motorcycle,Inner,0.08480872596614039
Vehicle Stoppage,699,257,,motorcycle,Inner,0.0833728972748366
Vehicle Stoppage,700,257,,motorcycle,Inner,0.08147208110757541
Vehicle Stoppage,701,257,,motorcycle,Inner,0.07928846069889173
Vehicle Stoppage,702,257,,motorcycle,Inner,0.07714615998220496
Vehicle Stoppage,703,257,,motorcycle,Inner,0.07523516465058172
Vehicle Stoppage,704,257,,motorcycle,Inner,0.07451295189428435
Vehicle Stoppage,705,257,,motorcycle,Inner,0.07425483149263978
Vehicle Stoppage,706,257,,motorcycle,Inner,0.07398405233562484
Vehicle Stoppage,707,257,,motorcycle,Inner,0.07431399598998305
Vehicle Stoppage,708,257,,motorcycle,Inner,0.07492829905983657
Vehicle Stoppage,709,257,,motorcycle,Inner,0.07589110619829237
Vehicle Stoppage,710,257,,motorcycle,Inner,0.07669087299020878
Vehicle Stoppage,711,257,,motorcycle,Inner,0.07756352235425745
Vehicle Stoppage,712,257,,motorcycle,Inner,0.07834851625908358
Vehicle Stoppage,713,257,,motorcycle,Inner,0.07895118745148991
Vehicle Stoppage,714,257,,motorcycle,Inner,0.07947049767052207
Vehicle Stoppage,715,257,,motorcycle,Inner,0.0798376477609459
Vehicle Stoppage,716,257,,motorcycle,Inner,0.07987502738653351
Vehicle Stoppage,717,257,,motorcycle,Inner,0.07942405177275184
Vehicle Stoppage,718,257,,motorcycle,Inner,0.07874414263930635
Vehicle Stoppage,719,257,,motorcycle,Inner,0.07631159807002319
Vehicle Stoppage,720,257,,motorcycle,Inner,0.07282973293923263
Vehicle Stoppage,721,257,,motorcycle,Inner,0.06910347313991977
Vehicle Stoppage,722,257,,motorcycle,Inner,0.06544501508900018
Vehicle Stoppage,723,257,,motorcycle,Inner,0.06208969318655762
Vehicle Stoppage,724,257,,motorcycle,Inner,0.05860546049644665
Vehicle Stoppage,725,257,,motorcycle,Inner,0.05512395123719184
Vehicle Stoppage,726,257,,motorcycle,Inner,0.05272048937557597
Vehicle Stoppage,727,257,,motorcycle,Inner,0.051006372150935585
Vehicle Stoppage,728,257,,motorcycle,Inner,0.0496565202163831
Vehicle Stoppage,729,257,,motorcycle,Inner,0.04861738372228487
Vehicle Stoppage,730,257,,motorcycle,Inner,0.047829906962066175
Vehicle Stoppage,731,257,,motorcycle,Inner,0.04728689036086019
Vehicle Stoppage,732,257,,motorcycle,Inner,0.04701531665319026
Vehicle Stoppage,733,257,,motorcycle,Inner,0.047641998278825023
Vehicle Stoppage,734,257,,motorcycle,Inner,0.048302794950184684
Vehicle Stoppage,735,257,,motorcycle,Inner,0.049108044147567455
Vehicle Stoppage,736,257,,motorcycle,Inner,0.0494640273330027
Vehicle Stoppage,737,257,,motorcycle,Inner,0.04921635906891003
Vehicle Stoppage,738,257,,motorcycle,Inner,0.04856439024635495
Vehicle Stoppage,739,257,,motorcycle,Inner,0.04839256141185831
Vehicle Stoppage,740,257,,motorcycle,Inner,0.04788340004636437
Vehicle Stoppage,741,257,,motorcycle,Inner,0.04713904962979575
Vehicle Stoppage,742,257,,motorcycle,Inner,0.04627580361268764
Vehicle Stoppage,743,257,,motorcycle,Inner,0.04573510686551772
Vehicle Stoppage,744,257,,motorcycle,Inner,0.04575117484830449
Vehicle Stoppage,745,257,,motorcycle,Inner,0.04611518188189834
Vehicle Stoppage,746,257,,motorcycle,Inner,0.045556338746649445
Vehicle Stoppage,747,257,,motorcycle,Inner,0.045362980501728684
Vehicle Stoppage,748,257,,motorcycle,Inner,0.04502499305941133
Vehicle Stoppage,749,257,,motorcycle,Inner,0.04451539059696462
Vehicle Stoppage,750,257,,motorcycle,Inner,0.0446374282413308
Vehicle Stoppage,751,257,,motorcycle,Inner,0.044455933237313915
Vehicle Stoppage,752,257,,motorcycle,Inner,0.044373528144599515
Vehicle Stoppage,753,257,,motorcycle,Inner,0.04375168568181149
Vehicle Stoppage,754,257,,motorcycle,Inner,0.043074354319024365
Vehicle Stoppage,755,257,,motorcycle,Inner,0.0428416853076566
Vehicle Stoppage,756,257,,motorcycle,Inner,0.043405644794202454
Vehicle Stoppage,757,257,,motorcycle,Inner,0.04473712105176475
Vehicle Stoppage,758,257,,motorcycle,Inner,0.04627310233818314
Vehicle Stoppage,759,257,,motorcycle,Inner,0.04835297302131718
Vehicle Stoppage,760,257,,motorcycle,Inner,0.049895190148950004
Vehicle Stoppage,761,257,,motorcycle,Inner,0.05105487244131386
Vehicle Stoppage,762,257,,motorcycle,Inner,0.052021918457511425
Vehicle Stoppage,763,257,,motorcycle,Inner,0.05246951495869415
Vehicle Stoppage,764,257,,motorcycle,Inner,0.05200240379060087
Vehicle Stoppage,765,257,,motorcycle,Inner,0.05132815991246677
Vehicle Stoppage,766,257,,motorcycle,Inner,0.04981616203603138
Vehicle Stoppage,767,257,,motorcycle,Inner,0.048548944375754174
Vehicle Stoppage,768,257,,motorcycle,Inner,0.0474444938849529
Vehicle Stoppage,769,257,,motorcycle,Inner,0.0465172011195911
Vehicle Stoppage,770,257,,motorcycle,Inner,0.045674062661434894
Vehicle Stoppage,771,257,,motorcycle,Inner,0.0450039998222255
Vehicle Stoppage,772,257,,motorcycle,Inner,0.04454952300530201
Vehicle Stoppage,773,257,,motorcycle,Inner,0.04407323450803659
Vehicle Stoppage,774,257,,motorcycle,Inner,0.04331951061589701
Vehicle Stoppage,775,257,,motorcycle,Inner,0.04203450963197589
Vehicle Stoppage,776,257,,motorcycle,Inner,0.04065033825197373
Vehicle Stoppage,777,257,,motorcycle,Inner,0.04026623896020693
Vehicle Stoppage,778,257,,motorcycle,Inner,0.03961022595238522
Vehicle Stoppage,779,257,,motorcycle,Inner,0.03850675265455953
Vehicle Stoppage,780,257,,motorcycle,Inner,0.038113645850274665
Vehicle Stoppage,781,257,,motorcycle,Inner,0.038398567681625126
Vehicle Stoppage,782,257,,motorcycle,Inner,0.03971120748605951
Vehicle Stoppage,783,257,,motorcycle,Inner,0.04139480643752985
Vehicle Stoppage,784,257,,motorcycle,Inner,0.04290000000000305
Vehicle Stoppage,785,257,,motorcycle,Inner,0.044893763486711744
Vehicle Stoppage,786,257,,motorcycle,Inner,0.04697765426242682
Vehicle Stoppage,787,257,,motorcycle,Inner,0.04872011904746809
Vehicle Stoppage,788,257,,motorcycle,Inner,0.05040991965873201
Vehicle Stoppage,789,257,,motorcycle,Inner,0.05252237618387208
Vehicle Stoppage,790,257,,motorcycle,Inner,0.05445410911951257
Vehicle Stoppage,791,257,,motorcycle,Inner,0.05639592183837974
Vehicle Stoppage,792,257,,motorcycle,Inner,0.05795808830526614
Vehicle Stoppage,793,257,,motorcycle,Inner,0.05942061931686647
Vehicle Stoppage,794,257,,motorcycle,Inner,0.060368286376217876
Vehicle Stoppage,795,257,,motorcycle,Inner,0.06097032064865381
Vehicle Stoppage,796,257,,motorcycle,Inner,0.06112977997670224
Vehicle Stoppage,797,257,,motorcycle,Inner,0.061322508102657755
Vehicle Stoppage,798,257,,motorcycle,Inner,0.06100631114892329
Vehicle Stoppage,799,257,,motorcycle,Inner,0.06043550281085189
Vehicle Stoppage,800,257,,motorcycle,Inner,0.05935966644111117
Vehicle Stoppage,801,257,,motorcycle,Inner,0.059387877550890575
Vehicle Stoppage,802,257,,motorcycle,Inner,0.0594642749892838
Vehicle Stoppage,803,257,,motorcycle,Inner,0.059932128278582866
Vehicle Stoppage,804,257,,motorcycle,Inner,0.06376597838973422
Vehicle Stoppage,805,257,,motorcycle,Inner,0.0690926913645782
Vehicle Stoppage,806,257,,motorcycle,Inner,0.07625286879849105
Vehicle Stoppage,807,257,,motorcycle,Inner,0.08818645020635865
Vehicle Stoppage,808,257,,motorcycle,Inner,0.10175386970529098
Vehicle Stoppage,809,257,,motorcycle,Inner,0.11383290385472157
Vehicle Stoppage,810,257,,motorcycle,Inner,0.12442266674524925
Vehicle Stoppage,811,257,,motorcycle,Inner,0.12817663593650783
Vehicle Stoppage,812,257,,motorcycle,Inner,0.128297349933653
Vehicle Stoppage,813,257,,motorcycle,Inner,0.13053279281467825
Vehicle Stoppage,814,257,,motorcycle,Inner,0.12728055625271578
Vehicle Stoppage,815,257,,motorcycle,Inner,0.12340316041333892
Vehicle Stoppage,816,257,,motorcycle,Inner,0.11835780498132742
Vehicle Stoppage,817,257,,motorcycle,Inner,0.1140663841804433
Vehicle Stoppage,818,257,,motorcycle,Inner,0.11333865183599834
Vehicle Stoppage,819,257,,motorcycle,Inner,0.1179323534913156
Vehicle Stoppage,820,257,,motorcycle,Inner,0.12007414376126563
Vehicle Stoppage,821,257,,motorcycle,Inner,0.12257715937319244
Vehicle Stoppage,822,257,,motorcycle,Inner,0.12408835561809703
Vehicle Stoppage,823,257,,motorcycle,Inner,0.13001049957599473
Vehicle Stoppage,824,257,,motorcycle,Inner,0.13742110463824875
Vehicle Stoppage,825,257,,motorcycle,Inner,0.1455292410479865
Vehicle Stoppage,826,257,,motorcycle,Inner,0.15107233366834655
Vehicle Stoppage,827,257,,motorcycle,Inner,0.1564766116708805
Vehicle Stoppage,828,257,,motorcycle,Inner,0.16311643080939994
Vehicle Stoppage,829,257,,motorcycle,Inner,0.1687849815593771
Vehicle Stoppage,830,257,,motorcycle,Inner,0.17276287216876476
Vehicle Stoppage,831,257,,motorcycle,Inner,0.17586000113726027
Vehicle Stoppage,832,257,,motorcycle,Inner,0.1780622643908668
Vehicle Stoppage,833,257,,motorcycle,Inner,0.17898337911660528
Vehicle Stoppage,834,257,,motorcycle,Inner,0.17802261092344926
Vehicle Stoppage,835,257,,motorcycle,Inner,0.17637247517681667
Vehicle Stoppage,836,257,,motorcycle,Inner,0.17402925041497716
Vehicle Stoppage,837,257,,motorcycle,Inner,0.170687843738209
Vehicle Stoppage,838,257,,motorcycle,Inner,0.16695370615832347
Vehicle Stoppage,839,257,,motorcycle,Inner,0.16350966332299438
Vehicle Stoppage,840,257,,motorcycle,Inner,0.16003705820839806
Vehicle Stoppage,841,257,,motorcycle,Inner,0.15766198019814404
Vehicle Stoppage,842,257,,motorcycle,Inner,0.15527066690138772
Vehicle Stoppage,843,257,,motorcycle,Inner,0.15503760834068508
Vehicle Stoppage,844,257,,motorcycle,Inner,0.15548726635966129
Vehicle Stoppage,845,257,,motorcycle,Inner,0.15712876884899296
Vehicle Stoppage,846,257,,motorcycle,Inner,0.15825539485274878
Vehicle Stoppage,847,257,,motorcycle,Inner,0.15345282662759435
Vehicle Stoppage,848,257,,motorcycle,Inner,0.14520967598614437
Vehicle Stoppage,849,257,,motorcycle,Inner,0.13415997912938646
Vehicle Stoppage,850,257,,motorcycle,Inner,0.1271179766988128
Vehicle Stoppage,851,257,,motorcycle,Inner,0.11668736006955575
Vehicle Stoppage,852,257,,motorcycle,Inner,0.10418944284330568
Vehicle Stoppage,853,257,,motorcycle,Inner,0.09703035607478591
Vehicle Stoppage,854,257,,motorcycle,Inner,0.09391155413472682
Vehicle Stoppage,855,257,,motorcycle,Inner,0.09259082027933557
Vehicle Stoppage,856,257,,motorcycle,Inner,0.09312368119870812
Vehicle Stoppage,857,257,,motorcycle,Inner,0.0879164375984425
Vehicle Stoppage,858,257,,motorcycle,Inner,0.08511321871485017
Vehicle Stoppage,859,257,,motorcycle,Inner,0.0834086326467446
Vehicle Stoppage,860,257,,motorcycle,Inner,0.07701876394749346
Vehicle Stoppage,515,262,,motorcycle,Outer,0.043994545116410315
Vehicle Stoppage,516,262,,motorcycle,Outer,0.043349740483656855
Vehicle Stoppage,517,262,,motorcycle,Outer,0.0423987028103497
Vehicle Stoppage,518,262,,motorcycle,Outer,0.0419486590965623
Vehicle Stoppage,519,262,,motorcycle,Outer,0.042144513284646724
Vehicle Stoppage,520,262,,motorcycle,Outer,0.043732139211338436
Vehicle Stoppage,521,262,,motorcycle,Outer,0.046067124937420066
Vehicle Stoppage,522,262,,motorcycle,Outer,0.0479371463481108
Vehicle Stoppage,523,262,,motorcycle,Outer,0.04978835205146371
Vehicle Stoppage,524,262,,motorcycle,Outer,0.05178281568242583
Vehicle Stoppage,525,262,,motorcycle,Outer,0.053825087087715794
Vehicle Stoppage,526,262,,motorcycle,Outer,0.055814424658863965
Vehicle Stoppage,527,262,,motorcycle,Outer,0.058023788225178105
Vehicle Stoppage,528,262,,motorcycle,Outer,0.05988196723555176
Vehicle Stoppage,529,262,,motorcycle,Outer,0.06115136956765509
Vehicle Stoppage,530,262,,motorcycle,Outer,0.06298507759779245
Vehicle Stoppage,531,262,,motorcycle,Outer,0.06616471869508705
Vehicle Stoppage,532,262,,motorcycle,Outer,0.0700783846845805
Vehicle Stoppage,533,262,,motorcycle,Outer,0.07266470945376677
Vehicle Stoppage,534,262,,motorcycle,Outer,0.07278358331382218
Vehicle Stoppage,535,262,,motorcycle,Outer,0.07108621526006478
Vehicle Stoppage,536,262,,motorcycle,Outer,0.068893033029473
Vehicle Stoppage,537,262,,motorcycle,Outer,0.06584777900582353
Vehicle Stoppage,538,262,,motorcycle,Outer,0.06139324067029083
Vehicle Stoppage,539,262,,motorcycle,Outer,0.056381291223246324
Vehicle Stoppage,540,262,,motorcycle,Outer,0.05169758214849215
Vehicle Stoppage,541,262,,motorcycle,Outer,0.04910885867132356
Vehicle Stoppage,542,262,,motorcycle,Outer,0.04797634833957505
Vehicle Stoppage,543,262,,motorcycle,Outer,0.046220341842094226
Vehicle Stoppage,544,262,,motorcycle,Outer,0.04403101179850633
Vehicle Stoppage,545,262,,motorcycle,Outer,0.041634721087086705
Vehicle Stoppage,546,262,,motorcycle,Outer,0.039539853312826265
Vehicle Stoppage,547,262,,motorcycle,Outer,0.03826486639202515
Vehicle Stoppage,548,262,,motorcycle,Outer,0.0366084689655277
Vehicle Stoppage,549,262,,motorcycle,Outer,0.03486947088786797
Vehicle Stoppage,550,262,,motorcycle,Outer,0.03463942840174864
Vehicle Stoppage,551,262,,motorcycle,Outer,0.03528809997719146
Vehicle Stoppage,552,262,,motorcycle,Outer,0.03708503741402516
Vehicle Stoppage,553,262,,motorcycle,Outer,0.03859455920204188
Vehicle Stoppage,554,262,,motorcycle,Outer,0.039710200200959354
Vehicle Stoppage,555,262,,motorcycle,Outer,0.04081764324406529
Vehicle Stoppage,556,262,,motorcycle,Outer,0.04051876108668468
Vehicle Stoppage,557,262,,motorcycle,Outer,0.03845321833085007
Vehicle Stoppage,558,262,,motorcycle,Outer,0.03467708176880221
Vehicle Stoppage,559,262,,motorcycle,Outer,0.030424332367370015
Vehicle Stoppage,560,262,,motorcycle,Outer,0.02710147597456998
Vehicle Stoppage,561,262,,motorcycle,Outer,0.02648811054038595
Vehicle Stoppage,562,262,,motorcycle,Outer,0.027247018185484247
Vehicle Stoppage,563,262,,motorcycle,Outer,0.02921044333795674
Vehicle Stoppage,564,262,,motorcycle,Outer,0.03268791825736144
Vehicle Stoppage,565,262,,motorcycle,Outer,0.03787466171466087
Vehicle Stoppage,566,262,,motorcycle,Outer,0.04395327064053573
Vehicle Stoppage,567,262,,motorcycle,Outer,0.05009720551089104
Vehicle Stoppage,568,262,,motorcycle,Outer,0.05555771773570216
Vehicle Stoppage,569,262,,motorcycle,Outer,0.0609624474574301
Vehicle Stoppage,570,262,,motorcycle,Outer,0.06579703640742249
Vehicle Stoppage,571,262,,motorcycle,Outer,0.06942946060571314
Vehicle Stoppage,572,262,,motorcycle,Outer,0.0714963635438912
Vehicle Stoppage,573,262,,motorcycle,Outer,0.07300808174442398
Vehicle Stoppage,574,262,,motorcycle,Outer,0.07254743275954134
Vehicle Stoppage,575,262,,motorcycle,Outer,0.0708932295780008
Vehicle Stoppage,576,262,,motorcycle,Outer,0.06893605732850978
Vehicle Stoppage,577,262,,motorcycle,Outer,0.06824441369079084
Vehicle Stoppage,578,262,,motorcycle,Outer,0.06856310961442823
Vehicle Stoppage,579,262,,motorcycle,Outer,0.06927806290594352
Vehicle Stoppage,580,262,,motorcycle,Outer,0.07024136957662647
Vehicle Stoppage,581,262,,motorcycle,Outer,0.07240248614515625
Vehicle Stoppage,582,262,,motorcycle,Outer,0.07544328996008066
Vehicle Stoppage,583,262,,motorcycle,Outer,0.07757067744966563
Vehicle Stoppage,584,262,,motorcycle,Outer,0.07827803012339928
Vehicle Stoppage,585,262,,motorcycle,Outer,0.07805446816166352
Vehicle Stoppage,586,262,,motorcycle,Outer,0.0777890095064896
Vehicle Stoppage,587,262,,motorcycle,Outer,0.07664861381656013
Vehicle Stoppage,588,262,,motorcycle,Outer,0.07477031496523581
Vehicle Stoppage,589,262,,motorcycle,Outer,0.0726510839561232
Vehicle Stoppage,590,262,,motorcycle,Outer,0.06981146037721583
Vehicle Stoppage,591,262,,motorcycle,Outer,0.06842294936642355
Vehicle Stoppage,592,262,,motorcycle,Outer,0.06800977870865643
Vehicle Stoppage,593,262,,motorcycle,Outer,0.06751481318940147
Vehicle Stoppage,594,262,,motorcycle,Outer,0.06778819956305052
Vehicle Stoppage,595,262,,motorcycle,Outer,0.0685333495460411
Vehicle Stoppage,596,262,,motorcycle,Outer,0.06898304139424198
Vehicle Stoppage,597,262,,motorcycle,Outer,0.07024884340684988
Vehicle Stoppage,598,262,,motorcycle,Outer,0.07097407977564797
Vehicle Stoppage,599,262,,motorcycle,Outer,0.07021573897638644
Vehicle Stoppage,600,262,,motorcycle,Outer,0.06840007309937723
Vehicle Stoppage,601,262,,motorcycle,Outer,0.06624333928781363
Vehicle Stoppage,602,262,,motorcycle,Outer,0.0640466236424749
Vehicle Stoppage,603,262,,motorcycle,Outer,0.06185159658408542
Vehicle Stoppage,604,262,,motorcycle,Outer,0.05970343373709985
Vehicle Stoppage,605,262,,motorcycle,Outer,0.05724334022399467
Vehicle Stoppage,606,262,,motorcycle,Outer,0.05612575166534627
Vehicle Stoppage,607,262,,motorcycle,Outer,0.0559034882632528
Vehicle Stoppage,608,262,,motorcycle,Outer,0.05577104983770251
Vehicle Stoppage,609,262,,motorcycle,Outer,0.05551234097027056
Vehicle Stoppage,610,262,,motorcycle,Outer,0.05482928049865421
Vehicle Stoppage,611,262,,motorcycle,Outer,0.05473655085954883
Vehicle Stoppage,612,262,,motorcycle,Outer,0.05464155927496766
Vehicle Stoppage,613,262,,motorcycle,Outer,0.0545712378455924
Vehicle Stoppage,614,262,,motorcycle,Outer,0.05347335785229842
Vehicle Stoppage,615,262,,motorcycle,Outer,0.05162363799655915
Vehicle Stoppage,616,262,,motorcycle,Outer,0.04980943685688588
Vehicle Stoppage,617,262,,motorcycle,Outer,0.04782102048262768
Vehicle Stoppage,618,262,,motorcycle,Outer,0.04466452731194917
Vehicle Stoppage,619,262,,motorcycle,Outer,0.04180191383178446
Vehicle Stoppage,620,262,,motorcycle,Outer,0.03848493211634732
Vehicle Stoppage,621,262,,motorcycle,Outer,0.03641936298179662
Vehicle Stoppage,622,262,,motorcycle,Outer,0.03518707148939967
Vehicle Stoppage,623,262,,motorcycle,Outer,0.034089587853187074
Vehicle Stoppage,624,262,,motorcycle,Outer,0.03339176545198133
Vehicle Stoppage,625,262,,motorcycle,Outer,0.03314211821835968
Vehicle Stoppage,626,262,,motorcycle,Outer,0.03270611563606887
Vehicle Stoppage,627,262,,motorcycle,Outer,0.032211799080459264
Vehicle Stoppage,628,262,,motorcycle,Outer,0.031605695689226145
Vehicle Stoppage,629,262,,motorcycle,Outer,0.03112699792784145
Vehicle Stoppage,630,262,,motorcycle,Outer,0.03125779902680002
Vehicle Stoppage,631,262,,motorcycle,Outer,0.03238672567580374
Vehicle Stoppage,632,262,,motorcycle,Outer,0.03400367627183756
Vehicle Stoppage,633,262,,motorcycle,Outer,0.03464693348623802
Vehicle Stoppage,634,262,,motorcycle,Outer,0.03430830803172957
Vehicle Stoppage,635,262,,motorcycle,Outer,0.034163138029167844
Vehicle Stoppage,636,262,,motorcycle,Outer,0.03421958503547236
Vehicle Stoppage,637,262,,motorcycle,Outer,0.03428148188162588
Vehicle Stoppage,638,262,,motorcycle,Outer,0.034857423886458835
Vehicle Stoppage,639,262,,motorcycle,Outer,0.036196270526119206
Vehicle Stoppage,640,262,,motorcycle,Outer,0.03679619545550881
Vehicle Stoppage,641,262,,motorcycle,Outer,0.036019994447527626
Vehicle Stoppage,642,262,,motorcycle,Outer,0.034269811788225704
Vehicle Stoppage,643,262,,motorcycle,Outer,0.033072344942568374
Vehicle Stoppage,644,262,,motorcycle,Outer,0.03175106297433093
Vehicle Stoppage,645,262,,motorcycle,Outer,0.030425154066991034
Vehicle Stoppage,646,262,,motorcycle,Outer,0.03036988640084433
Vehicle Stoppage,647,262,,motorcycle,Outer,0.03248907508686796
Vehicle Stoppage,648,262,,motorcycle,Outer,0.03516887828748482
Vehicle Stoppage,649,262,,motorcycle,Outer,0.03792228896044921
Vehicle Stoppage,650,262,,motorcycle,Outer,0.04082070553040393
Vehicle Stoppage,651,262,,motorcycle,Outer,0.04397863117469513
Vehicle Stoppage,652,262,,motorcycle,Outer,0.04729111967378539
Vehicle Stoppage,653,262,,motorcycle,Outer,0.04971156807021863
Vehicle Stoppage,654,262,,motorcycle,Outer,0.05047742069480742
Vehicle Stoppage,655,262,,motorcycle,Outer,0.049736304647606006
Vehicle Stoppage,656,262,,motorcycle,Outer,0.048205912500440116
Vehicle Stoppage,657,262,,motorcycle,Outer,0.046540519979904486
Vehicle Stoppage,658,262,,motorcycle,Outer,0.04523648969582166
Vehicle Stoppage,659,262,,motorcycle,Outer,0.04400920358288766
Vehicle Stoppage,660,262,,motorcycle,Outer,0.043832065887889
Vehicle Stoppage,661,262,,motorcycle,Outer,0.044316249841342796
Vehicle Stoppage,662,262,,motorcycle,Outer,0.04529127951383598
Vehicle Stoppage,663,262,,motorcycle,Outer,0.047186120840774184
Vehicle Stoppage,664,262,,motorcycle,Outer,0.049127588990304685
Vehicle Stoppage,665,262,,motorcycle,Outer,0.05122987409705391
Vehicle Stoppage,666,262,,motorcycle,Outer,0.05411330705103775
Vehicle Stoppage,667,262,,motorcycle,Outer,0.05640079786669475
Vehicle Stoppage,668,262,,motorcycle,Outer,0.05809724606209719
Vehicle Stoppage,669,262,,motorcycle,Outer,0.05907021245940705
Vehicle Stoppage,670,262,,motorcycle,Outer,0.05872997531073537
Vehicle Stoppage,671,262,,motorcycle,Outer,0.05824165176229886
Vehicle Stoppage,672,262,,motorcycle,Outer,0.0575034781556726
Vehicle Stoppage,673,262,,motorcycle,Outer,0.057207079981419745
Vehicle Stoppage,674,262,,motorcycle,Outer,0.057913124591929696
Vehicle Stoppage,675,262,,motorcycle,Outer,0.05948621689097342
Vehicle Stoppage,676,262,,motorcycle,Outer,0.062087760468548366
Vehicle Stoppage,677,262,,motorcycle,Outer,0.06647924488139478
Vehicle Stoppage,678,262,,motorcycle,Outer,0.07096618913256875
Vehicle Stoppage,679,262,,motorcycle,Outer,0.0757515016352744
Vehicle Stoppage,680,262,,motorcycle,Outer,0.08062071694049902
Vehicle Stoppage,681,262,,motorcycle,Outer,0.08292532785584589
Vehicle Stoppage,682,262,,motorcycle,Outer,0.08356506447074491
Vehicle Stoppage,683,262,,motorcycle,Outer,0.08264139398630756
Vehicle Stoppage,684,262,,motorcycle,Outer,0.07929495570337806
Vehicle Stoppage,685,262,,motorcycle,Outer,0.0748767654215905
Vehicle Stoppage,686,262,,motorcycle,Outer,0.07042279460516043
Vehicle Stoppage,687,262,,motorcycle,Outer,0.0653441657686423
Vehicle Stoppage,688,262,,motorcycle,Outer,0.06164560000519334
Vehicle Stoppage,689,262,,motorcycle,Outer,0.05925706708908518
Vehicle Stoppage,690,262,,motorcycle,Outer,0.05858131101298708
Vehicle Stoppage,691,262,,motorcycle,Outer,0.059316523836113265
Vehicle Stoppage,692,262,,motorcycle,Outer,0.06083305022764706
Vehicle Stoppage,693,262,,motorcycle,Outer,0.0620349095268137
Vehicle Stoppage,694,262,,motorcycle,Outer,0.06319216723614034
Vehicle Stoppage,695,262,,motorcycle,Outer,0.06458684076497408
Vehicle Stoppage,696,262,,motorcycle,Outer,0.06550190836914614
Vehicle Stoppage,697,262,,motorcycle,Outer,0.06604733151308675
Vehicle Stoppage,698,262,,motorcycle,Outer,0.06590174504518082
Vehicle Stoppage,699,262,,motorcycle,Outer,0.06530926427391703
Vehicle Stoppage,700,262,,motorcycle,Outer,0.06405154174569158
Vehicle Stoppage,701,262,,motorcycle,Outer,0.06241193796061692
Vehicle Stoppage,702,262,,motorcycle,Outer,0.06037424947773589
Vehicle Stoppage,703,262,,motorcycle,Outer,0.058272206067729336
Vehicle Stoppage,704,262,,motorcycle,Outer,0.05581227463560344
Vehicle Stoppage,705,262,,motorcycle,Outer,0.053272225408742
Vehicle Stoppage,706,262,,motorcycle,Outer,0.050982840250425196
Vehicle Stoppage,707,262,,motorcycle,Outer,0.04916879091455978
Vehicle Stoppage,708,262,,motorcycle,Outer,0.04831976821136432
Vehicle Stoppage,709,262,,motorcycle,Outer,0.047820497697116805
Vehicle Stoppage,710,262,,motorcycle,Outer,0.0488305232411109
Vehicle Stoppage,711,262,,motorcycle,Outer,0.050771054745792236
Vehicle Stoppage,712,262,,motorcycle,Outer,0.05264598750142614
Vehicle Stoppage,713,262,,motorcycle,Outer,0.053358035945864274
Vehicle Stoppage,714,262,,motorcycle,Outer,0.052906899361044785
Vehicle Stoppage,715,262,,motorcycle,Outer,0.05240734681320527
Vehicle Stoppage,716,262,,motorcycle,Outer,0.05173973328110652
Vehicle Stoppage,717,262,,motorcycle,Outer,0.049400404856642
Vehicle Stoppage,718,262,,motorcycle,Outer,0.04662585119866124
Vehicle Stoppage,719,262,,motorcycle,Outer,0.04511640499862215
Vehicle Stoppage,720,262,,motorcycle,Outer,0.040017995951820755
Vehicle Stoppage,721,262,,motorcycle,Outer,0.0527640976422373
Vehicle Stoppage,722,262,,motorcycle,Outer,0.08913725371582576
Vehicle Stoppage,723,262,,motorcycle,Outer,0.11022313731698957
Vehicle Stoppage,724,262,,motorcycle,Outer,0.12060265337047939
Vehicle Stoppage,725,262,,motorcycle,Outer,0.12503671460814864
Vehicle Stoppage,726,262,,motorcycle,Outer,0.12509056719033568
Vehicle Stoppage,727,262,,motorcycle,Outer,0.10538434418831351
Vehicle Stoppage,728,262,,motorcycle,Outer,0.07051921723899504
Vehicle Stoppage,729,262,,motorcycle,Outer,0.03144725743208929
Vehicle Stoppage,730,262,,motorcycle,Outer,0.02296715045450987
Vehicle Stoppage,731,262,,motorcycle,Outer,0.027681221071327432
Vehicle Stoppage,732,262,,motorcycle,Outer,0.03299712108653955
Vehicle Stoppage,733,262,,motorcycle,Outer,0.03552590604052123
Vehicle Stoppage,734,262,,motorcycle,Outer,0.039503164430211166
Vehicle Stoppage,735,262,,motorcycle,Outer,0.04392914749912694
Vehicle Stoppage,736,262,,motorcycle,Outer,0.04770083856705543
Vehicle Stoppage,737,262,,motorcycle,Outer,0.05202191845751208
Vehicle Stoppage,738,262,,motorcycle,Outer,0.055646473383317664
Vehicle Stoppage,739,262,,motorcycle,Outer,0.06064099273593213
Vehicle Stoppage,740,262,,motorcycle,Outer,0.06674346409949243
Vehicle Stoppage,741,262,,motorcycle,Outer,0.07165870498411331
Vehicle Stoppage,742,262,,motorcycle,Outer,0.07590421595668768
Vehicle Stoppage,743,262,,motorcycle,Outer,0.08135170557523806
Vehicle Stoppage,744,262,,motorcycle,Outer,0.08641678077780893
Vehicle Stoppage,745,262,,motorcycle,Outer,0.09146698858057824
Vehicle Stoppage,746,262,,motorcycle,Outer,0.09435613387586486
Vehicle Stoppage,747,262,,motorcycle,Outer,0.09496025484380759
Vehicle Stoppage,748,262,,motorcycle,Outer,0.09411482348706289
Vehicle Stoppage,749,262,,motorcycle,Outer,0.09281944839310848
Vehicle Stoppage,750,262,,motorcycle,Outer,0.08847400748242355
Vehicle Stoppage,751,262,,motorcycle,Outer,0.08146195430997318
Vehicle Stoppage,752,262,,motorcycle,Outer,0.0734401116556875
Vehicle Stoppage,753,262,,motorcycle,Outer,0.06497330220944446
Vehicle Stoppage,754,262,,motorcycle,Outer,0.057018067312039865
Vehicle Stoppage,755,262,,motorcycle,Outer,0.05046513648054146
Vehicle Stoppage,756,262,,motorcycle,Outer,0.045124826869469066
Vehicle Stoppage,757,262,,motorcycle,Outer,0.043633129615009286
Vehicle Stoppage,758,262,,motorcycle,Outer,0.043111599367226354
Vehicle Stoppage,759,262,,motorcycle,Outer,0.042147479165423704
Vehicle Stoppage,760,262,,motorcycle,Outer,0.04087052727822074
Vehicle Stoppage,761,262,,motorcycle,Outer,0.039678835668401295
Vehicle Stoppage,762,262,,motorcycle,Outer,0.0385810834477198
Vehicle Stoppage,763,262,,motorcycle,Outer,0.03845737900585849
Vehicle Stoppage,764,262,,motorcycle,Outer,0.03880115977648667
Vehicle Stoppage,765,262,,motorcycle,Outer,0.03944616584663269
Vehicle Stoppage,766,262,,motorcycle,Outer,0.04075450895299712
Vehicle Stoppage,767,262,,motorcycle,Outer,0.043174066289846894
Vehicle Stoppage,768,262,,motorcycle,Outer,0.04544062059435218
Vehicle Stoppage,769,262,,motorcycle,Outer,0.047940066750057374
Vehicle Stoppage,770,262,,motorcycle,Outer,0.04989318590749142
Vehicle Stoppage,771,262,,motorcycle,Outer,0.05078287112797308
Vehicle Stoppage,772,262,,motorcycle,Outer,0.05141760398929614
Vehicle Stoppage,773,262,,motorcycle,Outer,0.2261488447903307
Vehicle Stoppage,774,262,,motorcycle,Outer,0.4489668696017568
Vehicle Stoppage,775,262,,motorcycle,Outer,0.6881002833889869
Vehicle Stoppage,776,262,,motorcycle,Outer,0.9369332633651151
Vehicle Stoppage,653,293,,motorcycle,Outer,0.840172672728647
Vehicle Stoppage,654,293,,motorcycle,Outer,0.8598757235787072
Vehicle Stoppage,655,293,,motorcycle,Outer,0.8697459974038435
Vehicle Stoppage,656,293,,motorcycle,Outer,0.8731689985335065
Vehicle Stoppage,657,293,,motorcycle,Outer,0.8705121768246595
Vehicle Stoppage,658,293,,motorcycle,Outer,0.8649691902027449
Vehicle Stoppage,659,293,,motorcycle,Outer,0.8559425272762196
Vehicle Stoppage,660,293,,motorcycle,Outer,0.8466503469555748
Vehicle Stoppage,661,293,,motorcycle,Outer,0.8358528578643489
Vehicle Stoppage,662,293,,motorcycle,Outer,0.8247226503498002
Vehicle Stoppage,663,293,,motorcycle,Outer,0.8150108220140349
Vehicle Stoppage,664,293,,motorcycle,Outer,0.8082353432014734
Vehicle Stoppage,665,293,,motorcycle,Outer,0.8037110426017561
Vehicle Stoppage,666,293,,motorcycle,Outer,0.8036109755348021
Vehicle Stoppage,667,293,,motorcycle,Outer,0.8097178397441955
Vehicle Stoppage,668,293,,motorcycle,Outer,0.8188894491932368
Vehicle Stoppage,669,293,,motorcycle,Outer,0.8302942731345327
Vehicle Stoppage,670,293,,motorcycle,Outer,0.842325952348615
Vehicle Stoppage,671,293,,motorcycle,Outer,0.8529737686470825
Vehicle Stoppage,672,293,,motorcycle,Outer,0.8629461223042852
Vehicle Stoppage,673,293,,motorcycle,Outer,0.8718954639175484
Vehicle Stoppage,674,293,,motorcycle,Outer,0.8762062143125895
Vehicle Stoppage,675,293,,motorcycle,Outer,0.8782127134128712
Vehicle Stoppage,676,293,,motorcycle,Outer,0.8795302439370706
Vehicle Stoppage,677,293,,motorcycle,Outer,0.8830786884530702
Vehicle Stoppage,678,293,,motorcycle,Outer,0.8876474300081092
Vehicle Stoppage,679,293,,motorcycle,Outer,0.8948535131517364
Vehicle Stoppage,680,293,,motorcycle,Outer,0.9049694193728293
Vehicle Stoppage,681,293,,motorcycle,Outer,0.9209687291108167
Vehicle Stoppage,682,293,,motorcycle,Outer,0.9402701579865241
Vehicle Stoppage,683,293,,motorcycle,Outer,0.9371409285694442
Vehicle Stoppage,684,293,,motorcycle,Outer,0.9252543974496971
Vehicle Stoppage,685,293,,motorcycle,Outer,0.9096588921128568
Vehicle Stoppage,686,293,,motorcycle,Outer,0.8903833837173708
Vehicle Stoppage,687,293,,motorcycle,Outer,0.8778908929929733
Vehicle Stoppage,688,293,,motorcycle,Outer,0.8715434871536817
Vehicle Stoppage,689,293,,motorcycle,Outer,0.8715053298746891
Vehicle Stoppage,690,293,,motorcycle,Outer,0.8986875986681843
Vehicle Stoppage,691,293,,motorcycle,Outer,0.9303713237197258
Vehicle Stoppage,692,293,,motorcycle,Outer,0.9634289283595358
Vehicle Stoppage,693,293,,motorcycle,Outer,0.9917558620951004
Vehicle Stoppage,696,293,,motorcycle,Outer,0.9862815673021531
Vehicle Stoppage,697,293,,motorcycle,Outer,0.9639323316498952
Vehicle Stoppage,698,293,,motorcycle,Outer,0.9461800357225874
Vehicle Stoppage,699,293,,motorcycle,Outer,0.9330394043125944
Vehicle Stoppage,700,293,,motorcycle,Outer,0.9084609017453591
Vehicle Stoppage,701,293,,motorcycle,Outer,0.8843305999455178
Vehicle Stoppage,702,293,,motorcycle,Outer,0.863482252278528
Vehicle Stoppage,703,293,,motorcycle,Outer,0.8577302606297584
Vehicle Stoppage,704,293,,motorcycle,Outer,0.851673135657098
Vehicle Stoppage,705,293,,motorcycle,Outer,0.8465782893507254
Vehicle Stoppage,706,293,,motorcycle,Outer,0.8411129353422144
Vehicle Stoppage,681,302,,motorcycle,Outer,0.10328697885019664
Vehicle Stoppage,682,302,,motorcycle,Outer,0.08636029180126582
Vehicle Stoppage,683,302,,motorcycle,Outer,0.07727386362800655
Vehicle Stoppage,684,302,,motorcycle,Outer,0.07219819942352916
Vehicle Stoppage,685,302,,motorcycle,Outer,0.0695509166007149
Vehicle Stoppage,686,302,,motorcycle,Outer,0.06785764511092207
Vehicle Stoppage,687,302,,motorcycle,Outer,0.06648405823955522
Vehicle Stoppage,688,302,,motorcycle,Outer,0.06517085238049751
Vehicle Stoppage,689,302,,motorcycle,Outer,0.06369654621719575
Vehicle Stoppage,690,302,,motorcycle,Outer,0.06323203302124775
Vehicle Stoppage,691,302,,motorcycle,Outer,0.06104817769597915
Vehicle Stoppage,692,302,,motorcycle,Outer,0.05762612254871494
Vehicle Stoppage,693,302,,motorcycle,Outer,0.05486355803263048
Vehicle Stoppage,694,302,,motorcycle,Outer,0.05100000000000193
Vehicle Stoppage,695,302,,motorcycle,Outer,0.04724118965478849
Vehicle Stoppage,696,302,,motorcycle,Outer,0.044489099788596644
Vehicle Stoppage,697,302,,motorcycle,Outer,0.041409781453174345
Vehicle Stoppage,698,302,,motorcycle,Outer,0.03917716171445061
Vehicle Stoppage,699,302,,motorcycle,Outer,0.036624035823487056
Vehicle Stoppage,700,302,,motorcycle,Outer,0.03410630440256245
Vehicle Stoppage,701,302,,motorcycle,Outer,0.03217017252052122
Vehicle Stoppage,702,302,,motorcycle,Outer,0.030927819192432236
Vehicle Stoppage,703,302,,motorcycle,Outer,0.028999482754008783
Vehicle Stoppage,704,302,,motorcycle,Outer,0.027800179855530564
Vehicle Stoppage,705,302,,motorcycle,Outer,0.026816412884651416
Vehicle Stoppage,706,302,,motorcycle,Outer,0.026760605374316793
Vehicle Stoppage,707,302,,motorcycle,Outer,0.026600187969262612
Vehicle Stoppage,708,302,,motorcycle,Outer,0.024681166909203984
Vehicle Stoppage,709,302,,motorcycle,Outer,0.02210972636646463
Vehicle Stoppage,710,302,,motorcycle,Outer,0.01900026315607067
Vehicle Stoppage,711,302,,motorcycle,Outer,0.02114828598255796
Vehicle Stoppage,712,302,,motorcycle,Outer,0.02329635164569509
Vehicle Stoppage,713,302,,motorcycle,Outer,0.024641834347305863
Vehicle Stoppage,714,302,,motorcycle,Outer,0.029329336848963824
Vehicle Stoppage,715,302,,motorcycle,Outer,0.03750893226953042
Vehicle Stoppage,716,302,,motorcycle,Outer,0.04362029344238468
Vehicle Stoppage,717,302,,motorcycle,Outer,0.045360996461713946
Vehicle Stoppage,718,302,,motorcycle,Outer,0.04241238026802704
Vehicle Stoppage,719,302,,motorcycle,Outer,0.03740922346159846
Vehicle Stoppage,720,302,,motorcycle,Outer,0.037521327268634774
Vehicle Stoppage,721,302,,motorcycle,Outer,0.03301030142243728
Vehicle Stoppage,722,302,,motorcycle,Outer,0.026213164631535044
Vehicle Stoppage,723,302,,motorcycle,Outer,0.022897379762765888
Vehicle Stoppage,724,302,,motorcycle,Outer,0.020806249061283606
Vehicle Stoppage,725,302,,motorcycle,Outer,0.020151674868360097
Vehicle Stoppage,726,302,,motorcycle,Outer,0.020825465180876645
Vehicle Stoppage,727,302,,motorcycle,Outer,0.052790245311041546
Vehicle Stoppage,728,302,,motorcycle,Outer,0.09816170332670512
Vehicle Stoppage,729,302,,motorcycle,Outer,0.15043403870135172
Vehicle Stoppage,730,302,,motorcycle,Outer,0.2046315713666916
Vehicle Stoppage,731,302,,motorcycle,Outer,0.24800550397118276
Vehicle Stoppage,732,302,,motorcycle,Outer,0.27888601614279956
Vehicle Stoppage,733,302,,motorcycle,Outer,0.2988793234735351
Vehicle Stoppage,734,302,,motorcycle,Outer,0.2771125583585137
Vehicle Stoppage,735,302,,motorcycle,Outer,0.23755967671302783
Vehicle Stoppage,736,302,,motorcycle,Outer,0.18802428034697832
Vehicle Stoppage,737,302,,motorcycle,Outer,0.133297636888281
Vehicle Stoppage,738,302,,motorcycle,Outer,0.09095366952465404
Vehicle Stoppage,739,302,,motorcycle,Outer,0.06101753846231354
Vehicle Stoppage,740,302,,motorcycle,Outer,0.04200309512405271
Vehicle Stoppage,741,302,,motorcycle,Outer,0.029525582128042873
Vehicle Stoppage,742,302,,motorcycle,Outer,0.021200235847749282
Vehicle Stoppage,743,302,,motorcycle,Outer,0.015380832227156157
Vehicle Stoppage,744,302,,motorcycle,Outer,0.010466135867645481
Vehicle Stoppage,745,302,,motorcycle,Outer,0.0068541957952755386
Vehicle Stoppage,746,302,,motorcycle,Outer,0.006862215385722216
Vehicle Stoppage,721,311,,motorcycle,Inner,0.10604400030176031
Vehicle Stoppage,722,311,,motorcycle,Inner,0.10604003960768663
Vehicle Stoppage,723,311,,motorcycle,Inner,0.10620023540463813
Vehicle Stoppage,724,311,,motorcycle,Inner,0.1021589447870308
Vehicle Stoppage,725,311,,motorcycle,Inner,0.09723476744456974
Vehicle Stoppage,726,311,,motorcycle,Inner,0.09207763029096352
Vehicle Stoppage,727,311,,motorcycle,Inner,0.08719919724401436
Vehicle Stoppage,728,311,,motorcycle,Inner,0.08031998505975929
Vehicle Stoppage,729,311,,motorcycle,Inner,0.07276159701381217
Vehicle Stoppage,730,311,,motorcycle,Inner,0.06531600110233181
Vehicle Stoppage,731,311,,motorcycle,Inner,0.06069308033045945
Vehicle Stoppage,732,311,,motorcycle,Inner,0.057744436961492354
Vehicle Stoppage,733,311,,motorcycle,Inner,0.055940772250659174
Vehicle Stoppage,734,311,,motorcycle,Inner,0.054682446909407774
Vehicle Stoppage,735,311,,motorcycle,Inner,0.053944879275056194
Vehicle Stoppage,736,311,,motorcycle,Inner,0.05582517353309935
Vehicle Stoppage,737,311,,motorcycle,Inner,0.057081082680694964
Vehicle Stoppage,738,311,,motorcycle,Inner,0.05761701137684999
Vehicle Stoppage,739,311,,motorcycle,Inner,0.05723809919974773
Vehicle Stoppage,740,311,,motorcycle,Inner,0.05215361924162106
Vehicle Stoppage,741,311,,motorcycle,Inner,0.045064398365006884
Vehicle Stoppage,742,311,,motorcycle,Inner,0.0369411694454906
Vehicle Stoppage,743,311,,motorcycle,Inner,0.02800446392988379
Vehicle Stoppage,744,311,,motorcycle,Inner,0.021204952251772387
Vehicle Stoppage,745,311,,motorcycle,Inner,0.01691892431569529
Vehicle Stoppage,746,311,,motorcycle,Inner,0.015725775020649407
Vehicle Stoppage,747,311,,motorcycle,Inner,0.015504837954650597
Vehicle Stoppage,748,311,,motorcycle,Inner,0.015508062419273855
Vehicle Stoppage,749,311,,motorcycle,Inner,0.015787653403848516
Vehicle Stoppage,750,311,,motorcycle,Inner,0.01586190404711997
Vehicle Stoppage,751,311,,motorcycle,Inner,0.016440194646046874
Vehicle Stoppage,752,311,,motorcycle,Inner,0.017582377541162673
Vehicle Stoppage,753,311,,motorcycle,Inner,0.01872965562951297
Vehicle Stoppage,754,311,,motorcycle,Inner,0.019651208614230677
Vehicle Stoppage,755,311,,motorcycle,Inner,0.021044001520625223
Vehicle Stoppage,756,311,,motorcycle,Inner,0.022955827146935576
Vehicle Stoppage,757,311,,motorcycle,Inner,0.026304752422327566
Vehicle Stoppage,758,311,,motorcycle,Inner,0.030048128061496055
Vehicle Stoppage,759,311,,motorcycle,Inner,0.03350104475982841
Vehicle Stoppage,760,311,,motorcycle,Inner,0.03610110801623853
Vehicle Stoppage,761,311,,motorcycle,Inner,0.03778280031971591
Vehicle Stoppage,762,311,,motorcycle,Inner,0.039056497538823294
Vehicle Stoppage,763,311,,motorcycle,Inner,0.03833340579703236
Vehicle Stoppage,764,311,,motorcycle,Inner,0.036108863177893503
Vehicle Stoppage,765,311,,motorcycle,Inner,0.033300000000004104
Vehicle Stoppage,766,311,,motorcycle,Inner,0.029806039656420202
Vehicle Stoppage,767,311,,motorcycle,Inner,0.026518861212350787
Vehicle Stoppage,768,311,,motorcycle,Inner,0.024035182545594388
Vehicle Stoppage,769,311,,motorcycle,Inner,0.022051077071198417
Vehicle Stoppage,770,311,,motorcycle,Inner,0.020854016399726283
Vehicle Stoppage,771,311,,motorcycle,Inner,0.019942417105255662
Vehicle Stoppage,772,311,,motorcycle,Inner,0.018926436537283178
Vehicle Stoppage,773,311,,motorcycle,Inner,0.018206866836444163
Vehicle Stoppage,774,311,,motorcycle,Inner,0.017902513789965567
Vehicle Stoppage,775,311,,motorcycle,Inner,0.017701129907435935
Vehicle Stoppage,776,311,,motorcycle,Inner,0.0180044438958837
Vehicle Stoppage,777,311,,motorcycle,Inner,0.018317477992340167
Vehicle Stoppage,778,311,,motorcycle,Inner,0.018752333188168564
Vehicle Stoppage,779,311,,motorcycle,Inner,0.01959234544407651
Vehicle Stoppage,780,311,,motorcycle,Inner,0.021086725682291092
Vehicle Stoppage,781,311,,motorcycle,Inner,0.020912197397685618
Vehicle Stoppage,782,311,,motorcycle,Inner,0.019458674158326278
Vehicle Stoppage,783,311,,motorcycle,Inner,0.015654072952435056
Vehicle Stoppage,784,311,,motorcycle,Inner,0.01137409337046468
Vehicle Stoppage,785,311,,motorcycle,Inner,0.007516648189189638
Vehicle Stoppage,786,311,,motorcycle,Inner,0.007300684899378679
Vehicle Stoppage,787,311,,motorcycle,Inner,0.010041912168513294
Vehicle Stoppage,788,311,,motorcycle,Inner,0.012543125607274174
Vehicle Stoppage,789,311,,motorcycle,Inner,0.014283556979965514
Vehicle Stoppage,790,311,,motorcycle,Inner,0.014977316181475839
Vehicle Stoppage,791,311,,motorcycle,Inner,0.016228986413207733
Vehicle Stoppage,792,311,,motorcycle,Inner,0.01761391495380712
Vehicle Stoppage,793,311,,motorcycle,Inner,0.02016953147696027
Vehicle Stoppage,794,311,,motorcycle,Inner,0.023846173697267298
Vehicle Stoppage,795,311,,motorcycle,Inner,0.0281788928100478
Vehicle Stoppage,796,311,,motorcycle,Inner,0.03237607141084505
Vehicle Stoppage,797,311,,motorcycle,Inner,0.036674923312809124
Vehicle Stoppage,798,311,,motorcycle,Inner,0.03998812323678206
Vehicle Stoppage,799,311,,motorcycle,Inner,0.04312238397862234
Vehicle Stoppage,800,311,,motorcycle,Inner,0.04654213145097933
Vehicle Stoppage,801,311,,motorcycle,Inner,0.050522569214167555
Vehicle Stoppage,802,311,,motorcycle,Inner,0.0551272165087295
Vehicle Stoppage,803,311,,motorcycle,Inner,0.0608451312760489
Vehicle Stoppage,804,311,,motorcycle,Inner,0.06659204156653949
Vehicle Stoppage,805,311,,motorcycle,Inner,0.07216661277904658
Vehicle Stoppage,806,311,,motorcycle,Inner,0.07715082630794785
Vehicle Stoppage,807,311,,motorcycle,Inner,0.08225113980973192
Vehicle Stoppage,808,311,,motorcycle,Inner,0.08685533950195941
Vehicle Stoppage,809,311,,motorcycle,Inner,0.09147895932945463
Vehicle Stoppage,810,311,,motorcycle,Inner,0.09512628448541326
Vehicle Stoppage,811,311,,motorcycle,Inner,0.09810897002823249
Vehicle Stoppage,812,311,,motorcycle,Inner,0.10031156463738503
Vehicle Stoppage,813,311,,motorcycle,Inner,0.1015360527103574
Vehicle Stoppage,814,311,,motorcycle,Inner,0.10039347588363971
Vehicle Stoppage,815,311,,motorcycle,Inner,0.0977767354742363
Vehicle Stoppage,816,311,,motorcycle,Inner,0.09389020183171377
Vehicle Stoppage,817,311,,motorcycle,Inner,0.08884143177594767
Vehicle Stoppage,818,311,,motorcycle,Inner,0.08331194392162601
Vehicle Stoppage,819,311,,motorcycle,Inner,0.0760032236158446
Vehicle Stoppage,820,311,,motorcycle,Inner,0.06740222548254678
Vehicle Stoppage,821,311,,motorcycle,Inner,0.05851768963313208
Vehicle Stoppage,822,311,,motorcycle,Inner,0.04942762385548803
Vehicle Stoppage,823,311,,motorcycle,Inner,0.04087358560244051
Vehicle Stoppage,824,311,,motorcycle,Inner,0.03401470270338708
Vehicle Stoppage,825,311,,motorcycle,Inner,0.027741665415038388
Vehicle Stoppage,826,311,,motorcycle,Inner,0.02597306296916389
Vehicle Stoppage,827,311,,motorcycle,Inner,0.025953805116016363
Vehicle Stoppage,828,311,,motorcycle,Inner,0.02764073081523223
Vehicle Stoppage,829,311,,motorcycle,Inner,0.029308019380369213
Vehicle Stoppage,830,311,,motorcycle,Inner,0.02848596145472584
Vehicle Stoppage,831,311,,motorcycle,Inner,0.02672264956923549
Vehicle Stoppage,832,311,,motorcycle,Inner,0.024941932563454255
Vehicle Stoppage,833,311,,motorcycle,Inner,0.021224985276791137
Vehicle Stoppage,834,311,,motorcycle,Inner,0.01736317943234827
Vehicle Stoppage,835,311,,motorcycle,Inner,0.013520355024924689
Vehicle Stoppage,836,311,,motorcycle,Inner,0.010340696301506271
Vehicle Stoppage,837,311,,motorcycle,Inner,0.01020049018430458
Vehicle Stoppage,838,311,,motorcycle,Inner,0.010080178569846106
Vehicle Stoppage,839,311,,motorcycle,Inner,0.011320777358467149
Vehicle Stoppage,840,311,,motorcycle,Inner,0.01192015100575578
Vehicle Stoppage,841,311,,motorcycle,Inner,0.014045995870705737
Vehicle Stoppage,842,311,,motorcycle,Inner,0.015839823231333622
Vehicle Stoppage,843,311,,motorcycle,Inner,0.019479733057723273
Vehicle Stoppage,844,311,,motorcycle,Inner,0.023724459951703712
Vehicle Stoppage,845,311,,motorcycle,Inner,0.02909037641558159
Vehicle Stoppage,846,311,,motorcycle,Inner,0.03373218048095714
Vehicle Stoppage,847,311,,motorcycle,Inner,0.03906916943063466
Vehicle Stoppage,848,311,,motorcycle,Inner,0.04383617227815576
Vehicle Stoppage,849,311,,motorcycle,Inner,0.049033050078494365
Vehicle Stoppage,850,311,,motorcycle,Inner,0.05243138373150297
Vehicle Stoppage,851,311,,motorcycle,Inner,0.05440082719958847
Vehicle Stoppage,852,311,,motorcycle,Inner,0.055155870041184725
Vehicle Stoppage,853,311,,motorcycle,Inner,0.05500845389573906
Vehicle Stoppage,854,311,,motorcycle,Inner,0.053204886993582216
Vehicle Stoppage,855,311,,motorcycle,Inner,0.051590890668804644
Vehicle Stoppage,856,311,,motorcycle,Inner,0.049192275816432735
Vehicle Stoppage,857,311,,motorcycle,Inner,0.0471220755060698
Vehicle Stoppage,858,311,,motorcycle,Inner,0.04520011061933936
Vehicle Stoppage,859,311,,motorcycle,Inner,0.04340069123873815
Vehicle Stoppage,860,311,,motorcycle,Inner,0.042407782304664354
Vehicle Stoppage,815,331,,person,Outer,0.7006229299701764
Vehicle Stoppage,816,331,,person,Outer,0.7212107597644419
Vehicle Stoppage,817,331,,person,Outer,0.7395562182822862
Vehicle Stoppage,818,331,,person,Outer,0.7544870707971081
Vehicle Stoppage,819,331,,person,Outer,0.767999537760276
Vehicle Stoppage,820,331,,person,Outer,0.7809942381349555
Vehicle Stoppage,821,331,,person,Outer,0.7923974066085777
Vehicle Stoppage,822,331,,person,Outer,0.8034822711174162
Vehicle Stoppage,823,331,,person,Outer,0.8098557958056546
Vehicle Stoppage,824,331,,person,Outer,0.814242304231361
Vehicle Stoppage,825,331,,person,Outer,0.8208700567081246
Vehicle Stoppage,826,331,,person,Outer,0.8273897267914336
Vehicle Stoppage,827,331,,person,Outer,0.8318330421424659
Vehicle Stoppage,828,331,,person,Outer,0.833351834461289
Vehicle Stoppage,829,331,,person,Outer,0.8271595311667556
Vehicle Stoppage,830,331,,person,Outer,0.818622580924811
Vehicle Stoppage,831,331,,person,Outer,0.8140176165169921
Vehicle Stoppage,832,331,,person,Outer,0.8093358388209486
Vehicle Stoppage,833,331,,person,Outer,0.8007328768072379
Vehicle Stoppage,834,331,,person,Outer,0.7929166034331753
Vehicle Stoppage,835,331,,person,Outer,0.7857768449120875
Vehicle Stoppage,836,331,,person,Outer,0.7766331695208479
Vehicle Stoppage,837,331,,person,Outer,0.7679301660958522
Vehicle Stoppage,838,331,,person,Outer,0.754811135317971
Vehicle Stoppage,839,331,,person,Outer,0.7389357346887443
Vehicle Stoppage,840,331,,person,Outer,0.7275463765286726
Vehicle Stoppage,841,331,,person,Outer,0.7134842114581081
Vehicle Stoppage,842,331,,person,Outer,0.6981452356064572
Vehicle Stoppage,843,331,,person,Outer,0.688630931631741
Vehicle Stoppage,844,331,,person,Outer,0.681780793217294
Vehicle Stoppage,845,331,,person,Outer,0.676143845642336
Vehicle Stoppage,854,332,,person,Outer,0.9625872272163122
Vehicle Stoppage,855,332,,person,Outer,0.9158116509413958
Vehicle Stoppage,856,332,,person,Outer,0.8699256979765586
Vehicle Stoppage,857,332,,person,Outer,0.83507264953416
Vehicle Stoppage,858,332,,person,Outer,0.812536596098908
Vehicle Stoppage,859,332,,person,Outer,0.7963022667304173
Vehicle Stoppage,860,332,,person,Outer,0.7857754513854478
