violation_type,frame,track_id,leader_track_id,class_name,lane,d
Tailgating,10,25,31,person,Outer,0.3102864885672297
Tailgating,12,25,31,person,Outer,0.41253446068364763
Tailgating,17,37,25,car,Outer,3.9164036546959715
Tailgating,17,25,31,person,Outer,0.5085369601628232
Tailgating,18,25,31,person,Outer,0.5491578953555852
Tailgating,26,37,47,car,Outer,3.2257553319411723
Tailgating,28,37,47,car,Outer,3.3227281227719754
Tailgating,29,37,47,car,Outer,3.3594665918439315
Tailgating,30,37,47,car,Outer,3.3951840652085443
Tailgating,30,25,31,person,Outer,0.7324397166639658
Tailgating,31,37,47,car,Outer,3.251812313875442
Tailgating,31,47,25,person,Outer,0.5847880710298564
Tailgating,32,47,25,person,Outer,0.7510251540553123
Tailgating,32,25,31,person,Outer,0.7979455860708239
Tailgating,33,47,25,person,Outer,0.779261744174359
Tailgating,33,25,31,person,Outer,0.8620468024836659
Tailgating,34,47,25,person,Outer,0.8011719479144043
Tailgating,34,25,31,person,Outer,0.902536337428115
Tailgating,35,47,25,person,Outer,0.8030317063835026
Tailgating,35,25,31,person,Outer,0.936237579590307
Tailgating,36,47,25,person,Outer,0.6989843839198733
Tailgating,37,37,47,car,Outer,2.872035888261338
Tailgating,37,47,25,person,Outer,0.8423171120559224
Tailgating,38,37,47,car,Outer,2.846025428545002
Tailgating,38,47,25,person,Outer,0.9147991739909082
Tailgating,39,37,47,car,Outer,2.8360023432111134
Tailgating,39,47,31,person,Outer,1.8623913025641745
Tailgating,42,37,58,car,Outer,3.8426285700031495
Tailgating,43,37,58,car,Outer,3.884505844756821
Tailgating,44,37,58,car,Outer,3.9372110549132917
Tailgating,45,37,58,car,Outer,3.9857752579705603
Tailgating,49,50,1,person,Outer,0.6001290969955184
Tailgating,50,50,1,person,Outer,0.5477561267644008
Tailgating,54,29,68,person,Outer,1.2241307620840318
Tailgating,64,58,29,person,Outer,2.610485692497154
Tailgating,65,58,29,person,Outer,2.567130168245619
Tailgating,66,29,68,person,Outer,1.1801243754283337
Tailgating,86,29,68,person,Outer,1.2318445388638684
Tailgating,90,37,80,car,Outer,3.2003093393935815
Tailgating,93,37,80,car,Outer,3.3378481031742337
Tailgating,95,37,80,car,Outer,3.411210103981864
Tailgating,96,37,80,car,Outer,3.4162181174913715
Tailgating,97,37,80,car,Outer,3.4113662638137927
Tailgating,100,37,80,car,Outer,3.208771411983932
Tailgating,101,37,80,car,Outer,3.2883537000247474
Tailgating,102,37,80,car,Outer,3.265098867371837
Tailgating,102,80,83,person,Outer,1.6371096930238929
Tailgating,103,37,80,car,Outer,3.364126182599203
Tailgating,103,80,83,person,Outer,1.612314896213523
Tailgating,104,37,80,car,Outer,3.444912816283799
Tailgating,123,1,37,person,Outer,3.9284860296680213
Tailgating,124,1,90,person,Outer,3.5889045373577306
Tailgating,125,1,90,person,Outer,3.622787464891608
Tailgating,125,89,83,person,Outer,1.852787321066911
Tailgating,126,1,90,person,Outer,3.6555013715933193
Tailgating,126,89,83,person,Outer,1.9138535897660365
Tailgating,127,37,89,car,Outer,3.9991939306709954
Tailgating,127,89,83,person,Outer,1.9789139777062192
Tailgating,128,37,90,car,Outer,0.002574035299637462
Tailgating,128,89,83,person,Outer,1.9484863623106485
Tailgating,129,37,90,car,Outer,0.052807188016029176
Tailgating,130,37,90,car,Outer,0.08659405850083794
Tailgating,131,37,90,car,Outer,0.11402909328535836
Tailgating,132,89,83,person,Outer,1.9987383204155345
Tailgating,134,89,83,person,Outer,2.0055651535817725
Tailgating,147,1,37,person,Outer,3.507038667059873
Tailgating,157,103,86,motorcycle,Outer,1.8669704906949767
Tailgating,158,1,37,person,Outer,3.3533317672385845
Tailgating,158,103,86,motorcycle,Outer,1.8554093788247086
Tailgating,159,1,37,person,Outer,3.342669201301733
Tailgating,159,103,86,motorcycle,Outer,1.808756892095831
Tailgating,160,1,37,person,Outer,3.3380801451493776
Tailgating,161,1,37,person,Outer,3.3309263323795806
Tailgating,161,104,103,car,Outer,1.8962470403989582
Tailgating,161,103,86,motorcycle,Outer,1.8254993782089346
Tailgating,162,104,103,car,Outer,1.876888338161911
Tailgating,162,103,86,motorcycle,Outer,1.8420630733213175
Tailgating,163,104,103,car,Outer,1.8198722709792197
Tailgating,163,103,86,motorcycle,Outer,1.904303089808095
Tailgating,164,1,37,person,Outer,3.3611558242122648
Tailgating,164,104,103,car,Outer,0.6469209700355102
Tailgating,164,103,86,motorcycle,Outer,3.4922750198161023
Tailgating,165,1,37,person,Outer,3.3620553591114364
Tailgating,165,104,108,car,Outer,2.052983265132264
Tailgating,166,1,37,person,Outer,3.34883865095066
Tailgating,166,104,108,car,Outer,2.047382068795243
Tailgating,167,109,22,car,Outer,1.198568627120703
Tailgating,167,22,111,car,Outer,1.221096155063729
Tailgating,167,1,37,person,Outer,3.3262470620967055
Tailgating,167,104,108,car,Outer,2.030213503352285
Tailgating,168,109,22,car,Outer,1.2129815702261448
Tailgating,168,22,111,car,Outer,1.2222648360520054
Tailgating,168,1,37,person,Outer,3.3074758165495135
Tailgating,168,104,108,car,Outer,2.007194534803421
Tailgating,169,109,22,car,Outer,1.224063194935336
Tailgating,169,22,111,car,Outer,1.211892438567419
Tailgating,169,1,37,person,Outer,3.3061220730127823
Tailgating,169,104,108,car,Outer,1.9938908151355992
Tailgating,170,109,22,car,Outer,1.2393833185619116
Tailgating,170,104,108,car,Outer,1.9855267167453963
Tailgating,171,109,22,car,Outer,1.2991728914877443
Tailgating,171,22,111,car,Outer,1.1930822832795531
Tailgating,171,1,37,person,Outer,3.2421104908882947
Tailgating,171,104,108,car,Outer,1.9679618744912044
Tailgating,172,22,111,car,Outer,1.1833384380703316
Tailgating,172,1,37,person,Outer,3.2358850630491682
Tailgating,172,104,108,car,Outer,1.9451227013649333
Tailgating,173,109,22,car,Outer,1.2836071334494266
Tailgating,173,22,111,car,Outer,1.2006602894290483
Tailgating,173,1,37,person,Outer,3.210438000511766
Tailgating,173,104,116,car,Outer,0.013986843544629849
Tailgating,173,116,108,car,Outer,2.1258036640647675
Tailgating,174,109,22,car,Outer,1.274546084322695
Tailgating,174,1,37,person,Outer,3.1959658475446098
Tailgating,174,104,116,car,Outer,0.10840098948440516
Tailgating,174,116,108,car,Outer,2.0189778110974723
Tailgating,175,109,22,car,Outer,1.265068096116066
Tailgating,175,22,111,car,Outer,1.2297884272950177
Tailgating,175,1,37,person,Outer,3.1578599920793518
Tailgating,175,104,116,car,Outer,0.1894357481334741
Tailgating,175,116,108,car,Outer,1.9230785890846844
Tailgating,176,109,22,car,Outer,1.2707392280448964
Tailgating,176,104,116,car,Outer,0.26893222396537053
Tailgating,176,116,120,car,Outer,0.4393002143988919
Tailgating,177,109,22,car,Outer,1.264560417427218
Tailgating,177,104,116,car,Outer,0.33741662632921593
Tailgating,177,116,120,car,Outer,0.31176952535173
Tailgating,177,120,108,car,Outer,1.3154405572916883
Tailgating,178,109,22,car,Outer,1.2567296288762326
Tailgating,178,22,111,car,Outer,1.2010492572797442
Tailgating,178,1,37,person,Outer,3.0770169407050783
Tailgating,178,116,120,car,Outer,0.2021736188827079
Tailgating,178,120,108,car,Outer,1.3337301605278575
Tailgating,179,109,22,car,Outer,1.2629369503832713
Tailgating,179,22,111,car,Outer,1.1849683963124265
Tailgating,179,104,116,car,Outer,0.4921580772246298
Tailgating,179,116,120,car,Outer,0.09826827333703066
Tailgating,179,120,108,car,Outer,1.346579803511611
Tailgating,180,109,22,car,Outer,1.2533371084409484
Tailgating,180,22,111,car,Outer,1.1927252395069186
Tailgating,180,1,37,person,Outer,3.030597100329206
Tailgating,180,104,120,car,Outer,0.493083848295818
Tailgating,180,120,108,car,Outer,1.367774396755476
Tailgating,181,109,22,car,Outer,1.262718635872295
Tailgating,181,1,37,person,Outer,3.0078221247594694
Tailgating,181,104,120,car,Outer,0.4542136247564972
Tailgating,181,120,108,car,Outer,1.3841584336928312
Tailgating,182,109,22,car,Outer,1.2552539644372989
Tailgating,182,22,111,car,Outer,1.1773869032615336
Tailgating,182,1,37,person,Outer,3.0153550007101377
Tailgating,182,104,120,car,Outer,0.4120321981183041
Tailgating,182,120,108,car,Outer,1.4120994551737476
Tailgating,183,109,22,car,Outer,1.2585907066339848
Tailgating,183,22,111,car,Outer,1.1687520865688636
Tailgating,183,111,88,car,Outer,3.9576521787756533
Tailgating,183,88,1,car,Outer,3.3851959484286365
Tailgating,183,1,37,person,Outer,3.03795171663802
Tailgating,183,104,120,car,Outer,0.3862588381750487
Tailgating,184,109,22,car,Outer,1.2738798181013604
Tailgating,184,22,111,car,Outer,1.156849146735541
Tailgating,184,111,88,car,Outer,3.9742913249973273
Tailgating,184,1,126,person,Outer,0.5522059253917103
Tailgating,184,120,108,car,Outer,1.4367172958459227
Tailgating,185,109,22,car,Outer,1.293716880298029
Tailgating,185,22,111,car,Outer,1.148600857237142
Tailgating,185,111,88,car,Outer,3.9709720667858064
Tailgating,185,88,1,car,Outer,3.3870467027426523
Tailgating,185,1,126,person,Outer,0.5355531060244001
Tailgating,185,126,37,car,Outer,2.7978946068898765
Tailgating,185,120,108,car,Outer,1.4611139007131773
Tailgating,186,109,22,car,Outer,1.318908351236764
Tailgating,186,22,129,car,Outer,0.08447077986029451
Tailgating,186,111,88,car,Outer,3.9882751672761034
Tailgating,186,1,126,person,Outer,0.5237754814977875
Tailgating,186,126,37,car,Outer,2.781701016871086
Tailgating,186,120,108,car,Outer,1.4774126036146065
Tailgating,187,109,22,car,Outer,1.33217771060152
Tailgating,187,22,129,car,Outer,0.08099252263004636
Tailgating,187,111,88,car,Outer,3.975617258031106
Tailgating,187,88,131,car,Outer,3.4493489755749
Tailgating,187,1,126,person,Outer,0.5227416987958138
Tailgating,187,126,37,car,Outer,2.7615254452258844
Tailgating,187,120,86,car,Outer,0.4172465030395362
Tailgating,187,86,108,motorcycle,Outer,1.0745869433565782
Tailgating,188,109,22,car,Outer,1.3274443645110237
Tailgating,188,22,129,car,Outer,0.08064744552984886
Tailgating,188,129,111,car,Outer,0.9912244307161795
Tailgating,188,111,88,car,Outer,3.9869636514571383
Tailgating,188,131,1,motorcycle,Outer,0.04056770067238014
Tailgating,188,1,126,person,Outer,0.480741534787321
Tailgating,188,126,37,car,Outer,2.737625767511271
Tailgating,188,120,108,car,Outer,1.5263882478393107
Tailgating,189,109,22,car,Outer,1.340490972926354
Tailgating,189,22,129,car,Outer,0.05571652483389878
Tailgating,189,129,111,car,Outer,1.0004832383171667
Tailgating,189,111,88,car,Outer,3.9838069634055677
Tailgating,189,88,131,car,Outer,3.406574737383781
Tailgating,189,131,1,motorcycle,Outer,0.04014857996917556
Tailgating,189,1,126,person,Outer,0.47018141885518694
Tailgating,189,126,37,car,Outer,2.765887470748701
Tailgating,189,120,108,car,Outer,1.5440640532991212
Tailgating,190,109,22,car,Outer,1.3377576549210892
Tailgating,190,22,129,car,Outer,0.025346984962566755
Tailgating,190,129,111,car,Outer,1.0190279413519299
Tailgating,190,131,1,motorcycle,Outer,0.08106365204134545
Tailgating,190,1,126,person,Outer,0.4400480577914494
Tailgating,190,126,37,car,Outer,2.7916230071692247
Tailgating,190,86,120,motorcycle,Outer,0.08622903466276778
Tailgating,190,120,108,car,Outer,1.558079150007529
Tailgating,191,109,22,car,Outer,1.3348120965237682
Tailgating,191,22,129,car,Outer,0.011561279805223946
Tailgating,191,129,111,car,Outer,1.0265650961984436
Tailgating,191,88,131,car,Outer,3.365140418481845
Tailgating,191,131,1,motorcycle,Outer,0.08561275659724635
Tailgating,191,1,126,person,Outer,0.4211049631483494
Tailgating,191,126,37,car,Outer,2.7856175760899617
Tailgating,191,86,120,motorcycle,Outer,0.1449123543106281
Tailgating,191,120,108,car,Outer,1.5707939220844744
Tailgating,192,109,22,car,Outer,1.3259184724921727
Tailgating,192,22,129,car,Outer,0.018963551908291187
Tailgating,192,129,111,car,Outer,1.021463542919126
Tailgating,192,88,131,car,Outer,3.366948984070948
Tailgating,192,131,1,motorcycle,Outer,0.10161353588060361
Tailgating,192,1,126,person,Outer,0.39359467658513386
Tailgating,192,126,37,car,Outer,2.8008123193764787
Tailgating,192,120,108,car,Outer,1.5918570028369492
Tailgating,193,109,22,car,Outer,1.3364808480594412
Tailgating,193,22,111,car,Outer,1.0719809370888567
Tailgating,193,111,88,car,Outer,3.9937762336172415
Tailgating,193,88,131,car,Outer,3.3151204106718293
Tailgating,193,131,1,motorcycle,Outer,0.16319592079144327
Tailgating,193,1,126,person,Outer,0.3836271155232533
Tailgating,193,126,37,car,Outer,2.7880474171240266
Tailgating,193,120,108,car,Outer,1.6160452844385043
Tailgating,194,109,22,car,Outer,1.3529971209344842
Tailgating,194,22,111,car,Outer,1.0643067307120202
Tailgating,194,111,88,car,Outer,3.9916620457960703
Tailgating,194,88,1,car,Outer,3.43080612930249
Tailgating,194,1,126,person,Outer,0.34442860666508424
Tailgating,194,126,37,car,Outer,2.79487569531562
Tailgating,194,120,108,car,Outer,1.6344186078126213
Tailgating,194,108,86,car,Outer,1.3144615917739362
Tailgating,195,109,22,car,Outer,1.3993197542967122
Tailgating,195,88,1,car,Outer,3.4262189699632355
Tailgating,195,1,126,person,Outer,0.29934533007535985
Tailgating,195,126,37,car,Outer,2.805009393678902
Tailgating,195,120,108,car,Outer,1.6550046261670184
Tailgating,195,108,86,car,Outer,2.283687972577372
Tailgating,196,109,22,car,Outer,1.391892767675414
Tailgating,196,88,1,car,Outer,3.439389103730992
Tailgating,196,1,126,person,Outer,0.2755380413382844
Tailgating,196,126,37,car,Outer,2.814020908202208
Tailgating,196,120,108,car,Outer,1.6762339535921762
Tailgating,196,108,86,car,Outer,2.5224624527104957
Tailgating,197,109,22,car,Outer,1.3835563920067226
Tailgating,197,88,1,car,Outer,3.4234436314750747
Tailgating,197,1,126,person,Outer,0.25515216833653204
Tailgating,197,126,37,car,Outer,2.8144163451636817
Tailgating,197,120,108,car,Outer,1.695837966441366
Tailgating,198,109,22,car,Outer,1.3667412617471095
Tailgating,198,88,1,car,Outer,3.428185612154309
Tailgating,198,1,126,person,Outer,0.23189441039957673
Tailgating,198,126,37,car,Outer,2.7904588227264724
Tailgating,198,120,108,car,Outer,1.7208937031638867
Tailgating,199,109,22,car,Outer,1.3526821249894896
Tailgating,199,88,1,car,Outer,3.4262804562276914
Tailgating,199,1,126,person,Outer,0.2152226175930288
Tailgating,199,126,37,car,Outer,2.7859498884963023
Tailgating,199,120,108,car,Outer,1.7406105501149178
Tailgating,200,109,22,car,Outer,1.3596303364476603
Tailgating,200,88,1,car,Outer,3.4379253739946996
Tailgating,200,1,126,person,Outer,0.1973219066475884
Tailgating,200,114,120,person,Outer,3.6072012529165103
Tailgating,201,109,22,car,Outer,1.382187341119315
Tailgating,201,88,1,car,Outer,3.4357320304041283
Tailgating,201,1,126,person,Outer,0.17781122343508698
Tailgating,201,126,37,car,Outer,2.7850710448719966
Tailgating,201,37,114,car,Outer,3.9991964531364808
Tailgating,201,114,120,person,Outer,3.5664296794368675
Tailgating,201,120,108,car,Outer,1.7569690073427973
Tailgating,202,109,22,car,Outer,1.3956135328187902
Tailgating,202,88,1,car,Outer,3.4225808637795088
Tailgating,202,1,126,person,Outer,0.1697733997824544
Tailgating,202,126,37,car,Outer,2.805552038098204
Tailgating,202,114,120,person,Outer,3.5217962601019868
Tailgating,202,120,108,car,Outer,1.777038310761745
Tailgating,203,109,22,car,Outer,1.4026667568669504
Tailgating,203,1,126,person,Outer,0.141179135133468
Tailgating,203,126,37,car,Outer,2.837252273924179
Tailgating,203,114,120,person,Outer,3.4654273187330142
Tailgating,203,120,108,car,Outer,1.818661805114053
Tailgating,204,109,22,car,Outer,1.4102546135799987
Tailgating,204,88,1,car,Outer,3.4236010381743105
Tailgating,204,1,126,person,Outer,0.09611864449800363
Tailgating,204,114,120,person,Outer,3.4338367120123596
Tailgating,204,120,108,car,Outer,1.8359101309214225
Tailgating,205,109,22,car,Outer,1.4073577697830102
Tailgating,205,88,1,car,Outer,3.440996179422062
Tailgating,206,109,22,car,Outer,1.3909547036054344
Tailgating,206,88,126,car,Outer,3.7581693888353076
Tailgating,207,109,22,car,Outer,1.3806315236471003
Tailgating,207,88,126,car,Outer,3.7470910610322314
Tailgating,208,109,22,car,Outer,1.385789909173185
Tailgating,208,88,126,car,Outer,3.481495889376182
Tailgating,209,109,22,car,Outer,1.3882800605734589
Tailgating,209,88,126,car,Outer,3.5297417635568267
Tailgating,210,109,22,car,Outer,1.387831454661202
Tailgating,210,88,126,car,Outer,3.259731600232459
Tailgating,210,126,37,car,Outer,2.925146322870825
Tailgating,211,109,22,car,Outer,1.3934636723947358
Tailgating,211,88,126,car,Outer,3.0781769077813177
Tailgating,211,126,37,car,Outer,2.9330763100535857
Tailgating,212,109,22,car,Outer,1.3985675542197573
Tailgating,212,126,37,car,Outer,2.9268618382832847
Tailgating,213,109,22,car,Outer,1.4169329464594225
Tailgating,213,126,37,car,Outer,2.9278866420880054
Tailgating,214,109,22,car,Outer,1.421985670324611
Tailgating,214,88,126,car,Outer,3.283485863189639
Tailgating,214,126,37,car,Outer,2.937585291524696
Tailgating,215,109,22,car,Outer,1.4044189830209894
Tailgating,215,88,126,car,Outer,3.372431028787634
Tailgating,215,126,37,car,Outer,2.95416704408401
Tailgating,216,109,22,car,Outer,1.4025577146134158
Tailgating,216,88,126,car,Outer,3.390377487184986
Tailgating,216,126,37,car,Outer,2.9676826504101705
Tailgating,217,109,22,car,Outer,1.4036870383763806
Tailgating,217,88,126,car,Outer,3.427539468956682
Tailgating,217,126,37,car,Outer,2.995101230661868
Tailgating,218,109,22,car,Outer,1.421843125727928
Tailgating,218,88,126,car,Outer,3.451118553410749
Tailgating,218,126,37,car,Outer,3.016424393456043
Tailgating,219,109,22,car,Outer,1.4308115639286314
Tailgating,219,88,126,car,Outer,3.46038185039638
Tailgating,219,126,37,car,Outer,3.023925463118735
Tailgating,220,88,126,car,Outer,3.477982673600105
Tailgating,220,126,37,car,Outer,3.0254907198623298
Tailgating,221,88,126,car,Outer,3.4688946507059697
Tailgating,221,126,37,car,Outer,3.0308353207336047
Tailgating,222,22,148,car,Outer,0.5332940220752649
Tailgating,222,88,126,car,Outer,3.4660925631283095
Tailgating,223,126,37,car,Outer,3.0273686988088047
Tailgating,224,22,148,car,Outer,0.521468034164404
Tailgating,225,22,148,car,Outer,0.5596728154706403
Tailgating,225,126,37,car,Outer,3.072021975519291
Tailgating,230,88,126,car,Outer,3.390992007070999
Tailgating,230,126,37,car,Outer,3.1381561317348785
Tailgating,231,22,148,car,Outer,0.5575978517188026
Tailgating,231,126,37,car,Outer,3.143968410675804
Tailgating,238,126,37,car,Outer,3.1532248531048426
Tailgating,239,126,37,car,Outer,3.1599017728624026
Tailgating,240,126,37,car,Outer,3.249503236885448
Tailgating,241,126,37,car,Outer,3.3150759142071053
Tailgating,243,126,37,car,Outer,3.2754037698581886
Tailgating,244,126,37,car,Outer,3.2984688912667175
Tailgating,245,126,37,car,Outer,3.324091863873508
Tailgating,246,126,37,car,Outer,3.280082831707969
Tailgating,247,126,37,car,Outer,3.2528889690062823
Tailgating,248,126,37,car,Outer,3.2356371003968145
Tailgating,254,88,126,car,Outer,2.87682253923595
Tailgating,255,88,126,car,Outer,2.826454222843682
Tailgating,257,88,126,car,Outer,2.756509939650589
Tailgating,260,160,88,person,Outer,1.878583401848665
Tailgating,261,160,88,person,Outer,1.9029243591022713
Tailgating,261,126,37,car,Outer,3.220774891912104
Tailgating,263,160,88,person,Outer,1.9473438180178186
Tailgating,265,126,37,car,Outer,3.211609727012426
Tailgating,271,88,126,car,Outer,2.47163736532828
Tailgating,272,88,126,car,Outer,2.4310771542748744
Tailgating,273,88,126,car,Outer,2.3877547688489273
Tailgating,274,88,126,car,Outer,2.3375941258780872
Tailgating,276,126,37,car,Outer,3.263827393355986
Tailgating,278,160,88,person,Outer,2.3469302352390606
Tailgating,279,126,37,car,Outer,3.2260650219768943
Tailgating,282,88,126,car,Outer,2.252349488568162
Tailgating,285,88,126,car,Outer,2.2805447054055645
Tailgating,288,88,126,car,Outer,2.2593203004764466
Tailgating,290,88,126,car,Outer,2.323401502506475
Tailgating,292,88,126,car,Outer,2.3294762584177455
Tailgating,295,160,88,person,Outer,2.2688428564520557
Tailgating,296,126,37,car,Outer,2.994522377182395
Tailgating,298,126,37,car,Outer,2.9843510484376763
Tailgating,306,88,126,car,Outer,2.1702572323126015
Tailgating,308,126,37,car,Outer,2.7760231593593496
Tailgating,309,160,88,person,Outer,2.385310821405484
Tailgating,310,160,88,person,Outer,2.429372359161356
Tailgating,311,160,88,person,Outer,2.480076222578981
Tailgating,315,157,180,car,Outer,2.5226812208731118
Tailgating,316,157,180,car,Outer,2.531414133804804
Tailgating,317,157,180,car,Outer,2.511465385138898
Tailgating,318,157,180,car,Outer,2.466389113505978
Tailgating,319,157,180,car,Outer,2.487295834591046
Tailgating,320,157,180,car,Outer,2.4968455234743536
Tailgating,321,157,180,car,Outer,2.4723622613157894
Tailgating,322,157,180,car,Outer,2.4562131024509446
Tailgating,323,189,22,car,Outer,0.4601579886878941
Tailgating,323,157,180,car,Outer,2.413306605626462
Tailgating,324,189,22,car,Outer,0.5165470216197764
Tailgating,324,157,180,car,Outer,2.394233600911789
Tailgating,325,189,22,car,Outer,0.5506575765910638
Tailgating,325,157,180,car,Outer,2.4138628176141443
Tailgating,326,189,22,car,Outer,0.48045040902636826
Tailgating,326,157,180,car,Outer,2.445044609512042
Tailgating,327,189,22,car,Outer,0.5700502399315047
Tailgating,327,157,180,car,Outer,2.453307246870936
Tailgating,328,189,22,car,Outer,0.6157822648911104
Tailgating,328,157,180,car,Outer,2.469743403796559
Tailgating,329,157,180,car,Outer,2.4884112857555856
Tailgating,330,189,22,car,Outer,0.5782538751190894
Tailgating,330,157,180,car,Outer,2.4836524425386295
Tailgating,331,189,22,car,Outer,0.672383401621556
Tailgating,331,157,180,car,Outer,2.4878677821183985
Tailgating,332,189,22,car,Outer,0.7487541614785211
Tailgating,332,157,180,car,Outer,2.491148057566444
Tailgating,333,189,22,car,Outer,0.8226972633433562
Tailgating,333,157,180,car,Outer,2.487581946548923
Tailgating,334,189,22,car,Outer,0.8837876476409753
Tailgating,334,157,180,car,Outer,2.4786292737902578
Tailgating,335,189,22,car,Outer,0.9402997355962192
Tailgating,335,157,180,car,Outer,2.4641110350324693
Tailgating,336,189,22,car,Outer,0.986034065016399
Tailgating,336,157,180,car,Outer,2.471006773797532
Tailgating,337,193,153,car,Outer,0.7138041093602487
Tailgating,337,189,22,car,Outer,1.0282975720045209
Tailgating,337,157,180,car,Outer,2.4789379559391387
Tailgating,338,193,153,car,Outer,0.5506559709261418
Tailgating,338,189,22,car,Outer,1.0698737582423385
Tailgating,338,157,180,car,Outer,2.484650471009805
Tailgating,339,193,153,car,Outer,0.47913713927910717
Tailgating,339,189,22,car,Outer,1.0958885213009402
Tailgating,339,22,148,car,Outer,0.43921368737624616
Tailgating,339,157,180,car,Outer,2.4858878277504584
Tailgating,340,189,22,car,Outer,1.1152794702716369
Tailgating,340,157,180,car,Outer,2.492738782301096
Tailgating,341,189,22,car,Outer,1.1434228874522157
Tailgating,341,37,195,car,Outer,3.611265596262591
Tailgating,341,157,180,car,Outer,2.4745735843404315
Tailgating,342,189,22,car,Outer,1.1837707798956825
Tailgating,342,37,195,car,Outer,3.5728245851858196
Tailgating,342,157,180,car,Outer,2.4690225711716223
Tailgating,343,193,153,car,Outer,0.5540608748818816
Tailgating,343,189,22,car,Outer,1.225977910405748
Tailgating,343,37,195,car,Outer,3.5565894339725914
Tailgating,343,157,180,car,Outer,2.500417983878445
Tailgating,344,189,22,car,Outer,1.2706322179752698
Tailgating,345,193,153,car,Outer,0.4975734118588042
Tailgating,345,189,22,car,Outer,1.3164160726296923
Tailgating,345,198,157,motorcycle,Outer,2.05006123379013
Tailgating,346,193,153,car,Outer,0.5891242922884249
Tailgating,346,189,22,car,Outer,1.3490352190731836
Tailgating,346,198,157,motorcycle,Outer,2.1394552111044423
Tailgating,346,157,180,car,Outer,2.5979251725239845
Tailgating,347,193,153,car,Outer,0.5287306414874716
Tailgating,347,189,22,car,Outer,1.3842718354771641
Tailgating,347,198,157,motorcycle,Outer,2.5130106981746336
Tailgating,347,157,180,car,Outer,2.5955091231617793
Tailgating,348,193,153,car,Outer,0.4915409616217195
Tailgating,348,189,22,car,Outer,1.4278155432932533
Tailgating,348,200,37,car,Outer,0.7462548156763523
Tailgating,348,37,195,car,Outer,3.6317339357228984
Tailgating,348,198,157,motorcycle,Outer,2.68826450287432
Tailgating,348,157,180,car,Outer,2.5842127957663115
Tailgating,349,189,22,car,Outer,1.456790185759085
Tailgating,349,200,37,car,Outer,0.5338986742648787
Tailgating,349,37,195,car,Outer,3.3998346104867556
Tailgating,349,198,157,motorcycle,Outer,2.813563498605426
Tailgating,349,157,180,car,Outer,2.5776976337706845
Tailgating,350,189,22,car,Outer,1.5008332040091001
Tailgating,350,160,88,person,Outer,3.311325935835605
Tailgating,350,200,37,car,Outer,0.37938271503366955
Tailgating,350,37,195,car,Outer,3.32112103224135
Tailgating,350,157,180,car,Outer,2.5809579450021634
Tailgating,351,189,22,car,Outer,1.5226991340054707
Tailgating,351,160,88,person,Outer,3.388280078556643
Tailgating,351,37,195,car,Outer,3.317455254964337
Tailgating,351,157,180,car,Outer,2.5385602684471715
Tailgating,352,189,22,car,Outer,1.5499310338113006
Tailgating,352,200,37,car,Outer,0.18656606782682106
Tailgating,352,37,195,car,Outer,3.3269551440618508
Tailgating,352,157,180,car,Outer,2.5249665856081087
Tailgating,353,189,22,car,Outer,1.5730628116138783
Tailgating,353,200,37,car,Outer,0.0636362407934436
Tailgating,353,37,195,car,Outer,3.3964462663857904
Tailgating,353,157,180,car,Outer,2.5662475703938905
Tailgating,354,189,22,car,Outer,1.6059573609381363
Tailgating,354,37,201,car,Outer,1.718227403223147
Tailgating,354,157,180,car,Outer,2.555628193449567
Tailgating,355,189,22,car,Outer,1.642411957612692
Tailgating,355,37,200,car,Outer,0.03596575332150493
Tailgating,355,200,201,car,Outer,1.6331666405850565
Tailgating,355,157,180,car,Outer,2.5151921476032117
Tailgating,356,189,22,car,Outer,1.6703379729667216
Tailgating,356,126,37,car,Outer,0.7832575180006582
Tailgating,356,37,200,car,Outer,0.03730438398041101
Tailgating,356,157,180,car,Outer,2.4986303257359346
Tailgating,357,189,153,car,Outer,0.03428965550443659
Tailgating,357,37,200,car,Outer,0.07252301129210327
Tailgating,357,157,180,car,Outer,2.489236219361522
Tailgating,358,189,153,car,Outer,0.07233542923669274
Tailgating,358,37,200,car,Outer,0.1261312622859971
Tailgating,358,195,203,motorcycle,Outer,3.506710236998371
Tailgating,358,157,180,car,Outer,2.4868936312021823
Tailgating,359,189,153,car,Outer,0.11809356299655764
Tailgating,359,37,200,car,Outer,0.11632434127407232
Tailgating,359,195,203,motorcycle,Outer,2.9512191053192556
Tailgating,359,203,198,car,Outer,3.010828868424088
Tailgating,359,157,180,car,Outer,2.4744105951984894
Tailgating,360,189,153,car,Outer,0.1624570024769747
Tailgating,360,37,200,car,Outer,0.09660494704681623
Tailgating,360,195,203,motorcycle,Outer,2.902731493947625
Tailgating,360,203,198,car,Outer,2.9016481902522373
Tailgating,360,157,180,car,Outer,2.4706520580644162
Tailgating,361,189,153,car,Outer,0.2019144806551592
Tailgating,361,37,200,car,Outer,0.12369077896139194
Tailgating,361,200,201,car,Outer,1.5841720729173965
Tailgating,361,195,203,motorcycle,Outer,0.8629145235992015
Tailgating,361,203,198,car,Outer,2.7779653667257995
Tailgating,361,157,180,car,Outer,2.4554981696449323
Tailgating,362,189,153,car,Outer,0.2458909676175204
Tailgating,362,37,200,car,Outer,0.10364255703497692
Tailgating,362,200,201,car,Outer,1.6602624811760418
Tailgating,362,195,203,motorcycle,Outer,0.2971189154309273
Tailgating,362,203,198,car,Outer,2.6672886928547435
Tailgating,362,157,180,car,Outer,2.4493500427880504
Tailgating,363,189,153,car,Outer,0.2861260009388293
Tailgating,363,200,37,car,Outer,0.004052065483982705
Tailgating,363,37,201,car,Outer,1.8309251309682482
Tailgating,363,195,203,motorcycle,Outer,0.2610567646235384
Tailgating,363,203,198,car,Outer,2.601548840452863
Tailgating,363,157,180,car,Outer,2.399048739750451
Tailgating,364,189,153,car,Outer,0.32501344714752295
Tailgating,364,126,37,car,Outer,0.5883383760371251
Tailgating,364,37,201,car,Outer,1.8149494692485435
Tailgating,364,195,203,motorcycle,Outer,0.4779408067744271
Tailgating,364,203,198,car,Outer,2.4716197817682573
Tailgating,365,189,153,car,Outer,0.3636577807022778
Tailgating,365,160,88,person,Outer,3.621889051277233
Tailgating,365,37,201,car,Outer,1.848150378571657
Tailgating,365,195,203,motorcycle,Outer,0.7157434529532987
Tailgating,365,203,198,car,Outer,2.3644677079046392
Tailgating,366,189,153,car,Outer,0.39831404855702596
Tailgating,366,37,201,car,Outer,1.8857356810645822
Tailgating,366,195,203,motorcycle,Outer,0.9708988101545353
Tailgating,366,203,198,car,Outer,2.25218875076233
Tailgating,367,189,153,car,Outer,0.43876417724367545
Tailgating,367,195,203,motorcycle,Outer,3.151777719022709
Tailgating,367,203,198,car,Outer,2.1172629786398907
Tailgating,368,158,205,person,Inner,3.6615958391463805
Tailgating,368,189,153,car,Outer,0.4827692738038882
Tailgating,368,195,203,motorcycle,Outer,3.7837946858242693
Tailgating,368,203,198,car,Outer,2.0074368914978344
Tailgating,369,189,153,car,Outer,0.5232296154205909
Tailgating,369,203,198,car,Outer,1.902515949696175
Tailgating,370,189,153,car,Outer,0.5599822562581913
Tailgating,370,203,198,car,Outer,1.7771017176398172
Tailgating,371,189,153,car,Outer,0.5961682247542672
Tailgating,371,195,203,motorcycle,Outer,3.1336061824980863
Tailgating,371,203,198,car,Outer,1.1996443752760297
Tailgating,372,189,153,car,Outer,0.6383980659881094
Tailgating,372,160,88,person,Outer,3.8060339805312458
Tailgating,372,195,203,motorcycle,Outer,2.691854150165895
Tailgating,372,203,198,car,Outer,0.9717293095706511
Tailgating,373,189,153,car,Outer,0.6791068431903692
Tailgating,373,160,88,person,Outer,3.8343093608432577
Tailgating,373,195,203,motorcycle,Outer,2.822976283419539
Tailgating,373,203,198,car,Outer,0.8669709804193092
Tailgating,374,189,153,car,Outer,0.7205843212246299
Tailgating,374,203,198,car,Outer,0.8482025389904533
Tailgating,375,189,153,car,Outer,0.7644598289082918
Tailgating,375,195,203,motorcycle,Outer,3.7175242398173216
Tailgating,375,203,198,car,Outer,0.8188299295028327
Tailgating,376,189,153,car,Outer,0.8092835575975199
Tailgating,377,189,153,car,Outer,0.8494861977840538
Tailgating,377,37,195,car,Outer,3.243289807410974
Tailgating,378,189,153,car,Outer,0.8948053465253322
Tailgating,378,37,195,car,Outer,2.8843023871857403
Tailgating,378,195,210,motorcycle,Outer,0.1301416066891174
Tailgating,379,189,153,car,Outer,0.9397227912375459
Tailgating,379,37,195,car,Outer,2.7697122455217746
Tailgating,379,195,210,motorcycle,Outer,0.3268100946775702
Tailgating,380,189,153,car,Outer,0.9811374949903335
Tailgating,380,37,195,car,Outer,2.783659897634521
Tailgating,381,189,153,car,Outer,1.0193080283989313
Tailgating,381,22,148,car,Outer,0.42518679770630696
Tailgating,381,37,195,car,Outer,2.828691830587266
Tailgating,382,189,153,car,Outer,1.0680346576751159
Tailgating,382,37,195,car,Outer,2.8980883877480332
Tailgating,383,189,153,car,Outer,1.1131330498005234
Tailgating,383,37,195,car,Outer,2.9304898276166638
Tailgating,384,189,153,car,Outer,1.1622845445310475
Tailgating,384,37,195,car,Outer,3.141104382415493
Tailgating,385,189,153,car,Outer,1.2129863289629175
Tailgating,385,37,195,car,Outer,3.1184021045617336
Tailgating,386,189,153,car,Outer,1.245090399247851
Tailgating,386,37,195,car,Outer,3.086855642960336
Tailgating,387,189,153,car,Outer,1.279932473161352
Tailgating,387,37,195,car,Outer,3.0158470027207667
Tailgating,388,189,153,car,Outer,1.3184062782079895
Tailgating,388,37,195,car,Outer,2.943731988597755
Tailgating,389,189,153,car,Outer,1.3736583453280578
Tailgating,389,37,195,car,Outer,2.904362442616883
Tailgating,390,189,153,car,Outer,1.426561678669964
Tailgating,390,37,195,car,Outer,2.8777602717745903
Tailgating,390,203,198,car,Outer,0.15929894063325448
Tailgating,391,189,153,car,Outer,1.4654174988727415
Tailgating,391,37,195,car,Outer,2.8611962588524147
Tailgating,391,203,198,car,Outer,0.17011149907986037
Tailgating,392,189,153,car,Outer,1.5136238123802594
Tailgating,392,37,195,car,Outer,2.8505284728511704
Tailgating,393,189,153,car,Outer,1.560288466886403
Tailgating,393,37,195,car,Outer,2.8105605819440402
Tailgating,394,189,153,car,Outer,1.6022907335417085
Tailgating,394,37,195,car,Outer,2.837565585858669
Tailgating,395,189,153,car,Outer,1.6426457187663126
Tailgating,395,37,195,car,Outer,2.8130736852619633
Tailgating,396,189,153,car,Outer,1.6806327345540542
Tailgating,396,37,195,car,Outer,2.849047511021995
Tailgating,397,189,153,car,Outer,1.7195178182785826
Tailgating,397,37,195,car,Outer,2.830207175397379
Tailgating,398,189,153,car,Outer,1.7571406646556995
Tailgating,398,37,195,car,Outer,2.8855007400396713
Tailgating,399,189,153,car,Outer,1.7974199559143087
Tailgating,399,37,195,car,Outer,2.8775020675359344
Tailgating,400,189,153,car,Outer,1.8472772640633865
Tailgating,401,189,153,car,Outer,1.8932841787704466
Tailgating,401,88,216,car,Outer,0.8794735655850743
Tailgating,401,216,195,car,Outer,2.9994082928866046
Tailgating,402,189,153,car,Outer,1.9373431626955941
Tailgating,402,216,218,car,Outer,1.578331866439925
Tailgating,403,189,153,car,Outer,1.9769279450403914
Tailgating,403,216,218,car,Outer,1.6348476634004552
Tailgating,403,218,195,person,Outer,1.0319955845166924
Tailgating,404,189,153,car,Outer,2.0162167703109715
Tailgating,404,216,218,car,Outer,1.7187930593818408
Tailgating,404,218,195,person,Outer,0.9482493226010714
Tailgating,405,189,153,car,Outer,2.056662737762122
Tailgating,405,216,218,car,Outer,1.7796405988542832
Tailgating,405,195,158,motorcycle,Outer,0.1527077614609519
Tailgating,406,189,153,car,Outer,2.1018397994056564
Tailgating,406,216,218,car,Outer,1.8516693912787219
Tailgating,406,195,158,motorcycle,Outer,0.19891985750190758
Tailgating,407,189,153,car,Outer,2.144842724498265
Tailgating,407,22,148,car,Outer,0.3811791858437375
Tailgating,407,216,218,car,Outer,1.9025733866182826
Tailgating,408,158,205,person,Inner,3.7302628501272106
Tailgating,408,189,153,car,Outer,2.1877345450665207
Tailgating,408,216,218,car,Outer,1.950697188138314
Tailgating,409,158,205,person,Inner,3.7182178532263994
Tailgating,409,189,153,car,Outer,2.2377018403830555
Tailgating,409,216,218,car,Outer,2.009224611414042
Tailgating,410,189,153,car,Outer,2.2831668754347576
Tailgating,411,189,153,car,Outer,2.3255900302392964
Tailgating,411,216,218,car,Outer,2.066387654164381
Tailgating,412,189,153,car,Outer,2.3657422847560694
Tailgating,413,189,153,car,Outer,2.4066846534428845
Tailgating,413,222,22,motorcycle,Outer,1.5063689875131254
Tailgating,413,216,218,car,Outer,2.136281103800379
Tailgating,414,189,153,car,Outer,2.450185739668717
Tailgating,414,222,22,motorcycle,Outer,1.557721107755243
Tailgating,414,216,218,car,Outer,2.182839428100632
Tailgating,415,189,153,car,Outer,2.4932462686638903
Tailgating,415,222,22,motorcycle,Outer,1.6033925951014618
Tailgating,415,216,218,car,Outer,2.223678614902829
Tailgating,416,189,153,car,Outer,2.5377577293490075
Tailgating,416,222,22,motorcycle,Outer,1.6583082662140627
Tailgating,416,216,218,car,Outer,2.2331877395330495
Tailgating,417,189,153,car,Outer,2.5773473528486743
Tailgating,417,222,22,motorcycle,Outer,1.6924432301256964
Tailgating,417,216,218,car,Outer,2.271513046993216
Tailgating,418,189,222,car,Outer,2.8926665017840283
Tailgating,418,222,153,motorcycle,Outer,0.11823122855662742
Tailgating,418,216,218,car,Outer,2.3118118897900826
Tailgating,419,189,222,car,Outer,2.8648234430882114
Tailgating,419,222,153,motorcycle,Outer,0.16991729300234273
Tailgating,419,216,218,car,Outer,2.3787406761836016
Tailgating,420,189,222,car,Outer,2.8580291091413774
Tailgating,420,222,153,motorcycle,Outer,0.20916229517271284
Tailgating,420,216,218,car,Outer,2.409305287286943
Tailgating,421,189,222,car,Outer,2.871454780750254
Tailgating,421,222,153,motorcycle,Outer,0.23573575930766247
Tailgating,421,216,218,car,Outer,2.4760630602101856
Tailgating,422,189,222,car,Outer,2.8882226367264576
Tailgating,422,222,153,motorcycle,Outer,0.2585030991238146
Tailgating,423,189,222,car,Outer,2.8569213373170164
Tailgating,423,222,153,motorcycle,Outer,0.30139571120578285
Tailgating,424,189,222,car,Outer,2.8272086858513457
Tailgating,424,222,153,motorcycle,Outer,0.35987627068086503
Tailgating,425,189,222,car,Outer,2.819907713047587
Tailgating,425,222,153,motorcycle,Outer,0.39207371357207865
Tailgating,426,189,222,car,Outer,2.8435635822764818
Tailgating,426,222,153,motorcycle,Outer,0.4286543654764202
Tailgating,427,189,222,car,Outer,2.8579296380354444
Tailgating,427,222,153,motorcycle,Outer,0.4634787558907995
Tailgating,428,189,222,car,Outer,2.8550582534761357
Tailgating,428,222,153,motorcycle,Outer,0.5153877460134484
Tailgating,429,189,222,car,Outer,2.7379718319720094
Tailgating,429,222,153,motorcycle,Outer,0.6521618077363297
Tailgating,430,189,222,car,Outer,2.690587410132213
Tailgating,430,222,153,motorcycle,Outer,0.7321602582243109
Tailgating,431,222,153,motorcycle,Outer,0.8050439056136568
Tailgating,432,222,153,motorcycle,Outer,0.8577728284813253
Tailgating,433,222,153,motorcycle,Outer,0.8458180601802434
Tailgating,434,222,195,motorcycle,Outer,3.5675156528968928
Tailgating,435,222,195,motorcycle,Outer,2.286783299291158
Tailgating,436,222,195,motorcycle,Outer,1.8922243222407482
Tailgating,437,222,195,motorcycle,Outer,1.8275801160859726
Tailgating,443,195,230,motorcycle,Outer,2.9231955322807024
Tailgating,444,195,230,motorcycle,Outer,3.6206679411499736
Tailgating,445,195,230,motorcycle,Outer,3.8853646673147453
Tailgating,446,195,230,motorcycle,Outer,3.983239248285053
Tailgating,459,158,205,person,Inner,3.748467498784004
Tailgating,461,158,205,person,Inner,3.779446519267388
Tailgating,462,195,158,motorcycle,Outer,2.692728343240065
Tailgating,463,192,234,car,Inner,2.481531289051973
Tailgating,463,195,158,motorcycle,Outer,2.73779436769047
Tailgating,464,195,158,motorcycle,Outer,2.7853958076372516
Tailgating,465,195,158,motorcycle,Outer,2.841216135528876
Tailgating,466,195,158,motorcycle,Outer,2.90538389651772
Tailgating,467,195,158,motorcycle,Outer,2.950283470705229
Tailgating,468,192,234,car,Inner,2.548586822452928
Tailgating,470,192,234,car,Inner,2.6033980013816853
Tailgating,471,192,234,car,Inner,2.652482591882877
Tailgating,477,192,234,car,Inner,2.806102080652519
Tailgating,478,192,234,car,Inner,2.8446245722402383
Tailgating,479,192,234,car,Inner,2.872779431231455
Tailgating,506,192,234,car,Inner,3.209361182779596
Tailgating,507,192,234,car,Inner,3.2417721724698643
Tailgating,516,192,234,car,Inner,3.4122941675379748
Tailgating,527,192,231,car,Outer,3.0124911625849147
Tailgating,528,192,231,car,Outer,3.043849791414983
Tailgating,534,192,231,car,Outer,3.1254290412222483
Tailgating,537,192,231,car,Outer,3.1753198295294958
Tailgating,538,192,231,car,Outer,3.219209406217864
Tailgating,540,254,231,motorcycle,Outer,0.011148117665330888
Tailgating,541,254,234,motorcycle,Inner,0.6833050687684495
Tailgating,541,192,231,car,Outer,3.284869085268828
Tailgating,542,254,234,motorcycle,Inner,1.0689378734591837
Tailgating,543,254,231,motorcycle,Outer,0.29429123886821074
Tailgating,544,254,231,motorcycle,Outer,0.4340149305582907
Tailgating,545,254,231,motorcycle,Outer,0.5654685545795798
Tailgating,546,254,234,motorcycle,Inner,0.6531889641627844
Tailgating,547,254,251,motorcycle,Inner,3.840976931763725
Tailgating,548,254,251,motorcycle,Inner,3.113201642282623
Tailgating,549,254,251,motorcycle,Inner,2.8921935536475627
Tailgating,550,264,268,person,Outer,3.8934224744818855
Tailgating,552,254,251,motorcycle,Inner,2.9303797402020915
Tailgating,552,269,270,motorcycle,Outer,3.0195058243567505
Tailgating,553,254,251,motorcycle,Inner,2.984181450690136
Tailgating,553,268,270,motorcycle,Outer,1.9862211932093257
Tailgating,553,270,269,motorcycle,Outer,1.1786900870606947
Tailgating,554,270,268,motorcycle,Outer,0.1603407505641401
Tailgating,554,268,269,motorcycle,Outer,3.177573153581497
Tailgating,555,264,270,person,Outer,1.3566800065121418
Tailgating,555,270,268,motorcycle,Outer,2.6261982611800674
Tailgating,555,268,269,motorcycle,Outer,3.1229939458035707
Tailgating,556,192,231,car,Outer,3.5542330314192734
Tailgating,556,264,270,person,Outer,0.7828740358617371
Tailgating,556,270,268,motorcycle,Outer,3.3273350372984623
Tailgating,556,268,269,motorcycle,Outer,3.0644004675282153
Tailgating,557,264,270,person,Outer,2.586888601666461
Tailgating,557,270,268,motorcycle,Outer,1.6806111750786932
Tailgating,557,268,269,motorcycle,Outer,3.0249436981189204
Tailgating,558,192,231,car,Outer,3.6082767183265276
Tailgating,558,264,270,person,Outer,3.362784800064828
Tailgating,558,270,268,motorcycle,Outer,1.0448842582799687
Tailgating,558,268,269,motorcycle,Outer,3.0010637485138107
Tailgating,559,270,268,motorcycle,Outer,0.8179582075224325
Tailgating,559,268,269,motorcycle,Outer,2.980283334688284
Tailgating,560,264,270,person,Outer,3.8779034911888726
Tailgating,560,270,268,motorcycle,Outer,0.7557911988624332
Tailgating,560,268,269,motorcycle,Outer,2.9679620373723687
Tailgating,561,264,270,person,Outer,3.9763781826846483
Tailgating,561,270,268,motorcycle,Outer,0.7920166430592693
Tailgating,561,268,269,motorcycle,Outer,2.9205185312832036
Tailgating,562,268,269,motorcycle,Outer,1.6044967240518861
Tailgating,563,192,231,car,Outer,3.716840222310608
Tailgating,563,268,269,motorcycle,Outer,1.111137222671096
Tailgating,564,192,231,car,Outer,3.7709914303953975
Tailgating,564,268,269,motorcycle,Outer,0.934963450227564
Tailgating,565,268,269,motorcycle,Outer,0.8812457403360693
Tailgating,566,268,269,motorcycle,Outer,0.855330255507399
Tailgating,567,268,269,motorcycle,Outer,0.8487286816908398
Tailgating,568,268,269,motorcycle,Outer,0.8183801370515387
Tailgating,569,268,269,motorcycle,Outer,0.7793225972997843
Tailgating,570,268,269,motorcycle,Outer,0.7428264861932667
Tailgating,571,268,269,motorcycle,Outer,0.6979147026725993
Tailgating,572,268,269,motorcycle,Outer,0.6775554301664106
Tailgating,573,268,269,motorcycle,Outer,0.673440476285663
Tailgating,585,279,252,car,Outer,0.37075269743296335
Tailgating,586,279,252,car,Outer,0.4080904315342079
Tailgating,587,279,22,car,Outer,0.43347809963726286
Tailgating,588,279,22,car,Outer,0.4664905234145876
Tailgating,590,279,22,car,Outer,0.5313757610556682
Tailgating,591,279,252,car,Outer,0.5547972715678314
Tailgating,592,279,22,car,Outer,0.6099482884282468
Tailgating,593,279,252,car,Outer,0.6485317961359932
Tailgating,594,279,252,car,Outer,0.7150864057032382
Tailgating,594,252,148,car,Outer,0.38862063144975323
Tailgating,595,279,22,car,Outer,0.7080977623310123
Tailgating,596,279,22,car,Outer,0.7510519943878321
Tailgating,597,279,22,car,Outer,0.8029203353540794
Tailgating,598,279,22,car,Outer,0.8553960257146066
Tailgating,599,279,22,car,Outer,0.8999251238040606
Tailgating,600,283,251,person,Inner,2.3926289556081453
Tailgating,600,279,22,car,Outer,0.9376957870891022
Tailgating,601,283,251,person,Inner,2.4200686710498656
Tailgating,601,279,22,car,Outer,0.9693856643234999
Tailgating,602,234,283,car,Inner,3.5285474254947227
Tailgating,602,279,22,car,Outer,1.0035821547218022
Tailgating,603,234,283,car,Inner,3.5545859328242524
Tailgating,603,279,22,car,Outer,1.0345238178420753
Tailgating,604,234,283,car,Inner,3.566602342936756
Tailgating,604,279,22,car,Outer,1.0696183197284652
Tailgating,605,279,22,car,Outer,1.1111067569029154
Tailgating,606,279,22,car,Outer,1.137647930013107
Tailgating,607,279,22,car,Outer,1.16224193803768
Tailgating,608,279,22,car,Outer,1.1886746091430713
Tailgating,609,279,22,car,Outer,1.2084935524817768
Tailgating,610,279,22,car,Outer,1.237515278097098
Tailgating,611,279,22,car,Outer,1.2865633769141738
Tailgating,612,279,22,car,Outer,1.33079938214735
Tailgating,613,279,22,car,Outer,1.379124584013708
Tailgating,614,279,22,car,Outer,1.4179322989964114
Tailgating,615,279,22,car,Outer,1.4616877188235993
Tailgating,616,283,251,person,Inner,2.639724793102101
Tailgating,616,279,22,car,Outer,1.5037988828090696
Tailgating,617,279,22,car,Outer,1.5435876370067096
Tailgating,618,234,283,car,Inner,3.6138044818512873
Tailgating,618,283,251,person,Inner,2.685996434557127
Tailgating,618,279,22,car,Outer,1.5818010407738727
Tailgating,619,234,283,car,Inner,3.610954224618447
Tailgating,619,283,251,person,Inner,2.7538775605600474
Tailgating,619,279,22,car,Outer,1.6210529844368917
Tailgating,620,234,283,car,Inner,3.6086974786359045
Tailgating,620,283,251,person,Inner,2.805119483089264
Tailgating,620,279,22,car,Outer,1.6552791385647212
Tailgating,621,234,283,car,Inner,3.600620054354016
Tailgating,621,283,251,person,Inner,2.8494883437965455
Tailgating,621,279,22,car,Outer,1.6955543405065574
Tailgating,622,234,283,car,Inner,3.6080889579316278
Tailgating,622,279,22,car,Outer,1.7232684977355273
Tailgating,623,279,22,car,Outer,1.7447802549321136
Tailgating,624,283,251,person,Inner,2.8546872981282156
Tailgating,624,279,22,car,Outer,1.7663549522902213
Tailgating,625,279,22,car,Outer,1.8071281531829682
Tailgating,626,234,283,car,Inner,3.758671105671647
Tailgating,626,279,22,car,Outer,1.8392432348233176
Tailgating,626,231,291,person,Outer,2.1643548195448843
Tailgating,627,279,22,car,Outer,1.8894046532150035
Tailgating,628,279,22,car,Outer,1.930062696843937
Tailgating,629,279,22,car,Outer,1.9732940466434852
Tailgating,630,279,22,car,Outer,1.9982484296398415
Tailgating,631,279,22,car,Outer,2.023564182332696
Tailgating,632,279,22,car,Outer,2.0638657208070135
Tailgating,633,279,22,car,Outer,2.1042572394376884
Tailgating,633,158,292,person,Outer,3.4226851821785425
Tailgating,634,279,252,car,Outer,2.1468080834152317
Tailgating,635,279,22,car,Outer,2.1905126942659217
Tailgating,636,279,22,car,Outer,2.2308892482742957
Tailgating,636,158,292,person,Outer,3.347818011988028
Tailgating,637,279,252,car,Outer,2.2769549411035657
Tailgating,637,158,292,person,Outer,3.346863959384581
Tailgating,638,279,252,car,Outer,2.2958112269072872
Tailgating,638,158,292,person,Outer,3.276769639368295
Tailgating,639,279,252,car,Outer,2.337145899758761
Tailgating,639,158,292,person,Outer,3.303119340896574
Tailgating,640,283,251,person,Inner,3.315102873137372
Tailgating,640,279,252,car,Outer,2.3711069555444535
Tailgating,640,158,292,person,Outer,3.3173518897113916
Tailgating,641,283,251,person,Inner,3.3519186550273727
Tailgating,641,279,252,car,Outer,2.4193959489176033
Tailgating,642,279,252,car,Outer,2.4611230250428275
Tailgating,643,279,252,car,Outer,2.5013468813020134
Tailgating,644,283,251,person,Inner,3.347988990086435
Tailgating,644,279,252,car,Outer,2.5539285636492837
Tailgating,645,279,252,car,Outer,2.612298161591283
Tailgating,646,279,252,car,Outer,2.648505690952594
Tailgating,647,279,252,car,Outer,2.690057003108576
Tailgating,648,279,252,car,Outer,2.7358202228324133
Tailgating,649,279,252,car,Outer,2.78108639322935
Tailgating,650,279,252,car,Outer,2.828871439184217
Tailgating,651,279,252,car,Outer,2.8693086581705787
Tailgating,652,279,252,car,Outer,2.9045280356538723
Tailgating,653,279,252,car,Outer,2.943683103316898
Tailgating,654,279,252,car,Outer,2.996363103228539
Tailgating,655,279,22,car,Outer,3.0441705133516286
Tailgating,655,298,158,car,Outer,2.6353082155193386
Tailgating,656,279,22,car,Outer,3.0986756993763946
Tailgating,656,298,158,car,Outer,2.60741942451873
Tailgating,657,279,22,car,Outer,3.142114583122025
Tailgating,657,298,158,car,Outer,2.5811382212100735
Tailgating,658,279,22,car,Outer,3.1951816678764176
Tailgating,659,279,22,car,Outer,3.251784587216472
Tailgating,660,279,22,car,Outer,3.3189215298944235
Tailgating,660,274,298,car,Outer,2.059334510963223
Tailgating,661,279,252,car,Outer,3.34854407460654
Tailgating,661,298,158,car,Outer,2.6759779502083076
Tailgating,662,279,252,car,Outer,3.4113002702509396
Tailgating,662,274,298,car,Outer,2.031094356923263
Tailgating,662,298,158,car,Outer,2.719988033935313
Tailgating,663,279,252,car,Outer,3.468872903370324
Tailgating,664,279,22,car,Outer,3.53639430583305
Tailgating,665,279,252,car,Outer,3.5535466728921343
Tailgating,666,279,22,car,Outer,3.629553201739525
Tailgating,666,274,298,car,Outer,2.1672422100385518
Tailgating,667,279,252,car,Outer,3.6528573637219663
Tailgating,667,298,158,car,Outer,2.748713126038325
Tailgating,668,279,22,car,Outer,3.7264970493404217
Tailgating,668,298,158,car,Outer,2.7844311619051627
Tailgating,669,279,22,car,Outer,3.766438477666775
Tailgating,669,298,158,car,Outer,2.809635695482317
Tailgating,670,279,22,car,Outer,3.8274185432229864
Tailgating,671,279,22,car,Outer,3.872158361392399
Tailgating,672,279,22,car,Outer,3.910905501870966
Tailgating,673,279,22,car,Outer,3.959646651764582
Tailgating,686,313,298,car,Outer,1.9871928901605118
Tailgating,687,313,298,car,Outer,1.941354823558126
Tailgating,689,313,298,car,Outer,1.9976669233214603
Tailgating,690,313,298,car,Outer,2.036835763727214
Tailgating,699,315,231,person,Outer,1.7062927550875615
Tailgating,700,315,231,person,Outer,1.7363494714498473
Tailgating,704,315,231,person,Outer,1.8377832774270184
Tailgating,707,315,231,person,Outer,1.9181688144513687
Tailgating,709,93,664,car,Outer,1.0183686964854495
Tailgating,709,315,231,person,Outer,1.9535414131404392
Tailgating,710,93,664,car,Outer,1.038382302378294
Tailgating,710,315,231,person,Outer,1.9831026502853843
Tailgating,711,315,231,person,Outer,2.0207980346022185
Tailgating,712,93,664,car,Outer,1.0775866957399065
Tailgating,714,93,664,car,Outer,1.110338801875862
Tailgating,714,315,231,person,Outer,2.113511479195644
Tailgating,715,93,664,car,Outer,1.1344013994139175
Tailgating,716,93,664,car,Outer,1.155833648447352
Tailgating,718,93,664,car,Outer,1.2026312058196746
Tailgating,719,93,664,car,Outer,1.2251876016034473
Tailgating,720,93,664,car,Outer,1.240237770958401
Tailgating,721,93,664,car,Outer,1.253940623708212
Tailgating,722,664,22,car,Outer,0.04027562472946838
Tailgating,722,315,231,person,Outer,2.3196844118550874
Tailgating,723,93,664,car,Outer,1.2814093878174537
Tailgating,723,664,22,car,Outer,0.040749249429225365
Tailgating,723,315,231,person,Outer,2.366797116097484
Tailgating,724,664,22,car,Outer,0.042706053328553414
Tailgating,724,315,333,person,Outer,0.44106499425991996
Tailgating,725,93,664,car,Outer,1.3116966785172846
Tailgating,725,664,22,car,Outer,0.047715937436401144
Tailgating,726,93,664,car,Outer,1.3307703355665945
Tailgating,726,664,252,car,Outer,0.056499210367380856
Tailgating,727,93,664,car,Outer,1.3602752558419444
Tailgating,727,664,22,car,Outer,0.0383959938245015
Tailgating,727,312,331,car,Outer,0.49383284056320764
Tailgating,728,664,22,car,Outer,0.029442739190036964
Tailgating,728,312,331,car,Outer,0.5673981681951666
Tailgating,729,93,664,car,Outer,1.4030092539866825
Tailgating,729,664,22,car,Outer,0.02422400579400039
Tailgating,729,312,331,car,Outer,0.600670103886658
Tailgating,730,93,664,car,Outer,1.4191157388750024
Tailgating,730,664,22,car,Outer,0.020289801385465944
Tailgating,730,312,313,car,Outer,0.9980572732213339
Tailgating,731,664,22,car,Outer,0.0177331192527713
Tailgating,732,93,664,car,Outer,1.4455263318178575
Tailgating,732,664,22,car,Outer,0.020144753207093632
Tailgating,733,93,664,car,Outer,1.465527052502903
Tailgating,733,664,22,car,Outer,0.02778054359320633
Tailgating,734,93,664,car,Outer,1.4908020236663608
Tailgating,734,664,22,car,Outer,0.03248544816184829
Tailgating,735,93,664,car,Outer,1.516063306245272
Tailgating,735,664,22,car,Outer,0.03783865496310249
Tailgating,736,93,335,car,Outer,0.0008099348146582465
Tailgating,736,664,22,car,Outer,0.0342274233293733
Tailgating,736,315,333,person,Outer,0.7319419562656733
Tailgating,737,664,252,car,Outer,0.044657692563820045
Tailgating,737,315,333,person,Outer,0.7935666285555049
Tailgating,738,664,252,car,Outer,0.04100882584550038
Tailgating,739,93,335,car,Outer,0.04874937215710107
Tailgating,739,664,22,car,Outer,0.030814400630252148
Tailgating,740,93,335,car,Outer,0.07339824087103745
Tailgating,740,664,252,car,Outer,0.04108893339339992
Tailgating,741,93,335,car,Outer,0.10048639898672222
Tailgating,741,664,22,car,Outer,0.037963392333009466
Tailgating,742,664,22,car,Outer,0.04135130463611329
Tailgating,743,93,335,car,Outer,0.15447802709992264
Tailgating,743,664,22,car,Outer,0.04336798750807569
Tailgating,744,93,335,car,Outer,0.17525957577843218
Tailgating,744,664,22,car,Outer,0.046392315748648334
Tailgating,745,664,22,car,Outer,0.05193641184158081
Tailgating,746,93,335,car,Outer,0.21995085311822543
Tailgating,746,664,22,car,Outer,0.0526237363216309
Tailgating,747,93,335,car,Outer,0.2412922268605714
Tailgating,747,313,298,car,Outer,1.4625648093491164
Tailgating,748,93,335,car,Outer,0.2678813749616897
Tailgating,748,313,298,car,Outer,1.5140565638066412
Tailgating,749,93,335,car,Outer,0.3035509171076504
Tailgating,749,313,298,car,Outer,1.5403735247176085
Tailgating,750,93,335,car,Outer,0.3389611921709544
Tailgating,751,93,335,car,Outer,0.38050864493408415
Tailgating,752,93,335,car,Outer,0.41163586466046315
Tailgating,752,313,298,car,Outer,1.5441452118776648
Tailgating,753,93,335,car,Outer,0.44196885802087915
Tailgating,754,93,335,car,Outer,0.4673452710333423
Tailgating,754,312,313,car,Outer,0.8530561748618768
Tailgating,755,93,335,car,Outer,0.49382107994851066
Tailgating,755,312,313,car,Outer,0.7084757993176166
Tailgating,756,93,335,car,Outer,0.5166313918018596
Tailgating,756,312,313,car,Outer,0.6965182012578327
Tailgating,756,313,298,car,Outer,1.6780492644783744
Tailgating,757,312,313,car,Outer,0.8005665230686952
Tailgating,757,313,298,car,Outer,1.6471276416995722
Tailgating,758,312,313,car,Outer,0.8697479221068016
Tailgating,758,313,298,car,Outer,1.6452783900001648
Tailgating,759,312,313,car,Outer,0.9104785769556366
Tailgating,761,93,335,car,Outer,0.5628269969337208
Tailgating,762,93,335,car,Outer,0.5986598128015991
Tailgating,763,93,335,car,Outer,0.6249453595127964
Tailgating,764,93,335,car,Outer,0.6533787913393173
Tailgating,765,93,335,car,Outer,0.6841788190703998
Tailgating,766,93,335,car,Outer,0.7054521997095042
Tailgating,767,93,335,car,Outer,0.674364367338282
Tailgating,767,335,22,car,Outer,1.4794241815406846
Tailgating,768,93,335,car,Outer,0.7080856961198972
Tailgating,769,93,335,car,Outer,0.7463000855928701
Tailgating,770,93,335,car,Outer,0.737048905318688
Tailgating,771,93,335,car,Outer,0.7403530256952129
Tailgating,772,93,335,car,Outer,0.7522275887383103
Tailgating,773,93,335,car,Outer,0.7742356422581849
Tailgating,774,93,335,car,Outer,0.8372214779499307
Tailgating,774,335,22,car,Outer,1.5104714945220061
Tailgating,775,93,335,car,Outer,0.8853387816044057
Tailgating,776,93,335,car,Outer,0.9356449442348737
Tailgating,777,93,335,car,Outer,0.9750866279690752
Tailgating,778,93,335,car,Outer,1.0085292142508835
Tailgating,779,93,335,car,Outer,1.0366018294950148
Tailgating,780,93,335,car,Outer,1.0710979808759942
Tailgating,781,93,335,car,Outer,1.102178447350942
Tailgating,782,93,335,car,Outer,1.1303948567416064
Tailgating,783,93,335,car,Outer,1.1577546108913186
Tailgating,784,93,335,car,Outer,1.185639027159115
Tailgating,785,93,335,car,Outer,1.2190367933716575
Tailgating,786,93,335,car,Outer,1.2519558176817611
Tailgating,787,93,335,car,Outer,1.2765013943175583
Tailgating,788,93,335,car,Outer,1.302360375958169
Tailgating,789,93,335,car,Outer,1.333888693545987
Tailgating,790,93,335,car,Outer,1.3661378100130175
Tailgating,791,93,335,car,Outer,1.3961831402725198
Tailgating,792,93,335,car,Outer,1.4288889531253623
Tailgating,793,93,335,car,Outer,1.4602349084709016
Tailgating,794,93,335,car,Outer,1.489840270921428
Tailgating,795,93,335,car,Outer,1.5258294657796723
Tailgating,795,313,298,car,Outer,1.1639504142494772
Tailgating,796,93,335,car,Outer,1.5576755371149982
Tailgating,796,313,298,car,Outer,1.1211389737881703
Tailgating,797,93,335,car,Outer,1.5983633394441612
Tailgating,797,313,298,car,Outer,1.0302476855448626
Tailgating,798,93,335,car,Outer,1.6424448931421083
Tailgating,798,313,298,car,Outer,1.0959489055461584
Tailgating,799,93,335,car,Outer,1.6786859508763423
Tailgating,800,93,335,car,Outer,1.7095881238848585
Tailgating,801,93,335,car,Outer,1.748868470153313
Tailgating,802,93,335,car,Outer,1.7930545413983043
Tailgating,803,93,335,car,Outer,1.824099353672019
Tailgating,803,341,292,person,Outer,3.809215867037156
Tailgating,804,93,335,car,Outer,1.8613328272216914
Tailgating,804,341,292,person,Outer,3.764638416535841
Tailgating,805,93,335,car,Outer,1.8922023817475533
Tailgating,805,341,292,person,Outer,3.7228424272320955
Tailgating,806,93,335,car,Outer,1.923251102697151
Tailgating,806,341,292,person,Outer,3.6793483629835158
Tailgating,807,93,335,car,Outer,1.9642014680353503
Tailgating,808,93,335,car,Outer,2.0107471312565894
Tailgating,808,313,298,car,Outer,1.0971882630678467
Tailgating,809,93,335,car,Outer,2.059203165359553
Tailgating,809,313,298,car,Outer,1.0463304525578072
Tailgating,810,93,335,car,Outer,2.1016636981436725
Tailgating,810,313,298,car,Outer,1.0045246006947648
Tailgating,811,93,335,car,Outer,2.139425970832147
Tailgating,812,93,335,car,Outer,2.17294888341588
Tailgating,813,93,335,car,Outer,2.2055893801686364
Tailgating,814,93,335,car,Outer,2.242920885916353
Tailgating,815,93,335,car,Outer,2.2782226915349404
Tailgating,816,93,335,car,Outer,2.316692690097404
Tailgating,817,93,335,car,Outer,2.3558425843951483
Tailgating,818,93,335,car,Outer,2.396251081972143
Tailgating,818,341,292,person,Outer,3.1983700642822908
Tailgating,819,93,335,car,Outer,2.433822138650159
Tailgating,819,341,292,person,Outer,3.1783820327212347
Tailgating,820,93,335,car,Outer,2.4744320868303724
Tailgating,820,313,341,car,Outer,2.1423691021562923
Tailgating,821,93,335,car,Outer,2.5064448535930186
Tailgating,821,313,341,car,Outer,2.0981950599149206
Tailgating,822,93,335,car,Outer,2.541779027721293
Tailgating,824,93,335,car,Outer,2.5880169960715156
Tailgating,824,353,231,car,Outer,3.538527533385379
Tailgating,825,353,354,car,Outer,1.5553484158806634
Tailgating,826,323,335,motorcycle,Outer,0.33159798851744987
Tailgating,826,353,354,car,Outer,1.6081042321983368
Tailgating,827,93,323,car,Outer,2.461592871056782
Tailgating,827,323,335,motorcycle,Outer,0.6108421865821384
Tailgating,828,323,335,motorcycle,Outer,0.7000617733212365
Tailgating,829,323,335,motorcycle,Outer,0.7717616844300618
Tailgating,830,93,323,car,Outer,2.399246246281858
Tailgating,830,323,335,motorcycle,Outer,0.7429200792053665
Tailgating,830,312,313,car,Outer,1.1685517022539555
Tailgating,830,354,231,person,Outer,2.065664614825236
Tailgating,831,93,323,car,Outer,2.435511453478026
Tailgating,831,323,335,motorcycle,Outer,0.814523752334306
Tailgating,832,93,323,car,Outer,2.497341886382819
Tailgating,832,354,231,person,Outer,2.0833921397498627
Tailgating,833,93,323,car,Outer,2.5900720502816617
Tailgating,833,323,335,motorcycle,Outer,0.8244545025130855
Tailgating,833,354,231,person,Outer,2.0521093143331455
Tailgating,834,93,323,car,Outer,2.6363902970047044
Tailgating,834,323,335,motorcycle,Outer,0.8383675822428065
Tailgating,834,354,231,person,Outer,2.0193588210244737
Tailgating,835,93,323,car,Outer,2.6602224004929202
Tailgating,835,323,335,motorcycle,Outer,0.8853795041200333
Tailgating,835,341,292,person,Outer,2.474941139055891
Tailgating,836,93,323,car,Outer,2.668590448062722
Tailgating,836,323,335,motorcycle,Outer,0.9409221512787973
Tailgating,837,323,335,motorcycle,Outer,1.0090375419961537
Tailgating,837,354,231,person,Outer,1.9240944652498186
Tailgating,838,359,323,bus,Outer,2.606105564468981
Tailgating,838,323,335,motorcycle,Outer,1.1235229746842101
Tailgating,838,354,231,person,Outer,1.910526905955852
Tailgating,839,359,323,bus,Outer,2.659038085453965
Tailgating,839,323,335,motorcycle,Outer,1.1325750724260868
Tailgating,839,354,231,person,Outer,1.9423165376979823
Tailgating,840,359,323,bus,Outer,2.7188923680293318
Tailgating,840,323,335,motorcycle,Outer,1.1224563748386767
Tailgating,840,341,292,person,Outer,2.346129831029942
Tailgating,840,354,231,person,Outer,1.958402796234123
Tailgating,841,359,323,bus,Outer,2.701231248947087
Tailgating,841,323,335,motorcycle,Outer,1.1915166530731793
Tailgating,841,341,292,person,Outer,2.326870400713899
Tailgating,841,354,231,person,Outer,1.9621839823699094
Tailgating,842,359,323,bus,Outer,2.6859353141515214
Tailgating,842,323,335,motorcycle,Outer,1.2567682117798273
Tailgating,842,341,292,person,Outer,2.293152093973335
Tailgating,843,93,323,car,Outer,2.683837106935519
Tailgating,843,323,335,motorcycle,Outer,1.3131089920910124
Tailgating,844,93,323,car,Outer,2.6798277547218836
Tailgating,844,323,335,motorcycle,Outer,1.367228714999499
Tailgating,844,354,231,person,Outer,1.869452768077559
Tailgating,845,93,323,car,Outer,2.7165327993235966
Tailgating,845,323,335,motorcycle,Outer,1.3883075408203915
Tailgating,846,93,323,car,Outer,2.750717624947981
Tailgating,846,323,335,motorcycle,Outer,1.4046942619190352
Tailgating,847,93,323,car,Outer,2.782807217211138
Tailgating,847,323,335,motorcycle,Outer,1.4265430228450706
Tailgating,847,354,231,person,Outer,1.795978291174355
Tailgating,848,359,323,bus,Outer,2.8076823778488618
Tailgating,848,323,335,motorcycle,Outer,1.4569577696643559
Tailgating,848,354,231,person,Outer,1.7421994140482517
Tailgating,849,359,323,bus,Outer,2.8199081498133958
Tailgating,849,323,335,motorcycle,Outer,1.4948132709524207
Tailgating,849,354,231,person,Outer,1.6944108060373293
Tailgating,850,359,323,bus,Outer,2.817929733406898
Tailgating,850,323,335,motorcycle,Outer,1.5446198012677106
Tailgating,851,359,323,bus,Outer,2.821652367637953
Tailgating,851,323,335,motorcycle,Outer,1.6012857440512112
Tailgating,851,354,231,person,Outer,1.6679743099423943
Tailgating,852,359,323,bus,Outer,2.832385598059086
Tailgating,852,323,335,motorcycle,Outer,1.6406325043550016
Tailgating,852,354,231,person,Outer,1.7104179704481584
Tailgating,853,359,323,bus,Outer,2.8654808742578455
Tailgating,853,323,335,motorcycle,Outer,1.6628460670782568
Tailgating,853,354,231,person,Outer,1.6532317327574224
Tailgating,854,359,323,bus,Outer,2.8617356726269954
Tailgating,854,323,335,motorcycle,Outer,1.7189118437687783
Tailgating,854,354,231,person,Outer,1.618434355006803
Tailgating,855,93,323,car,Outer,2.875071248120886
Tailgating,855,323,335,motorcycle,Outer,1.748695985910946
Tailgating,856,93,323,car,Outer,2.9057368176424188
Tailgating,856,323,335,motorcycle,Outer,1.770024728135332
Tailgating,856,354,231,person,Outer,1.4882048003315724
Tailgating,857,359,323,bus,Outer,2.911099592337692
Tailgating,857,323,335,motorcycle,Outer,1.81240173356257
Tailgating,857,354,231,person,Outer,1.405914684401218
Tailgating,858,323,351,motorcycle,Outer,0.8886232573810727
Tailgating,858,354,231,person,Outer,1.3439927903364395
Tailgating,863,313,341,car,Outer,2.85144066755883
Tailgating,863,341,292,person,Outer,1.4840219377158803
Tailgating,864,313,341,car,Outer,2.94768150559918
Tailgating,864,341,292,person,Outer,1.435962128087592
Tailgating,865,323,313,motorcycle,Outer,2.1002340285706844
Tailgating,865,354,231,person,Outer,1.2893230881619124
Tailgating,866,323,313,motorcycle,Outer,1.5093098917480157
Tailgating,867,323,313,motorcycle,Outer,1.3347237433450598
Tailgating,867,354,231,person,Outer,1.2614615000384393
Tailgating,868,323,313,motorcycle,Outer,1.2950275682491912
Tailgating,868,354,231,person,Outer,1.2285675647575591
Tailgating,870,323,313,motorcycle,Outer,1.3407867886859155
Tailgating,871,323,313,motorcycle,Outer,1.3965400956014484
Tailgating,872,323,313,motorcycle,Outer,1.4382591981812085
Tailgating,873,354,231,person,Outer,1.0978500737880736
Tailgating,874,354,231,person,Outer,1.0468615057049153
Tailgating,875,354,231,person,Outer,1.00816215358883
Tailgating,876,354,231,person,Outer,1.047381099896752
Tailgating,880,354,231,person,Outer,1.050915602044209
Tailgating,881,354,231,person,Outer,1.0247334567852167
Tailgating,884,323,292,motorcycle,Outer,2.9184969809304855
Tailgating,885,323,292,motorcycle,Outer,2.0307985833259297
Tailgating,886,323,292,motorcycle,Outer,1.7546492418666455
Tailgating,887,323,292,motorcycle,Outer,1.6996926764512676
Tailgating,887,354,231,person,Outer,0.9718133822229039
Tailgating,888,354,231,person,Outer,0.9445841393591099
Tailgating,889,323,292,motorcycle,Outer,2.1643573673565495
Tailgating,889,354,231,person,Outer,0.8967550120646292
Tailgating,890,323,292,motorcycle,Outer,2.3273493960011766
Tailgating,891,323,292,motorcycle,Outer,2.4038039668077147
Tailgating,892,323,292,motorcycle,Outer,2.4323011049674133
Tailgating,894,323,292,motorcycle,Outer,2.4418440946905733
Tailgating,896,354,231,person,Outer,0.7455903834317995
Tailgating,897,354,231,person,Outer,0.7203642892867367
Tailgating,898,354,231,person,Outer,0.6978740226846835
Tailgating,899,354,231,person,Outer,0.6658501356805754
Tailgating,900,354,231,person,Outer,0.6976012884255054
Tailgating,901,354,231,person,Outer,0.6988997607613284
Tailgating,902,354,231,person,Outer,0.7063218058459804
Tailgating,904,323,292,motorcycle,Outer,3.545735350165615
Tailgating,905,323,292,motorcycle,Outer,2.450668321542365
Tailgating,906,323,292,motorcycle,Outer,2.0863589759052394
Tailgating,907,323,292,motorcycle,Outer,1.9809253623490568
Tailgating,909,323,292,motorcycle,Outer,2.0124599997576507
Tailgating,910,323,292,motorcycle,Outer,2.035768901580093
Tailgating,911,323,292,motorcycle,Outer,2.075860827933785
Tailgating,913,323,292,motorcycle,Outer,1.713285744465366
Tailgating,914,388,354,car,Outer,0.6092562525924502
Tailgating,915,323,386,motorcycle,Inner,3.1407578634807973
Tailgating,915,388,231,car,Outer,1.1581097567174976
Tailgating,916,388,231,car,Outer,1.0765558067502312
Tailgating,917,388,231,car,Outer,0.9561434730280308
Tailgating,918,388,231,car,Outer,0.870093657032812
Tailgating,919,388,231,car,Outer,0.7119979412733461
Tailgating,920,388,231,car,Outer,0.6398415834030193
Tailgating,921,388,231,car,Outer,0.5510397372451612
Tailgating,922,382,389,person,Inner,2.7991236004012783
Tailgating,922,388,231,car,Outer,0.4849192198497512
Tailgating,923,382,389,person,Inner,2.7302774292384746
Tailgating,923,388,231,car,Outer,0.37214320186987143
Tailgating,924,382,389,person,Inner,2.7844976474068197
Tailgating,924,388,231,car,Outer,0.28601358481847744
Tailgating,925,382,389,person,Inner,2.8112509786702824
Tailgating,925,158,368,person,Outer,2.369454888778904
Tailgating,926,292,158,car,Outer,1.4841924240576638
Tailgating,926,158,368,person,Outer,2.381519384100478
Tailgating,927,158,368,person,Outer,2.347363770632099
Tailgating,928,382,392,person,Inner,0.6290021929487377
Tailgating,928,392,389,person,Inner,2.2013226952813585
Tailgating,928,158,368,person,Outer,2.3245954477718795
Tailgating,929,392,389,person,Inner,2.2542174369323145
Tailgating,929,292,158,car,Outer,1.566787571431574
Tailgating,929,158,368,person,Outer,2.3055349922005908
Tailgating,930,158,368,person,Outer,2.3396676013368976
Tailgating,931,392,389,person,Inner,2.3969908042319514
Tailgating,932,392,389,person,Inner,2.467517852671004
Tailgating,932,292,158,car,Outer,1.6114042353306683
Tailgating,933,392,389,person,Inner,2.4950609257339567
Tailgating,936,158,368,person,Outer,2.2427648970674583
Tailgating,937,158,368,person,Outer,2.2016629382612214
Tailgating,938,392,389,person,Inner,2.5503690353287443
Tailgating,938,158,368,person,Outer,2.1955215281981837
Tailgating,939,382,389,person,Inner,2.524030759502835
Tailgating,939,158,368,person,Outer,2.2205229715498747
Tailgating,940,382,389,person,Inner,2.4974223546672563
Tailgating,940,384,335,car,Outer,2.1458773371315876
Tailgating,940,158,368,person,Outer,2.197251126722776
Tailgating,941,384,335,car,Outer,2.201898493898487
Tailgating,941,292,158,car,Outer,1.7352998601875715
Tailgating,941,158,368,person,Outer,2.163336722169099
Tailgating,942,384,335,car,Outer,2.237060435905497
Tailgating,942,292,158,car,Outer,1.7271560068469574
Tailgating,942,158,368,person,Outer,2.165675967609955
Tailgating,943,405,389,motorcycle,Inner,1.730141799527075
Tailgating,943,384,335,car,Outer,2.1630239245863687
Tailgating,943,158,368,person,Outer,2.1354840682912006
Tailgating,944,405,389,motorcycle,Inner,1.6636985097924735
Tailgating,944,384,335,car,Outer,2.111688669401358
Tailgating,945,405,389,motorcycle,Inner,1.4410747356647489
Tailgating,945,384,335,car,Outer,2.0784430774056752
Tailgating,946,405,389,motorcycle,Inner,1.459433819339422
Tailgating,947,405,389,motorcycle,Inner,0.3529318576367716
Tailgating,948,405,389,motorcycle,Inner,1.3277016317347237
Tailgating,949,405,389,motorcycle,Inner,1.7036720888955414
Tailgating,950,405,389,motorcycle,Inner,1.8333137944495528
Tailgating,951,405,389,motorcycle,Inner,1.8751672276222207
Tailgating,956,231,388,person,Outer,2.5359804086607123
Tailgating,957,231,388,person,Outer,2.6175077819544335
Tailgating,958,231,388,person,Outer,2.6971071227299412
Tailgating,962,405,389,motorcycle,Inner,1.8623564897507434
Tailgating,963,405,389,motorcycle,Inner,1.8522759861195035
Tailgating,964,405,389,motorcycle,Inner,1.8486004997890608
Tailgating,965,405,389,motorcycle,Inner,2.8298982026245865
Tailgating,965,292,411,car,Outer,2.189591767692772
Tailgating,966,405,389,motorcycle,Inner,3.208661074620539
Tailgating,966,292,411,car,Outer,2.253611448597173
Tailgating,967,405,389,motorcycle,Inner,2.3864074212637636
Tailgating,967,292,411,car,Outer,2.2998705757407283
Tailgating,968,405,389,motorcycle,Inner,2.0376262575454893
Tailgating,968,345,22,motorcycle,Outer,1.2076915198534597
Tailgating,969,405,389,motorcycle,Inner,1.9081311465441835
Tailgating,969,345,22,motorcycle,Outer,1.203876420825366
Tailgating,969,292,411,car,Outer,2.414386511145367
Tailgating,970,405,389,motorcycle,Inner,1.8539688237885188
Tailgating,970,292,411,car,Outer,2.474545172715815
Tailgating,971,292,158,car,Outer,2.1828442490468616
Tailgating,975,405,389,motorcycle,Inner,3.047414449222447
Tailgating,976,405,389,motorcycle,Inner,3.4873852423677767
Tailgating,978,405,388,motorcycle,Outer,3.219652534854331
Tailgating,979,405,388,motorcycle,Outer,3.2883919482775616
Tailgating,980,405,388,motorcycle,Outer,3.2644118940913947
Tailgating,981,405,388,motorcycle,Outer,3.2368302068185244
Tailgating,982,405,388,motorcycle,Outer,3.196443429700094
Tailgating,983,405,388,motorcycle,Outer,3.1950408071828593
Tailgating,984,405,388,motorcycle,Outer,3.1351465368738096
Tailgating,985,405,388,motorcycle,Outer,3.0722979332848963
Tailgating,986,405,388,motorcycle,Outer,3.0566514131673586
Tailgating,987,292,158,car,Outer,2.4217558272660384
Tailgating,987,405,388,motorcycle,Outer,3.0127159364750056
Tailgating,988,292,158,car,Outer,2.451863386648358
Tailgating,988,405,388,motorcycle,Outer,2.969995385226583
Tailgating,989,292,158,car,Outer,2.4917235065346346
Tailgating,989,405,388,motorcycle,Outer,3.009282302753514
Tailgating,990,405,388,motorcycle,Outer,3.057851147679306
Tailgating,991,405,388,motorcycle,Outer,3.1088827517326516
Tailgating,995,384,335,car,Outer,2.033717251888326
Tailgating,996,411,428,person,Outer,1.0012751722190865
Tailgating,997,411,428,person,Outer,0.9176698663434785
Tailgating,999,411,428,person,Outer,0.8488817662861875
Tailgating,1004,292,158,car,Outer,2.7516746742731337
Tailgating,1005,292,158,car,Outer,2.7755249473180803
Tailgating,1008,436,292,motorcycle,Outer,2.5622156596213737
Tailgating,1009,436,292,motorcycle,Outer,2.6293951154317585
Tailgating,1010,436,292,motorcycle,Outer,3.309713262037063
Tailgating,1011,436,292,motorcycle,Outer,3.5297267163740043
Tailgating,1011,292,158,car,Outer,2.875111114581182
Tailgating,1012,436,292,motorcycle,Outer,3.596959508246234
Tailgating,1014,436,292,motorcycle,Outer,2.7389981369036116
Tailgating,1015,436,292,motorcycle,Outer,2.383783270907918
Tailgating,1016,436,292,motorcycle,Outer,2.2696881329193315
Tailgating,1017,436,292,motorcycle,Outer,2.2009467091556094
Tailgating,1017,292,158,car,Outer,2.9641579245091734
Tailgating,1019,335,22,car,Outer,1.4638716624632822
Tailgating,1020,437,436,car,Outer,2.443905914528429
Tailgating,1020,292,158,car,Outer,3.0370086634112177
Tailgating,1021,335,22,car,Outer,1.4804645945599157
Tailgating,1021,437,436,car,Outer,2.5503407439074888
Tailgating,1021,292,158,car,Outer,3.07200963260755
Tailgating,1022,335,22,car,Outer,1.4167323111241374
Tailgating,1022,437,436,car,Outer,2.623695601633831
Tailgating,1022,436,292,motorcycle,Outer,2.0019030034558547
Tailgating,1023,335,22,car,Outer,1.3761337009262309
Tailgating,1024,292,158,car,Outer,3.146715415092027
Tailgating,1028,292,158,car,Outer,3.242363150183235
Tailgating,1034,437,324,car,Outer,0.2921667306242968
Tailgating,1035,437,324,car,Outer,0.3634583850168493
Tailgating,1037,384,335,car,Outer,2.0586948241778327
Tailgating,1038,384,335,car,Outer,2.07049374146794
Tailgating,1039,351,324,car,Outer,0.49558322237121155
Tailgating,1040,384,335,car,Outer,2.1697420439790114
Tailgating,1041,384,335,car,Outer,2.155302453904136
Tailgating,1042,384,335,car,Outer,2.2168441946219306
Tailgating,1045,384,335,car,Outer,2.2036025839345093
Tailgating,1050,158,428,person,Outer,0.7813640293901829
Tailgating,1050,428,457,car,Outer,1.1011987196544342
Tailgating,1051,384,335,car,Outer,2.2161942481272554
Tailgating,1051,292,158,car,Outer,3.602300777952731
Tailgating,1051,428,457,car,Outer,1.1591656140716238
Tailgating,1052,384,335,car,Outer,2.1550306056689386
Tailgating,1052,292,158,car,Outer,3.6286851782930074
Tailgating,1053,384,335,car,Outer,2.104696077837692
Tailgating,1053,428,457,car,Outer,1.252352070575755
Tailgating,1053,453,231,person,Outer,1.836789442138692
Tailgating,1054,384,335,car,Outer,2.08103091040035
Tailgating,1054,428,457,car,Outer,1.2892701143796204
Tailgating,1059,384,335,car,Outer,2.1351142131043264
Tailgating,1059,453,231,person,Outer,1.9370446776378194
Tailgating,1060,384,335,car,Outer,2.1079671734533836
Tailgating,1060,335,351,car,Outer,1.312375288977284
Tailgating,1060,292,158,car,Outer,3.826602648478759
Tailgating,1060,158,428,person,Outer,0.5863707808606613
Tailgating,1060,453,231,person,Outer,1.959758874449106
Tailgating,1061,384,335,car,Outer,1.932417478522208
Tailgating,1061,335,22,car,Outer,1.4696743902790175
Tailgating,1061,292,158,car,Outer,3.890736837603452
Tailgating,1061,158,428,person,Outer,0.5563865357745588
Tailgating,1061,453,231,person,Outer,1.9821421792514458
Tailgating,1062,384,22,car,Outer,3.5530536554644554
Tailgating,1062,22,324,car,Outer,0.43033470293895437
Tailgating,1062,292,158,car,Outer,3.9452848541262107
Tailgating,1062,158,428,person,Outer,0.5533951282786541
Tailgating,1062,454,453,person,Outer,0.5642439633472315
Tailgating,1062,453,231,person,Outer,2.016416461118373
Tailgating,1063,384,22,car,Outer,3.523712319442315
Tailgating,1063,22,324,car,Outer,0.4064251221854364
Tailgating,1063,292,158,car,Outer,3.9463731979184224
Tailgating,1063,158,428,person,Outer,0.5662599878024356
Tailgating,1064,22,324,car,Outer,0.4186676927451456
Tailgating,1064,292,158,car,Outer,3.9982746465959207
Tailgating,1064,158,428,person,Outer,0.5585214954336749
Tailgating,1065,22,324,car,Outer,0.3931264391673553
Tailgating,1065,158,428,person,Outer,0.5251862533062559
Tailgating,1066,351,324,car,Outer,0.37084286329216554
Tailgating,1066,158,428,person,Outer,0.49167362436611645
Tailgating,1067,351,324,car,Outer,0.35570496092782183
Tailgating,1067,158,428,person,Outer,0.4868301345852406
Tailgating,1068,465,351,car,Outer,3.1264451412841
Tailgating,1068,351,324,car,Outer,0.34249071051834523
Tailgating,1068,158,428,person,Outer,0.46313516430805823
Tailgating,1069,465,351,car,Outer,3.163737678732265
Tailgating,1069,351,324,car,Outer,0.32681115293728336
Tailgating,1069,158,428,person,Outer,0.4436307275691681
Tailgating,1069,466,467,person,Outer,1.6685998867804157
Tailgating,1070,465,22,car,Outer,3.201363875057492
Tailgating,1070,22,324,car,Outer,0.29700778599646926
Tailgating,1070,158,428,person,Outer,0.399869463363793
Tailgating,1070,466,467,person,Outer,1.69974787228875
Tailgating,1071,384,465,car,Outer,0.651326399162873
Tailgating,1071,465,22,car,Outer,3.229167964730076
Tailgating,1071,22,324,car,Outer,0.27761014891541913
Tailgating,1071,158,428,person,Outer,0.36993241038401337
Tailgating,1071,466,467,person,Outer,1.7251727467348512
Tailgating,1072,384,465,car,Outer,0.5940939086491348
Tailgating,1072,22,324,car,Outer,0.26737623409099726
Tailgating,1072,158,428,person,Outer,0.345480168076038
Tailgating,1072,466,467,person,Outer,1.7498489875575003
Tailgating,1073,384,465,car,Outer,0.5649038735073362
Tailgating,1073,351,324,car,Outer,0.28009092281558357
Tailgating,1073,158,428,person,Outer,0.3040717863273073
Tailgating,1073,466,467,person,Outer,1.7941038294516156
Tailgating,1074,466,467,person,Outer,1.8383343215521604
Tailgating,1076,384,465,car,Outer,0.617380186437199
Tailgating,1076,158,428,person,Outer,0.163717955236767
Tailgating,1077,384,465,car,Outer,0.6691207190742204
Tailgating,1077,158,428,person,Outer,0.11027809071356584
Tailgating,1078,384,465,car,Outer,0.6899074943745119
Tailgating,1078,465,351,car,Outer,3.358652288292651
Tailgating,1078,158,428,person,Outer,0.050842272354779325
Tailgating,1079,465,22,car,Outer,3.425422570410439
Tailgating,1079,158,428,person,Outer,0.08835385354462429
Tailgating,1081,465,22,car,Outer,3.479813648109278
Tailgating,1082,465,351,car,Outer,3.4753194477131024
Tailgating,1083,465,351,car,Outer,3.5041333110478883
Tailgating,1084,465,351,car,Outer,3.5322894383906216
Tailgating,1084,158,428,person,Outer,0.06297453593016597
Tailgating,1085,465,351,car,Outer,3.5588081629237696
Tailgating,1086,465,351,car,Outer,3.5987110715129536
Tailgating,1086,158,428,person,Outer,0.021721180964758474
Tailgating,1087,465,351,car,Outer,3.625765166702402
Tailgating,1088,465,351,car,Outer,3.5790688631307854
Tailgating,1089,465,351,car,Outer,3.560093142360251
Tailgating,1090,465,351,car,Outer,3.550506827386492
Tailgating,1091,465,351,car,Outer,3.5450269209838647
Tailgating,1092,465,351,car,Outer,3.5415040614712883
Tailgating,1093,465,351,car,Outer,3.5468926363681534
Tailgating,1094,465,351,car,Outer,3.557629875088993
Tailgating,1095,465,351,car,Outer,3.577594602514786
Tailgating,1096,465,351,car,Outer,3.594301673038238
Tailgating,1097,465,351,car,Outer,3.6129587952283626
Tailgating,1098,465,351,car,Outer,3.65139163114408
Tailgating,1099,465,351,car,Outer,3.674299248790496
Tailgating,1101,465,351,car,Outer,3.687267021712133
Tailgating,1102,465,351,car,Outer,3.715000468396088
Tailgating,1103,465,351,car,Outer,3.7543053151409445
Tailgating,1104,465,22,car,Outer,3.6949450932636663
Tailgating,1104,158,428,person,Outer,0.008304682676810542
Tailgating,1105,465,22,car,Outer,3.743296162376684
Tailgating,1105,158,428,person,Outer,0.018429091226368717
Tailgating,1106,465,351,car,Outer,3.7735507932575505
Tailgating,1106,324,473,car,Outer,2.4898875001382694
Tailgating,1107,384,465,car,Outer,0.13704396316063813
Tailgating,1107,465,22,car,Outer,3.775618640490018
Tailgating,1107,324,473,car,Outer,2.5067621275622862
Tailgating,1108,384,465,car,Outer,0.05040186993840049
Tailgating,1108,465,351,car,Outer,3.797088721196722
Tailgating,1109,465,384,car,Outer,0.040926130023272854
Tailgating,1110,465,384,car,Outer,0.09242989624405809
Tailgating,1110,428,158,car,Outer,0.042503950573957235
Tailgating,1111,465,384,car,Outer,0.06416737586670011
Tailgating,1111,384,351,car,Outer,3.592524398652229
Tailgating,1112,465,384,car,Outer,0.0419070502626279
Tailgating,1112,384,22,car,Outer,3.6288947692267275
Tailgating,1113,465,384,car,Outer,0.030053453064818915
Tailgating,1113,384,22,car,Outer,3.656584681183004
Tailgating,1113,488,292,car,Outer,2.9366181472165893
Tailgating,1114,490,469,car,Inner,0.6903262410977505
Tailgating,1114,465,384,car,Outer,0.03866906064700086
Tailgating,1114,384,351,car,Outer,3.695874466352855
Tailgating,1114,428,158,car,Outer,0.11911195831322875
Tailgating,1115,465,384,car,Outer,0.05503463081195021
Tailgating,1115,384,351,car,Outer,3.7276036291588897
Tailgating,1115,428,158,car,Outer,0.17072778633552368
Tailgating,1116,465,384,car,Outer,0.08342459038596696
Tailgating,1117,465,384,car,Outer,0.16516827461309896
Tailgating,1117,384,469,car,Outer,2.226033798629955
Tailgating,1117,488,292,car,Outer,2.940410164635405
Tailgating,1117,428,158,car,Outer,0.2047813925711063
Tailgating,1117,482,231,person,Outer,2.9921707772588495
Tailgating,1117,231,466,person,Outer,1.561218484005382
Tailgating,1118,465,384,car,Outer,0.17985445917351653
Tailgating,1118,324,488,car,Outer,0.8310003531353995
Tailgating,1118,428,158,car,Outer,0.22246022453720363
Tailgating,1118,482,231,person,Outer,3.020539488998016
Tailgating,1118,231,466,person,Outer,1.5671623991620331
Tailgating,1119,465,384,car,Outer,0.17857558195548193
Tailgating,1119,384,469,car,Outer,2.26333554432076
Tailgating,1119,324,488,car,Outer,0.8549899779394436
Tailgating,1119,482,231,person,Outer,3.0615074640970517
Tailgating,1119,231,466,person,Outer,1.566331557149721
Tailgating,1120,465,384,car,Outer,0.16220567783938447
Tailgating,1120,384,469,car,Outer,2.3064108640847616
Tailgating,1120,351,324,car,Outer,0.3740828038850816
Tailgating,1120,324,488,car,Outer,0.8840351988721473
Tailgating,1120,428,158,car,Outer,0.21541776287954786
Tailgating,1120,231,466,person,Outer,1.556996476110036
Tailgating,1121,465,384,car,Outer,0.16976695347081497
Tailgating,1121,384,469,car,Outer,2.3207951194755085
Tailgating,1121,324,488,car,Outer,0.8963494351743819
Tailgating,1121,428,158,car,Outer,0.22237999079597423
Tailgating,1121,231,466,person,Outer,1.5510745495934093
Tailgating,1122,465,384,car,Outer,0.1673856787726545
Tailgating,1122,384,469,car,Outer,2.335663905134195
Tailgating,1122,324,488,car,Outer,0.90100080637082
Tailgating,1122,428,158,car,Outer,0.20160629947290634
Tailgating,1122,231,466,person,Outer,1.5405513241674285
Tailgating,1123,465,384,car,Outer,0.1639603682039549
Tailgating,1123,384,469,car,Outer,2.4967474640589535
Tailgating,1123,469,351,car,Outer,1.097818148113093
Tailgating,1123,488,292,car,Outer,2.956420769138629
Tailgating,1123,231,466,person,Outer,1.5352410720341472
Tailgating,1124,465,384,car,Outer,0.166137526560314
Tailgating,1124,469,351,car,Outer,1.0116406392787993
Tailgating,1124,428,158,car,Outer,0.21471358438904234
Tailgating,1124,231,466,person,Outer,1.5338907017075316
Tailgating,1125,465,384,car,Outer,0.19649740673165303
Tailgating,1125,469,351,car,Outer,1.0913353280742315
Tailgating,1125,428,158,car,Outer,0.23921456864729
Tailgating,1125,482,231,person,Outer,3.162795524741535
Tailgating,1125,231,466,person,Outer,1.5303072914190823
Tailgating,1126,465,384,car,Outer,0.27105608187552704
Tailgating,1126,469,351,car,Outer,1.141562322717774
Tailgating,1127,465,384,car,Outer,0.28238379531868807
Tailgating,1127,384,469,car,Outer,2.4050476723833953
Tailgating,1127,469,351,car,Outer,1.1779912659729002
Tailgating,1127,428,158,car,Outer,0.27865727867931356
Tailgating,1128,465,384,car,Outer,0.31158476500271176
Tailgating,1128,469,351,car,Outer,1.2075139018353425
Tailgating,1128,324,488,car,Outer,0.7237029616427779
Tailgating,1128,428,158,car,Outer,0.31449240822996477
Tailgating,1129,465,384,car,Outer,0.3375569861671511
Tailgating,1129,469,351,car,Outer,1.1033207363280095
Tailgating,1129,324,488,car,Outer,0.6601194530123534
Tailgating,1129,428,158,car,Outer,0.33062220375021695
Tailgating,1129,231,466,person,Outer,1.5385097520635964
Tailgating,1130,465,384,car,Outer,0.3560084599606872
Tailgating,1130,469,351,car,Outer,1.1829449535375354
Tailgating,1130,324,488,car,Outer,0.6094400472548532
Tailgating,1130,428,158,car,Outer,0.36326973864317635
Tailgating,1130,231,466,person,Outer,1.5413550713578916
Tailgating,1131,465,384,car,Outer,0.3914051855736585
Tailgating,1131,469,351,car,Outer,1.2368319338005878
Tailgating,1132,465,384,car,Outer,0.4290617401940263
Tailgating,1132,469,351,car,Outer,1.2600434666307703
Tailgating,1133,465,384,car,Outer,0.4616377731750205
Tailgating,1133,469,351,car,Outer,1.124336536508927
Tailgating,1133,324,488,car,Outer,0.641912485781007
Tailgating,1134,384,469,car,Outer,2.5060643728924155
Tailgating,1134,469,351,car,Outer,1.0379421645814262
Tailgating,1134,324,488,car,Outer,0.5926639290472485
Tailgating,1135,384,469,car,Outer,2.504290580952839
Tailgating,1135,469,351,car,Outer,0.9762184507811084
Tailgating,1135,324,488,car,Outer,0.558776747840839
Tailgating,1136,465,384,car,Outer,0.7409560386381369
Tailgating,1136,384,469,car,Outer,2.499091611851664
Tailgating,1136,428,158,car,Outer,0.4120279155668263
Tailgating,1137,465,384,car,Outer,0.734249299821738
Tailgating,1137,469,351,car,Outer,1.0643465988711616
Tailgating,1138,465,384,car,Outer,0.7083128634263017
Tailgating,1138,384,469,car,Outer,2.340768963470663
Tailgating,1138,469,351,car,Outer,1.1489185538891455
Tailgating,1139,465,384,car,Outer,0.7026837007315604
Tailgating,1139,384,469,car,Outer,2.3344764895878485
Tailgating,1139,469,351,car,Outer,1.2066849477369925
Tailgating,1140,465,384,car,Outer,0.7214499558331537
Tailgating,1140,469,351,car,Outer,1.2363668411173352
Tailgating,1142,465,384,car,Outer,0.7703961843147261
Tailgating,1143,465,384,car,Outer,0.8151124415935858
Tailgating,1144,465,384,car,Outer,0.8653509894946668
Tailgating,1144,428,158,car,Outer,0.4160781330615002
Tailgating,1145,465,384,car,Outer,0.9015531180235226
Tailgating,1145,324,488,car,Outer,0.7975492207033926
Tailgating,1145,505,428,person,Outer,0.30021142364235415
Tailgating,1146,465,384,car,Outer,0.9206546790437653
Tailgating,1146,324,488,car,Outer,0.8650966473476597
Tailgating,1147,465,384,car,Outer,0.9594182224938791
Tailgating,1147,324,488,car,Outer,0.903070015455859
Tailgating,1147,505,428,person,Outer,0.14057561027263427
Tailgating,1148,465,384,car,Outer,0.9890027585579168
Tailgating,1148,324,488,car,Outer,0.9369023005271347
Tailgating,1149,465,384,car,Outer,1.033458473572818
Tailgating,1149,324,488,car,Outer,0.830868294969287
Tailgating,1150,465,384,car,Outer,1.0861604106801717
Tailgating,1150,324,488,car,Outer,0.7800200639501093
Tailgating,1151,465,384,car,Outer,1.1224148707180437
Tailgating,1151,324,488,car,Outer,0.733273371872947
Tailgating,1151,505,428,person,Outer,0.019206504615199998
Tailgating,1152,465,384,car,Outer,1.1530067365181336
Tailgating,1152,505,158,person,Outer,0.34125578389664674
Tailgating,1153,465,384,car,Outer,1.2878205389854473
Tailgating,1153,384,469,car,Outer,2.217456484029972
Tailgating,1154,465,384,car,Outer,1.3915265781045498
Tailgating,1154,384,469,car,Outer,2.159407389049252
Tailgating,1154,324,488,car,Outer,0.7804215439625167
Tailgating,1154,505,158,person,Outer,0.328808801832132
Tailgating,1155,465,384,car,Outer,1.461279863653537
Tailgating,1155,384,469,car,Outer,2.1212987464809197
Tailgating,1155,324,488,car,Outer,0.7409968121287673
Tailgating,1155,505,158,person,Outer,0.2778476956423905
Tailgating,1156,465,384,car,Outer,1.520269404645001
Tailgating,1156,324,488,car,Outer,0.850302744865362
Tailgating,1157,465,384,car,Outer,1.576572438118642
Tailgating,1157,664,469,car,Outer,0.03480953197653895
Tailgating,1157,324,488,car,Outer,0.9026352528373685
Tailgating,1157,505,158,person,Outer,0.28525418897532806
Tailgating,1158,465,384,car,Outer,1.6251232033926584
Tailgating,1158,324,488,car,Outer,0.8904184764756616
Tailgating,1158,505,158,person,Outer,0.314102465661939
Tailgating,1159,465,384,car,Outer,1.6645465729233955
Tailgating,1159,664,469,car,Outer,0.04323664171223648
Tailgating,1159,513,158,person,Outer,0.05362211431535303
Tailgating,1160,465,384,car,Outer,1.7125716963356745
Tailgating,1160,428,505,car,Outer,0.19278773781482111
Tailgating,1161,465,384,car,Outer,1.7543780794223598
Tailgating,1161,664,469,car,Outer,0.04488602116353693
Tailgating,1162,465,384,car,Outer,1.7920137711023736
Tailgating,1162,664,469,car,Outer,0.04112610726067597
Tailgating,1162,428,513,car,Outer,0.5353262684205043
Tailgating,1163,465,384,car,Outer,1.8281994866177405
Tailgating,1163,428,513,car,Outer,0.5620186082252957
Tailgating,1164,465,384,car,Outer,1.8575766589197749
Tailgating,1164,664,469,car,Outer,0.046411849508216564
Tailgating,1164,324,488,car,Outer,0.9088055117262586
Tailgating,1165,465,384,car,Outer,1.8914186210134363
Tailgating,1165,324,488,car,Outer,0.913698347002144
Tailgating,1165,428,513,car,Outer,0.6029948162392941
Tailgating,1166,465,384,car,Outer,1.9314425463017313
Tailgating,1166,664,469,car,Outer,0.04492487906069408
Tailgating,1166,324,488,car,Outer,0.724406351477357
Tailgating,1167,465,384,car,Outer,1.976381449051747
Tailgating,1167,664,469,car,Outer,0.047592925936014635
Tailgating,1168,465,384,car,Outer,1.9044910885548583
Tailgating,1168,664,469,car,Outer,0.047256179997011365
Tailgating,1169,465,384,car,Outer,2.0085682633207926
Tailgating,1169,505,158,person,Outer,0.055558682555194645
Tailgating,1170,465,384,car,Outer,1.972676010487451
Tailgating,1170,384,491,car,Outer,2.547662825879966
Tailgating,1171,384,664,car,Outer,2.618634982084821
Tailgating,1171,664,469,car,Outer,0.029812591399036237
Tailgating,1172,384,491,car,Outer,2.6727282093606655
Tailgating,1172,516,428,car,Outer,1.3437361104117331
Tailgating,1172,513,158,person,Outer,0.1633125062252812
Tailgating,1173,516,428,car,Outer,1.4276087029701443
Tailgating,1173,428,513,car,Outer,0.5273947287775416
Tailgating,1173,513,158,person,Outer,0.19141123031430593
Tailgating,1174,516,428,car,Outer,1.4869403785991857
Tailgating,1174,428,513,car,Outer,0.46830826153070837
Tailgating,1174,513,158,person,Outer,0.23379403455522135
Tailgating,1175,516,428,car,Outer,1.5406522503693512
Tailgating,1175,428,513,car,Outer,0.41369439658921486
Tailgating,1175,513,158,person,Outer,0.2948237518312004
Tailgating,1176,516,428,car,Outer,1.6034373521357659
Tailgating,1176,428,513,car,Outer,0.37979210851970985
Tailgating,1176,513,158,person,Outer,0.308272853973105
Tailgating,1177,516,428,car,Outer,1.663824236507717
Tailgating,1178,516,428,car,Outer,1.6997811595910182
Tailgating,1178,428,513,car,Outer,0.3362706394440569
Tailgating,1178,513,158,person,Outer,0.3808797452162057
Tailgating,1179,664,469,car,Outer,0.06666366912277748
Tailgating,1179,516,428,car,Outer,1.8210193674229485
Tailgating,1179,428,513,car,Outer,0.3225539605876846
Tailgating,1180,664,469,car,Outer,0.07261938867936345
Tailgating,1180,516,428,car,Outer,1.9299529501730794
Tailgating,1181,516,428,car,Outer,2.0091750047865116
Tailgating,1182,516,428,car,Outer,2.073237970939769
Tailgating,1183,516,428,car,Outer,2.0202933629717057
Tailgating,1184,516,428,car,Outer,2.125502004883564
Tailgating,1185,384,491,car,Outer,2.6039261261792577
Tailgating,1185,491,469,car,Outer,0.1007308053020786
Tailgating,1185,516,428,car,Outer,2.1651172460012993
Tailgating,1185,428,158,car,Outer,0.8716361178261046
Tailgating,1186,516,428,car,Outer,2.249620632116686
Tailgating,1187,521,512,person,Inner,0.5966600021852793
Tailgating,1188,521,512,person,Inner,0.5709479629549755
Tailgating,1188,523,231,car,Outer,0.4536151530529747
Tailgating,1189,384,491,car,Outer,2.500271673799453
Tailgating,1189,428,158,car,Outer,0.9474446475902146
Tailgating,1189,523,231,car,Outer,0.36707468787528347
Tailgating,1192,384,491,car,Outer,2.520441213474428
Tailgating,1192,324,524,car,Outer,3.8882511143881606
Tailgating,1192,428,158,car,Outer,1.0066142447633597
Tailgating,1193,324,524,car,Outer,3.938175658517443
Tailgating,1193,428,158,car,Outer,1.0376241817734095
Tailgating,1194,384,491,car,Outer,2.4828375069330395
Tailgating,1195,491,469,car,Outer,0.13100426925481978
Tailgating,1195,324,524,car,Outer,3.899954211847559
Tailgating,1195,428,158,car,Outer,1.0119642077886581
Tailgating,1196,384,491,car,Outer,2.3874841756148
Tailgating,1196,491,469,car,Outer,0.13438622674472975
Tailgating,1196,324,524,car,Outer,3.9365821275805466
Tailgating,1197,491,469,car,Outer,0.1409142841303135
Tailgating,1199,491,469,car,Outer,0.17362188819833432
Tailgating,1200,428,158,car,Outer,1.0189115893922451
Tailgating,1201,428,158,car,Outer,1.100720721849768
Tailgating,1202,491,469,car,Outer,0.19892323513056673
Tailgating,1202,428,158,car,Outer,1.068437477706489
Tailgating,1203,491,469,car,Outer,0.20956746577054594
Tailgating,1203,428,158,car,Outer,1.044860122289265
Tailgating,1204,428,158,car,Outer,1.0171413503421292
Tailgating,1205,428,158,car,Outer,1.0312047177937667
Tailgating,1206,428,158,car,Outer,1.0511528646421213
Tailgating,1207,428,158,car,Outer,1.0701892795804873
Tailgating,1208,384,469,car,Outer,2.170127728739012
Tailgating,1209,384,469,car,Outer,2.227818922678908
Tailgating,1210,384,469,car,Outer,2.265505138805383
Tailgating,1210,428,158,car,Outer,1.1124343450659349
Tailgating,1211,428,158,car,Outer,1.0978508141561782
Tailgating,1212,428,158,car,Outer,1.070906799444005
Tailgating,1214,521,535,person,Inner,1.602757640177643
Tailgating,1218,521,535,person,Inner,1.5616970912676817
Tailgating,1218,428,158,car,Outer,1.1890554836986262
Tailgating,1218,532,548,person,Outer,3.7373938359209764
Tailgating,1219,428,158,car,Outer,1.2570864710106282
Tailgating,1219,532,548,person,Outer,3.794117373965629
Tailgating,1220,532,548,person,Outer,3.852900502631867
Tailgating,1221,532,548,person,Outer,3.8890595829759644
Tailgating,1222,469,351,car,Outer,1.4155454626608608
Tailgating,1223,532,548,person,Outer,3.9531968687044
Tailgating,1226,521,535,person,Inner,1.2078080159781166
Tailgating,1226,532,548,person,Outer,3.9924081880980706
Tailgating,1227,469,351,car,Outer,1.426270779575338
Tailgating,1227,532,548,person,Outer,3.9992790540271974
Tailgating,1228,469,351,car,Outer,1.4695366895340323
Tailgating,1231,532,554,person,Outer,3.674094696436637
Tailgating,1232,532,554,person,Outer,3.801692514888997
Tailgating,1232,554,548,motorcycle,Outer,0.1650168751550038
Tailgating,1233,469,351,car,Outer,1.4754597071117714
Tailgating,1233,555,524,car,Outer,3.4249079241715985
Tailgating,1233,554,548,motorcycle,Outer,0.0929155608675201
Tailgating,1234,469,351,car,Outer,1.4382762031072305
Tailgating,1234,554,548,motorcycle,Outer,0.014072661598164801
Tailgating,1235,554,231,motorcycle,Outer,2.6261516590442486
Tailgating,1236,554,231,motorcycle,Outer,2.5398997620181856
Tailgating,1237,469,351,car,Outer,1.4396708073180384
Tailgating,1237,555,524,car,Outer,2.9397159850723464
Tailgating,1237,554,231,motorcycle,Outer,2.4461440761229682
Tailgating,1238,555,524,car,Outer,2.8956278379449287
Tailgating,1238,554,231,motorcycle,Outer,2.3708562593428337
Tailgating,1239,554,231,motorcycle,Outer,2.2833965484286383
Tailgating,1240,554,231,motorcycle,Outer,2.19199533019727
Tailgating,1241,558,324,person,Outer,0.38753830516509397
Tailgating,1241,554,231,motorcycle,Outer,2.1232584911316064
Tailgating,1242,558,324,person,Outer,0.42338439887558116
Tailgating,1242,554,231,motorcycle,Outer,2.0501671700312527
Tailgating,1243,469,558,car,Outer,1.503876888449468
Tailgating,1243,558,22,person,Outer,0.02848399156597396
Tailgating,1243,554,231,motorcycle,Outer,1.967972524071147
Tailgating,1244,558,22,person,Outer,0.06956129550987891
Tailgating,1244,554,231,motorcycle,Outer,1.8653450869538515
Tailgating,1245,469,558,car,Outer,1.4667184429689013
Tailgating,1245,558,22,person,Outer,0.09923804042983841
Tailgating,1245,554,231,motorcycle,Outer,1.7845972110380999
Tailgating,1246,469,558,car,Outer,1.4634243798665056
Tailgating,1246,558,22,person,Outer,0.13988635041025332
Tailgating,1246,554,231,motorcycle,Outer,1.7045839908153304
Tailgating,1247,558,22,person,Outer,0.18561692020419124
Tailgating,1247,554,231,motorcycle,Outer,1.6186929402809445
Tailgating,1248,558,22,person,Outer,0.22325094729402253
Tailgating,1248,554,231,motorcycle,Outer,1.5292453239188002
Tailgating,1249,558,22,person,Outer,0.28727812419715504
Tailgating,1249,554,231,motorcycle,Outer,1.4415656678288222
Tailgating,1250,558,351,person,Outer,0.39945528656203333
Tailgating,1250,554,231,motorcycle,Outer,1.357934588093095
Tailgating,1251,558,22,person,Outer,0.3828486109476963
Tailgating,1251,554,231,motorcycle,Outer,1.2533537659343679
Tailgating,1252,558,351,person,Outer,0.48217583002544373
Tailgating,1252,554,231,motorcycle,Outer,1.152566392524622
Tailgating,1253,558,22,person,Outer,0.4741093503799811
Tailgating,1253,554,231,motorcycle,Outer,1.1602063279524324
Tailgating,1254,558,22,person,Outer,0.5611149791551211
Tailgating,1254,554,231,motorcycle,Outer,1.014770177208723
Tailgating,1255,558,22,person,Outer,0.6142533546056083
Tailgating,1255,554,231,motorcycle,Outer,0.902027027243499
Tailgating,1256,558,22,person,Outer,0.6658123061679818
Tailgating,1256,554,466,motorcycle,Outer,0.5235778244785266
Tailgating,1257,558,22,person,Outer,0.7155423928488517
Tailgating,1258,558,22,person,Outer,0.7545680569326725
Tailgating,1258,554,552,motorcycle,Outer,3.508880853683592
Tailgating,1259,558,22,person,Outer,0.8061194562261119
Tailgating,1259,554,552,motorcycle,Outer,2.9152250537837743
Tailgating,1260,558,22,person,Outer,0.8629854997502123
Tailgating,1260,554,552,motorcycle,Outer,2.6928544980339724
Tailgating,1261,558,22,person,Outer,0.8949229646746715
Tailgating,1261,466,554,person,Outer,0.7984047007123897
Tailgating,1262,469,558,car,Outer,0.5981454724132524
Tailgating,1262,558,22,person,Outer,0.9285374744709022
Tailgating,1263,558,22,person,Outer,0.9718808013472184
Tailgating,1264,558,22,person,Outer,1.0279193414871073
Tailgating,1265,558,22,person,Outer,1.118092214980781
Tailgating,1266,558,22,person,Outer,1.2198090791896696
Tailgating,1267,528,564,person,Inner,3.469955018288386
Tailgating,1267,469,558,car,Outer,0.24303883248863156
Tailgating,1267,558,22,person,Outer,1.2992331156750618
Tailgating,1268,528,564,person,Inner,3.460320898119566
Tailgating,1268,558,22,person,Outer,1.363570116248926
Tailgating,1269,528,564,person,Inner,3.558401000309539
Tailgating,1269,558,22,person,Outer,1.4220305216896731
Tailgating,1269,554,466,motorcycle,Outer,0.7667755002760321
Tailgating,1270,528,564,person,Inner,3.6290704275171985
Tailgating,1270,558,22,person,Outer,1.4665239171416566
Tailgating,1270,568,158,car,Outer,1.7988086999512727
Tailgating,1270,554,466,motorcycle,Outer,0.9871129742500225
Tailgating,1271,528,564,person,Inner,3.600332483018956
Tailgating,1271,558,469,person,Outer,0.00030727313203720284
Tailgating,1271,568,158,car,Outer,1.655412210743319
Tailgating,1271,554,466,motorcycle,Outer,0.9782953288626278
Tailgating,1272,528,564,person,Inner,3.584948333543298
Tailgating,1272,558,469,person,Outer,0.04072501897458624
Tailgating,1272,567,524,person,Outer,1.2785997019783217
Tailgating,1272,568,158,car,Outer,1.8356744568108732
Tailgating,1272,554,466,motorcycle,Outer,0.9143345626525704
Tailgating,1273,558,469,person,Outer,0.08080360220010809
Tailgating,1273,568,158,car,Outer,1.9447445946156425
Tailgating,1273,554,466,motorcycle,Outer,0.8288053966460674
Tailgating,1274,558,469,person,Outer,0.11916122062248151
Tailgating,1274,568,158,car,Outer,2.0195405018159525
Tailgating,1274,554,466,motorcycle,Outer,0.7585024486536944
Tailgating,1275,558,469,person,Outer,0.15309240157770274
Tailgating,1275,568,158,car,Outer,2.0633866908979472
Tailgating,1275,554,466,motorcycle,Outer,0.6163281890978612
Tailgating,1276,558,22,person,Outer,1.7184767856386296
Tailgating,1276,568,158,car,Outer,2.102547165197402
Tailgating,1276,554,466,motorcycle,Outer,0.5148018876429138
Tailgating,1277,558,22,person,Outer,1.776372714409998
Tailgating,1277,568,158,car,Outer,2.135404167560864
Tailgating,1277,554,466,motorcycle,Outer,0.3984798764513159
Tailgating,1278,572,558,car,Outer,1.7676193942018108
Tailgating,1278,558,22,person,Outer,1.8409512733285398
Tailgating,1278,568,158,car,Outer,2.163782392872485
Tailgating,1278,554,466,motorcycle,Outer,0.28063706932612525
Tailgating,1279,558,22,person,Outer,1.9005639052245207
Tailgating,1279,554,466,motorcycle,Outer,0.1932009095947515
Tailgating,1280,572,558,car,Outer,1.7039170461644912
Tailgating,1280,558,22,person,Outer,1.9585523670272589
Tailgating,1280,554,466,motorcycle,Outer,0.10816476940471242
Tailgating,1281,572,558,car,Outer,1.683806902194357
Tailgating,1281,558,22,person,Outer,2.0082935188822972
Tailgating,1281,554,466,motorcycle,Outer,0.02242122219997297
Tailgating,1282,572,558,car,Outer,1.671563447857564
Tailgating,1282,558,469,person,Outer,0.8313067048734419
Tailgating,1282,469,22,car,Outer,1.0429028750698663
Tailgating,1283,572,558,car,Outer,1.6609547593053122
Tailgating,1283,558,469,person,Outer,0.9196333572439667
Tailgating,1284,572,558,car,Outer,1.627642885797559
Tailgating,1284,558,469,person,Outer,1.002249856674787
Tailgating,1285,572,558,car,Outer,1.616624561339326
Tailgating,1285,558,469,person,Outer,0.8587968066812012
Tailgating,1285,469,22,car,Outer,1.1491892225146096
Tailgating,1286,572,558,car,Outer,1.6096325008204329
Tailgating,1286,558,469,person,Outer,0.7643646999054868
Tailgating,1286,469,22,car,Outer,1.272049060919534
Tailgating,1287,572,558,car,Outer,1.5981266144358328
Tailgating,1287,558,469,person,Outer,0.7380778818193265
Tailgating,1287,469,22,car,Outer,1.3386233354500987
Tailgating,1287,524,568,person,Outer,1.856230294015596
Tailgating,1288,572,558,car,Outer,1.6063273433538467
Tailgating,1288,558,469,person,Outer,0.737072955795117
Tailgating,1288,469,22,car,Outer,1.3710837642177387
Tailgating,1289,572,558,car,Outer,1.5842264611245935
Tailgating,1289,558,469,person,Outer,0.7596315282681326
Tailgating,1290,572,558,car,Outer,1.5562930389609537
Tailgating,1290,558,469,person,Outer,0.8070530075050361
Tailgating,1291,554,529,motorcycle,Inner,3.60098467066729
Tailgating,1291,572,558,car,Outer,1.5611620522885132
Tailgating,1291,558,22,person,Outer,2.498164246972161
Tailgating,1292,554,529,motorcycle,Inner,3.0301189267633024
Tailgating,1292,572,558,car,Outer,1.5401868196895454
Tailgating,1292,558,22,person,Outer,2.5558346522556517
Tailgating,1293,554,529,motorcycle,Inner,2.867222364944233
Tailgating,1293,572,558,car,Outer,1.5333111974460696
Tailgating,1293,558,22,person,Outer,2.6157731586158053
Tailgating,1294,554,529,motorcycle,Inner,2.8488735180853695
Tailgating,1294,572,384,car,Outer,0.014156526745108249
Tailgating,1294,558,22,person,Outer,2.6835299316990056
Tailgating,1295,554,529,motorcycle,Inner,2.859824955995847
Tailgating,1295,572,384,car,Outer,0.06080616312520021
Tailgating,1295,558,22,person,Outer,2.773111589567859
Tailgating,1296,554,529,motorcycle,Inner,2.881276661352346
Tailgating,1296,572,384,car,Outer,0.10278492375109605
Tailgating,1296,558,22,person,Outer,2.8467325547901234
Tailgating,1297,554,529,motorcycle,Inner,2.919512184859919
Tailgating,1297,572,384,car,Outer,0.1322637269078537
Tailgating,1297,558,22,person,Outer,2.8975714138336413
Tailgating,1298,572,384,car,Outer,0.1678526122339048
Tailgating,1298,558,22,person,Outer,2.9625438016062815
Tailgating,1299,572,384,car,Outer,0.18767782267568783
Tailgating,1299,558,22,person,Outer,3.0288882312157335
Tailgating,1300,572,384,car,Outer,0.22072717242948264
Tailgating,1300,558,22,person,Outer,3.1171849347745573
Tailgating,1301,554,529,motorcycle,Inner,2.987275333081585
Tailgating,1301,572,384,car,Outer,0.25083144450676104
Tailgating,1301,558,22,person,Outer,3.2015609011080537
Tailgating,1302,572,384,car,Outer,0.28234269174073895
Tailgating,1302,558,22,person,Outer,3.2690180917481553
Tailgating,1303,572,384,car,Outer,0.3087298193119009
Tailgating,1303,558,22,person,Outer,3.3261095062766897
Tailgating,1304,572,384,car,Outer,0.3396420926276768
Tailgating,1304,558,585,person,Outer,3.705328890540438
Tailgating,1305,572,384,car,Outer,0.3685363766338279
Tailgating,1305,558,585,person,Outer,3.780735234457536
Tailgating,1306,572,384,car,Outer,0.40535731487743626
Tailgating,1306,558,585,person,Outer,3.801318661916294
Tailgating,1306,585,22,motorcycle,Outer,0.10453558776316386
Tailgating,1307,572,384,car,Outer,0.5098500322881085
Tailgating,1307,384,558,car,Outer,0.4268168159507863
Tailgating,1307,558,585,person,Outer,3.812521497081931
Tailgating,1307,585,22,motorcycle,Outer,0.15551946102846975
Tailgating,1308,572,384,car,Outer,0.5309089413863306
Tailgating,1308,558,585,person,Outer,3.843215911713603
Tailgating,1308,585,22,motorcycle,Outer,0.1917809177137748
Tailgating,1309,572,384,car,Outer,0.5880145915053335
Tailgating,1309,558,585,person,Outer,3.8695238407909027
Tailgating,1309,585,22,motorcycle,Outer,0.21602971220695893
Tailgating,1310,572,384,car,Outer,0.6506369422594096
Tailgating,1310,558,585,person,Outer,3.8991551915325697
Tailgating,1310,585,22,motorcycle,Outer,0.24211635480644125
Tailgating,1311,572,384,car,Outer,0.70852715637974
Tailgating,1311,558,585,person,Outer,3.9342397986166526
Tailgating,1311,585,22,motorcycle,Outer,0.2664338348557103
Tailgating,1312,572,384,car,Outer,0.8112885857799526
Tailgating,1312,384,558,car,Outer,0.013360635435584483
Tailgating,1312,558,585,person,Outer,3.965151350480641
Tailgating,1312,585,22,motorcycle,Outer,0.3154424688139203
Tailgating,1313,572,558,car,Outer,0.8584959194726737
Tailgating,1313,558,384,person,Outer,0.03854111295606429
Tailgating,1313,585,22,motorcycle,Outer,0.38354658995834673
Tailgating,1313,568,158,car,Outer,2.645787710934289
Tailgating,1314,572,558,car,Outer,0.8563870025131511
Tailgating,1314,558,384,person,Outer,0.15539594982429217
Tailgating,1314,384,481,car,Outer,2.0819413006728618
Tailgating,1314,585,22,motorcycle,Outer,0.4366061746446486
Tailgating,1315,572,558,car,Outer,0.8358592069459784
Tailgating,1315,558,384,person,Outer,0.2646696033495871
Tailgating,1315,585,22,motorcycle,Outer,0.4443196937828583
Tailgating,1316,572,558,car,Outer,0.7965021494208693
Tailgating,1316,558,384,person,Outer,0.32572292853188495
Tailgating,1316,469,585,car,Outer,0.965229165429216
Tailgating,1316,585,22,motorcycle,Outer,0.5014464755689734
Tailgating,1317,572,558,car,Outer,0.786544334294633
Tailgating,1317,558,384,person,Outer,0.425702557849802
Tailgating,1317,585,22,motorcycle,Outer,0.5790943180816831
Tailgating,1318,572,558,car,Outer,0.7540980788819881
Tailgating,1318,558,384,person,Outer,0.5289096377398982
Tailgating,1319,572,558,car,Outer,0.7265110200822134
Tailgating,1319,558,384,person,Outer,0.6178183584957679
Tailgating,1320,572,558,car,Outer,0.589614835632542
Tailgating,1320,558,384,person,Outer,0.6878066859184858
Tailgating,1321,558,384,person,Outer,0.7798070348427897
Tailgating,1322,572,558,car,Outer,0.557197774493924
Tailgating,1322,558,384,person,Outer,0.8475262283971571
Tailgating,1323,572,558,car,Outer,0.5969656612486521
Tailgating,1323,558,384,person,Outer,0.8995994165745097
Tailgating,1324,572,558,car,Outer,0.6212414258079292
Tailgating,1324,558,384,person,Outer,0.9420804279986466
Tailgating,1325,558,384,person,Outer,0.8858561220204071
Tailgating,1325,384,481,car,Outer,2.0694201324362984
Tailgating,1326,558,384,person,Outer,0.866956709523075
Tailgating,1326,384,481,car,Outer,2.130705869946872
Tailgating,1327,572,558,car,Outer,0.6199459302153746
Tailgating,1327,558,384,person,Outer,0.8765505957357719
Tailgating,1327,384,481,car,Outer,2.171157309359233
Tailgating,1328,572,558,car,Outer,0.7389997291662563
Tailgating,1328,558,384,person,Outer,0.8983604575327725
Tailgating,1329,572,558,car,Outer,0.8045467297439065
Tailgating,1329,558,384,person,Outer,0.9283294049706935
Tailgating,1330,572,384,car,Outer,1.722696925356896
Tailgating,1331,572,384,car,Outer,1.7824114002078588
Tailgating,1331,568,158,car,Outer,2.925146369205494
Tailgating,1332,572,384,car,Outer,1.8302057006376757
Tailgating,1333,572,384,car,Outer,1.8730492041637292
Tailgating,1333,469,22,car,Outer,1.2997667772151917
Tailgating,1334,572,384,car,Outer,1.9128118373252696
Tailgating,1335,572,384,car,Outer,2.0912898969428393
Tailgating,1338,572,384,car,Outer,2.118277572535064
Tailgating,1340,572,384,car,Outer,2.18336653274883
Tailgating,1341,572,384,car,Outer,2.226555123505021
Tailgating,1342,572,384,car,Outer,2.2835081615445847
Tailgating,1342,469,22,car,Outer,1.4281325253253612
Tailgating,1343,324,555,car,Outer,0.7041169330586171
Tailgating,1344,324,555,car,Outer,0.6486646422515621
Tailgating,1345,324,555,car,Outer,0.6092279269277013
Tailgating,1345,568,158,car,Outer,3.0550806628378067
Tailgating,1346,568,158,car,Outer,3.098711732659449
Tailgating,1347,384,469,car,Outer,2.0482317979574183
Tailgating,1347,568,158,car,Outer,3.1288583613296237
Tailgating,1350,524,568,person,Outer,0.5460023861707488
Tailgating,1351,596,158,car,Outer,2.6672180777355083
Tailgating,1352,524,568,person,Outer,0.46540056196516566
Tailgating,1352,596,158,car,Outer,2.733391911838272
Tailgating,1353,524,568,person,Outer,0.4072642641623885
Tailgating,1353,596,158,car,Outer,2.8031959213076765
Tailgating,1354,324,555,car,Outer,0.691788858441739
Tailgating,1354,524,568,person,Outer,0.37131342036666126
Tailgating,1354,596,158,car,Outer,2.909891898833311
Tailgating,1355,324,555,car,Outer,0.754922552776065
Tailgating,1355,524,568,person,Outer,0.34232376941322357
Tailgating,1355,596,158,car,Outer,2.962238907341937
Tailgating,1356,324,555,car,Outer,0.7978300391114809
Tailgating,1356,524,568,person,Outer,0.298092818820317
Tailgating,1357,324,555,car,Outer,0.8416152127528965
Tailgating,1360,568,158,car,Outer,3.1804087050882206
Tailgating,1363,384,469,car,Outer,2.269174841793566
Tailgating,1366,568,158,car,Outer,3.2682546939850488
Tailgating,1368,568,158,car,Outer,3.345960524621186
Tailgating,1376,22,324,car,Outer,0.3089138935022232
Tailgating,1387,568,158,car,Outer,3.444142430555461
Tailgating,1389,469,22,car,Outer,1.4339019464245149
Tailgating,1390,568,158,car,Outer,3.4629856703368445
Tailgating,1391,568,158,car,Outer,3.50238332060536
Tailgating,1398,384,469,car,Outer,2.2179862697122243
Tailgating,1399,384,469,car,Outer,2.1599692675532323
Tailgating,1400,384,469,car,Outer,2.2178782959425725
Tailgating,1401,384,469,car,Outer,2.2555077787953346
Tailgating,1403,384,469,car,Outer,2.2028610292807973
Tailgating,1403,568,158,car,Outer,3.6517651151354875
Tailgating,1404,384,469,car,Outer,2.1525323260235716
Tailgating,1405,384,469,car,Outer,2.120093206988148
Tailgating,1408,384,469,car,Outer,2.1790245739732876
Tailgating,1409,384,469,car,Outer,2.1409742832539895
Tailgating,1410,384,469,car,Outer,2.2039642994068314
Tailgating,1411,384,469,car,Outer,2.1571545971245425
Tailgating,1412,384,469,car,Outer,2.2249159995006687
Tailgating,1413,384,469,car,Outer,2.2657010760242917
Tailgating,1414,384,469,car,Outer,2.200596638594173
Tailgating,1415,384,469,car,Outer,2.251070167025463
Tailgating,1416,384,469,car,Outer,2.283965393730325
Tailgating,1417,384,469,car,Outer,2.215088549147686
Tailgating,1418,384,469,car,Outer,2.2546009872711608
Tailgating,1420,384,469,car,Outer,2.2100594602847514
Tailgating,1421,384,469,car,Outer,2.1607926821830277
Tailgating,1421,568,158,car,Outer,3.8068307463964293
Tailgating,1422,384,469,car,Outer,2.2270700897172064
Tailgating,1422,568,158,car,Outer,3.8384061084023053
Tailgating,1423,384,469,car,Outer,2.2653350172991864
Tailgating,1427,568,158,car,Outer,3.9058069500343673
Tailgating,1428,568,158,car,Outer,3.919282353417891
Tailgating,1429,384,469,car,Outer,2.2463700348701545
Tailgating,1430,384,469,car,Outer,2.2840227624031204
Tailgating,1464,384,469,car,Outer,2.2792425133460275
Tailgating,1465,384,469,car,Outer,2.239464376710171
Tailgating,1468,626,628,car,Outer,1.3209398557154646
Tailgating,1469,626,628,car,Outer,1.330428699451948
Tailgating,1470,628,158,person,Outer,3.060490792258206
Tailgating,1473,628,158,person,Outer,2.9834855406084757
Tailgating,1474,627,384,car,Outer,0.10489395034355833
Tailgating,1481,384,469,car,Outer,2.2264353709782463
Tailgating,1482,384,469,car,Outer,2.1648785710207927
Tailgating,1483,384,469,car,Outer,2.118026960737691
Tailgating,1484,628,158,person,Outer,2.8010254449202594
Tailgating,1485,631,626,person,Outer,0.42662441573965737
Tailgating,1485,628,158,person,Outer,2.7744002924490188
Tailgating,1487,631,626,person,Outer,0.49513607456936987
Tailgating,1489,631,626,person,Outer,0.5519396239139822
Tailgating,1490,631,626,person,Outer,0.5792295608463274
Tailgating,1491,631,626,person,Outer,0.6192345482303163
Tailgating,1492,631,626,person,Outer,0.662296107551601
Tailgating,1493,631,626,person,Outer,0.6995565518767821
Tailgating,1500,324,555,car,Outer,0.7424305859020995
Tailgating,1501,324,555,car,Outer,0.684877799278677
Tailgating,1502,324,555,car,Outer,0.6423360628926011
Tailgating,1503,324,555,car,Outer,0.6174402414629699
Tailgating,1508,384,22,car,Outer,3.7043710377471575
Tailgating,1508,22,324,car,Outer,0.6525711132180666
Tailgating,1510,384,22,car,Outer,3.787517741809958
Tailgating,1510,324,555,car,Outer,0.6811954173862185
Tailgating,1511,324,555,car,Outer,0.7512016612801441
Tailgating,1512,384,469,car,Outer,2.2823423309616784
Tailgating,1512,324,555,car,Outer,0.7879394409361541
Tailgating,1513,324,555,car,Outer,0.7148586181588403
Tailgating,1514,324,555,car,Outer,0.6633362905309191
Tailgating,1515,324,555,car,Outer,0.6305205362891834
Tailgating,1521,384,469,car,Outer,2.2763591076144007
Tailgating,1522,384,469,car,Outer,2.2296512765392196
Tailgating,1523,384,469,car,Outer,2.182365466265029
Tailgating,1523,22,324,car,Outer,0.526752690220182
Tailgating,1523,324,555,car,Outer,0.673658329148382
Tailgating,1524,384,469,car,Outer,2.150037026631751
Tailgating,1524,324,555,car,Outer,0.7433524208072669
Tailgating,1525,324,555,car,Outer,0.7904701162455524
Tailgating,1526,324,555,car,Outer,0.821732556198695
Tailgating,1528,324,555,car,Outer,0.8792182301416025
Tailgating,1530,641,469,car,Inner,1.1287308026365006
Tailgating,1531,324,555,car,Outer,0.8913002120299054
Tailgating,1533,641,469,car,Inner,1.0643623119429244
Tailgating,1533,384,22,car,Outer,3.7897727607750293
Tailgating,1534,641,469,car,Inner,0.9975491066711162
Tailgating,1535,641,469,car,Inner,0.9530588546354919
Tailgating,1537,652,469,car,Outer,0.7015408922160647
Tailgating,1538,652,469,car,Outer,0.6990623801682364
Tailgating,1539,652,469,car,Outer,0.7155653102238798
Tailgating,1540,652,469,car,Outer,0.7458290649806603
Tailgating,1541,652,469,car,Outer,0.793080609074147
Tailgating,1542,652,469,car,Outer,0.8203196595324552
Tailgating,1543,652,469,car,Outer,0.8331590412418016
Tailgating,1544,652,469,car,Outer,0.8470544462687124
Tailgating,1545,652,469,car,Outer,0.8570854466598733
Tailgating,1546,652,469,car,Outer,0.8749417043141807
Tailgating,1547,384,652,car,Outer,1.7204430192519777
Tailgating,1547,652,469,car,Outer,0.8885091604590648
Tailgating,1548,384,652,car,Outer,1.7323095127597308
Tailgating,1548,652,469,car,Outer,0.908439303296236
Tailgating,1549,384,652,car,Outer,1.632034885323685
Tailgating,1549,652,469,car,Outer,0.925675538776518
Tailgating,1550,384,652,car,Outer,1.5641451503857593
Tailgating,1550,652,469,car,Outer,0.9382656680021672
Tailgating,1551,652,469,car,Outer,0.9509125333742442
Tailgating,1552,652,469,car,Outer,1.0235371247045382
Tailgating,1553,384,652,car,Outer,1.478023347464843
Tailgating,1553,652,469,car,Outer,1.0459384877472373
Tailgating,1554,652,469,car,Outer,1.1318784060606677
Tailgating,1555,384,652,car,Outer,1.3847464002029577
Tailgating,1555,652,469,car,Outer,1.1927507248022595
Tailgating,1555,648,231,motorcycle,Outer,0.029234853725075727
Tailgating,1556,652,469,car,Outer,1.2346392539869642
Tailgating,1556,648,231,motorcycle,Outer,0.1860084776539544
Tailgating,1557,384,652,car,Outer,1.3526157269178631
Tailgating,1557,652,469,car,Outer,1.2591610308463022
Tailgating,1557,648,231,motorcycle,Outer,0.3515207256717608
Tailgating,1558,648,647,motorcycle,Inner,3.0591017918383425
Tailgating,1558,652,469,car,Outer,1.2816764754156404
Tailgating,1559,648,647,motorcycle,Inner,2.7975886996777843
Tailgating,1560,648,647,motorcycle,Inner,2.7119804198006863
Tailgating,1561,648,647,motorcycle,Inner,2.6858721637510694
Tailgating,1564,652,469,car,Outer,1.3531098058202953
Tailgating,1567,652,469,car,Outer,1.35273130709883
Tailgating,1568,652,469,car,Outer,1.3422320648631252
Tailgating,1569,652,469,car,Outer,1.361951240266233
Tailgating,1570,652,469,car,Outer,1.3755524870770761
Tailgating,1571,652,469,car,Outer,1.3806498818892265
Tailgating,1572,652,469,car,Outer,1.3956030417939713
Tailgating,1573,652,469,car,Outer,1.472668122849725
Tailgating,1574,652,469,car,Outer,1.5315986153637324
Tailgating,1575,652,469,car,Outer,1.5914713792594541
Tailgating,1575,324,555,car,Outer,0.8341052501070335
Tailgating,1576,652,469,car,Outer,1.5356469172834393
Tailgating,1577,652,469,car,Outer,1.4849680886773098
Tailgating,1578,652,469,car,Outer,1.4785000090776836
Tailgating,1579,652,469,car,Outer,1.483221587787603
Tailgating,1580,652,469,car,Outer,1.4643710815053153
Tailgating,1580,22,324,car,Outer,0.42730988955080085
Tailgating,1580,324,626,car,Outer,3.8453777903246875
Tailgating,1581,652,469,car,Outer,1.465142333484932
Tailgating,1582,22,324,car,Outer,0.4591811851933324
Tailgating,1582,324,626,car,Outer,3.796458058088729
Tailgating,1583,22,324,car,Outer,0.43710151418227383
Tailgating,1583,324,626,car,Outer,3.821112612707827
Tailgating,1586,384,469,car,Outer,2.225376087918706
Tailgating,1587,384,469,car,Outer,2.1938506147739485
Tailgating,1610,680,469,motorcycle,Outer,0.5527168783734712
Tailgating,1611,680,469,motorcycle,Outer,0.6110314619580833
Tailgating,1612,680,469,motorcycle,Outer,0.6769463628814111
Tailgating,1619,685,469,motorcycle,Outer,0.9683363418664855
Tailgating,1620,685,469,motorcycle,Outer,1.0040188229684437
Tailgating,1621,685,22,motorcycle,Outer,1.1486436936548232
Tailgating,1647,696,231,car,Outer,0.9774623218454536
Tailgating,1648,696,231,car,Outer,0.8311661790035418
Tailgating,1649,696,231,car,Outer,0.6737572856721266
Tailgating,1650,696,231,car,Outer,0.5374141417245186
Tailgating,1651,696,231,car,Outer,0.39964232602523314
Tailgating,1652,696,231,car,Outer,0.2840246780962245
Tailgating,1653,696,231,car,Outer,0.17796657650218362
Tailgating,1654,696,231,car,Outer,0.013746233304454967
Tailgating,1657,700,469,motorcycle,Outer,2.949454775417925
Tailgating,1658,700,469,motorcycle,Outer,2.980071882261976
Tailgating,1659,700,469,motorcycle,Outer,3.029217022026089
Tailgating,1660,700,469,motorcycle,Outer,3.086609713715845
Tailgating,1661,700,469,motorcycle,Outer,3.1646436107126585
Tailgating,1662,700,469,motorcycle,Outer,3.223679624406367
Tailgating,1663,700,469,motorcycle,Outer,3.2649422773769574
Tailgating,1665,700,469,motorcycle,Outer,3.3606320087512676
Tailgating,1666,700,469,motorcycle,Outer,3.3797828301872426
Tailgating,1667,700,469,motorcycle,Outer,3.3784631524548443
Tailgating,1667,231,696,person,Outer,1.6701314836011727
Tailgating,1668,700,641,motorcycle,Inner,2.408017841194342
Tailgating,1669,700,641,motorcycle,Inner,2.427704599386496
Tailgating,1672,700,469,motorcycle,Outer,3.717982147139987
Tailgating,1673,700,469,motorcycle,Outer,3.9198430884064326
Tailgating,1678,700,469,motorcycle,Outer,2.147895268316977
Tailgating,1679,700,469,motorcycle,Outer,1.5468112790933037
Tailgating,1680,700,469,motorcycle,Outer,1.3215335991090345
Tailgating,1681,700,469,motorcycle,Outer,1.2930133515409816
Tailgating,1682,700,469,motorcycle,Outer,1.3528276093963074
Tailgating,1683,700,469,motorcycle,Outer,1.4302706329028212
Tailgating,1684,700,469,motorcycle,Outer,1.5213615447507585
Tailgating,1685,700,469,motorcycle,Outer,1.5979971748442543
Tailgating,1686,700,469,motorcycle,Outer,1.6738265816419402
Tailgating,1687,700,469,motorcycle,Outer,1.761556771931542
Tailgating,1688,700,469,motorcycle,Outer,1.8376706282333313
Tailgating,1689,700,469,motorcycle,Outer,1.9217799668744444
Tailgating,1690,700,469,motorcycle,Outer,1.9846390465397974
Tailgating,1691,700,469,motorcycle,Outer,2.054939534136675
Tailgating,1691,548,231,person,Outer,2.731777061558815
Tailgating,1692,700,469,motorcycle,Outer,2.123837935375573
Tailgating,1692,548,231,person,Outer,2.7171282826753447
Tailgating,1693,700,469,motorcycle,Outer,2.1820736191545946
Tailgating,1693,548,231,person,Outer,2.695401560157679
Tailgating,1694,700,469,motorcycle,Outer,2.2452154629725283
Tailgating,1695,700,469,motorcycle,Outer,2.2468135575638626
Tailgating,1696,700,469,motorcycle,Outer,2.3582004379187866
Tailgating,1697,700,469,motorcycle,Outer,2.455603119559011
Tailgating,1698,700,469,motorcycle,Outer,2.518653779814418
Tailgating,1699,700,469,motorcycle,Outer,2.5811144421108634
Tailgating,1700,700,469,motorcycle,Outer,2.638349743148746
Tailgating,1701,700,469,motorcycle,Outer,2.7474230087489087
Tailgating,1710,548,231,person,Outer,2.2411842653434477
Tailgating,1712,22,324,car,Outer,0.26884131645977616
Tailgating,1712,231,708,person,Outer,1.5293497968359906
Tailgating,1725,231,708,person,Outer,1.3251108004526984
Tailgating,1726,231,708,person,Outer,1.3066973377918953
Tailgating,1727,231,708,person,Outer,1.307069222466477
Tailgating,1730,231,708,person,Outer,1.2795539448901245
Tailgating,1731,548,231,person,Outer,1.819290857375087
Tailgating,1732,231,708,person,Outer,1.4465170640911005
Tailgating,1775,676,22,car,Outer,1.295695538135068
Tailgating,1806,22,324,car,Outer,0.2309750389714752
Tailgating,1822,728,676,motorcycle,Outer,0.06895984209921198
Tailgating,1823,728,676,motorcycle,Outer,0.09631155502867077
Tailgating,1824,728,676,motorcycle,Outer,0.1366761706441021
Tailgating,1825,728,676,motorcycle,Outer,0.15326351547056666
Tailgating,1826,728,676,motorcycle,Outer,0.20438111737307113
Tailgating,1827,728,22,motorcycle,Outer,0.39943022809318707
Tailgating,1828,728,324,motorcycle,Outer,0.25624562854032185
Tailgating,1829,728,324,motorcycle,Outer,0.16578811879235184
Tailgating,1831,728,324,motorcycle,Outer,0.23138132119449575
Tailgating,1832,728,324,motorcycle,Outer,0.3071762935896665
Tailgating,1833,728,22,motorcycle,Outer,0.04366846865041633
Tailgating,1834,728,22,motorcycle,Outer,0.1351646937702825
Tailgating,1835,728,22,motorcycle,Outer,0.1880270856283187
Tailgating,1836,728,22,motorcycle,Outer,0.25908786922813754
Tailgating,1837,728,22,motorcycle,Outer,0.3210597153828555
Tailgating,1838,728,22,motorcycle,Outer,0.3945510929016274
Tailgating,1839,728,22,motorcycle,Outer,0.46590714967355124
Tailgating,1840,728,22,motorcycle,Outer,0.4901167647428118
Tailgating,1841,730,759,motorcycle,Outer,3.7297337151044943
Tailgating,1842,728,22,motorcycle,Outer,0.5591478720074604
Tailgating,1842,730,759,motorcycle,Outer,3.43518783348708
Tailgating,1843,728,22,motorcycle,Outer,0.6197848460062376
Tailgating,1843,730,759,motorcycle,Outer,3.316011463134509
Tailgating,1844,728,22,motorcycle,Outer,0.665932711542526
Tailgating,1845,728,22,motorcycle,Outer,0.71461316381699
Tailgating,1845,730,759,motorcycle,Outer,3.221391433229059
Tailgating,1846,728,22,motorcycle,Outer,0.7634467417048098
Tailgating,1846,730,759,motorcycle,Outer,3.1730834754979793
Tailgating,1847,728,22,motorcycle,Outer,0.8074458216254409
Tailgating,1847,730,759,motorcycle,Outer,3.0950301983626134
Tailgating,1848,728,22,motorcycle,Outer,0.8778984660729336
Tailgating,1848,730,759,motorcycle,Outer,3.050231224585926
Tailgating,1849,728,22,motorcycle,Outer,0.9217025228827392
Tailgating,1849,730,759,motorcycle,Outer,3.0226782183915204
Tailgating,1849,763,765,person,Outer,1.5769394706143933
Tailgating,1850,728,22,motorcycle,Outer,0.9682845280824998
Tailgating,1850,730,759,motorcycle,Outer,2.9689662393651344
Tailgating,1851,728,22,motorcycle,Outer,0.999430738574001
Tailgating,1852,728,22,motorcycle,Outer,1.0276789408530398
Tailgating,1852,730,759,motorcycle,Outer,2.859240118787414
Tailgating,1853,728,22,motorcycle,Outer,1.0584771961212398
Tailgating,1853,730,759,motorcycle,Outer,2.7771945137132987
Tailgating,1853,763,765,person,Outer,1.4952329973725598
Tailgating,1854,728,22,motorcycle,Outer,1.1206145429115326
Tailgating,1854,730,759,motorcycle,Outer,2.7371133201258804
Tailgating,1854,768,763,person,Outer,3.9122046844233944
Tailgating,1855,728,22,motorcycle,Outer,1.2038913783957754
Tailgating,1855,730,759,motorcycle,Outer,2.6553461190255314
Tailgating,1856,728,22,motorcycle,Outer,1.2655015644163425
Tailgating,1856,730,759,motorcycle,Outer,2.6643221942087996
Tailgating,1857,728,22,motorcycle,Outer,1.3388372893555753
Tailgating,1857,730,759,motorcycle,Outer,2.632589612705807
Tailgating,1858,728,22,motorcycle,Outer,1.4232604194265317
Tailgating,1858,730,759,motorcycle,Outer,2.6333613920725853
Tailgating,1859,728,22,motorcycle,Outer,1.4948037165591286
Tailgating,1859,730,759,motorcycle,Outer,2.6093491040467334
Tailgating,1860,728,22,motorcycle,Outer,1.5203447635187566
Tailgating,1861,728,22,motorcycle,Outer,1.5475245613327713
Tailgating,1862,728,22,motorcycle,Outer,1.5779306084651177
Tailgating,1862,730,759,motorcycle,Outer,2.4859218129412453
Tailgating,1863,728,22,motorcycle,Outer,1.6391777038875888
Tailgating,1863,730,759,motorcycle,Outer,2.435643558264483
Tailgating,1864,728,22,motorcycle,Outer,1.6944835774836646
Tailgating,1865,728,22,motorcycle,Outer,1.74400100358832
Tailgating,1865,730,759,motorcycle,Outer,2.350868569998826
Tailgating,1866,728,22,motorcycle,Outer,1.8381810741921654
Tailgating,1866,730,759,motorcycle,Outer,2.2607602422843356
Tailgating,1867,728,676,motorcycle,Outer,0.5634071535567646
Tailgating,1867,759,772,motorcycle,Outer,0.8850464349895069
Tailgating,1868,728,676,motorcycle,Outer,0.6013574071570754
Tailgating,1868,759,772,motorcycle,Outer,0.07131811150731955
Tailgating,1869,728,676,motorcycle,Outer,0.6427982105507177
Tailgating,1870,728,676,motorcycle,Outer,0.6747975958939149
Tailgating,1870,730,772,motorcycle,Outer,3.9861030420728074
Tailgating,1871,728,676,motorcycle,Outer,0.6911460616724333
Tailgating,1871,730,772,motorcycle,Outer,3.549594785838595
Tailgating,1872,728,676,motorcycle,Outer,0.7337353840811169
Tailgating,1872,730,759,motorcycle,Outer,3.5961875525127613
Tailgating,1872,759,772,motorcycle,Outer,0.027296845469097313
Tailgating,1873,728,676,motorcycle,Outer,0.7797823958202422
Tailgating,1873,730,759,motorcycle,Outer,3.5246264376796814
Tailgating,1873,759,772,motorcycle,Outer,0.1262207718235477
Tailgating,1874,728,676,motorcycle,Outer,0.8180377410051971
Tailgating,1874,730,759,motorcycle,Outer,3.47964739083865
Tailgating,1874,759,772,motorcycle,Outer,0.24490797440786846
Tailgating,1875,728,676,motorcycle,Outer,0.8674107214242264
Tailgating,1875,730,759,motorcycle,Outer,3.4876727407076893
Tailgating,1875,759,772,motorcycle,Outer,0.3281999178782963
Tailgating,1876,728,676,motorcycle,Outer,0.8927991691659758
Tailgating,1876,730,759,motorcycle,Outer,3.4735556085095998
Tailgating,1876,759,772,motorcycle,Outer,0.42168571644246733
Tailgating,1877,728,22,motorcycle,Outer,2.2947835594779664
Tailgating,1877,730,759,motorcycle,Outer,3.465905182933855
Tailgating,1877,759,772,motorcycle,Outer,0.5002373793452455
Tailgating,1878,728,22,motorcycle,Outer,2.371983079802928
Tailgating,1878,730,759,motorcycle,Outer,3.450328380890161
Tailgating,1878,759,772,motorcycle,Outer,0.580496596799374
Tailgating,1879,728,22,motorcycle,Outer,2.429837057168088
Tailgating,1879,730,759,motorcycle,Outer,3.424258469374093
Tailgating,1879,759,772,motorcycle,Outer,0.6620697265555783
Tailgating,1880,728,22,motorcycle,Outer,2.529553480151273
Tailgating,1880,730,759,motorcycle,Outer,3.3999341541996166
Tailgating,1880,759,772,motorcycle,Outer,0.7313608839493072
Tailgating,1881,730,759,motorcycle,Outer,3.3884593720419787
Tailgating,1881,759,772,motorcycle,Outer,0.8148400665531932
Tailgating,1882,730,759,motorcycle,Outer,3.348834653766103
Tailgating,1882,759,772,motorcycle,Outer,0.9029394272194647
Tailgating,1883,730,759,motorcycle,Outer,3.3695345067099445
Tailgating,1883,759,772,motorcycle,Outer,0.9762166435450905
Tailgating,1884,730,759,motorcycle,Outer,3.3782203334164227
Tailgating,1884,759,772,motorcycle,Outer,1.048194590807998
Tailgating,1885,759,772,motorcycle,Outer,1.1302873375257916
Tailgating,1886,759,772,motorcycle,Outer,1.1853761077193485
Tailgating,1887,759,772,motorcycle,Outer,1.2282107704016643
Tailgating,1888,759,772,motorcycle,Outer,1.279123812762534
Tailgating,1889,759,772,motorcycle,Outer,2.288145616446312
Tailgating,1890,759,772,motorcycle,Outer,2.6682308996542785
Tailgating,1890,778,781,person,Outer,3.8359465444917387
Tailgating,1891,759,772,motorcycle,Outer,2.8302125728576604
Tailgating,1891,778,781,person,Outer,3.8388594387411805
Tailgating,1892,759,772,motorcycle,Outer,2.9123334600845463
Tailgating,1893,759,772,motorcycle,Outer,2.984606690129417
Tailgating,1894,759,772,motorcycle,Outer,3.0467814098257664
Tailgating,1895,759,772,motorcycle,Outer,3.094333417856485
Tailgating,1922,730,772,motorcycle,Outer,3.0939609731820235
Tailgating,1923,730,772,motorcycle,Outer,3.5039982104668854
Tailgating,1924,730,772,motorcycle,Outer,3.6859786712687175
Tailgating,1925,730,772,motorcycle,Outer,3.7696613710656757
Tailgating,1926,789,730,car,Outer,1.1595319246739013
Tailgating,1926,730,772,motorcycle,Outer,3.828301930447094
Tailgating,1927,730,772,motorcycle,Outer,3.901214746992049
Tailgating,1928,730,772,motorcycle,Outer,3.9586413625199772
Tailgating,1932,790,773,motorcycle,Outer,0.8879211903750828
Tailgating,1932,730,798,motorcycle,Outer,2.848259355392611
Tailgating,1933,790,773,motorcycle,Outer,0.9039598191261502
Tailgating,1933,730,798,motorcycle,Outer,2.9037451734945843
Tailgating,1934,790,773,motorcycle,Outer,0.9286182254640665
Tailgating,1934,730,798,motorcycle,Outer,2.955271862802827
Tailgating,1935,790,773,motorcycle,Outer,0.9615160283260813
Tailgating,1935,730,798,motorcycle,Outer,3.013589654030327
Tailgating,1936,730,798,motorcycle,Outer,3.063420489025245
Tailgating,1937,730,798,motorcycle,Outer,3.1135152527857115
Tailgating,1938,730,798,motorcycle,Outer,3.1703209516358637
Tailgating,1939,790,773,motorcycle,Outer,1.0891669684605214
Tailgating,1939,730,798,motorcycle,Outer,3.2138113055291653
Tailgating,1940,790,773,motorcycle,Outer,1.1734941190058161
Tailgating,1940,730,798,motorcycle,Outer,3.2603081146581103
Tailgating,1941,790,773,motorcycle,Outer,1.2243474979594864
Tailgating,1941,730,798,motorcycle,Outer,3.325040581282607
Tailgating,1942,790,773,motorcycle,Outer,1.267656033283634
Tailgating,1942,730,798,motorcycle,Outer,3.369124429178264
Tailgating,1943,790,773,motorcycle,Outer,1.3131857187190323
Tailgating,1943,730,798,motorcycle,Outer,3.425994987523579
Tailgating,1944,730,798,motorcycle,Outer,3.467546711872762
Tailgating,1945,730,798,motorcycle,Outer,3.5215980693660875
Tailgating,1946,730,798,motorcycle,Outer,3.5705354196621273
Tailgating,1947,730,798,motorcycle,Outer,3.6292978399125437
Tailgating,1948,730,798,motorcycle,Outer,3.669103235938171
Tailgating,1949,730,798,motorcycle,Outer,3.6863641189344762
Tailgating,1950,730,798,motorcycle,Outer,3.702314776362483
Tailgating,1951,730,798,motorcycle,Outer,3.723825377247044
Tailgating,1952,730,798,motorcycle,Outer,3.773580350543539
Tailgating,1953,730,798,motorcycle,Outer,3.762412576672452
Tailgating,1954,730,798,motorcycle,Outer,3.850465922282094
Tailgating,1955,730,789,motorcycle,Outer,0.10635236837684103
Tailgating,1956,773,730,car,Outer,0.7883784706140364
Tailgating,1956,730,789,motorcycle,Outer,0.22066226838355543
Tailgating,1957,22,324,car,Outer,0.16086887372126715
Tailgating,1961,790,789,motorcycle,Outer,0.4710026507451016
Tailgating,1962,790,798,motorcycle,Outer,1.9441709623047891
Tailgating,1963,790,798,motorcycle,Outer,1.177693211712526
Tailgating,1964,790,798,motorcycle,Outer,1.0274855176090885
Tailgating,1965,790,798,motorcycle,Outer,1.0698867155362823
Tailgating,1966,790,798,motorcycle,Outer,1.1837502173283252
Tailgating,1967,790,798,motorcycle,Outer,1.3053340194274805
Tailgating,1968,790,798,motorcycle,Outer,1.3854556227849348
Tailgating,1971,790,772,motorcycle,Outer,1.2010494683926236
Tailgating,1972,802,676,car,Inner,0.9710197472436282
Tailgating,1972,790,772,motorcycle,Outer,0.7064644857448631
Tailgating,1973,802,676,car,Inner,0.9526405379016841
Tailgating,1973,790,772,motorcycle,Outer,0.6125969490963947
Tailgating,1974,802,676,car,Inner,0.9635013354509543
Tailgating,1974,790,772,motorcycle,Outer,0.6946960993408161
Tailgating,1975,802,676,car,Inner,0.9220176746277567
Tailgating,1975,790,772,motorcycle,Outer,0.8209605858340251
Tailgating,1976,802,676,car,Inner,1.000492051962574
Tailgating,1976,790,772,motorcycle,Outer,0.942126471214371
Tailgating,1977,802,676,car,Inner,0.9482442477975983
Tailgating,1977,790,772,motorcycle,Outer,1.0516851580224946
Tailgating,1978,802,676,car,Inner,0.8536791235060077
Tailgating,1978,790,772,motorcycle,Outer,1.1567122451977698
Tailgating,1979,802,676,car,Inner,0.8037451292222361
Tailgating,1983,802,676,car,Inner,0.9469505533049656
Tailgating,1984,802,676,car,Inner,1.0252984759015598
Tailgating,1985,802,676,car,Inner,1.0584489764891387
Tailgating,1999,816,798,person,Outer,0.48754751046767014
Tailgating,2001,816,798,person,Outer,0.4423489778782347
Tailgating,2002,816,798,person,Outer,0.4137925639211656
Tailgating,2004,816,798,person,Outer,0.36741716706682803
Tailgating,2005,802,676,car,Inner,0.9631557652800024
Tailgating,2006,802,676,car,Inner,0.9068861217040051
Tailgating,2007,802,676,car,Inner,0.8493007031230988
Tailgating,2008,802,676,car,Inner,0.8064442306219042
Tailgating,2012,802,676,car,Inner,0.8840235040881376
Tailgating,2013,802,676,car,Inner,0.9562085206032837
Tailgating,2014,802,676,car,Inner,1.0041976945120872
Tailgating,2020,816,798,person,Outer,0.02663738368033159
Tailgating,2024,816,772,person,Outer,1.092860181677522
Tailgating,2025,816,772,person,Outer,1.0863123372011843
Tailgating,2026,816,772,person,Outer,1.0609716042915742
Tailgating,2027,816,772,person,Outer,1.060803827112171
Tailgating,2028,816,772,person,Outer,1.0591557006374748
Tailgating,2029,818,789,car,Outer,0.936238292188457
Tailgating,2030,818,789,car,Outer,0.9860015137567937
Tailgating,2031,818,789,car,Outer,1.0204842830358551
Tailgating,2036,816,772,person,Outer,0.9648683206570775
Tailgating,2037,816,772,person,Outer,0.953498130955921
Tailgating,2037,825,830,person,Outer,2.80456581085637
Tailgating,2038,825,830,person,Outer,2.7122864804158957
Tailgating,2039,818,789,car,Outer,0.9209741174125188
Tailgating,2040,818,789,car,Outer,0.8317448746503249
Tailgating,2041,818,789,car,Outer,0.7785228899926855
Tailgating,2042,818,789,car,Outer,0.8918543581352002
Tailgating,2043,818,789,car,Outer,0.9621893325509854
Tailgating,2044,818,789,car,Outer,1.0041829141709222
Tailgating,2044,825,830,person,Outer,2.7681648515451416
Tailgating,2045,816,772,person,Outer,0.8259834532884222
Tailgating,2045,825,830,person,Outer,2.725938700426712
Tailgating,2046,821,22,car,Outer,3.619940253878408
Tailgating,2046,816,772,person,Outer,0.7910353779367947
Tailgating,2046,825,830,person,Outer,2.684541535422778
Tailgating,2047,821,22,car,Outer,3.68684094674625
Tailgating,2048,821,22,car,Outer,3.7272482296672633
Tailgating,2048,825,830,person,Outer,2.602945436588965
Tailgating,2049,821,22,car,Outer,3.681397444192543
Tailgating,2050,821,22,car,Outer,3.7306855260937817
Tailgating,2050,825,830,person,Outer,2.5647534531198652
Tailgating,2051,825,830,person,Outer,2.5272476566403927
Tailgating,2052,816,772,person,Outer,0.6224730633915658
Tailgating,2053,816,772,person,Outer,0.5218290640855615
Tailgating,2054,816,772,person,Outer,0.4567862345482118
Tailgating,2054,835,830,person,Outer,0.9075679067688687
Tailgating,2055,821,22,car,Outer,3.6751793329339284
Tailgating,2055,816,772,person,Outer,0.4173661846799955
Tailgating,2055,835,830,person,Outer,0.9280281179836397
Tailgating,2056,821,817,car,Outer,1.7731953612488762
Tailgating,2056,817,22,motorcycle,Outer,2.2586993858477564
Tailgating,2056,835,830,person,Outer,0.9771598044076837
Tailgating,2057,817,22,motorcycle,Outer,2.2313945761370584
Tailgating,2057,835,830,person,Outer,0.9940431960589963
Tailgating,2058,821,817,car,Outer,1.4988096454720816
Tailgating,2058,817,22,motorcycle,Outer,2.2576968103049766
Tailgating,2059,817,22,motorcycle,Outer,2.275894543094581
Tailgating,2059,835,830,person,Outer,1.0754504519376418
Tailgating,2060,817,22,motorcycle,Outer,2.292409928470939
Tailgating,2060,825,835,person,Outer,1.0908999329273135
Tailgating,2060,835,830,person,Outer,1.093686808332622
Tailgating,2061,817,22,motorcycle,Outer,2.325556927266545
Tailgating,2061,825,835,person,Outer,1.049762929944673
Tailgating,2062,817,22,motorcycle,Outer,2.3640670033879516
Tailgating,2062,825,835,person,Outer,1.0096318679785241
Tailgating,2063,835,830,person,Outer,1.1165980141379788
Tailgating,2064,817,22,motorcycle,Outer,2.4242222444070562
Tailgating,2064,825,835,person,Outer,0.9193639713037771
Tailgating,2065,825,835,person,Outer,0.8998115866607128
Tailgating,2067,817,22,motorcycle,Outer,2.5495307462662904
Tailgating,2067,825,835,person,Outer,0.827132201437125
Tailgating,2068,817,22,motorcycle,Outer,2.607572563378044
Tailgating,2068,825,835,person,Outer,0.7781802440314538
Tailgating,2069,817,22,motorcycle,Outer,2.6496437707923324
Tailgating,2069,825,835,person,Outer,0.734783457081516
Tailgating,2071,817,22,motorcycle,Outer,2.740912204945717
Tailgating,2071,835,840,person,Outer,0.09529123714017755
Tailgating,2072,835,840,person,Outer,0.18340629748223855
Tailgating,2073,817,809,motorcycle,Outer,1.5218216555070918
Tailgating,2074,802,676,car,Inner,1.000619369968447
Tailgating,2074,817,22,motorcycle,Outer,0.7600925355693747
Tailgating,2075,802,676,car,Inner,0.9140780213413039
Tailgating,2075,817,324,motorcycle,Outer,0.17809292064758273
Tailgating,2076,802,676,car,Inner,0.8604563062146575
Tailgating,2076,817,818,motorcycle,Outer,2.2434794099682365
Tailgating,2079,817,789,motorcycle,Outer,3.1372370147696955
Tailgating,2080,817,789,motorcycle,Outer,3.173337563563506
Tailgating,2081,817,789,motorcycle,Outer,3.2035470215018758
Tailgating,2082,842,840,motorcycle,Outer,2.748673405082063
Tailgating,2083,842,835,motorcycle,Outer,2.317050641737525
Tailgating,2084,817,789,motorcycle,Outer,2.4473879840715305
Tailgating,2084,842,835,motorcycle,Outer,2.1785904991179743
Tailgating,2084,835,840,person,Outer,0.3216759283740146
Tailgating,2085,817,789,motorcycle,Outer,2.1772358586065717
Tailgating,2085,842,835,motorcycle,Outer,2.0924938810052445
Tailgating,2085,835,840,person,Outer,0.3122499221242761
Tailgating,2086,817,789,motorcycle,Outer,2.0937361672637658
Tailgating,2086,842,835,motorcycle,Outer,2.0038518778603978
Tailgating,2086,835,840,person,Outer,0.28991032245958565
Tailgating,2087,842,835,motorcycle,Outer,1.912321341668598
Tailgating,2089,821,22,car,Outer,3.6381014582455364
Tailgating,2090,821,22,car,Outer,3.59606434256351
Tailgating,2093,842,840,motorcycle,Outer,0.4459281950887559
Tailgating,2094,835,840,person,Outer,0.575549088147441
Tailgating,2095,835,840,person,Outer,0.6474930513669283
Tailgating,2096,835,840,person,Outer,0.6797995382283356
Tailgating,2097,835,840,person,Outer,0.7324658787524536
Tailgating,2098,835,840,person,Outer,0.7745954474228226
Tailgating,2099,821,22,car,Outer,3.6505985552806126
Tailgating,2100,821,22,car,Outer,3.609007875024271
Tailgating,2102,821,22,car,Outer,3.660939941564511
Tailgating,2102,842,840,motorcycle,Outer,0.49789584022255773
Tailgating,2103,821,22,car,Outer,3.603293897007036
Tailgating,2103,842,835,motorcycle,Outer,0.2856275778690668
Tailgating,2104,821,22,car,Outer,3.567439140388979
Tailgating,2104,842,835,motorcycle,Outer,0.4329370229073715
Tailgating,2105,842,835,motorcycle,Outer,0.38599690035904993
Tailgating,2106,842,835,motorcycle,Outer,0.31493269629679155
Tailgating,2107,842,835,motorcycle,Outer,0.2206630228188066
Tailgating,2107,835,840,person,Outer,0.937449345545462
Tailgating,2108,842,835,motorcycle,Outer,0.12749732033512787
Tailgating,2109,842,840,motorcycle,Outer,0.923886388157851
Tailgating,2110,842,840,motorcycle,Outer,0.8269798502072564
Tailgating,2111,856,816,motorcycle,Outer,0.18081896931605304
Tailgating,2111,842,840,motorcycle,Outer,0.7377099459160252
Tailgating,2112,856,816,motorcycle,Outer,0.27366288665781147
Tailgating,2112,835,842,person,Outer,0.34018896464027987
Tailgating,2112,842,840,motorcycle,Outer,0.6574557882890449
Tailgating,2113,856,816,motorcycle,Outer,0.3461318890815745
Tailgating,2113,842,840,motorcycle,Outer,0.5979962861367341
Tailgating,2114,856,816,motorcycle,Outer,0.4082533857492023
Tailgating,2114,842,840,motorcycle,Outer,0.5459175765235639
Tailgating,2115,856,816,motorcycle,Outer,0.4964738327532233
Tailgating,2115,842,840,motorcycle,Outer,0.4390344798755166
Tailgating,2116,821,22,car,Outer,3.6122212797853748
Tailgating,2116,856,816,motorcycle,Outer,0.5919720746960014
Tailgating,2116,842,840,motorcycle,Outer,0.3498697319182333
Tailgating,2117,856,816,motorcycle,Outer,0.6759783095909085
Tailgating,2117,842,840,motorcycle,Outer,0.2901260655645927
Tailgating,2118,856,816,motorcycle,Outer,0.7300155566071983
Tailgating,2118,835,842,person,Outer,0.8764537656079283
Tailgating,2118,842,840,motorcycle,Outer,0.22499377150659305
Tailgating,2119,802,676,car,Inner,0.956157936185475
Tailgating,2119,856,816,motorcycle,Outer,0.7946980394828765
Tailgating,2119,835,842,person,Outer,1.0146119771347177
Tailgating,2119,842,840,motorcycle,Outer,0.12035611076351263
Tailgating,2120,802,676,car,Inner,0.9161278342625943
Tailgating,2120,817,789,motorcycle,Outer,1.4955173152836492
Tailgating,2120,856,816,motorcycle,Outer,0.8638382005744608
Tailgating,2120,835,842,person,Outer,1.1455937639127274
Tailgating,2120,842,840,motorcycle,Outer,0.021289377085770556
Tailgating,2121,817,789,motorcycle,Outer,1.2594717665965232
Tailgating,2121,856,816,motorcycle,Outer,0.9530387430639873
Tailgating,2121,835,840,person,Outer,1.2946415868734233
Tailgating,2121,842,825,motorcycle,Outer,0.364403969523623
Tailgating,2122,817,789,motorcycle,Outer,1.1876471077053676
Tailgating,2122,856,816,motorcycle,Outer,1.0529619510593236
Tailgating,2122,842,825,motorcycle,Outer,0.21772284045875676
Tailgating,2123,856,816,motorcycle,Outer,1.1212708083883096
Tailgating,2123,835,840,person,Outer,1.3599567985833516
Tailgating,2123,842,825,motorcycle,Outer,0.0986573283148527
Tailgating,2124,856,847,motorcycle,Outer,0.04279537623166634
Tailgating,2124,835,840,person,Outer,1.3974248971809
Tailgating,2124,825,842,person,Outer,0.013751612759250213
Tailgating,2125,856,847,motorcycle,Outer,0.15612603375596645
Tailgating,2125,825,842,person,Outer,0.11250864653998462
Tailgating,2126,856,847,motorcycle,Outer,0.24330970693816062
Tailgating,2127,856,847,motorcycle,Outer,0.30461527194946286
Tailgating,2128,856,847,motorcycle,Outer,0.35867861694072234
Tailgating,2129,856,847,motorcycle,Outer,0.42163680912301355
Tailgating,2130,856,847,motorcycle,Outer,0.5051882443149177
Tailgating,2130,835,840,person,Outer,1.5166046305395477
Tailgating,2131,856,847,motorcycle,Outer,0.5477808361246025
Tailgating,2131,835,842,person,Outer,0.9421295176843216
Tailgating,2131,842,840,motorcycle,Outer,0.5960152868231536
Tailgating,2132,856,847,motorcycle,Outer,0.613652546507465
Tailgating,2133,856,847,motorcycle,Outer,0.6972744787463485
Tailgating,2134,856,847,motorcycle,Outer,0.7561819357743729
Tailgating,2135,856,847,motorcycle,Outer,0.8319856529586169
Tailgating,2136,862,22,car,Outer,2.4453955992948297
Tailgating,2136,856,847,motorcycle,Outer,0.9226422897180688
Tailgating,2137,862,22,car,Outer,2.4841109426671117
Tailgating,2137,856,847,motorcycle,Outer,0.9669553890098549
Tailgating,2138,862,22,car,Outer,2.5191641875485713
Tailgating,2138,856,847,motorcycle,Outer,1.0334204798876656
Tailgating,2139,862,22,car,Outer,2.55399521349941
Tailgating,2139,856,847,motorcycle,Outer,1.0929977040963939
Tailgating,2140,862,22,car,Outer,2.5808759506971066
Tailgating,2140,856,847,motorcycle,Outer,1.1620981560759571
Tailgating,2141,862,22,car,Outer,2.608209292264989
Tailgating,2141,856,847,motorcycle,Outer,1.2194640988501433
Tailgating,2142,862,22,car,Outer,2.6413283213099703
Tailgating,2142,856,847,motorcycle,Outer,1.2857257751100577
Tailgating,2143,862,22,car,Outer,2.6728288036101318
Tailgating,2143,856,847,motorcycle,Outer,1.3487295212381467
Tailgating,2144,862,22,car,Outer,2.7035817075385333
Tailgating,2144,856,847,motorcycle,Outer,1.4265585771500293
Tailgating,2145,862,22,car,Outer,2.7273576792158294
Tailgating,2145,856,847,motorcycle,Outer,1.543860293231465
Tailgating,2146,862,22,car,Outer,2.7574146802685875
Tailgating,2146,856,847,motorcycle,Outer,1.6797857579872428
Tailgating,2146,847,816,person,Outer,1.0042957338994019
Tailgating,2147,862,22,car,Outer,2.7884228663830584
Tailgating,2147,856,847,motorcycle,Outer,1.7212481067417618
Tailgating,2147,866,861,person,Outer,1.0770659989476474
Tailgating,2148,856,847,motorcycle,Outer,1.75819125927074
Tailgating,2149,856,847,motorcycle,Outer,1.648303437558604
Tailgating,2149,847,816,person,Outer,1.0183066161522276
Tailgating,2150,856,847,motorcycle,Outer,1.6093998791214525
Tailgating,2150,835,825,person,Outer,1.9172429225317738
Tailgating,2151,856,847,motorcycle,Outer,1.596982969128102
Tailgating,2151,835,825,person,Outer,1.9675379142394607
Tailgating,2151,825,868,person,Outer,1.7852135071311892
Tailgating,2152,847,816,person,Outer,1.0219982033654191
Tailgating,2152,825,868,person,Outer,1.8220215361866938
Tailgating,2153,825,868,person,Outer,1.8631779465368417
Tailgating,2153,866,861,person,Outer,1.0740186757431265
Tailgating,2154,825,868,person,Outer,1.9030305369463298
Tailgating,2156,835,825,person,Outer,2.0766403971487315
Tailgating,2156,825,868,person,Outer,2.0095088692072927
Tailgating,2157,835,825,person,Outer,2.1056378931243587
Tailgating,2157,825,868,person,Outer,2.0539727410013433
Tailgating,2158,825,868,person,Outer,2.1061255461297597
Tailgating,2160,835,825,person,Outer,2.1376693652630916
Tailgating,2160,825,868,person,Outer,2.203981742523212
Tailgating,2161,835,825,person,Outer,2.15498174960362
Tailgating,2161,825,868,person,Outer,2.240946403922783
Tailgating,2162,825,868,person,Outer,2.2667408175676997
Tailgating,2163,825,868,person,Outer,2.3130628295601783
Tailgating,2165,825,868,person,Outer,2.4116142428060794
Tailgating,2166,825,868,person,Outer,2.4914978851514933
Tailgating,2167,821,22,car,Outer,3.6297908293505623
Tailgating,2168,821,22,car,Outer,3.597391035422744
Tailgating,2168,817,789,motorcycle,Outer,1.9127126050999663
Tailgating,2169,817,856,motorcycle,Outer,1.7762880178781093
Tailgating,2169,856,789,motorcycle,Outer,0.25878328589095445
Tailgating,2170,817,789,motorcycle,Outer,2.230148247182765
Tailgating,2176,811,22,car,Outer,1.9018476848319354
Tailgating,2176,874,840,motorcycle,Outer,1.1129565626825852
Tailgating,2177,811,22,car,Outer,1.9640271333234631
Tailgating,2177,874,840,motorcycle,Outer,1.0231312685988452
Tailgating,2178,811,22,car,Outer,1.9886387615066017
Tailgating,2178,874,868,motorcycle,Outer,3.4258043501881397
Tailgating,2179,811,22,car,Outer,2.0092611035796426
Tailgating,2179,835,874,person,Outer,1.6427957990988278
Tailgating,2179,874,868,motorcycle,Outer,3.384550091542641
Tailgating,2180,811,22,car,Outer,2.025591790366771
Tailgating,2180,835,874,person,Outer,1.7466507412434191
Tailgating,2180,874,868,motorcycle,Outer,3.3194374324697824
Tailgating,2181,811,22,car,Outer,2.058236611047774
Tailgating,2181,835,874,person,Outer,1.856591757330859
Tailgating,2181,874,868,motorcycle,Outer,3.2712041731822477
Tailgating,2182,811,22,car,Outer,2.0889347072641926
Tailgating,2182,835,874,person,Outer,1.9415762445700795
Tailgating,2182,874,840,motorcycle,Outer,0.616132186464349
Tailgating,2182,868,875,person,Outer,1.8317183651234739
Tailgating,2183,811,22,car,Outer,2.093427982650716
Tailgating,2183,874,840,motorcycle,Outer,0.5301428040298021
Tailgating,2183,868,875,person,Outer,1.8531470675353603
Tailgating,2184,811,22,car,Outer,2.0961811300128446
Tailgating,2184,874,840,motorcycle,Outer,0.3888288078709588
Tailgating,2184,868,875,person,Outer,1.8783859937355563
Tailgating,2185,811,22,car,Outer,2.1003679311574817
Tailgating,2185,835,825,person,Outer,2.1426096115750233
Tailgating,2185,874,840,motorcycle,Outer,0.29905176899274305
Tailgating,2186,811,22,car,Outer,2.104852834059752
Tailgating,2186,874,840,motorcycle,Outer,0.21821391304255797
Tailgating,2187,811,22,car,Outer,2.1010159241063233
Tailgating,2187,835,825,person,Outer,2.148367052741717
Tailgating,2187,874,868,motorcycle,Outer,2.943497918135186
Tailgating,2188,802,676,car,Inner,0.9600299217032544
Tailgating,2188,811,22,car,Outer,2.1114939089980225
Tailgating,2188,874,868,motorcycle,Outer,2.8735585536525323
Tailgating,2188,868,875,person,Outer,2.0779217505504355
Tailgating,2189,802,676,car,Inner,1.033476047976365
Tailgating,2189,821,811,car,Outer,1.9043846677217746
Tailgating,2189,811,22,car,Outer,2.1362520450477342
Tailgating,2189,874,868,motorcycle,Outer,2.820923027247213
Tailgating,2189,868,875,person,Outer,2.1328329291432313
Tailgating,2190,821,811,car,Outer,1.850258900534843
Tailgating,2190,811,22,car,Outer,2.1486204214525393
Tailgating,2190,874,868,motorcycle,Outer,2.7690269689007834
Tailgating,2190,868,875,person,Outer,2.174208370066892
Tailgating,2191,821,811,car,Outer,1.933198625209076
Tailgating,2191,811,22,car,Outer,2.14874598930451
Tailgating,2191,874,868,motorcycle,Outer,2.70243035628606
Tailgating,2192,821,811,car,Outer,1.9811433945441175
Tailgating,2192,811,22,car,Outer,2.152868037980028
Tailgating,2192,874,868,motorcycle,Outer,2.654076601314443
Tailgating,2193,821,811,car,Outer,1.870619702912111
Tailgating,2193,874,868,motorcycle,Outer,2.5674415883315893
Tailgating,2194,821,811,car,Outer,1.9166412680003209
Tailgating,2194,811,22,car,Outer,2.1786896587032674
Tailgating,2194,874,868,motorcycle,Outer,2.497735021760958
Tailgating,2195,821,811,car,Outer,1.8030718848763347
Tailgating,2195,874,868,motorcycle,Outer,2.4273454903968092
Tailgating,2195,868,875,person,Outer,2.489679846057102
Tailgating,2196,821,811,car,Outer,1.7242180091711983
Tailgating,2196,811,22,car,Outer,2.199079802535387
Tailgating,2196,874,868,motorcycle,Outer,2.3526539553169665
Tailgating,2197,821,811,car,Outer,1.6678887204320474
Tailgating,2197,811,22,car,Outer,2.2134028164195403
Tailgating,2197,874,825,motorcycle,Outer,0.7498737604792163
Tailgating,2198,811,22,car,Outer,2.236714434443137
Tailgating,2198,874,825,motorcycle,Outer,1.4274324183521931
Tailgating,2199,811,22,car,Outer,2.2562296771747996
Tailgating,2199,874,825,motorcycle,Outer,1.5556490514370438
Tailgating,2200,811,22,car,Outer,2.272579503608995
Tailgating,2200,874,825,motorcycle,Outer,1.4521172495160757
Tailgating,2200,868,875,person,Outer,2.733981585026523
Tailgating,2201,811,22,car,Outer,2.3019293739597466
Tailgating,2201,874,825,motorcycle,Outer,1.3118882418763897
Tailgating,2201,875,868,motorcycle,Outer,0.45999049761961386
Tailgating,2202,811,22,car,Outer,2.3315275190614426
Tailgating,2202,874,825,motorcycle,Outer,1.1498434744032264
Tailgating,2203,811,22,car,Outer,2.3545027331482205
Tailgating,2203,874,875,motorcycle,Outer,1.0108563749614057
Tailgating,2204,811,22,car,Outer,2.361703140557921
Tailgating,2204,875,825,motorcycle,Outer,0.14259888933316306
Tailgating,2205,811,22,car,Outer,2.384309534372628
Tailgating,2205,875,825,motorcycle,Outer,2.22665998693443
Tailgating,2206,811,22,car,Outer,2.417107653681495
Tailgating,2207,817,676,motorcycle,Inner,1.0350186521590345
Tailgating,2207,811,22,car,Outer,2.441651657982408
Tailgating,2208,817,676,motorcycle,Inner,1.4070342646932954
Tailgating,2208,811,22,car,Outer,2.482382024269965
Tailgating,2209,811,22,car,Outer,2.6841416936216285
Tailgating,2210,811,22,car,Outer,2.6450330612029074
Tailgating,2211,811,22,car,Outer,2.623108178229099
Tailgating,2212,811,22,car,Outer,2.615685113393437
Tailgating,2213,811,22,car,Outer,2.6278847321733148
Tailgating,2213,874,885,motorcycle,Outer,3.9498819581683065
Tailgating,2214,811,22,car,Outer,2.6439642389550304
Tailgating,2214,874,885,motorcycle,Outer,3.8472816486003776
Tailgating,2215,811,22,car,Outer,2.6718172512811043
Tailgating,2215,874,885,motorcycle,Outer,3.787439517242596
Tailgating,2216,811,22,car,Outer,2.69535198589421
Tailgating,2216,874,885,motorcycle,Outer,3.726610362156176
Tailgating,2217,811,22,car,Outer,2.720297342786794
Tailgating,2217,874,885,motorcycle,Outer,3.6397159465152575
Tailgating,2218,811,22,car,Outer,2.7476465452348373
Tailgating,2218,874,885,motorcycle,Outer,3.5699852872320488
Tailgating,2219,811,22,car,Outer,2.7853132319973244
Tailgating,2220,811,22,car,Outer,2.8336801684074535
Tailgating,2221,811,22,car,Outer,2.8775028119903876
Tailgating,2222,811,22,car,Outer,2.924972260129764
Tailgating,2223,811,22,car,Outer,2.9687872219990714
Tailgating,2224,811,22,car,Outer,2.9883238501605023
Tailgating,2225,811,22,car,Outer,3.0433724078529174
Tailgating,2226,811,22,car,Outer,3.0741019843123008
Tailgating,2227,811,22,car,Outer,3.096239846330783
Tailgating,2228,811,22,car,Outer,3.1264690032289972
Tailgating,2229,811,22,car,Outer,3.160448261219913
Tailgating,2230,811,22,car,Outer,3.203113073241616
Tailgating,2231,811,22,car,Outer,3.2446339976974703
Tailgating,2232,811,22,car,Outer,3.2909876543541445
Tailgating,2233,811,22,car,Outer,3.337004435268161
Tailgating,2234,811,22,car,Outer,3.3895611583019303
Tailgating,2235,811,22,car,Outer,3.427974061631305
Tailgating,2236,811,22,car,Outer,3.4696287848552374
Tailgating,2237,811,22,car,Outer,3.509177905264292
Tailgating,2238,811,22,car,Outer,3.5434837100130303
Tailgating,2239,811,22,car,Outer,3.5799978403323274
Tailgating,2240,811,22,car,Outer,3.629559681361688
Tailgating,2241,811,22,car,Outer,3.6813877409831552
Tailgating,2242,811,22,car,Outer,3.7329654095082834
Tailgating,2243,811,821,car,Outer,0.006515247670764604
Tailgating,2244,811,821,car,Outer,0.029300368223036676
Tailgating,2245,811,821,car,Outer,0.05197733994248179
Tailgating,2246,811,821,car,Outer,0.0023429720747221282
Tailgating,2246,821,22,car,Outer,3.6487706417110743
Tailgating,2247,821,811,car,Outer,0.025173902173887392
Tailgating,2247,811,22,car,Outer,3.9167743702383877
Tailgating,2248,811,821,car,Outer,0.0750212295151183
Tailgating,2248,821,22,car,Outer,3.627091136203679
Tailgating,2249,901,676,car,Inner,0.9633065639800962
Tailgating,2249,811,821,car,Outer,0.09689351170882177
Tailgating,2250,901,676,car,Inner,1.059657036683853
Tailgating,2250,811,821,car,Outer,0.18370873660731854
Tailgating,2250,821,22,car,Outer,3.6153249230736684
Tailgating,2251,901,676,car,Inner,1.0912702083196741
Tailgating,2251,811,821,car,Outer,0.2818087792339884
Tailgating,2251,821,22,car,Outer,3.575315429374774
Tailgating,2252,811,821,car,Outer,0.37850395021451366
Tailgating,2253,811,821,car,Outer,0.45871189405849183
Tailgating,2254,811,821,car,Outer,0.5269623613038448
Tailgating,2255,811,821,car,Outer,0.5956503019836894
Tailgating,2256,811,821,car,Outer,0.6495918617759512
Tailgating,2257,811,821,car,Outer,0.7129278087990457
Tailgating,2258,811,821,car,Outer,0.7754904531276217
Tailgating,2259,811,821,car,Outer,0.8298093520830648
Tailgating,2260,811,821,car,Outer,0.8850903617578533
Tailgating,2261,811,821,car,Outer,0.8342647313823852
Tailgating,2261,821,22,car,Outer,3.6939229215852705
Tailgating,2262,811,821,car,Outer,0.9228286720611012
Tailgating,2262,821,22,car,Outer,3.658737146414644
Tailgating,2263,811,821,car,Outer,1.0179338796189943
Tailgating,2263,871,817,car,Outer,1.1744970063725866
Tailgating,2264,811,821,car,Outer,1.0993474495667954
Tailgating,2264,871,817,car,Outer,1.1927608210467053
Tailgating,2265,811,821,car,Outer,1.1770064766220254
Tailgating,2265,871,817,car,Outer,1.210262589303351
Tailgating,2266,811,821,car,Outer,1.2485467488833957
Tailgating,2267,811,821,car,Outer,1.329471952417263
Tailgating,2268,811,821,car,Outer,1.3986838466592455
Tailgating,2268,871,817,car,Outer,1.2519122691677418
Tailgating,2269,811,821,car,Outer,1.4594693565102272
Tailgating,2269,871,817,car,Outer,1.2748550955643718
Tailgating,2270,811,821,car,Outer,1.5191238927383992
Tailgating,2270,871,817,car,Outer,1.293392044670297
Tailgating,2271,811,821,car,Outer,1.5739219202729937
Tailgating,2271,871,817,car,Outer,1.3151851848886953
Tailgating,2272,811,821,car,Outer,1.624778584332456
Tailgating,2273,811,821,car,Outer,1.6638590368757735
Tailgating,2274,811,821,car,Outer,1.654457953048094
Tailgating,2274,821,22,car,Outer,3.6279206272648006
Tailgating,2275,811,821,car,Outer,1.7179289002540503
Tailgating,2275,874,912,motorcycle,Outer,0.5813035986727947
Tailgating,2276,811,821,car,Outer,1.7991081538266565
Tailgating,2276,874,912,motorcycle,Outer,0.7786377615149194
Tailgating,2277,811,821,car,Outer,1.8640084976043856
Tailgating,2277,874,912,motorcycle,Outer,0.9324255409961187
Tailgating,2278,811,821,car,Outer,1.8363898563865442
Tailgating,2278,821,22,car,Outer,3.6835935422200645
Tailgating,2278,874,912,motorcycle,Outer,1.1276294076311684
Tailgating,2279,811,821,car,Outer,2.056574961915066
Tailgating,2279,914,874,motorcycle,Outer,0.35855184933733525
Tailgating,2279,874,912,motorcycle,Outer,1.305373937787868
Tailgating,2280,811,821,car,Outer,2.1420413162919765
Tailgating,2280,914,874,motorcycle,Outer,0.21466086303515286
Tailgating,2280,874,912,motorcycle,Outer,1.4736325361603784
Tailgating,2281,811,821,car,Outer,2.179712122635745
Tailgating,2282,811,821,car,Outer,2.1351118397348543
Tailgating,2282,821,22,car,Outer,3.6867621595521056
Tailgating,2282,874,914,motorcycle,Outer,0.03908241081605623
Tailgating,2283,811,821,car,Outer,2.141454395801399
Tailgating,2283,821,22,car,Outer,3.7291893035368853
Tailgating,2283,874,914,motorcycle,Outer,0.18281659929803143
Tailgating,2284,811,821,car,Outer,2.177524833945726
Tailgating,2284,914,874,motorcycle,Outer,0.503449242676632
Tailgating,2285,811,821,car,Outer,2.2090792049216934
Tailgating,2286,811,821,car,Outer,2.2522142432424235
Tailgating,2287,811,821,car,Outer,2.1920296185853902
Tailgating,2288,811,821,car,Outer,2.291860025743837
Tailgating,2289,811,821,car,Outer,2.2525588697514674
Tailgating,2290,811,821,car,Outer,2.3073235973503308
Tailgating,2292,811,821,car,Outer,2.4156700103079656
Tailgating,2293,811,821,car,Outer,2.5013542921866097
Tailgating,2294,811,821,car,Outer,2.645332186364536
Tailgating,2295,811,821,car,Outer,2.6807052913520244
Tailgating,2295,871,817,person,Outer,1.6300543656312803
Tailgating,2296,811,821,car,Outer,2.7262076092078567
Tailgating,2296,871,817,person,Outer,1.649939254030073
Tailgating,2297,811,821,car,Outer,2.758428810249576
Tailgating,2298,811,821,car,Outer,2.9029078980568657
Tailgating,2299,871,817,person,Outer,1.7090318502072321
Tailgating,2300,811,821,car,Outer,2.9901534352720467
Tailgating,2301,811,821,car,Outer,3.065667259907241
Tailgating,2302,811,821,car,Outer,3.150527519021963
Tailgating,2303,811,821,car,Outer,3.225758765860937
Tailgating,2304,811,821,car,Outer,3.275757740910142
Tailgating,2304,914,912,motorcycle,Outer,3.2263777799618194
Tailgating,2305,811,821,car,Outer,3.313259739855921
Tailgating,2305,871,817,person,Outer,1.7980114771854105
Tailgating,2305,914,912,motorcycle,Outer,3.2725063147471616
Tailgating,2306,914,912,motorcycle,Outer,3.3343381725615244
Tailgating,2307,914,912,motorcycle,Outer,3.3939048582097735
Tailgating,2308,914,912,motorcycle,Outer,2.914042428775401
Tailgating,2309,914,912,motorcycle,Outer,2.729127415044875
Tailgating,2311,871,817,person,Outer,1.8616792849105803
Tailgating,2312,821,22,car,Outer,3.6955034262006685
Tailgating,2313,821,22,car,Outer,3.730234393906876
Tailgating,2323,887,22,motorcycle,Outer,0.3943124533189563
Tailgating,2324,887,22,motorcycle,Outer,0.4589554605384395
Tailgating,2325,887,22,motorcycle,Outer,0.5006643067804305
Tailgating,2326,887,22,motorcycle,Outer,0.5573205398128342
Tailgating,2326,914,934,motorcycle,Outer,3.568182643772533
Tailgating,2327,887,22,motorcycle,Outer,0.6024396970343207
Tailgating,2327,914,934,motorcycle,Outer,3.471996634684043
Tailgating,2328,887,22,motorcycle,Outer,0.6685759716802551
Tailgating,2328,914,934,motorcycle,Outer,3.385356005312249
Tailgating,2329,887,22,motorcycle,Outer,0.7146230722879149
Tailgating,2329,914,934,motorcycle,Outer,3.302302071635877
Tailgating,2330,887,22,motorcycle,Outer,0.7774716237934411
Tailgating,2330,914,934,motorcycle,Outer,3.2338460686341364
Tailgating,2331,887,22,motorcycle,Outer,0.8377358172977203
Tailgating,2331,914,934,motorcycle,Outer,3.1441710055810685
Tailgating,2332,887,22,motorcycle,Outer,0.8900385231276634
Tailgating,2332,914,934,motorcycle,Outer,3.0455092160965322
Tailgating,2333,887,22,motorcycle,Outer,0.9452980774344298
Tailgating,2334,887,22,motorcycle,Outer,0.995105277782768
Tailgating,2335,887,22,motorcycle,Outer,1.0318223886509987
Tailgating,2336,887,22,motorcycle,Outer,1.1426487150691647
Tailgating,2337,887,22,motorcycle,Outer,1.1875177507900692
Tailgating,2337,939,847,car,Outer,2.3575725782137544
Tailgating,2338,887,22,motorcycle,Outer,1.2306509259308271
Tailgating,2338,939,847,car,Outer,2.4054100252465553
Tailgating,2339,887,22,motorcycle,Outer,1.2658715201932687
Tailgating,2339,939,847,car,Outer,2.4560035069024084
Tailgating,2340,939,847,car,Outer,2.5285386272810864
Tailgating,2340,940,907,motorcycle,Outer,3.602291716138564
Tailgating,2341,939,847,car,Outer,2.6093320055338753
Tailgating,2341,940,907,motorcycle,Outer,3.679164619594635
Tailgating,2342,918,939,person,Outer,2.507556192705882
Tailgating,2342,939,847,car,Outer,2.661254572453762
Tailgating,2342,940,907,motorcycle,Outer,3.786462666268137
Tailgating,2343,939,847,car,Outer,2.7178498722829034
Tailgating,2343,940,907,motorcycle,Outer,3.86868191412076
Tailgating,2343,941,914,motorcycle,Outer,3.1781551325407214
Tailgating,2344,939,847,car,Outer,2.6433993065468435
Tailgating,2344,940,907,motorcycle,Outer,3.9513698888335034
Tailgating,2344,941,914,motorcycle,Outer,3.256098824382733
Tailgating,2345,939,847,car,Outer,2.740838972611916
Tailgating,2346,940,816,motorcycle,Outer,0.057295080031647516
Tailgating,2347,939,847,car,Outer,2.8607611065813177
Tailgating,2347,940,816,motorcycle,Outer,0.12723097717527626
Tailgating,2348,939,847,car,Outer,2.939907809533498
Tailgating,2348,940,816,motorcycle,Outer,0.2221045900200126
Tailgating,2349,939,847,car,Outer,3.017233448042837
Tailgating,2349,940,816,motorcycle,Outer,0.3056224695924586
Tailgating,2350,939,847,car,Outer,3.103979994065398
Tailgating,2350,940,816,motorcycle,Outer,0.3906837108209003
Tailgating,2351,940,816,motorcycle,Outer,0.47779920323793557
Tailgating,2352,940,816,motorcycle,Outer,0.5584077730508928
Tailgating,2360,942,22,person,Outer,0.4811634445641579
Tailgating,2361,942,22,person,Outer,0.5389517300973679
Tailgating,2362,942,22,person,Outer,0.5899679345791222
Tailgating,2363,942,22,person,Outer,0.6317518938165002
Tailgating,2364,942,22,person,Outer,0.6625429522703403
Tailgating,2365,942,22,person,Outer,0.6869384187457547
Tailgating,2365,816,907,person,Outer,3.724719757931699
Tailgating,2366,942,22,person,Outer,0.715802844448576
Tailgating,2367,942,22,person,Outer,0.7558477461355635
Tailgating,2368,942,22,person,Outer,0.8069163900203459
Tailgating,2369,942,22,person,Outer,0.8589004850400328
Tailgating,2370,821,942,car,Outer,3.155440149399809
Tailgating,2370,942,22,person,Outer,0.9351012972574246
Tailgating,2370,918,939,person,Outer,1.113505466436952
Tailgating,2371,821,942,car,Outer,3.0331668028255137
Tailgating,2371,942,22,person,Outer,0.988108146491992
Tailgating,2372,821,942,car,Outer,2.9224618140927183
Tailgating,2372,942,22,person,Outer,1.0595464930401841
Tailgating,2372,816,907,person,Outer,3.702441500126931
Tailgating,2373,942,22,person,Outer,1.115507865886513
Tailgating,2373,918,939,person,Outer,0.8355673270270156
Tailgating,2374,942,22,person,Outer,1.1735964540312274
Tailgating,2374,918,939,person,Outer,0.7543891446514017
Tailgating,2375,942,22,person,Outer,1.1868613989128582
Tailgating,2376,942,22,person,Outer,1.2355707908725884
Tailgating,2377,942,22,person,Outer,1.2799748339799588
Tailgating,2378,942,22,person,Outer,1.3414367457792036
Tailgating,2379,942,22,person,Outer,1.412145217517621
Tailgating,2380,942,22,person,Outer,1.4850903234892705
Tailgating,2381,942,22,person,Outer,1.554131887371604
Tailgating,2385,949,817,person,Outer,2.4522580433128716
Tailgating,2386,949,22,person,Outer,0.05584514144792915
Tailgating,2387,949,22,person,Outer,0.13719630298764288
Tailgating,2387,957,816,car,Outer,2.790225148986579
Tailgating,2388,949,22,person,Outer,0.2212154944159297
Tailgating,2388,957,816,car,Outer,2.8180077322006505
Tailgating,2389,949,22,person,Outer,0.2791261051172593
Tailgating,2389,957,816,car,Outer,2.8472562998924675
Tailgating,2390,949,22,person,Outer,0.3448654082694573
Tailgating,2390,957,816,car,Outer,2.880428995947561
Tailgating,2391,949,22,person,Outer,0.40226495593815004
Tailgating,2391,957,816,car,Outer,2.916906934054217
Tailgating,2392,949,22,person,Outer,0.4775184719774634
Tailgating,2392,957,816,car,Outer,2.9527812352198968
Tailgating,2393,949,22,person,Outer,0.5237643724579175
Tailgating,2393,957,940,car,Outer,1.1058255652557167
Tailgating,2393,940,816,motorcycle,Outer,2.070753332946623
Tailgating,2394,949,22,person,Outer,0.5571098947585729
Tailgating,2394,957,940,car,Outer,1.0832144762405636
Tailgating,2394,940,816,motorcycle,Outer,2.127189559568369
Tailgating,2395,949,22,person,Outer,0.5822655859726994
Tailgating,2395,957,940,car,Outer,1.0506275587729166
Tailgating,2395,940,816,motorcycle,Outer,2.18609754569492
Tailgating,2395,955,959,person,Outer,2.0467399268217528
Tailgating,2396,949,22,person,Outer,0.6148209250399963
Tailgating,2396,957,940,car,Outer,1.0150090692673477
Tailgating,2396,940,816,motorcycle,Outer,2.245140178808053
Tailgating,2396,907,941,person,Outer,3.0125643202657924
Tailgating,2397,940,816,motorcycle,Outer,2.3278411906634644
Tailgating,2397,960,946,car,Outer,0.6493750475687555
Tailgating,2398,957,940,car,Outer,0.9154023466987344
Tailgating,2398,940,816,motorcycle,Outer,2.394130535522775
Tailgating,2398,960,946,car,Outer,0.5655625900040627
Tailgating,2399,949,22,person,Outer,0.6825741217877329
Tailgating,2399,957,940,car,Outer,0.8686614156606534
Tailgating,2399,940,816,motorcycle,Outer,2.4663858578603457
Tailgating,2399,960,946,car,Outer,0.5070627232683929
Tailgating,2400,949,22,person,Outer,0.7048466531797913
Tailgating,2400,957,940,car,Outer,0.8401608460634901
Tailgating,2400,940,816,motorcycle,Outer,2.537256132406663
Tailgating,2400,907,941,person,Outer,2.99865096558369
Tailgating,2401,949,22,person,Outer,0.7279738638863396
Tailgating,2401,957,940,car,Outer,0.8053068928215256
Tailgating,2401,940,816,motorcycle,Outer,2.607740802257735
Tailgating,2401,907,941,person,Outer,3.0298074029773736
Tailgating,2401,960,946,car,Outer,0.3692212762501897
Tailgating,2402,949,22,person,Outer,0.751088224095181
Tailgating,2402,940,957,motorcycle,Outer,0.42263639509959616
Tailgating,2402,957,816,car,Outer,3.257472396950562
Tailgating,2402,907,941,person,Outer,2.9714924560613873
Tailgating,2402,960,946,car,Outer,0.07023727825158496
Tailgating,2403,957,816,car,Outer,3.283791791611339
Tailgating,2403,946,960,car,Outer,0.19498402482050592
Tailgating,2404,949,22,person,Outer,0.7153222836107896
Tailgating,2404,957,816,car,Outer,3.3142205248154597
Tailgating,2405,957,816,car,Outer,3.351675675305473
Tailgating,2406,957,816,car,Outer,3.392586677045731
Tailgating,2407,957,816,car,Outer,3.4227506055121646
Tailgating,2408,957,816,car,Outer,3.4506990567152402
Tailgating,2409,957,816,car,Outer,3.4913841941583996
Tailgating,2410,957,816,car,Outer,3.526361419927119
Tailgating,2411,957,816,car,Outer,3.5443630476486905
Tailgating,2412,955,959,person,Outer,3.608257285227453
Tailgating,2413,957,816,car,Outer,3.6137319810171866
Tailgating,2416,957,816,car,Outer,3.7015108471469333
Tailgating,2417,957,816,car,Outer,3.7388143124040325
Tailgating,2418,957,816,car,Outer,3.7705074157630407
Tailgating,2419,957,816,car,Outer,3.8126807675071577
Tailgating,2420,957,816,car,Outer,3.8545685820971167
Tailgating,2421,957,816,car,Outer,3.892974034204016
Tailgating,2422,957,816,car,Outer,3.9361474432210564
Tailgating,2423,957,816,car,Outer,3.9800856751820124
Tailgating,2425,941,965,motorcycle,Outer,2.7683129479643105
Tailgating,2426,941,965,motorcycle,Outer,2.7572045518128996
Tailgating,2427,941,965,motorcycle,Outer,2.7557674640569654
Tailgating,2431,969,22,motorcycle,Outer,2.504192344867113
Tailgating,2431,957,970,car,Outer,3.6079365990861865
Tailgating,2432,969,22,motorcycle,Outer,2.5645537957527087
Tailgating,2432,957,970,car,Outer,3.5503176805972694
Tailgating,2432,970,816,motorcycle,Outer,1.0134293635396727
Tailgating,2433,969,22,motorcycle,Outer,2.6079115751276705
Tailgating,2433,957,970,car,Outer,3.48860203481205
Tailgating,2433,970,816,motorcycle,Outer,1.0997808563045832
Tailgating,2434,969,22,motorcycle,Outer,2.6703154464165273
Tailgating,2434,957,970,car,Outer,3.434863215831703
Tailgating,2434,970,816,motorcycle,Outer,1.180494752687386
Tailgating,2434,965,955,person,Outer,1.182622306777842
Tailgating,2435,969,22,motorcycle,Outer,2.7373514354016137
Tailgating,2435,957,970,car,Outer,3.3692595333747333
Tailgating,2435,970,816,motorcycle,Outer,1.2678386892373146
Tailgating,2436,969,22,motorcycle,Outer,2.7769400478621464
Tailgating,2436,957,970,car,Outer,3.3135535532775875
Tailgating,2436,970,816,motorcycle,Outer,1.3504698716480001
Tailgating,2437,969,22,motorcycle,Outer,2.8464740868892355
Tailgating,2437,957,970,car,Outer,3.259527246602069
Tailgating,2437,970,816,motorcycle,Outer,1.4364251497327727
Tailgating,2438,969,22,motorcycle,Outer,2.918321209845148
Tailgating,2438,957,970,car,Outer,3.2364704217098317
Tailgating,2438,970,816,motorcycle,Outer,1.5002893005047542
Tailgating,2439,969,22,motorcycle,Outer,2.99239029457955
Tailgating,2439,957,970,car,Outer,3.2082496439884785
Tailgating,2439,970,816,motorcycle,Outer,1.5636502713468141
Tailgating,2440,969,22,motorcycle,Outer,3.0228323227153715
Tailgating,2440,957,970,car,Outer,3.179072814552665
Tailgating,2440,970,816,motorcycle,Outer,1.6339549745333035
Tailgating,2441,969,22,motorcycle,Outer,3.0470729475704657
Tailgating,2441,957,970,car,Outer,3.141153278769633
Tailgating,2441,970,816,motorcycle,Outer,1.791001361276086
Tailgating,2441,965,955,person,Outer,0.997860673891601
Tailgating,2442,969,821,motorcycle,Outer,0.7952355149116372
Tailgating,2442,957,970,car,Outer,3.0851384620009275
Tailgating,2442,970,816,motorcycle,Outer,1.923705591785517
Tailgating,2442,965,955,person,Outer,0.9365254966899583
Tailgating,2443,969,821,motorcycle,Outer,1.3749750234740767
Tailgating,2443,970,816,motorcycle,Outer,2.0431999229103854
Tailgating,2444,969,821,motorcycle,Outer,1.6172269082427038
Tailgating,2444,970,816,motorcycle,Outer,2.1185233659497906
Tailgating,2444,965,955,person,Outer,0.8295903043715162
Tailgating,2445,969,821,motorcycle,Outer,1.7238473541754342
Tailgating,2445,957,970,car,Outer,2.9768540105635903
Tailgating,2445,970,816,motorcycle,Outer,2.178454165963945
Tailgating,2445,962,941,person,Outer,2.1219939256711524
Tailgating,2445,965,955,person,Outer,0.7567600496926697
Tailgating,2446,969,821,motorcycle,Outer,1.809907547805208
Tailgating,2446,957,970,car,Outer,2.850020692557501
Tailgating,2446,970,816,motorcycle,Outer,2.336919190162168
Tailgating,2446,962,941,person,Outer,2.112591607744789
Tailgating,2447,969,821,motorcycle,Outer,1.8799530128081599
Tailgating,2447,957,970,car,Outer,2.7906226878387037
Tailgating,2447,970,816,motorcycle,Outer,2.4371706833087488
Tailgating,2448,969,821,motorcycle,Outer,1.8914778549905051
Tailgating,2448,957,970,car,Outer,2.7209370804268285
Tailgating,2448,970,816,motorcycle,Outer,2.5441318247338733
Tailgating,2448,962,941,person,Outer,2.127407522207715
Tailgating,2449,969,821,motorcycle,Outer,1.9251102057522063
Tailgating,2449,957,970,car,Outer,2.6862165008076575
Tailgating,2449,970,816,motorcycle,Outer,2.609019932572502
Tailgating,2449,965,955,person,Outer,0.5940582131204425
Tailgating,2450,969,821,motorcycle,Outer,1.9903723350031497
Tailgating,2450,957,970,car,Outer,2.6377584112290196
Tailgating,2450,970,816,motorcycle,Outer,2.6831888481353414
Tailgating,2450,962,941,person,Outer,2.159549757163071
Tailgating,2450,965,955,person,Outer,0.5195135674416317
Tailgating,2451,969,821,motorcycle,Outer,2.042525789748436
Tailgating,2451,826,22,motorcycle,Outer,1.1964917873216647
Tailgating,2451,957,970,car,Outer,2.5812584174645195
Tailgating,2451,970,816,motorcycle,Outer,2.764513436760159
Tailgating,2452,969,821,motorcycle,Outer,2.1009528803614326
Tailgating,2452,826,22,motorcycle,Outer,1.221555260617556
Tailgating,2452,957,970,car,Outer,2.54072939546195
Tailgating,2452,970,816,motorcycle,Outer,2.820493799639094
Tailgating,2453,969,821,motorcycle,Outer,2.1557864818364965
Tailgating,2453,826,22,motorcycle,Outer,1.23275122360579
Tailgating,2453,957,970,car,Outer,2.4972643055082733
Tailgating,2453,970,816,motorcycle,Outer,2.8959798453464485
Tailgating,2454,969,821,motorcycle,Outer,2.2267213274446043
Tailgating,2454,826,22,motorcycle,Outer,1.2503915415568236
Tailgating,2454,957,970,car,Outer,2.4429857271877933
Tailgating,2454,970,816,motorcycle,Outer,2.983068385800583
Tailgating,2455,969,821,motorcycle,Outer,2.3226812819016773
Tailgating,2455,826,22,motorcycle,Outer,1.3024476239282297
Tailgating,2455,957,970,car,Outer,2.427741951701524
Tailgating,2455,970,816,motorcycle,Outer,2.945437535362933
Tailgating,2456,969,821,motorcycle,Outer,2.4466463443496274
Tailgating,2456,826,22,motorcycle,Outer,1.33989942947754
Tailgating,2456,957,970,car,Outer,2.3827583008190225
Tailgating,2456,970,816,motorcycle,Outer,2.9774516114432372
Tailgating,2457,969,821,motorcycle,Outer,2.550684089785764
Tailgating,2457,826,22,motorcycle,Outer,1.3476637349352047
Tailgating,2457,957,970,car,Outer,2.312316019245753
Tailgating,2457,970,816,motorcycle,Outer,3.0379166506508932
Tailgating,2457,965,955,person,Outer,0.3440838722179919
Tailgating,2458,969,821,motorcycle,Outer,2.629699143695988
Tailgating,2458,826,22,motorcycle,Outer,1.3628237326143975
Tailgating,2458,957,970,car,Outer,2.327636692887131
Tailgating,2459,969,821,motorcycle,Outer,2.704508112825744
Tailgating,2459,826,22,motorcycle,Outer,3.4683131772413445
Tailgating,2459,957,970,car,Outer,2.2557667725054475
Tailgating,2459,970,816,motorcycle,Outer,3.12216829423425
Tailgating,2460,969,826,motorcycle,Outer,2.221260337929672
Tailgating,2460,826,821,motorcycle,Outer,0.6637083235667417
Tailgating,2460,970,816,motorcycle,Outer,3.192118126297934
Tailgating,2461,969,826,motorcycle,Outer,1.9085312914493757
Tailgating,2461,826,821,motorcycle,Outer,1.0066275915548428
Tailgating,2461,970,816,motorcycle,Outer,3.263942929106744
Tailgating,2462,969,826,motorcycle,Outer,1.8449462793283637
Tailgating,2462,826,821,motorcycle,Outer,1.1235857419558917
Tailgating,2462,970,816,motorcycle,Outer,3.348645508411191
Tailgating,2463,969,826,motorcycle,Outer,1.8598392864561473
Tailgating,2463,826,821,motorcycle,Outer,1.1692659885321466
Tailgating,2463,957,970,car,Outer,2.0465736242521992
Tailgating,2463,970,816,motorcycle,Outer,3.425080651988277
Tailgating,2464,826,969,motorcycle,Outer,0.8059826806762687
Tailgating,2464,969,821,motorcycle,Outer,0.3496132485471616
Tailgating,2464,970,816,motorcycle,Outer,3.4889969774067966
Tailgating,2465,969,676,motorcycle,Inner,1.3741984476832667
Tailgating,2465,826,821,motorcycle,Outer,1.2273143600488152
Tailgating,2465,970,816,motorcycle,Outer,3.5431709430291574
Tailgating,2465,962,941,person,Outer,2.4920079080174387
Tailgating,2466,969,676,motorcycle,Inner,1.0512679082902396
Tailgating,2466,826,821,motorcycle,Outer,1.2917959692478498
Tailgating,2466,957,970,car,Outer,1.944482081142958
Tailgating,2466,970,816,motorcycle,Outer,3.627867268795108
Tailgating,2466,962,941,person,Outer,2.4960724199189874
Tailgating,2467,969,676,motorcycle,Inner,0.9918460007505897
Tailgating,2467,826,821,motorcycle,Outer,1.3450411269858822
Tailgating,2467,957,970,car,Outer,1.9241121168834954
Tailgating,2467,970,816,motorcycle,Outer,3.6968763173347297
Tailgating,2467,962,941,person,Outer,2.5130856288534167
Tailgating,2468,826,821,motorcycle,Outer,1.387694685889115
Tailgating,2468,957,970,car,Outer,1.8990967628541542
Tailgating,2468,970,816,motorcycle,Outer,3.7369777746173445
Tailgating,2468,962,941,person,Outer,2.509413594223445
Tailgating,2469,969,676,motorcycle,Inner,1.0524268666931447
Tailgating,2469,826,821,motorcycle,Outer,1.4463980947346977
Tailgating,2470,969,676,motorcycle,Inner,1.0812326085535935
Tailgating,2470,826,821,motorcycle,Outer,1.5398913157554845
Tailgating,2471,826,821,motorcycle,Outer,1.6005898250321695
Tailgating,2472,826,821,motorcycle,Outer,1.6539915315270508
Tailgating,2473,826,821,motorcycle,Outer,1.7421731946309458
Tailgating,2474,826,821,motorcycle,Outer,1.8327055668187116
Tailgating,2475,826,821,motorcycle,Outer,1.8871320409964414
Tailgating,2476,826,821,motorcycle,Outer,1.9434619095477887
Tailgating,2476,941,840,motorcycle,Outer,1.3916450465950683
Tailgating,2477,826,22,motorcycle,Outer,3.19703531281042
Tailgating,2477,941,840,motorcycle,Outer,1.3805974237794556
Tailgating,2478,826,22,motorcycle,Outer,2.4442905762017957
Tailgating,2479,826,22,motorcycle,Outer,2.272250278146925
Tailgating,2479,941,840,motorcycle,Outer,1.3835608859917292
Tailgating,2480,941,840,motorcycle,Outer,1.3625655013307114
Tailgating,2481,826,22,motorcycle,Outer,2.3300611412310515
Tailgating,2482,826,22,motorcycle,Outer,2.403432942460605
Tailgating,2483,826,22,motorcycle,Outer,2.510631702860005
Tailgating,2484,826,22,motorcycle,Outer,2.608592269049325
Tailgating,2485,826,22,motorcycle,Outer,2.701562909308969
Tailgating,2486,826,22,motorcycle,Outer,2.7903264701422947
Tailgating,2487,826,22,motorcycle,Outer,2.864061015263247
Tailgating,2487,941,840,motorcycle,Outer,1.3663322659738861
Tailgating,2488,826,22,motorcycle,Outer,2.938007521440066
Tailgating,2488,941,840,motorcycle,Outer,1.3734736101364633
Tailgating,2489,826,22,motorcycle,Outer,3.0210730949368623
Tailgating,2489,941,840,motorcycle,Outer,1.3658633500741748
Tailgating,2490,826,22,motorcycle,Outer,3.1099591835370735
Tailgating,2490,941,840,motorcycle,Outer,1.3686622312103829
Tailgating,2491,826,22,motorcycle,Outer,3.196038354613296
Tailgating,2492,826,22,motorcycle,Outer,3.2524962619127145
Tailgating,2493,826,22,motorcycle,Outer,3.325990898832989
Tailgating,2494,826,22,motorcycle,Outer,3.3718364449446914
Tailgating,2495,826,22,motorcycle,Outer,3.4419441167502924
Tailgating,2495,941,840,motorcycle,Outer,1.388673509156365
Tailgating,2496,826,22,motorcycle,Outer,3.4930392256915823
Tailgating,2497,826,22,motorcycle,Outer,3.557829021684695
Tailgating,2497,941,840,motorcycle,Outer,1.3930605835237628
Tailgating,2498,826,22,motorcycle,Outer,3.6531975373301115
Tailgating,2499,826,821,motorcycle,Outer,0.05540009811099764
Tailgating,2500,826,821,motorcycle,Outer,0.11063924826580068
Tailgating,2501,826,821,motorcycle,Outer,0.19059046212222475
Tailgating,2502,826,821,motorcycle,Outer,0.21236912546887604
Tailgating,2503,826,821,motorcycle,Outer,0.2712272424626823
Tailgating,2504,826,821,motorcycle,Outer,0.31910875663668753
Tailgating,2505,826,821,motorcycle,Outer,0.39628512648411596
Tailgating,2506,826,821,motorcycle,Outer,0.4925688896546459
Tailgating,2507,826,821,motorcycle,Outer,0.553136785193992
Tailgating,2508,826,821,motorcycle,Outer,0.6364524627236297
Tailgating,2509,826,821,motorcycle,Outer,0.7078629815042231
Tailgating,2509,1000,22,car,Outer,1.480497282287226
Tailgating,2510,826,821,motorcycle,Outer,0.7667759399352418
Tailgating,2510,1000,22,car,Outer,1.5170367425007023
Tailgating,2511,826,821,motorcycle,Outer,0.864691576421356
Tailgating,2511,1000,22,car,Outer,1.5566299132381958
Tailgating,2512,826,821,motorcycle,Outer,0.8482473082697761
Tailgating,2512,821,1000,car,Outer,2.4033605349049245
Tailgating,2512,1000,22,car,Outer,1.58441801302781
Tailgating,2513,826,821,motorcycle,Outer,0.9611124843622858
Tailgating,2513,821,1000,car,Outer,2.3394446578982726
Tailgating,2513,1000,22,car,Outer,1.6176133599408946
Tailgating,2514,826,821,motorcycle,Outer,1.064164522943766
Tailgating,2514,1000,22,car,Outer,1.6522459339954987
Tailgating,2515,826,821,motorcycle,Outer,1.147507026353448
Tailgating,2515,1000,22,car,Outer,1.6882316967076383
Tailgating,2516,826,821,motorcycle,Outer,1.24395629663537
Tailgating,2516,1000,22,car,Outer,1.7178310520175797
Tailgating,2517,826,821,motorcycle,Outer,1.346995345492666
Tailgating,2517,1000,22,car,Outer,1.743377618307318
Tailgating,2518,826,821,motorcycle,Outer,1.4435307761717229
Tailgating,2518,1000,22,car,Outer,1.7735638944395404
Tailgating,2519,826,821,motorcycle,Outer,1.5106186765655725
Tailgating,2519,1000,22,car,Outer,1.7088280632937236
Tailgating,2520,826,821,motorcycle,Outer,1.6058348420062265
Tailgating,2520,1000,22,car,Outer,1.657401862821035
Tailgating,2521,826,821,motorcycle,Outer,1.7064400106411468
Tailgating,2521,1000,22,car,Outer,1.7717584568184037
Tailgating,2522,826,821,motorcycle,Outer,1.794617576025658
Tailgating,2522,1000,22,car,Outer,1.8342270457595808
Tailgating,2523,826,821,motorcycle,Outer,1.8767824374641504
Tailgating,2523,1000,22,car,Outer,1.8999388156164492
Tailgating,2524,995,826,car,Outer,3.707467522650598
Tailgating,2524,826,821,motorcycle,Outer,1.9639878458383233
Tailgating,2524,1000,22,car,Outer,1.9580281704505869
Tailgating,2525,995,826,car,Outer,3.5425761711770773
Tailgating,2525,826,821,motorcycle,Outer,2.053317948611982
Tailgating,2525,1000,22,car,Outer,1.9867369838325746
Tailgating,2526,826,821,motorcycle,Outer,2.118016549923238
Tailgating,2526,1000,22,car,Outer,2.0120240741628517
Tailgating,2527,826,821,motorcycle,Outer,2.196859176720791
Tailgating,2527,1000,22,car,Outer,2.0396460393929146
Tailgating,2527,941,840,motorcycle,Outer,1.3249601241711497
Tailgating,2527,840,955,person,Outer,0.8091138528883668
Tailgating,2528,995,826,car,Outer,3.2017236158536626
Tailgating,2528,826,821,motorcycle,Outer,2.274100201549736
Tailgating,2528,1000,22,car,Outer,1.9600438367883433
Tailgating,2528,941,840,motorcycle,Outer,1.3664685396150649
Tailgating,2529,826,1000,motorcycle,Outer,1.5147326929521807
Tailgating,2529,1000,22,car,Outer,2.0577439179963912
Tailgating,2529,941,840,motorcycle,Outer,1.3853202131087152
Tailgating,2530,1000,826,car,Outer,1.1809600716876247
Tailgating,2530,826,22,motorcycle,Outer,0.8514191508038517
Tailgating,2531,1000,22,car,Outer,2.197722739142278
Tailgating,2531,826,817,motorcycle,Outer,1.1682796196278984
Tailgating,2532,1000,22,car,Outer,2.2460862069965186
Tailgating,2532,826,817,motorcycle,Outer,0.6122605730721613
Tailgating,2533,1000,22,car,Outer,2.2790874540166555
Tailgating,2533,826,817,motorcycle,Outer,0.4880214816865022
Tailgating,2534,1000,22,car,Outer,2.3188048153838787
Tailgating,2534,1003,998,person,Outer,1.9372172744525442
Tailgating,2534,941,840,motorcycle,Outer,1.3926593875667035
Tailgating,2535,1000,22,car,Outer,2.3412206451614765
Tailgating,2535,826,817,motorcycle,Outer,0.576553940728042
Tailgating,2535,941,955,motorcycle,Outer,1.9887682178872716
Tailgating,2536,1000,22,car,Outer,2.3788322285711674
Tailgating,2536,826,817,motorcycle,Outer,0.6449169636054191
Tailgating,2537,1000,22,car,Outer,2.403102641050649
Tailgating,2537,826,817,motorcycle,Outer,0.7024556964708429
Tailgating,2537,941,955,motorcycle,Outer,1.9487213362839637
Tailgating,2538,1000,22,car,Outer,2.4441161080227154
Tailgating,2538,826,817,motorcycle,Outer,0.7513844164447767
Tailgating,2538,1003,998,person,Outer,1.9196038200914907
Tailgating,2538,941,955,motorcycle,Outer,1.9210081776537917
Tailgating,2539,1000,22,car,Outer,2.4695785442099347
Tailgating,2540,1000,22,car,Outer,2.5004788662231987
Tailgating,2541,1000,22,car,Outer,2.543827003531038
Tailgating,2542,1000,22,car,Outer,2.5774343538686897
Tailgating,2543,1000,22,car,Outer,2.613176499147626
Tailgating,2544,1000,22,car,Outer,2.6447524309238357
Tailgating,2545,1000,22,car,Outer,2.667709499722319
Tailgating,2546,1000,887,car,Outer,2.674485034289707
Tailgating,2546,887,22,motorcycle,Outer,0.3042571472408462
Tailgating,2547,1000,887,car,Outer,2.4918007940312914
Tailgating,2547,887,22,motorcycle,Outer,0.502695101298102
Tailgating,2548,1000,887,car,Outer,2.4542240627739265
Tailgating,2548,887,22,motorcycle,Outer,0.4798055725424162
Tailgating,2549,1000,887,car,Outer,2.4892747662642942
Tailgating,2549,887,22,motorcycle,Outer,0.5239341420438388
Tailgating,2550,1000,887,car,Outer,2.404000896794406
Tailgating,2550,887,22,motorcycle,Outer,0.5451634112879117
Tailgating,2551,887,22,motorcycle,Outer,0.5749735404955318
Tailgating,2552,887,22,motorcycle,Outer,0.6075314697232435
Tailgating,2552,941,955,motorcycle,Outer,1.6455225267676958
Tailgating,2553,887,22,motorcycle,Outer,0.6345277852900053
Tailgating,2553,1003,998,person,Outer,1.8770838141949566
Tailgating,2553,941,955,motorcycle,Outer,1.6429600541673053
Tailgating,2554,1000,887,car,Outer,2.3144749709755827
Tailgating,2554,887,22,motorcycle,Outer,0.6410871105162661
Tailgating,2554,1003,998,person,Outer,1.9232870437054317
Tailgating,2555,1000,887,car,Outer,2.4396307217289337
Tailgating,2555,887,22,motorcycle,Outer,0.693986178020915
Tailgating,2555,1003,998,person,Outer,1.952724955680651
Tailgating,2556,887,22,motorcycle,Outer,0.7544789367423576
Tailgating,2557,1000,887,car,Outer,2.375900379970527
Tailgating,2557,887,22,motorcycle,Outer,0.8115532584058249
Tailgating,2558,995,821,car,Outer,3.989428695812657
Tailgating,2558,821,1000,car,Outer,0.9263577755025106
Tailgating,2558,1000,887,car,Outer,2.382880230742807
Tailgating,2558,887,22,motorcycle,Outer,0.857685652765458
Tailgating,2559,995,821,car,Outer,3.8578511241240028
Tailgating,2559,821,1000,car,Outer,0.8542082397285194
Tailgating,2559,1000,887,car,Outer,2.494584476988349
Tailgating,2559,887,22,motorcycle,Outer,0.8981247903091661
Tailgating,2559,941,955,motorcycle,Outer,1.492301694415561
Tailgating,2560,995,821,car,Outer,3.781349620776834
Tailgating,2560,821,1000,car,Outer,0.7979436406519415
Tailgating,2560,1000,887,car,Outer,2.5705459100965355
Tailgating,2560,887,22,motorcycle,Outer,0.9273222563036715
Tailgating,2560,941,955,motorcycle,Outer,1.463982232942574
Tailgating,2561,995,821,car,Outer,3.71953118327159
Tailgating,2561,1000,887,car,Outer,2.606868071054256
Tailgating,2561,887,22,motorcycle,Outer,0.9557166646272541
Tailgating,2562,995,821,car,Outer,3.666742026411313
Tailgating,2562,1000,22,car,Outer,3.229788114285057
Tailgating,2562,941,955,motorcycle,Outer,1.4338457656391848
Tailgating,2563,941,955,motorcycle,Outer,1.3952855719902109
Tailgating,2564,1000,22,car,Outer,3.3439512246849636
Tailgating,2564,941,955,motorcycle,Outer,1.3873959548181396
Tailgating,2565,1000,22,car,Outer,3.4278466952339066
Tailgating,2565,941,955,motorcycle,Outer,1.3684705922494522
Tailgating,2566,1000,22,car,Outer,3.4935861320456114
Tailgating,2566,1003,998,person,Outer,1.9247392934672782
Tailgating,2567,1000,22,car,Outer,3.553618031405605
Tailgating,2568,1000,22,car,Outer,3.6005105733371714
Tailgating,2568,941,955,motorcycle,Outer,1.2945385203178932
Tailgating,2569,1000,22,car,Outer,3.650490835331132
Tailgating,2570,1000,22,car,Outer,3.7028851573689234
Tailgating,2571,1000,22,car,Outer,3.750484317927568
Tailgating,2572,1000,22,car,Outer,3.797643548571432
Tailgating,2572,840,955,person,Outer,0.06521675933013092
Tailgating,2573,1000,22,car,Outer,3.841529657768265
Tailgating,2573,840,955,person,Outer,0.04979494887093586
Tailgating,2574,1000,22,car,Outer,3.8985805129210895
Tailgating,2574,840,955,person,Outer,0.03917934124025437
Tailgating,2575,1000,22,car,Outer,3.946260470900598
Tailgating,2575,941,840,motorcycle,Outer,1.0878632547502536
Tailgating,2576,1000,821,car,Outer,0.0026421933526980476
Tailgating,2577,1000,821,car,Outer,0.008530333346668069
Tailgating,2577,821,22,car,Outer,3.748230592354716
Tailgating,2578,821,22,car,Outer,3.6730192036486944
Tailgating,2579,821,22,car,Outer,3.625162066566656
Tailgating,2580,1000,821,car,Outer,0.25331401500315887
Tailgating,2581,1000,821,car,Outer,0.4115851884894612
Tailgating,2581,821,22,car,Outer,3.5962800588954225
Tailgating,2581,1003,998,person,Outer,1.9295957913174027
Tailgating,2582,1000,821,car,Outer,0.5319524700757683
Tailgating,2582,1003,998,person,Outer,1.89138235898158
Tailgating,2583,1000,821,car,Outer,0.6296860599750588
Tailgating,2583,1003,998,person,Outer,1.9308393602201963
Tailgating,2584,1000,821,car,Outer,0.7323880876066943
Tailgating,2584,821,22,car,Outer,3.517709314408319
Tailgating,2585,1000,821,car,Outer,0.7942856191658884
Tailgating,2586,1000,821,car,Outer,0.8570199721844743
Tailgating,2586,1003,998,person,Outer,1.9138154401060237
Tailgating,2587,1000,821,car,Outer,0.9167539746876964
Tailgating,2587,1003,998,person,Outer,1.9430555740988371
Tailgating,2588,1000,821,car,Outer,0.8529497949616913
Tailgating,2590,1000,821,car,Outer,0.8448859610050804
Tailgating,2591,1000,821,car,Outer,0.8817255990541526
Tailgating,2592,1000,821,car,Outer,0.9182714176189726
Tailgating,2593,1000,821,car,Outer,0.9669784770397202
Tailgating,2594,1000,821,car,Outer,1.0434340989016697
Tailgating,2595,1000,821,car,Outer,1.1549148694070543
Tailgating,2595,1003,998,person,Outer,1.943156994763106
Tailgating,2595,941,1021,motorcycle,Outer,2.313795484697817
Tailgating,2596,1000,821,car,Outer,1.3148668955998086
Tailgating,2597,816,1003,person,Outer,3.7329257479792117
Tailgating,2598,1000,821,car,Outer,1.3183360309020364
Tailgating,2599,1000,821,car,Outer,1.3498043863744333
Tailgating,2599,816,1003,person,Outer,3.744246892685264
Tailgating,2599,1003,998,person,Outer,1.9242424622810659
Tailgating,2600,1000,821,car,Outer,1.422090574819538
Tailgating,2600,941,1021,motorcycle,Outer,2.2860075904159456
Tailgating,2601,1000,821,car,Outer,1.4746492598763068
Tailgating,2601,816,1003,person,Outer,3.735710678993107
Tailgating,2601,1003,998,person,Outer,1.9159295116226627
Tailgating,2601,941,1021,motorcycle,Outer,2.2893197788490136
Tailgating,2602,1000,821,car,Outer,1.5346394608254386
Tailgating,2602,941,1021,motorcycle,Outer,2.297547427026056
Tailgating,2603,1000,821,car,Outer,1.6083128271837392
Tailgating,2603,941,1021,motorcycle,Outer,2.2934343445662932
Tailgating,2604,1000,821,car,Outer,1.6964914953631984
Tailgating,2604,1006,22,car,Outer,1.4582420155521816
Tailgating,2605,1000,821,car,Outer,1.767343893723509
Tailgating,2605,1006,22,car,Outer,1.479464413015255
Tailgating,2605,1003,998,person,Outer,1.9219022631187443
Tailgating,2606,1000,821,car,Outer,1.8305257999106903
Tailgating,2606,1006,22,car,Outer,1.4992628989595904
Tailgating,2606,816,1003,person,Outer,3.717367740311369
Tailgating,2606,1003,998,person,Outer,1.9492468996831862
Tailgating,2607,1000,821,car,Outer,1.8972974837249916
Tailgating,2607,1006,22,car,Outer,1.5176121817597406
Tailgating,2608,1000,821,car,Outer,1.9674890402039509
Tailgating,2608,1006,22,car,Outer,1.5447740681454036
Tailgating,2609,1000,821,car,Outer,2.033897232912837
Tailgating,2609,1006,22,car,Outer,1.566908391717832
Tailgating,2610,1000,821,car,Outer,2.1038547468178
Tailgating,2610,1006,22,car,Outer,1.5849463411738358
Tailgating,2610,816,1003,person,Outer,3.702182262786148
Tailgating,2610,941,1021,motorcycle,Outer,2.2680948904881375
Tailgating,2611,1000,821,car,Outer,2.1707823845418184
Tailgating,2611,1006,22,car,Outer,1.616329598027634
Tailgating,2611,941,1021,motorcycle,Outer,2.2707244486895393
Tailgating,2612,1000,821,car,Outer,2.344221151136285
Tailgating,2612,1006,22,car,Outer,1.6452380682452203
Tailgating,2613,1007,1000,car,Outer,3.9064788719240324
Tailgating,2613,1000,821,car,Outer,2.383592577616989
Tailgating,2613,1006,22,car,Outer,1.6750855945998278
Tailgating,2614,1007,1000,car,Outer,3.7807718132536707
Tailgating,2614,1000,821,car,Outer,2.4313537467807427
Tailgating,2614,1006,22,car,Outer,1.7080550241065937
Tailgating,2615,1000,821,car,Outer,2.4845936810473597
Tailgating,2615,1006,22,car,Outer,1.7344552830381919
Tailgating,2615,941,1021,motorcycle,Outer,2.2567413692590708
Tailgating,2616,1007,1000,car,Outer,3.5730186671541393
Tailgating,2616,1000,821,car,Outer,2.542303612418266
Tailgating,2616,1006,22,car,Outer,1.7432242563886111
Tailgating,2617,1000,821,car,Outer,2.7245564547405428
Tailgating,2617,1006,22,car,Outer,1.7757122998072437
Tailgating,2618,1000,821,car,Outer,2.8640208046926614
Tailgating,2618,1006,22,car,Outer,1.7852793749136822
Tailgating,2619,1000,821,car,Outer,2.986218090692372
Tailgating,2619,1006,22,car,Outer,1.7973604317436167
Tailgating,2620,1000,821,car,Outer,3.1005030846205752
Tailgating,2620,1006,22,car,Outer,1.8117954311486564
Tailgating,2621,1000,821,car,Outer,3.1934986938976313
Tailgating,2621,1006,22,car,Outer,1.831395317982508
Tailgating,2621,941,1021,motorcycle,Outer,2.2553439880691415
Tailgating,2622,1000,821,car,Outer,3.160343352054089
Tailgating,2622,1006,22,car,Outer,1.8547885042766699
Tailgating,2622,941,1021,motorcycle,Outer,2.2498429284338703
Tailgating,2623,1000,821,car,Outer,3.2937605544576405
Tailgating,2623,1006,22,car,Outer,1.877501759462297
Tailgating,2624,1000,821,car,Outer,3.4078558179549567
Tailgating,2624,1006,22,car,Outer,1.9010997487999615
Tailgating,2624,941,1021,motorcycle,Outer,2.2667879200682175
Tailgating,2625,1000,821,car,Outer,3.5006094182913516
Tailgating,2625,1006,22,car,Outer,1.9312396219643735
Tailgating,2626,1000,821,car,Outer,3.574494439279472
Tailgating,2626,1006,22,car,Outer,1.9609390131589768
Tailgating,2627,1000,821,car,Outer,3.6355902085164393
Tailgating,2627,1006,22,car,Outer,1.9853014789807535
Tailgating,2627,941,1030,motorcycle,Outer,0.18556518335109196
Tailgating,2628,1000,821,car,Outer,3.6644579789447604
Tailgating,2628,1006,22,car,Outer,2.010837943412159
Tailgating,2628,941,1030,motorcycle,Outer,0.13393251384379076
Tailgating,2628,1030,1021,person,Outer,2.18088968247621
Tailgating,2629,1000,821,car,Outer,3.7270034703938864
Tailgating,2629,1006,22,car,Outer,2.0343731979185495
Tailgating,2629,1030,1031,person,Outer,0.9330822089905995
Tailgating,2630,1000,821,car,Outer,3.78812447153899
Tailgating,2630,1006,22,car,Outer,2.0620394577360903
Tailgating,2631,1000,821,car,Outer,3.8395881293147247
Tailgating,2631,1006,22,car,Outer,2.080088386051831
Tailgating,2632,1000,821,car,Outer,3.8773953027088806
Tailgating,2632,1006,22,car,Outer,2.104845358320125
Tailgating,2633,1000,821,car,Outer,3.9305737790350164
Tailgating,2633,1006,22,car,Outer,2.1328409693682135
Tailgating,2634,1000,821,car,Outer,3.9816111005126644
Tailgating,2634,1006,22,car,Outer,2.1595556490293446
Tailgating,2634,1030,1021,person,Outer,2.3026226912965537
Tailgating,2635,1006,22,car,Outer,2.1863996421250573
Tailgating,2635,1030,1021,person,Outer,2.327452324911503
Tailgating,2636,1006,22,car,Outer,2.2097093545302777
Tailgating,2637,1006,22,car,Outer,2.23230036234435
Tailgating,2638,1006,22,car,Outer,2.2546233895438106
Tailgating,2639,1006,22,car,Outer,2.2774726322100816
Tailgating,2640,1006,22,car,Outer,2.3051611334030424
Tailgating,2641,1006,22,car,Outer,2.3181365543932926
Tailgating,2642,1006,22,car,Outer,2.3500048585033744
Tailgating,2642,1003,998,person,Outer,2.0299034317725444
Tailgating,2643,1006,22,car,Outer,2.386096110817546
Tailgating,2643,1003,998,person,Outer,2.0561478283488457
Tailgating,2644,1006,22,car,Outer,2.416109137838698
Tailgating,2645,1006,22,car,Outer,2.4433692637325266
Tailgating,2645,1030,941,person,Outer,0.05344356426518327
Tailgating,2646,1006,22,car,Outer,2.4730269924683808
Tailgating,2646,1003,998,person,Outer,2.0587480272309544
Tailgating,2646,1030,941,person,Outer,0.04952105362865697
Tailgating,2647,821,1006,car,Outer,1.4970517644422554
Tailgating,2647,1006,22,car,Outer,2.5023306657840267
Tailgating,2647,1030,941,person,Outer,0.05166177946017823
Tailgating,2648,821,1006,car,Outer,1.5490121722974646
Tailgating,2648,1006,22,car,Outer,2.5302527684570886
Tailgating,2648,1030,941,person,Outer,0.04569865853597472
Tailgating,2649,821,1006,car,Outer,1.4620940497776789
Tailgating,2649,1006,22,car,Outer,2.5539341965339513
Tailgating,2650,821,1006,car,Outer,1.3783628560604884
Tailgating,2650,1006,22,car,Outer,2.5884196434940465
Tailgating,2651,1006,22,car,Outer,2.6156702287078675
Tailgating,2652,1006,22,car,Outer,2.64432259314664
Tailgating,2652,1003,998,person,Outer,1.948627355776363
Tailgating,2653,817,821,motorcycle,Outer,1.0203662282451649
Tailgating,2653,1006,22,car,Outer,2.6631435742857694
Tailgating,2653,1003,998,person,Outer,1.9226982178808436
Tailgating,2654,1006,22,car,Outer,2.689758677262963
Tailgating,2654,941,1021,motorcycle,Outer,2.2460526102621783
Tailgating,2655,1006,22,car,Outer,2.7214027596980297
Tailgating,2655,941,1021,motorcycle,Outer,2.242388009421032
Tailgating,2656,1006,22,car,Outer,2.7460338036910326
Tailgating,2656,941,1021,motorcycle,Outer,2.2349402501285773
Tailgating,2657,1006,22,car,Outer,2.7783103592834917
Tailgating,2658,1006,22,car,Outer,2.813011978371642
Tailgating,2658,1003,998,person,Outer,1.872713718236009
Tailgating,2658,941,1021,motorcycle,Outer,2.2327174384220645
Tailgating,2659,1006,22,car,Outer,2.846904032611169
Tailgating,2659,1003,998,person,Outer,1.7856656067397905
Tailgating,2660,1006,22,car,Outer,2.876321319267876
Tailgating,2660,1003,998,person,Outer,1.8530195319244134
Tailgating,2661,1006,22,car,Outer,2.9023684033119035
Tailgating,2661,1003,998,person,Outer,1.9003122745545433
Tailgating,2662,1006,22,car,Outer,2.9315897528911403
Tailgating,2662,1003,998,person,Outer,1.9375440962965258
Tailgating,2662,941,1021,motorcycle,Outer,2.2333419169110824
Tailgating,2663,1006,22,car,Outer,2.964071229443933
Tailgating,2663,941,1021,motorcycle,Outer,2.233594077076715
Tailgating,2664,1006,22,car,Outer,3.002074041102137
Tailgating,2665,1006,22,car,Outer,3.0382959489842087
Tailgating,2666,1006,22,car,Outer,3.0742498049581317
Tailgating,2667,1006,22,car,Outer,3.115356600581205
Tailgating,2667,941,1021,motorcycle,Outer,2.2378590391285442
Tailgating,2668,1006,22,car,Outer,3.153895210696519
Tailgating,2669,1006,22,car,Outer,3.186369163751492
Tailgating,2669,941,1021,motorcycle,Outer,2.25509203606631
Tailgating,2670,1006,22,car,Outer,3.2152168700330637
Tailgating,2671,1006,22,car,Outer,3.251196616541875
Tailgating,2672,1006,22,car,Outer,3.288063858260909
Tailgating,2673,1006,22,car,Outer,3.3255611133124847
Tailgating,2674,1006,22,car,Outer,3.3571525635082415
Tailgating,2675,1006,22,car,Outer,3.3936135034297688
Tailgating,2676,1006,22,car,Outer,3.4294657881734283
Tailgating,2677,1006,22,car,Outer,3.465706203333323
Tailgating,2678,1006,1037,car,Outer,2.507318080055917
Tailgating,2679,1006,1037,car,Outer,2.524593078698417
Tailgating,2680,1006,1037,car,Outer,2.5393149993396094
Tailgating,2681,1006,1037,car,Outer,2.555155858605136
Tailgating,2681,1037,22,car,Outer,1.3234817680439908
Tailgating,2682,1006,1037,car,Outer,2.5716095749378804
Tailgating,2682,1037,22,car,Outer,1.348501430332702
Tailgating,2683,1006,1037,car,Outer,2.587875564559022
Tailgating,2683,1037,22,car,Outer,1.3896975928702693
Tailgating,2684,1006,1037,car,Outer,2.613043112337067
Tailgating,2685,1006,1037,car,Outer,2.636504172342401
Tailgating,2685,1037,22,car,Outer,1.4411097707507277
Tailgating,2686,1006,821,car,Outer,0.03876338113090066
Tailgating,2686,1037,22,car,Outer,1.4620212292108605
Tailgating,2687,1006,821,car,Outer,0.07955668175472858
Tailgating,2687,1037,22,car,Outer,1.479404479593493
Tailgating,2688,1006,821,car,Outer,0.11836398142459974
Tailgating,2688,1037,22,car,Outer,1.498350651647124
Tailgating,2689,1006,821,car,Outer,0.15646530219981422
Tailgating,2689,1037,22,car,Outer,1.5161733607786103
Tailgating,2690,1006,821,car,Outer,0.19858910254971077
Tailgating,2690,1037,22,car,Outer,1.529853146333812
Tailgating,2690,941,1021,motorcycle,Outer,2.2117176304519752
Tailgating,2691,1006,821,car,Outer,0.23955544186849517
Tailgating,2691,1037,22,car,Outer,1.5481175394525837
Tailgating,2691,941,1021,motorcycle,Outer,2.2129600840414922
Tailgating,2692,1006,821,car,Outer,0.28028429145087835
Tailgating,2693,1006,821,car,Outer,0.31647610819390415
Tailgating,2693,1037,22,car,Outer,1.5790625601435246
Tailgating,2694,1006,821,car,Outer,0.3539521786646902
Tailgating,2694,1037,22,car,Outer,1.5959136384749528
Tailgating,2695,1006,821,car,Outer,0.39972863168849293
Tailgating,2695,1037,22,car,Outer,1.615117726470581
Tailgating,2696,1006,821,car,Outer,0.449489828973554
Tailgating,2697,1006,821,car,Outer,0.5038394535814293
Tailgating,2698,1006,821,car,Outer,0.5593605880507014
Tailgating,2699,1006,821,car,Outer,0.6179020837135315
Tailgating,2699,1037,22,car,Outer,1.674479729233966
Tailgating,2700,1006,821,car,Outer,0.6655114021107245
Tailgating,2700,1037,22,car,Outer,1.6881475164707607
Tailgating,2701,1006,821,car,Outer,0.7134342435877963
Tailgating,2701,1037,22,car,Outer,1.7081359547056416
Tailgating,2702,1006,821,car,Outer,0.762862023558653
Tailgating,2702,1037,22,car,Outer,1.7168927910065674
Tailgating,2703,1006,821,car,Outer,0.8068844419212401
Tailgating,2704,1006,821,car,Outer,0.8660331245074159
Tailgating,2704,1037,22,car,Outer,1.7454269010479284
Tailgating,2705,1006,821,car,Outer,0.9173372443811317
Tailgating,2705,1037,22,car,Outer,1.7722435891515143
Tailgating,2706,1006,821,car,Outer,0.9715497101716609
Tailgating,2707,1006,821,car,Outer,1.0272074320021118
Tailgating,2708,1006,821,car,Outer,1.0789291096404048
Tailgating,2708,1037,22,car,Outer,1.823792973011059
Tailgating,2709,1006,821,car,Outer,1.1356688538880215
Tailgating,2709,1037,22,car,Outer,1.837573155139534
Tailgating,2710,1006,821,car,Outer,1.1918317888964463
Tailgating,2711,1006,821,car,Outer,1.252674365800982
Tailgating,2711,1037,22,car,Outer,1.8828341921314697
Tailgating,2712,1006,821,car,Outer,1.310392256324234
Tailgating,2713,1006,821,car,Outer,1.3708019415882196
Tailgating,2713,941,1021,motorcycle,Outer,2.2803988074997203
Tailgating,2714,1006,821,car,Outer,1.4464273256589217
Tailgating,2714,1047,1030,motorcycle,Outer,0.5992683387842099
Tailgating,2715,1006,821,car,Outer,1.5077702091996918
Tailgating,2715,1037,22,car,Outer,1.9565900027105507
Tailgating,2715,1047,1030,motorcycle,Outer,0.5100619652882915
Tailgating,2716,1006,821,car,Outer,1.5643441238224964
Tailgating,2716,1037,22,car,Outer,1.9705491848577426
Tailgating,2716,1047,941,motorcycle,Outer,1.0622907106280677
Tailgating,2717,1006,821,car,Outer,1.6148549869072262
Tailgating,2717,1037,22,car,Outer,2.0147788016354755
Tailgating,2717,1047,1051,motorcycle,Outer,0.6298289337643965
Tailgating,2718,1006,821,car,Outer,1.6637718703144624
Tailgating,2718,1037,22,car,Outer,2.050548632504365
Tailgating,2718,1047,1051,motorcycle,Outer,0.5356231497388253
Tailgating,2719,1049,1048,person,Inner,2.843826249804136
Tailgating,2719,1006,821,car,Outer,1.7107315110189143
Tailgating,2719,1047,1051,motorcycle,Outer,0.5106837197981049
Tailgating,2720,1049,1048,person,Inner,2.8320887814018536
Tailgating,2720,1006,821,car,Outer,1.7676731155449876
Tailgating,2720,1037,22,car,Outer,2.120611735701447
Tailgating,2720,1047,1051,motorcycle,Outer,0.4553266991253857
Tailgating,2721,1049,1048,person,Inner,2.822793826081048
Tailgating,2721,1006,821,car,Outer,1.7301057665006059
Tailgating,2721,821,1037,car,Outer,1.823160610741863
Tailgating,2721,1047,1051,motorcycle,Outer,0.02352065570432989
Tailgating,2722,1049,1048,person,Inner,2.8164902035857953
Tailgating,2722,1006,821,car,Outer,1.7251302703368006
Tailgating,2722,821,1037,car,Outer,1.866778102682878
Tailgating,2722,22,1036,car,Outer,0.5314899550134368
Tailgating,2722,1047,1051,motorcycle,Outer,0.14551863721999916
Tailgating,2723,1049,1048,person,Inner,2.8126495867527415
Tailgating,2723,1006,821,car,Outer,1.7404920741126741
Tailgating,2723,821,1037,car,Outer,1.8930793694252037
Tailgating,2723,1037,22,car,Outer,2.156499567502808
Tailgating,2723,1051,941,motorcycle,Outer,0.17480064765741998
Tailgating,2723,1047,1021,motorcycle,Outer,0.6195384081484516
Tailgating,2724,1049,1048,person,Inner,2.8017453246315545
Tailgating,2724,1006,821,car,Outer,1.7789053633072576
Tailgating,2724,1037,22,car,Outer,2.157956104367503
Tailgating,2724,1051,941,motorcycle,Outer,0.21612015898909887
Tailgating,2725,1006,821,car,Outer,1.823375418851682
Tailgating,2726,1006,821,car,Outer,1.8739241246415148
Tailgating,2727,1023,1006,car,Outer,3.977252644941755
Tailgating,2727,1006,821,car,Outer,1.9345352359512595
Tailgating,2727,1037,22,car,Outer,2.192784479479836
Tailgating,2728,1023,1006,car,Outer,3.838992521151193
Tailgating,2728,1006,821,car,Outer,1.9943773865998398
Tailgating,2728,1037,22,car,Outer,2.2133095663953912
Tailgating,2729,1023,1006,car,Outer,3.7116484851408025
Tailgating,2729,1006,821,car,Outer,2.0674972505952054
Tailgating,2729,1037,22,car,Outer,2.235487352380163
Tailgating,2730,1023,1006,car,Outer,3.583444905872977
Tailgating,2730,1006,821,car,Outer,2.130846395586591
Tailgating,2730,1037,22,car,Outer,2.266199380614122
Tailgating,2731,1023,1006,car,Outer,3.4565103000530746
Tailgating,2731,1006,821,car,Outer,2.192771777971602
Tailgating,2731,1037,22,car,Outer,2.297412406531287
Tailgating,2732,1023,1006,car,Outer,3.3274640342049144
Tailgating,2732,1006,821,car,Outer,2.2624143228643794
Tailgating,2732,1037,22,car,Outer,2.3201214003510704
Tailgating,2733,1023,1006,car,Outer,3.1888345458361287
Tailgating,2733,1006,821,car,Outer,2.3395530293497244
Tailgating,2733,1037,22,car,Outer,2.338304184737718
Tailgating,2734,1023,1006,car,Outer,3.066804915822821
Tailgating,2734,1006,821,car,Outer,2.4164196030724727
Tailgating,2734,1037,22,car,Outer,2.4085499657878335
Tailgating,2734,22,1036,car,Outer,0.5615300961567568
Tailgating,2734,941,1021,motorcycle,Outer,2.246273268660888
Tailgating,2735,1049,1048,person,Inner,2.667364012705288
Tailgating,2735,1006,821,car,Outer,2.491150374269619
Tailgating,2735,1037,22,car,Outer,2.41690041594432
Tailgating,2736,1006,821,car,Outer,2.5802163702743424
Tailgating,2736,1037,22,car,Outer,2.4337259862585876
Tailgating,2736,941,1021,motorcycle,Outer,2.2534528450987352
Tailgating,2737,1006,821,car,Outer,2.659502077407638
Tailgating,2737,1037,22,car,Outer,2.466910713717018
Tailgating,2738,1006,821,car,Outer,2.7350566886546925
Tailgating,2738,1037,22,car,Outer,2.491311648773291
Tailgating,2738,1051,1021,motorcycle,Outer,1.325565511228612
Tailgating,2739,1006,821,car,Outer,2.801888210849178
Tailgating,2739,1037,22,car,Outer,2.5155118267194863
Tailgating,2739,1051,1021,motorcycle,Outer,0.9354270182236174
Tailgating,2740,1006,821,car,Outer,2.8680457849955125
Tailgating,2740,1037,22,car,Outer,2.530288407528279
Tailgating,2740,941,1051,motorcycle,Outer,1.3963380351545909
Tailgating,2740,1051,1021,motorcycle,Outer,0.7675463286046947
Tailgating,2741,1006,821,car,Outer,2.9524483330601097
Tailgating,2741,1051,1021,motorcycle,Outer,0.6588965010038199
Tailgating,2742,1006,821,car,Outer,3.0211284166254826
Tailgating,2742,1037,1014,car,Outer,1.2191557441632606
Tailgating,2742,1014,22,car,Outer,1.5727879394916355
Tailgating,2742,1051,1047,motorcycle,Outer,0.03259070648948903
Tailgating,2742,1047,1021,motorcycle,Outer,0.32819885427267687
Tailgating,2743,1006,821,car,Outer,3.085593858098516
Tailgating,2743,1037,1014,car,Outer,1.2263396127497077
Tailgating,2743,1014,22,car,Outer,1.5934349009169626
Tailgating,2743,941,1047,motorcycle,Outer,1.662325294941392
Tailgating,2743,1047,1021,motorcycle,Outer,0.5450849065399345
Tailgating,2744,1006,821,car,Outer,3.153965443940055
Tailgating,2744,1037,1014,car,Outer,1.2404381747861468
Tailgating,2744,1014,22,car,Outer,1.6125324924053306
Tailgating,2744,1047,1021,motorcycle,Outer,0.4772892579072034
Tailgating,2745,1006,821,car,Outer,3.2215141427220657
Tailgating,2745,1037,1014,car,Outer,1.2578067871415102
Tailgating,2746,1006,821,car,Outer,3.281667244640655
Tailgating,2746,1037,1014,car,Outer,1.262357361953807
Tailgating,2746,1014,22,car,Outer,1.6488038372491225
Tailgating,2746,941,1021,motorcycle,Outer,2.373847198827521
Tailgating,2747,1006,821,car,Outer,3.332159472271571
Tailgating,2747,1037,1014,car,Outer,1.2663234418124347
Tailgating,2747,1014,22,car,Outer,1.6714264704086301
Tailgating,2748,1006,821,car,Outer,3.482464891624628
Tailgating,2748,821,1037,car,Outer,1.1531805144389704
Tailgating,2748,1037,1014,car,Outer,1.2716711327134194
Tailgating,2748,1014,22,car,Outer,1.6933995808196265
Tailgating,2749,817,1054,motorcycle,Inner,0.9858234445792263
Tailgating,2749,1006,821,car,Outer,3.4815774528988586
Tailgating,2749,821,1037,car,Outer,1.1750697949828843
Tailgating,2749,1014,22,car,Outer,1.7065303139145536
Tailgating,2750,817,1054,motorcycle,Inner,1.3395268085771272
Tailgating,2750,1006,821,car,Outer,3.5004834466382015
Tailgating,2751,817,1054,motorcycle,Inner,1.406069283030157
Tailgating,2751,1006,821,car,Outer,3.5211387035171917
Tailgating,2751,1037,1014,car,Outer,1.3038070811586857
Tailgating,2751,1014,22,car,Outer,1.7334166774488209
Tailgating,2752,1006,821,car,Outer,3.652098831127959
Tailgating,2752,821,1037,car,Outer,1.055916887640968
Tailgating,2752,1037,1014,car,Outer,1.3071924322744581
Tailgating,2752,1014,22,car,Outer,1.7539442153750726
Tailgating,2753,817,1054,motorcycle,Inner,1.3288862981414613
Tailgating,2753,1006,821,car,Outer,3.7569609822226107
Tailgating,2753,821,1037,car,Outer,0.970468161411363
Tailgating,2753,1037,1014,car,Outer,1.3193826721741402
Tailgating,2753,1014,22,car,Outer,1.7683949605900375
Tailgating,2754,1006,821,car,Outer,3.8431905657071552
Tailgating,2754,1037,1014,car,Outer,1.334821671345665
Tailgating,2754,1014,22,car,Outer,1.7851418120244424
Tailgating,2755,1006,821,car,Outer,3.92777552909745
Tailgating,2755,1037,1014,car,Outer,1.3504749684880775
Tailgating,2755,1014,22,car,Outer,1.8022935515738743
Tailgating,2755,941,1021,motorcycle,Outer,2.3751508102842256
Tailgating,2756,1014,22,car,Outer,1.8229902716496742
Tailgating,2757,1037,1014,car,Outer,1.357726168481927
Tailgating,2757,1014,22,car,Outer,1.845742044634347
Tailgating,2758,1037,1014,car,Outer,1.3651731587971023
Tailgating,2758,1014,22,car,Outer,1.8662345966638743
Tailgating,2759,1037,1014,car,Outer,1.368723677147242
Tailgating,2760,1037,1014,car,Outer,1.3814813331152251
Tailgating,2761,1037,1014,car,Outer,1.3848207690137884
Tailgating,2761,1014,22,car,Outer,1.9134428793609957
Tailgating,2762,1037,1014,car,Outer,1.4022488946897
Tailgating,2762,1014,22,car,Outer,1.9258670273283975
Tailgating,2763,1037,1014,car,Outer,1.4154387210464676
Tailgating,2764,1060,1050,motorcycle,Outer,3.641826172482092
Tailgating,2765,1060,1050,motorcycle,Outer,3.7331193875947744
Tailgating,2766,1037,1014,car,Outer,1.4520841532206061
Tailgating,2766,1014,22,car,Outer,1.9793260754301307
Tailgating,2766,1060,1050,motorcycle,Outer,3.8513692834736006
Tailgating,2766,941,1021,motorcycle,Outer,2.239924801355833
Tailgating,2767,821,1037,car,Outer,0.5426533816425997
Tailgating,2767,1037,1014,car,Outer,1.4600305188508476
Tailgating,2767,1060,1050,motorcycle,Outer,3.9437860355181624
Tailgating,2768,1037,1014,car,Outer,1.4810308466251103
Tailgating,2769,1037,1014,car,Outer,1.4868206512248074
Tailgating,2769,1014,22,car,Outer,2.0206081713943265
Tailgating,2769,1060,816,motorcycle,Outer,0.035123627359996086
Tailgating,2770,1037,1014,car,Outer,1.494646735814403
Tailgating,2770,1014,22,car,Outer,2.0423459666051738
Tailgating,2770,1060,816,motorcycle,Outer,0.13945412466020415
Tailgating,2770,941,1021,motorcycle,Outer,2.239649994861359
Tailgating,2771,1037,1014,car,Outer,1.5067164936566586
Tailgating,2771,1060,816,motorcycle,Outer,0.24159552473257986
Tailgating,2772,1037,1014,car,Outer,1.5040534454978158
Tailgating,2772,1014,22,car,Outer,2.0877442499528445
Tailgating,2772,1060,816,motorcycle,Outer,0.32842339234250745
Tailgating,2773,1037,1014,car,Outer,1.5184487721918936
Tailgating,2773,1014,22,car,Outer,2.1069350266911977
Tailgating,2773,1060,816,motorcycle,Outer,0.4134355810373784
Tailgating,2774,1037,1014,car,Outer,1.5293574606267872
Tailgating,2774,1014,22,car,Outer,2.12718552818197
Tailgating,2774,1060,816,motorcycle,Outer,0.5017332479458052
Tailgating,2775,1037,1014,car,Outer,1.5429573873578086
Tailgating,2775,1014,22,car,Outer,2.14320872944534
Tailgating,2775,1060,816,motorcycle,Outer,0.5855382952599513
Tailgating,2776,1037,1014,car,Outer,1.6417491205366281
Tailgating,2776,1014,22,car,Outer,2.0793824469252327
Tailgating,2776,1060,816,motorcycle,Outer,0.674244290132717
Tailgating,2777,1037,1014,car,Outer,1.734808803939137
Tailgating,2777,1014,22,car,Outer,2.029370752094614
Tailgating,2777,1060,816,motorcycle,Outer,0.7637089350373812
Tailgating,2778,1037,1014,car,Outer,1.796185327034453
Tailgating,2778,1060,816,motorcycle,Outer,0.8575708082751667
Tailgating,2779,1037,1014,car,Outer,1.8483110219830101
Tailgating,2779,1060,816,motorcycle,Outer,0.9492982331015674
Tailgating,2780,1037,1014,car,Outer,1.7833166504778408
Tailgating,2780,1014,22,car,Outer,2.0828254944987625
Tailgating,2780,1060,816,motorcycle,Outer,1.0368586783980844
Tailgating,2781,1037,1014,car,Outer,1.7578769868532345
Tailgating,2781,1014,22,car,Outer,2.1392786939234325
Tailgating,2781,1060,816,motorcycle,Outer,1.1351078391360498
Tailgating,2782,1037,1014,car,Outer,1.7532197087000752
Tailgating,2782,1014,22,car,Outer,2.1664935257760765
Tailgating,2782,1060,816,motorcycle,Outer,1.2274898203275666
Tailgating,2783,1037,1014,car,Outer,1.7170667562820976
Tailgating,2783,1014,22,car,Outer,2.227567752018735
Tailgating,2783,1060,816,motorcycle,Outer,1.3178288887706533
Tailgating,2784,1037,1014,car,Outer,1.7047402793331512
Tailgating,2784,1014,22,car,Outer,2.271579835163005
Tailgating,2784,1060,816,motorcycle,Outer,1.4188511421638055
Tailgating,2785,1037,821,car,Outer,0.041023659101225095
Tailgating,2785,1014,22,car,Outer,2.3173265692487837
Tailgating,2785,1060,1068,motorcycle,Outer,0.954084967528401
Tailgating,2786,1037,821,car,Outer,0.09113604910735594
Tailgating,2786,1014,22,car,Outer,2.343985344786355
Tailgating,2786,1060,1068,motorcycle,Outer,0.9783089535941456
Tailgating,2786,1068,816,motorcycle,Outer,0.642161894403034
Tailgating,2787,1037,821,car,Outer,0.13254277832310937
Tailgating,2787,1014,22,car,Outer,2.296715551244138
Tailgating,2787,1060,1068,motorcycle,Outer,0.9864099417509534
Tailgating,2787,1068,816,motorcycle,Outer,0.7151729547574568
Tailgating,2788,1037,821,car,Outer,0.17820409296517603
Tailgating,2788,1014,22,car,Outer,2.3821403857135994
Tailgating,2788,1060,1068,motorcycle,Outer,1.0100544884107174
Tailgating,2788,1068,816,motorcycle,Outer,0.7721718355344159
Tailgating,2789,1037,821,car,Outer,0.2060363403334132
Tailgating,2789,1014,22,car,Outer,2.3331924842588934
Tailgating,2789,1060,1068,motorcycle,Outer,0.9918295874306176
Tailgating,2789,1068,816,motorcycle,Outer,0.8702022748829337
Tailgating,2790,1037,821,car,Outer,0.23949888725536567
Tailgating,2790,1014,22,car,Outer,2.4035551228431427
Tailgating,2790,1060,1068,motorcycle,Outer,1.0180543066795462
Tailgating,2790,1068,816,motorcycle,Outer,0.9331073177166328
Tailgating,2791,1037,821,car,Outer,0.2598752076352507
Tailgating,2791,1014,22,car,Outer,2.493725422240131
Tailgating,2791,1060,1068,motorcycle,Outer,1.0402452987599327
Tailgating,2791,1068,816,motorcycle,Outer,1.006976524585754
Tailgating,2792,1037,821,car,Outer,0.29057905681938406
Tailgating,2792,1014,22,car,Outer,2.529306400334256
Tailgating,2792,1060,1068,motorcycle,Outer,1.0819897354864032
Tailgating,2792,1068,816,motorcycle,Outer,1.0779939304202983
Tailgating,2793,1037,821,car,Outer,0.3119878523639648
Tailgating,2793,1014,22,car,Outer,2.557580914616428
Tailgating,2793,1060,1068,motorcycle,Outer,1.0864266493374304
Tailgating,2793,1068,816,motorcycle,Outer,1.1403820997403347
Tailgating,2794,1037,821,car,Outer,0.3565194465866858
Tailgating,2794,1014,22,car,Outer,2.5500396182634177
Tailgating,2794,1060,1068,motorcycle,Outer,1.1019423341730419
Tailgating,2794,1068,816,motorcycle,Outer,1.2031970711340914
Tailgating,2795,1037,821,car,Outer,0.3932843829781125
Tailgating,2795,1014,22,car,Outer,2.5523992274273675
Tailgating,2795,1060,1068,motorcycle,Outer,1.121242763219777
Tailgating,2795,1068,816,motorcycle,Outer,1.2629588438613897
Tailgating,2796,1037,821,car,Outer,0.4118984638991038
Tailgating,2796,1014,22,car,Outer,2.4625198885908692
Tailgating,2796,1060,1068,motorcycle,Outer,1.1762630110658878
Tailgating,2796,1068,816,motorcycle,Outer,1.3184712702524815
Tailgating,2797,1037,821,car,Outer,0.43542999003933996
Tailgating,2797,1014,22,car,Outer,2.5084290183381976
Tailgating,2797,1060,1068,motorcycle,Outer,1.195478800797612
Tailgating,2797,1068,816,motorcycle,Outer,1.3859243964967227
Tailgating,2798,1037,821,car,Outer,0.4657111824135065
Tailgating,2798,1014,22,car,Outer,2.5525166141309144
Tailgating,2798,1060,1068,motorcycle,Outer,1.194212138728226
Tailgating,2798,1068,816,motorcycle,Outer,1.4508329888568972
Tailgating,2799,1037,821,car,Outer,0.5070105767925709
Tailgating,2799,1014,22,car,Outer,2.6039135390682215
Tailgating,2799,1060,1068,motorcycle,Outer,1.219384190518917
Tailgating,2799,1068,816,motorcycle,Outer,1.5143839939681178
Tailgating,2800,1037,821,car,Outer,0.5437525172914255
Tailgating,2800,1014,22,car,Outer,2.644128400445902
Tailgating,2800,1063,1060,car,Outer,2.345401278767813
Tailgating,2800,1060,1068,motorcycle,Outer,1.2131354266207903
Tailgating,2800,1068,816,motorcycle,Outer,1.5864912072726052
Tailgating,2801,1037,821,car,Outer,0.5742897185293757
Tailgating,2801,1014,22,car,Outer,2.671202814648986
Tailgating,2801,1063,1060,car,Outer,2.3057230654579297
Tailgating,2801,1060,1068,motorcycle,Outer,1.220991239380954
Tailgating,2801,1068,816,motorcycle,Outer,1.6568766525401386
Tailgating,2802,1037,821,car,Outer,0.6065368140664084
Tailgating,2802,1014,22,car,Outer,2.690828112171609
Tailgating,2802,1063,1060,car,Outer,2.2605381824159525
Tailgating,2802,1060,1068,motorcycle,Outer,1.2361699310479042
Tailgating,2802,1068,816,motorcycle,Outer,1.7146068431514467
Tailgating,2803,1037,821,car,Outer,0.6428925849264256
Tailgating,2803,1014,22,car,Outer,2.6941869711918245
Tailgating,2803,1060,1068,motorcycle,Outer,1.2511128366808422
Tailgating,2803,1068,816,motorcycle,Outer,1.7815279592280153
Tailgating,2804,1037,821,car,Outer,0.6755300474174396
Tailgating,2804,1014,22,car,Outer,2.694890535123929
Tailgating,2804,1060,1068,motorcycle,Outer,1.280301843496548
Tailgating,2804,1068,816,motorcycle,Outer,1.8410592755144768
Tailgating,2805,1037,821,car,Outer,0.7177981711531113
Tailgating,2805,1014,22,car,Outer,2.7150417017217876
Tailgating,2805,1060,1068,motorcycle,Outer,1.2868489990002698
Tailgating,2805,1068,816,motorcycle,Outer,1.915720681944724
Tailgating,2806,1037,821,car,Outer,0.7495634301103419
Tailgating,2806,1014,1082,car,Outer,0.29244657765855775
Tailgating,2806,1060,1068,motorcycle,Outer,1.339434945285726
Tailgating,2806,1068,816,motorcycle,Outer,1.979891679879162
Tailgating,2807,1037,821,car,Outer,0.7885393927977215
Tailgating,2807,1014,1082,car,Outer,0.32201307030480963
Tailgating,2807,1060,1068,motorcycle,Outer,1.3452464568021352
Tailgating,2807,1068,816,motorcycle,Outer,2.043303659209718
Tailgating,2808,1037,821,car,Outer,0.8214438217830512
Tailgating,2808,1014,1082,car,Outer,0.33703537900756647
Tailgating,2808,1060,1068,motorcycle,Outer,1.351620089087393
Tailgating,2808,1068,816,motorcycle,Outer,2.117539602267948
Tailgating,2809,1037,821,car,Outer,0.8507672830727036
Tailgating,2809,1060,1068,motorcycle,Outer,1.3662172386484295
Tailgating,2809,1068,816,motorcycle,Outer,2.1891382231377787
Tailgating,2810,1037,821,car,Outer,0.8810795920009633
Tailgating,2810,1014,1082,car,Outer,0.5620926383871055
Tailgating,2810,1082,22,car,Outer,2.14155173019439
Tailgating,2810,1060,1068,motorcycle,Outer,1.3852330823564705
Tailgating,2810,1068,816,motorcycle,Outer,2.261330074668091
Tailgating,2811,1037,821,car,Outer,0.9104918851765605
Tailgating,2811,1014,1082,car,Outer,0.6671524818678807
Tailgating,2811,1082,22,car,Outer,2.0556826247867854
Tailgating,2811,1060,1068,motorcycle,Outer,1.4155414292967443
Tailgating,2811,1068,816,motorcycle,Outer,2.31403305380763
Tailgating,2812,1037,821,car,Outer,0.8156317343164238
Tailgating,2812,821,1014,car,Outer,1.0262051589421934
Tailgating,2812,1014,1082,car,Outer,0.7416126182131404
Tailgating,2812,1082,22,car,Outer,2.0154839799827884
Tailgating,2812,1060,1068,motorcycle,Outer,1.4319122398488116
Tailgating,2812,1068,816,motorcycle,Outer,2.368896313232807
Tailgating,2813,1037,821,car,Outer,0.9034912811220357
Tailgating,2813,821,1014,car,Outer,0.9575580803567897
Tailgating,2813,1014,1082,car,Outer,0.7825886022944387
Tailgating,2813,1060,1068,motorcycle,Outer,1.4575204058105522
Tailgating,2813,1068,816,motorcycle,Outer,2.428764804036264
Tailgating,2814,1037,821,car,Outer,0.9656378112711482
Tailgating,2814,1060,1068,motorcycle,Outer,1.4770983898874563
Tailgating,2814,1068,816,motorcycle,Outer,2.4957887540756127
Tailgating,2815,1037,821,car,Outer,0.9936861656674334
Tailgating,2815,1014,1082,car,Outer,0.8707271894628263
Tailgating,2815,1060,1068,motorcycle,Outer,1.4943267856329359
Tailgating,2815,1068,816,motorcycle,Outer,2.547185355358872
Tailgating,2816,1014,1082,car,Outer,0.915935733873249
Tailgating,2816,1060,1068,motorcycle,Outer,1.511395955341507
Tailgating,2816,1068,816,motorcycle,Outer,2.59489717461544
Tailgating,2817,1014,1082,car,Outer,0.9520120059659363
Tailgating,2817,1060,1068,motorcycle,Outer,1.5507792021438005
Tailgating,2817,1068,816,motorcycle,Outer,2.636617335834232
Tailgating,2818,1037,821,car,Outer,1.0816223866514116
Tailgating,2818,1014,1082,car,Outer,0.9887588869908784
Tailgating,2818,1060,1068,motorcycle,Outer,1.5496036724966813
Tailgating,2818,1068,816,motorcycle,Outer,2.702121817359677
Tailgating,2819,1037,821,car,Outer,1.1137397886400962
Tailgating,2819,1014,1082,car,Outer,1.016138585692185
Tailgating,2819,1060,1068,motorcycle,Outer,1.56322634227412
Tailgating,2819,1068,816,motorcycle,Outer,2.768218179340118
Tailgating,2820,1014,1082,car,Outer,1.0368290447566508
Tailgating,2820,1060,1068,motorcycle,Outer,1.5619032631469407
Tailgating,2820,1068,816,motorcycle,Outer,2.829323911991831
Tailgating,2821,1014,1082,car,Outer,1.0663953816130327
Tailgating,2821,1060,1068,motorcycle,Outer,1.5922753563537095
Tailgating,2821,1068,816,motorcycle,Outer,2.888144261683543
Tailgating,2822,1037,821,car,Outer,1.1668266057647436
Tailgating,2822,1014,1082,car,Outer,1.0844648585230297
Tailgating,2822,1060,1068,motorcycle,Outer,1.595828311047182
Tailgating,2822,1068,816,motorcycle,Outer,2.948582740315273
Tailgating,2823,1037,821,car,Outer,1.2056341848498253
Tailgating,2823,1014,1082,car,Outer,1.1012464140736768
Tailgating,2823,1060,1068,motorcycle,Outer,1.615685114790954
Tailgating,2823,1068,816,motorcycle,Outer,3.0005287462871815
Tailgating,2824,1037,821,car,Outer,1.244556350389476
Tailgating,2824,1014,1082,car,Outer,1.133563839814981
Tailgating,2824,1060,1068,motorcycle,Outer,1.6489422116893253
Tailgating,2824,1068,816,motorcycle,Outer,3.047461885816864
Tailgating,2825,1037,821,car,Outer,1.2841483360087347
Tailgating,2825,1014,1082,car,Outer,1.1578879916159
Tailgating,2825,1060,1068,motorcycle,Outer,1.6902150109963912
Tailgating,2825,1068,816,motorcycle,Outer,3.0995148934597356
Tailgating,2826,1037,821,car,Outer,1.317450007004795
Tailgating,2826,1014,22,car,Outer,3.1324380307094097
Tailgating,2826,1060,1068,motorcycle,Outer,1.7121084490818628
Tailgating,2826,1068,816,motorcycle,Outer,3.2076869378589827
Tailgating,2826,816,1050,person,Outer,3.698090723708355
Tailgating,2827,1037,821,car,Outer,1.344385212416577
Tailgating,2827,1014,22,car,Outer,3.089008904861565
Tailgating,2827,1060,1068,motorcycle,Outer,1.7356530498802374
Tailgating,2827,1068,816,motorcycle,Outer,3.271588157177306
Tailgating,2828,1014,22,car,Outer,3.1592503940033327
Tailgating,2828,1060,1068,motorcycle,Outer,1.6826780722853782
Tailgating,2828,1068,816,motorcycle,Outer,3.342395758372071
Tailgating,2829,1037,821,car,Outer,1.4107335569073192
Tailgating,2829,1014,22,car,Outer,3.2218256191441985
Tailgating,2829,1060,1068,motorcycle,Outer,1.733633876994069
Tailgating,2829,1068,816,motorcycle,Outer,3.4132286860181527
Tailgating,2829,816,1050,person,Outer,3.669114932472791
Tailgating,2830,1037,821,car,Outer,1.4381649805201215
Tailgating,2830,1014,22,car,Outer,3.283312235629793
Tailgating,2830,1060,1068,motorcycle,Outer,1.6615976093094278
Tailgating,2830,1068,816,motorcycle,Outer,3.537846135537354
Tailgating,2831,1037,821,car,Outer,1.4615113187358315
Tailgating,2831,1014,22,car,Outer,3.3315907995106424
Tailgating,2831,1060,1068,motorcycle,Outer,1.6175032631352604
Tailgating,2831,1068,816,motorcycle,Outer,3.616006854804292
Tailgating,2832,1037,821,car,Outer,1.4913417321560032
Tailgating,2832,1014,22,car,Outer,3.373273116254834
Tailgating,2832,1036,1060,car,Outer,3.6080417307323613
Tailgating,2832,1060,1063,motorcycle,Outer,0.13779447071054063
Tailgating,2832,1063,1068,car,Outer,1.4493979174998857
Tailgating,2832,1068,816,motorcycle,Outer,3.643692245368008
Tailgating,2832,816,941,person,Outer,2.648549445548567
Tailgating,2832,941,1050,motorcycle,Outer,1.311354001758953
Tailgating,2833,1037,821,car,Outer,1.5195319504898035
Tailgating,2833,1014,22,car,Outer,3.4079255456596766
Tailgating,2833,1060,1063,motorcycle,Outer,0.33275184888721154
Tailgating,2833,1063,1068,car,Outer,1.2989582309187266
Tailgating,2833,1068,816,motorcycle,Outer,3.6711549602971516
Tailgating,2833,941,1050,motorcycle,Outer,2.6410382678046735
Tailgating,2834,1037,821,car,Outer,1.5505963135353025
Tailgating,2834,1014,22,car,Outer,3.42841964048091
Tailgating,2834,1060,1063,motorcycle,Outer,0.4774855438260361
Tailgating,2834,1063,1068,car,Outer,1.1878634123320446
Tailgating,2834,1068,816,motorcycle,Outer,3.704731314804879
Tailgating,2834,941,1050,motorcycle,Outer,3.0860588608457733
Tailgating,2835,1037,821,car,Outer,1.5601490201094323
Tailgating,2835,1014,22,car,Outer,3.461610392318788
Tailgating,2835,1060,1063,motorcycle,Outer,0.44345429869879605
Tailgating,2835,1063,1068,car,Outer,1.232919121601339
Tailgating,2835,1068,816,motorcycle,Outer,3.7535930168484954
Tailgating,2835,941,1050,motorcycle,Outer,3.2392210355846576
Tailgating,2836,1037,821,car,Outer,1.577699565874615
Tailgating,2836,1014,22,car,Outer,3.513343769272308
Tailgating,2836,1036,1093,car,Outer,2.4198380488618754
Tailgating,2836,1060,1063,motorcycle,Outer,0.4075663603771166
Tailgating,2836,1063,1068,car,Outer,1.2680737895975842
Tailgating,2836,1068,816,motorcycle,Outer,3.7862226293435306
Tailgating,2836,941,1050,motorcycle,Outer,3.2977445017843734
Tailgating,2837,1037,821,car,Outer,1.623926083488335
Tailgating,2837,1014,22,car,Outer,3.550288424254547
Tailgating,2837,1036,1093,car,Outer,2.465842455367793
Tailgating,2837,1060,1063,motorcycle,Outer,0.39816924118701547
Tailgating,2837,1063,1068,car,Outer,1.2540889956101027
Tailgating,2837,1068,816,motorcycle,Outer,3.8418645119763806
Tailgating,2837,941,1050,motorcycle,Outer,3.312360565906947
Tailgating,2838,1037,821,car,Outer,1.6598057937456354
Tailgating,2838,1014,22,car,Outer,3.5883940337698714
Tailgating,2838,1036,1093,car,Outer,2.4919649741132055
Tailgating,2838,1060,1063,motorcycle,Outer,0.43154043535816544
Tailgating,2838,1068,816,motorcycle,Outer,3.8829637584422154
Tailgating,2838,941,1050,motorcycle,Outer,3.3233877104799014
Tailgating,2839,1037,821,car,Outer,1.660216238128521
Tailgating,2839,821,1014,car,Outer,0.23421394618739905
Tailgating,2839,1014,22,car,Outer,3.6146267698247727
Tailgating,2839,1036,1093,car,Outer,2.446511851259117
Tailgating,2839,1060,1063,motorcycle,Outer,0.4830910201799018
Tailgating,2839,1068,816,motorcycle,Outer,3.925477511802062
Tailgating,2839,941,1050,motorcycle,Outer,3.3446493144604488
Tailgating,2840,1037,821,car,Outer,1.7247115967172824
Tailgating,2840,1014,22,car,Outer,3.560378201957209
Tailgating,2840,1060,1063,motorcycle,Outer,0.5415750262776808
Tailgating,2840,1068,816,motorcycle,Outer,3.9888269080680163
Tailgating,2840,941,1050,motorcycle,Outer,3.395596286581941
Tailgating,2841,1037,821,car,Outer,1.7809076384342426
Tailgating,2841,1060,1063,motorcycle,Outer,0.6048449348958945
Tailgating,2841,941,1050,motorcycle,Outer,3.485024533289944
Tailgating,2842,1037,821,car,Outer,1.734266386954147
Tailgating,2842,821,1014,car,Outer,0.36759106018895166
Tailgating,2842,1060,1063,motorcycle,Outer,0.6646254605059404
Tailgating,2842,941,1050,motorcycle,Outer,3.5574160115364526
Tailgating,2843,1037,821,car,Outer,1.7095089500052183
Tailgating,2843,821,1014,car,Outer,0.41820749431020776
Tailgating,2843,1060,1063,motorcycle,Outer,0.7180826060973341
Tailgating,2843,941,1050,motorcycle,Outer,3.634052777436554
Tailgating,2844,821,1014,car,Outer,0.33437893210457514
Tailgating,2844,1014,22,car,Outer,3.6557564080693776
Tailgating,2844,1036,1093,car,Outer,2.4841402828747055
Tailgating,2844,1060,1063,motorcycle,Outer,0.7705058143058758
Tailgating,2844,941,1050,motorcycle,Outer,3.721124743822104
Tailgating,2845,1037,821,car,Outer,1.6040091669088818
Tailgating,2845,1014,22,car,Outer,3.7499863518563004
Tailgating,2845,1060,1063,motorcycle,Outer,0.8157415192132579
Tailgating,2845,941,1050,motorcycle,Outer,3.7801506522167814
Tailgating,2846,1037,821,car,Outer,1.66045938698348
Tailgating,2846,821,1014,car,Outer,0.08752764775992287
Tailgating,2846,1014,22,car,Outer,3.830591351043312
Tailgating,2846,1060,1063,motorcycle,Outer,0.8791961261195701
Tailgating,2846,941,1050,motorcycle,Outer,3.8414716265685334
Tailgating,2847,1037,1014,car,Outer,1.8677387871783022
Tailgating,2847,1014,821,car,Outer,0.03690056717443955
Tailgating,2847,821,22,car,Outer,3.6073267373063898
Tailgating,2847,1060,1063,motorcycle,Outer,0.9476058316961932
Tailgating,2847,941,1050,motorcycle,Outer,3.898190577703809
Tailgating,2848,1037,1014,car,Outer,1.9190165406889559
Tailgating,2848,1014,821,car,Outer,0.11967569324687677
Tailgating,2848,941,1050,motorcycle,Outer,3.995563766070714
Tailgating,2849,1037,1014,car,Outer,1.8418204870713017
Tailgating,2849,1014,821,car,Outer,0.08257286457999409
Tailgating,2849,821,22,car,Outer,3.655529215081562
Tailgating,2849,941,816,motorcycle,Outer,0.05387002564924224
Tailgating,2850,1037,1014,car,Outer,1.9174091077463524
Tailgating,2850,1014,821,car,Outer,0.17754168665447317
Tailgating,2850,821,22,car,Outer,3.600771375498281
Tailgating,2850,941,816,motorcycle,Outer,0.13906144042648755
Tailgating,2851,1037,1014,car,Outer,1.959776378204528
Tailgating,2851,1014,821,car,Outer,0.13070098282426826
Tailgating,2851,821,22,car,Outer,3.679475578550226
Tailgating,2851,1068,1063,motorcycle,Outer,0.6475908269065941
Tailgating,2851,941,816,motorcycle,Outer,0.2241985605415786
Tailgating,2852,1014,821,car,Outer,0.2301085942225925
Tailgating,2852,821,22,car,Outer,3.6158146549387395
Tailgating,2852,941,816,motorcycle,Outer,0.3050750257987819
Tailgating,2853,1037,1014,car,Outer,1.830858609919114
Tailgating,2853,1014,821,car,Outer,0.29215778983761065
Tailgating,2853,941,816,motorcycle,Outer,0.3900588000969563
Tailgating,2854,1014,821,car,Outer,0.24710248832289694
Tailgating,2854,821,22,car,Outer,3.6668024908669894
Tailgating,2854,816,1050,person,Outer,3.6947084810474298
Tailgating,2855,1037,1014,car,Outer,1.910120930847116
Tailgating,2855,1014,821,car,Outer,0.21714150252774492
Tailgating,2855,821,22,car,Outer,3.7190399082493903
Tailgating,2856,1037,1014,car,Outer,1.9415554584528156
Tailgating,2856,1014,821,car,Outer,0.2355724222700941
Tailgating,2857,1037,1014,car,Outer,1.9492151571203016
Tailgating,2857,1014,821,car,Outer,0.26385021028803746
Tailgating,2857,1093,1063,car,Outer,0.8526544598765196
Tailgating,2858,1037,1014,car,Outer,1.9801657594275957
Tailgating,2858,1014,821,car,Outer,0.3148582261338192
Tailgating,2858,1093,1063,car,Outer,0.7625039100566943
Tailgating,2859,1014,821,car,Outer,0.3670461103155934
Tailgating,2859,1093,1063,car,Outer,0.8299296708575655
Tailgating,2860,1014,821,car,Outer,0.39530821075573924
Tailgating,2860,1093,1063,car,Outer,0.8738760435681788
Tailgating,2861,1014,821,car,Outer,0.42121863050995734
Tailgating,2861,1093,1063,car,Outer,0.9050177021968494
Tailgating,2862,1014,821,car,Outer,0.4554691091685253
Tailgating,2863,1014,821,car,Outer,0.6074627335046661
Tailgating,2863,821,22,car,Outer,3.6827386086370493
Tailgating,2863,1093,1063,car,Outer,0.963940443972704
Tailgating,2864,1014,821,car,Outer,0.5963526971778684
Tailgating,2864,821,22,car,Outer,3.7246447243441145
Tailgating,2865,1014,821,car,Outer,0.6121093898899894
Tailgating,2865,1093,1063,car,Outer,1.0116381672231338
Tailgating,2866,1014,821,car,Outer,0.637857475357015
Tailgating,2867,1014,821,car,Outer,0.6716300294735263
Tailgating,2868,1014,821,car,Outer,0.71030577326511
Tailgating,2869,1014,821,car,Outer,0.7583322367480275
Tailgating,2870,1014,821,car,Outer,0.8049956270827929
Tailgating,2870,1093,1063,car,Outer,0.8675638795354641
Tailgating,2871,1014,821,car,Outer,0.8496998419048082
Tailgating,2871,1093,1063,car,Outer,0.7838601578976063
Tailgating,2872,1014,821,car,Outer,0.8896041079400387
Tailgating,2872,1093,1063,car,Outer,0.8785426521258233
Tailgating,2873,1014,821,car,Outer,0.9366758259356847
Tailgating,2873,1093,1063,car,Outer,0.9434694017838108
Tailgating,2874,1014,821,car,Outer,0.9890902108066629
Tailgating,2874,1093,1063,car,Outer,0.8280464470009905
Tailgating,2875,1014,821,car,Outer,1.0531831831818983
Tailgating,2875,1093,1063,car,Outer,0.8883457827611587
Tailgating,2876,1014,821,car,Outer,1.0932864400640387
Tailgating,2876,1093,1063,car,Outer,0.9238995325886056
Tailgating,2877,1014,821,car,Outer,1.1411829242903995
Tailgating,2878,1089,1054,car,Inner,0.9647339597807458
Tailgating,2878,1014,821,car,Outer,1.1804649021027944
Tailgating,2879,1089,1054,car,Inner,1.0337255620381527
Tailgating,2879,1014,821,car,Outer,1.2254485475721093
Tailgating,2880,1089,1054,car,Inner,0.9720560351722216
Tailgating,2880,1014,821,car,Outer,1.2891435116169567
Tailgating,2881,1089,1054,car,Inner,0.9325258889178504
Tailgating,2881,1014,821,car,Outer,1.2157885177911836
Tailgating,2882,1089,1054,car,Inner,1.0151595356991763
Tailgating,2882,1014,821,car,Outer,1.307163672654778
Tailgating,2882,1093,1063,car,Outer,0.8635994801625242
Tailgating,2883,1089,1054,car,Inner,1.0679272899973546
Tailgating,2883,1014,821,car,Outer,1.5006868905835904
Tailgating,2883,821,22,car,Outer,3.6662630628172734
Tailgating,2883,1093,1063,car,Outer,0.9099808875206676
Tailgating,2884,1089,1054,car,Inner,1.1000256149362757
Tailgating,2884,1014,821,car,Outer,1.6436569030068104
Tailgating,2884,821,22,car,Outer,3.5977082248978975
Tailgating,2884,1093,1063,car,Outer,0.9405995408564094
Tailgating,2885,1014,821,car,Outer,1.757319094128491
Tailgating,2885,821,22,car,Outer,3.545128383824939
Tailgating,2886,1014,821,car,Outer,1.845911887357133
Tailgating,2887,1014,821,car,Outer,1.9156394245336719
Tailgating,2888,1089,1054,car,Inner,1.0349596992137007
Tailgating,2888,1014,821,car,Outer,1.9349118597028485
Tailgating,2888,821,22,car,Outer,3.5436563180606244
Tailgating,2889,1089,1054,car,Inner,1.07714722784814
Tailgating,2889,1014,821,car,Outer,1.9934403915986991
Tailgating,2890,1089,1054,car,Inner,0.9913023343195977
Tailgating,2890,1014,821,car,Outer,2.080713231905409
Tailgating,2890,821,22,car,Outer,3.497054957662932
Tailgating,2891,1089,1054,car,Inner,1.0434031566084112
Tailgating,2891,1014,821,car,Outer,2.0388867741414236
Tailgating,2891,821,22,car,Outer,3.5826981720215096
Tailgating,2891,1093,1063,car,Outer,1.0425501029785982
Tailgating,2892,1014,821,car,Outer,2.1243046739479357
Tailgating,2893,1014,821,car,Outer,2.2235598932989054
Tailgating,2893,821,22,car,Outer,3.505052875791499
Tailgating,2893,1093,1063,car,Outer,1.0543910113224164
Tailgating,2894,1014,821,car,Outer,2.2879280780515123
Tailgating,2895,1014,821,car,Outer,2.371213094994224
Tailgating,2896,1014,821,car,Outer,2.4317028320250658
Tailgating,2896,1093,1063,car,Outer,1.1227994521657536
Tailgating,2897,1089,1054,car,Inner,0.9968226004035136
Tailgating,2897,1014,821,car,Outer,2.469652415776262
Tailgating,2898,1089,1054,car,Inner,0.9223155237432376
Tailgating,2899,1089,1054,car,Inner,0.8879221143245196
Tailgating,2899,1093,1063,car,Outer,1.0972329740447353
Tailgating,2899,1095,840,motorcycle,Outer,0.9620158012215688
Tailgating,2900,1089,1054,car,Inner,0.8556032455690454
Tailgating,2900,1014,821,car,Outer,2.4806679222934256
Tailgating,2900,1093,1063,car,Outer,1.074986087594172
Tailgating,2900,1095,840,motorcycle,Outer,0.8927795145952757
Tailgating,2901,1014,821,car,Outer,2.5065604917310687
Tailgating,2901,1095,840,motorcycle,Outer,0.9395620551875583
Tailgating,2902,1014,821,car,Outer,2.539225680273478
Tailgating,2903,1014,821,car,Outer,2.5635174222176187
Tailgating,2904,1014,821,car,Outer,2.6160324490488374
Tailgating,2905,1014,821,car,Outer,2.5911761432974556
Tailgating,2905,821,22,car,Outer,3.514011735624323
Tailgating,2905,1093,1063,car,Outer,1.1182978208583156
Tailgating,2906,1014,821,car,Outer,2.5945068627625414
Tailgating,2906,821,22,car,Outer,3.566805682687226
Tailgating,2908,1089,1054,car,Inner,0.9331295452483422
Tailgating,2909,1089,1054,car,Inner,1.0088927703835773
Tailgating,2909,1014,821,car,Outer,2.6766176719478003
Tailgating,2909,821,22,car,Outer,3.521932201844421
Tailgating,2909,1095,840,motorcycle,Outer,0.8672932726632815
Tailgating,2910,1089,1054,car,Inner,1.0587080265768232
Tailgating,2910,821,22,car,Outer,3.5744902511950607
Tailgating,2910,1095,840,motorcycle,Outer,0.8272660485925694
Tailgating,2911,1089,1054,car,Inner,1.089664941217409
Tailgating,2911,1014,821,car,Outer,2.655598763253074
Tailgating,2912,1014,821,car,Outer,2.6141181037923427
Tailgating,2912,821,22,car,Outer,3.6483298872248056
Tailgating,2913,1014,821,car,Outer,2.630661200968593
Tailgating,2913,821,22,car,Outer,3.6947451304000647
Tailgating,2913,1095,840,motorcycle,Outer,0.9405796044781115
Tailgating,2914,1089,1054,car,Inner,0.9975017366406648
Tailgating,2914,821,22,car,Outer,3.729500747054939
Tailgating,2915,1089,1054,car,Inner,0.9219039537016431
Tailgating,2915,821,22,car,Outer,3.649469268307077
Tailgating,2916,1089,1054,car,Inner,0.8722711254751757
Tailgating,2916,821,22,car,Outer,3.606975423371529
Tailgating,2916,1111,1093,car,Outer,2.2083488481662807
Tailgating,2916,1095,840,motorcycle,Outer,0.8871630650948628
Tailgating,2917,1111,1093,car,Outer,2.1427497040798227
Tailgating,2918,821,22,car,Outer,3.6636703055433713
Tailgating,2918,1111,1093,car,Outer,2.0976423049861994
Tailgating,2920,821,22,car,Outer,3.707061021376085
Tailgating,2923,821,22,car,Outer,3.649852182361153
Tailgating,2924,821,22,car,Outer,3.685281679307748
Tailgating,2928,1111,1063,car,Outer,3.3520623482422365
Tailgating,2929,821,22,car,Outer,3.668432780501201
Tailgating,2929,1111,1063,car,Outer,3.423240840835134
Tailgating,2930,821,22,car,Outer,3.6343893926210633
Tailgating,2930,1111,1063,car,Outer,3.4615817006118226
Tailgating,2931,821,22,car,Outer,3.676466856998355
Tailgating,2931,1111,1063,car,Outer,3.487893308073325
Tailgating,2935,821,1114,car,Outer,1.4203334930821465
Tailgating,2936,821,1114,car,Outer,1.649769118334957
Tailgating,2936,1114,22,car,Outer,2.1492704537541396
Tailgating,2937,821,1114,car,Outer,1.6611110853922408
Tailgating,2937,1114,22,car,Outer,2.0498853407237356
Tailgating,2938,821,1114,car,Outer,1.6617225836490421
Tailgating,2938,1114,22,car,Outer,1.9913481712809946
Tailgating,2939,821,1114,car,Outer,1.6564982231303058
Tailgating,2951,821,1114,car,Outer,1.7031725319494064
Tailgating,2952,821,1114,car,Outer,1.6623642580885185
Tailgating,2958,821,22,car,Outer,3.608172615169033
Tailgating,2959,821,22,car,Outer,3.6708271176978546
Tailgating,2960,821,22,car,Outer,3.709434356813159
Tailgating,2963,821,1114,car,Outer,1.4599926748192478
Tailgating,2964,821,1114,car,Outer,1.3558847013931552
Tailgating,2964,1114,22,car,Outer,2.3291512520413566
Tailgating,2965,821,1114,car,Outer,1.298280086896174
Tailgating,2983,1114,22,car,Outer,2.219821995772805
Tailgating,2983,1118,1123,car,Outer,3.8381660127009627
Tailgating,2984,1114,22,car,Outer,2.2674195455143153
Tailgating,2984,1118,1123,car,Outer,3.668258148773131
Tailgating,2985,1118,1123,car,Outer,3.500676869817451
Tailgating,2986,1118,1123,car,Outer,3.3616689899711556
Tailgating,2987,1118,1123,car,Outer,3.2307402376275527
Tailgating,2988,1118,1123,car,Outer,3.120731864807514
Tailgating,2989,1118,1123,car,Outer,3.0110339088660316
Tailgating,2990,1118,1123,car,Outer,2.9014330219819837
Tailgating,2991,1118,1123,car,Outer,2.7949488812291787
Tailgating,2992,1118,1123,car,Outer,2.6770286262097662
Tailgating,2993,1118,1123,car,Outer,2.550240175634036
Tailgating,2994,1118,1123,car,Outer,2.412177405061531
Tailgating,2995,1118,1123,car,Outer,2.2796831527993224
Tailgating,2996,821,1114,car,Outer,1.3818321362060317
Tailgating,2996,1118,1123,car,Outer,2.1529844389256594
Tailgating,2997,1118,1123,car,Outer,2.0261898755755015
Tailgating,2998,1118,1123,car,Outer,1.8872315392293375
Tailgating,2999,1118,1123,car,Outer,1.749126398870189
Tailgating,3000,1118,1123,car,Outer,1.6192688923960799
Tailgating,3001,821,1114,car,Outer,1.412918804376795
Tailgating,3001,1118,1123,car,Outer,1.482030484774756
Tailgating,3002,821,1114,car,Outer,1.4451722016700668
Tailgating,3002,1118,1123,car,Outer,1.3491844485039084
Tailgating,3003,1118,1123,car,Outer,1.2147196474575277
Tailgating,3004,1118,1123,car,Outer,1.0690427008518235
Tailgating,3005,1118,1123,car,Outer,0.9086608090881575
Tailgating,3006,1118,1123,car,Outer,0.7528802204787561
Tailgating,3007,1118,1123,car,Outer,0.6048144506558832
Tailgating,3008,1118,1123,car,Outer,0.4759613722560943
Tailgating,3009,1118,1123,car,Outer,0.3362973518352862
Tailgating,3010,1118,1123,car,Outer,0.21807594741194794
Tailgating,3011,1118,1123,car,Outer,0.10217881293425776
Tailgating,3012,1123,1118,car,Outer,0.02476077713703589
Tailgating,3013,1123,1118,car,Outer,0.16319758351540659
Tailgating,3014,1123,1118,car,Outer,0.30343786552949054
Tailgating,3015,1123,1118,car,Outer,0.43787656943420394
Tailgating,3016,821,1114,car,Outer,1.3951689636076299
Tailgating,3016,1123,1118,car,Outer,0.5785923079321352
Tailgating,3017,821,1114,car,Outer,1.347868416576783
Tailgating,3017,1123,1118,car,Outer,0.7087721626940713
Tailgating,3018,1123,1118,car,Outer,0.8298160756340779
Tailgating,3019,821,1114,car,Outer,1.285113555888268
Tailgating,3019,1123,1118,car,Outer,0.9601524487622105
Tailgating,3020,1123,1118,car,Outer,1.114323510682525
Tailgating,3021,1123,1118,car,Outer,1.2681545552205558
Tailgating,3022,1123,1118,car,Outer,1.4152478077126276
Tailgating,3023,1123,1118,car,Outer,1.5700501620368625
Tailgating,3024,1123,1118,car,Outer,1.704598998951361
Tailgating,3025,821,1114,car,Outer,1.2820521704273091
Tailgating,3026,1123,1118,car,Outer,1.9677198728070702
Tailgating,3029,821,1114,car,Outer,1.3336466162032548
Tailgating,3029,1114,22,car,Outer,2.3431833489654164
Tailgating,3029,816,1135,person,Outer,3.8682367485801823
Tailgating,3030,821,1114,car,Outer,1.2875902383551145
Tailgating,3030,1114,22,car,Outer,2.3599742444495546
Tailgating,3031,1123,1118,car,Outer,2.745606453220509
Tailgating,3032,1123,1118,car,Outer,2.876091638383979
Tailgating,3033,821,1114,car,Outer,1.300028042610533
Tailgating,3033,1123,1118,car,Outer,3.009023436462893
Tailgating,3034,1114,22,car,Outer,2.3524129128658697
Tailgating,3034,1123,1118,car,Outer,3.1124294443500164
Tailgating,3036,821,1114,car,Outer,1.3818358448671133
Tailgating,3036,1123,1118,car,Outer,3.3419499016077365
Tailgating,3037,1123,1118,car,Outer,3.433819287227796
Tailgating,3038,1135,998,person,Outer,1.8728497009298615
Tailgating,3038,1123,1118,car,Outer,3.632039207967182
Tailgating,3039,1114,22,car,Outer,2.318965694361433
Tailgating,3039,1135,998,person,Outer,1.9293254183301765
Tailgating,3039,1123,1118,car,Outer,3.706047418852987
Tailgating,3040,1123,1118,car,Outer,3.9161084137455537
Tailgating,3043,1114,22,car,Outer,2.363728806276708
Tailgating,3055,821,22,car,Outer,3.5886938386427634
Tailgating,3067,821,22,car,Outer,3.599818811306432
Tailgating,3068,821,22,car,Outer,3.5664644760841178
Tailgating,3072,821,22,car,Outer,3.6205318678770264
Tailgating,3073,821,22,car,Outer,3.6875280189099113
Tailgating,3074,821,22,car,Outer,3.7245523650277703
Tailgating,3074,816,1135,person,Outer,3.6956930122309077
Tailgating,3076,816,1135,person,Outer,3.697281833203962
Tailgating,3077,821,22,car,Outer,3.6658412092925183
Tailgating,3078,821,1149,car,Outer,3.3285683566858126
Tailgating,3079,821,1149,car,Outer,3.2687171534569353
Tailgating,3093,1149,22,car,Outer,0.6509927563466146
Tailgating,3109,821,1150,car,Outer,1.2549684029983488
Tailgating,3109,1149,22,car,Outer,0.7561155245454728
Tailgating,3114,1149,22,car,Outer,0.9006821405405177
Tailgating,3115,1149,22,car,Outer,0.9759756595843947
Tailgating,3116,1149,22,car,Outer,1.0215332566857107
Tailgating,3117,1149,1164,car,Outer,1.061908433836648
Tailgating,3119,1135,998,person,Outer,1.9120693368855737
Tailgating,3120,1135,998,person,Outer,1.9432086948007397
Tailgating,3128,821,1149,car,Outer,2.5694696750099006
Tailgating,3135,821,1149,car,Outer,2.5451149577343624
Tailgating,3136,821,1149,car,Outer,2.4997743972223057
Tailgating,3137,821,1149,car,Outer,2.537336792784582
Tailgating,3138,821,1149,car,Outer,2.592510177820016
Tailgating,3139,821,1149,car,Outer,2.6219669069699476
Tailgating,3139,1173,1161,car,Outer,2.3788638472833354
Tailgating,3140,821,1149,car,Outer,2.6529990042267637
Tailgating,3140,1173,1161,car,Outer,2.4528979377997935
Tailgating,3141,1173,1161,car,Outer,2.493678619515543
Tailgating,3148,1173,1161,car,Outer,2.419487123602505
Tailgating,3149,1173,1161,car,Outer,2.3462367092250194
Tailgating,3150,1173,1161,car,Outer,2.299523709894818
Tailgating,3151,1173,1161,car,Outer,2.383754394380898
Tailgating,3152,1173,1161,car,Outer,2.3245651366588573
Tailgating,3153,821,1149,car,Outer,2.439698400174808
Tailgating,3153,1173,1161,car,Outer,2.281866315849518
Tailgating,3155,821,1149,car,Outer,2.3397647931252403
Tailgating,3156,821,1149,car,Outer,2.2940049669087226
Tailgating,3157,821,1149,car,Outer,2.3213886177986747
Tailgating,3158,821,1149,car,Outer,2.2581586660564423
Tailgating,3159,821,1149,car,Outer,2.2046529843262332
Tailgating,3159,1176,816,person,Outer,1.1785897579544713
Tailgating,3160,1173,1161,car,Outer,2.3111413199187
Tailgating,3161,821,1149,car,Outer,2.187170837137826
Tailgating,3161,1173,1161,car,Outer,2.2747684287526195
Tailgating,3162,1176,816,person,Outer,1.2316524152652268
Tailgating,3163,1173,1184,car,Outer,2.348129434865068
Tailgating,3164,1173,1161,car,Outer,2.295577619195946
Tailgating,3165,1173,1161,car,Outer,2.2695409191708684
Tailgating,3185,821,1149,car,Outer,1.9319513595885156
Tailgating,3196,821,1149,car,Outer,2.084777154702625
Tailgating,3197,821,1149,car,Outer,2.133929413981754
Tailgating,3198,821,1149,car,Outer,2.1893704606871838
Tailgating,3199,821,1149,car,Outer,2.229156901198911
Tailgating,3200,1173,1161,car,Outer,2.3626473907737338
Tailgating,3201,1173,1161,car,Outer,2.435165953969305
Tailgating,3202,1173,1161,car,Outer,2.4762227223294664
Tailgating,3206,821,1149,car,Outer,2.1948988146020127
Tailgating,3207,821,1149,car,Outer,2.114071118186984
Tailgating,3209,821,1149,car,Outer,2.047082780387992
Tailgating,3264,1164,1173,car,Outer,0.40085005645508154
Tailgating,3265,1164,1173,car,Outer,0.37432960392156756
Tailgating,3287,1149,22,car,Outer,1.5752755826494285
Tailgating,3288,1149,22,car,Outer,1.624611262039142
Tailgating,3291,1173,1198,car,Outer,1.405251025264497
Tailgating,3292,1173,1198,car,Outer,1.3268580429130021
Tailgating,3293,1173,1198,car,Outer,1.283112338829898
Tailgating,3294,1149,22,car,Outer,1.7300538474921918
Tailgating,3294,1173,1198,car,Outer,1.2662726749499962
Tailgating,3314,821,1149,car,Outer,1.9492958631273978
Tailgating,3314,1198,1184,person,Outer,0.9140057885985244
Tailgating,3315,1198,1184,person,Outer,0.9499717255563992
Tailgating,3316,1198,1184,person,Outer,0.9760985194827675
Tailgating,3332,1054,22,car,Outer,0.8804234235361788
Tailgating,3333,1054,1226,car,Outer,0.8363252463502228
Tailgating,3353,1228,1210,person,Outer,1.7269165365113268
Tailgating,3357,1149,22,car,Outer,1.6823072110586987
Tailgating,3358,1149,22,car,Outer,1.6455575914089788
Tailgating,3359,1232,1210,car,Outer,1.3344330656259742
Tailgating,3360,1232,1210,car,Outer,1.1456242315291114
Tailgating,3361,1232,1210,car,Outer,1.1277823440639132
Tailgating,3362,1232,1210,car,Outer,0.9013366365206843
Tailgating,3363,1232,1210,car,Outer,0.7539094741076288
Tailgating,3364,1232,1210,car,Outer,0.7513112460338557
Tailgating,3365,1232,1210,car,Outer,0.6807188588664818
Tailgating,3366,1232,1210,car,Outer,0.594329344365288
Tailgating,3367,1149,1226,car,Outer,1.7129432429819078
Tailgating,3369,1149,1226,car,Outer,1.6506973119958543
Tailgating,3373,1226,1173,car,Outer,0.6548218906360042
Tailgating,3374,1228,1241,person,Outer,0.972961792285836
Tailgating,3375,1228,1241,person,Outer,0.9598816307809559
Tailgating,3377,1228,1241,person,Outer,0.8835600735926238
Tailgating,3415,1149,22,car,Outer,1.870526606557794
Tailgating,3416,1149,22,car,Outer,1.8225171783444039
Tailgating,3417,1149,1226,car,Outer,1.7913072044109755
Tailgating,3431,821,1149,car,Outer,1.9648556953145244
Tailgating,3432,821,1149,car,Outer,1.9444842928073882
Tailgating,3433,821,1149,car,Outer,1.996368056092256
Tailgating,3434,821,1149,car,Outer,2.021890351472417
Tailgating,3453,1121,22,car,Outer,1.5920669600790374
Tailgating,3454,1121,22,car,Outer,1.5991292787446236
Tailgating,3455,1121,22,car,Outer,1.6376547355317177
Tailgating,3456,1121,22,car,Outer,1.6729466017360124
Tailgating,3457,1121,22,car,Outer,1.701991258126661
Tailgating,3458,1121,22,car,Outer,1.7312016663788132
Tailgating,3459,1121,1226,car,Outer,1.7018449454826285
Tailgating,3460,1121,1226,car,Outer,1.7271396656514815
Tailgating,3461,1121,1226,car,Outer,1.7454593656383521
Tailgating,3462,1121,22,car,Outer,1.7750613242121898
Tailgating,3463,1121,22,car,Outer,1.7930642878852736
Tailgating,3464,1121,1149,car,Outer,0.005020579307526713
Tailgating,3465,1121,1149,car,Outer,0.03982462910745279
Tailgating,3466,1121,1149,car,Outer,0.07581968140562388
Tailgating,3467,1121,1149,car,Outer,0.11223745142675218
Tailgating,3468,1121,1149,car,Outer,0.14327200671644746
Tailgating,3469,1121,1149,car,Outer,0.1750753884479635
Tailgating,3470,1121,1149,car,Outer,0.2048497576311275
Tailgating,3471,1121,1149,car,Outer,0.23967171801777332
Tailgating,3472,1121,1149,car,Outer,0.27594975173673136
Tailgating,3473,1121,1149,car,Outer,0.3086238008759576
Tailgating,3474,821,1121,car,Outer,1.8410043206225164
Tailgating,3474,1121,1149,car,Outer,0.3452824599444366
Tailgating,3475,821,1121,car,Outer,1.8502127061594396
Tailgating,3475,1121,1149,car,Outer,0.3831219664704905
Tailgating,3476,821,1121,car,Outer,1.792027149084241
Tailgating,3476,1121,1226,car,Outer,2.2559096393112226
Tailgating,3477,821,1121,car,Outer,1.7328003250265254
Tailgating,3477,1121,1226,car,Outer,2.2850049585874874
Tailgating,3478,1121,1226,car,Outer,2.3225314877414402
Tailgating,3479,821,1121,car,Outer,1.6286705569455073
Tailgating,3479,1121,1226,car,Outer,2.360034524587009
Tailgating,3480,1121,1226,car,Outer,2.3940214445726102
Tailgating,3481,1121,1226,car,Outer,2.41850487646237
Tailgating,3482,1121,1226,car,Outer,2.4363596643168535
Tailgating,3483,1121,1226,car,Outer,2.4439363702669925
Tailgating,3484,1121,1226,car,Outer,2.4677068255677903
Tailgating,3485,1121,1226,car,Outer,2.487466513444744
Tailgating,3486,1121,1226,car,Outer,2.5079900197209204
Tailgating,3487,1121,22,car,Outer,2.4650152381898005
Tailgating,3488,1121,22,car,Outer,2.4901588129040366
Tailgating,3489,1121,1226,car,Outer,2.5710794106208357
Tailgating,3490,1121,1226,car,Outer,2.593404206780101
Tailgating,3491,1121,1226,car,Outer,2.611770942191946
Tailgating,3492,1121,1226,car,Outer,2.63606524474262
Tailgating,3493,1121,1226,car,Outer,2.658140876820123
Tailgating,3494,1121,1226,car,Outer,2.6918586278376146
Tailgating,3495,1121,1226,car,Outer,2.726587606683746
Tailgating,3496,1121,1226,car,Outer,2.7583599892944526
Tailgating,3497,1121,1226,car,Outer,2.8010230155660625
Tailgating,3498,1121,1226,car,Outer,2.8358967277545117
Tailgating,3499,1121,1226,car,Outer,2.8723708423964105
Tailgating,3500,1121,1226,car,Outer,2.900536478617124
Tailgating,3501,1121,1226,car,Outer,2.932975492957498
Tailgating,3502,1121,1226,car,Outer,2.954638463931463
Tailgating,3504,1121,1226,car,Outer,2.9927755931526545
Tailgating,3505,1121,1226,car,Outer,3.020344111619023
Tailgating,3506,1121,1226,car,Outer,3.044744764484556
Tailgating,3507,1121,1226,car,Outer,3.0756395155746703
Tailgating,3508,1121,1226,car,Outer,3.1076194338518532
Tailgating,3509,1121,1226,car,Outer,3.131331525905897
Tailgating,3510,1121,1226,car,Outer,3.15669503141681
Tailgating,3511,1121,1226,car,Outer,3.178733615039216
Tailgating,3512,1121,1226,car,Outer,3.203601252397416
Tailgating,3513,1121,1226,car,Outer,3.23363533110837
Tailgating,3514,1121,1226,car,Outer,3.262121935031638
Tailgating,3515,1121,1226,car,Outer,3.3042747895498272
Tailgating,3516,1121,1226,car,Outer,3.342085435147486
Tailgating,3517,1121,1226,car,Outer,3.377927073008461
Tailgating,3518,1121,1226,car,Outer,3.4088462195351417
Tailgating,3519,1121,1226,car,Outer,3.4358047445233475
Tailgating,3520,1121,1226,car,Outer,3.4612937112214
Tailgating,3521,1121,1226,car,Outer,3.4833149950836932
Tailgating,3522,1121,1226,car,Outer,3.514143817060285
Tailgating,3523,1121,1226,car,Outer,3.545102939720901
Tailgating,3524,1121,22,car,Outer,3.567122197275977
Tailgating,3525,1121,22,car,Outer,3.6052917443984085
Tailgating,3526,1121,22,car,Outer,3.646251094324576
Tailgating,3527,1121,1197,car,Outer,2.9042527589434153
Tailgating,3527,1197,22,motorcycle,Outer,1.1748271039910194
Tailgating,3527,1286,1225,motorcycle,Outer,2.608811379570699
Tailgating,3528,1121,1287,car,Outer,1.9509980399869398
Tailgating,3528,1197,22,motorcycle,Outer,1.1917870268413195
Tailgating,3528,1286,1225,motorcycle,Outer,2.4731804746100186
Tailgating,3529,1121,1287,car,Outer,1.9774811349280736
Tailgating,3529,1197,22,motorcycle,Outer,1.215221597862249
Tailgating,3529,1286,1225,motorcycle,Outer,2.3470600193864635
Tailgating,3530,1121,1287,car,Outer,2.009387570528223
Tailgating,3530,1197,22,motorcycle,Outer,1.2680118663781752
Tailgating,3530,1286,1225,motorcycle,Outer,2.2410102265670777
Tailgating,3531,1121,1287,car,Outer,2.0405717843331383
Tailgating,3531,1197,22,motorcycle,Outer,1.295213735856316
Tailgating,3531,1286,1225,motorcycle,Outer,2.1262084089118627
Tailgating,3532,1121,1287,car,Outer,2.0760030181631457
Tailgating,3532,1197,22,motorcycle,Outer,1.3242340382022397
Tailgating,3532,1286,1225,motorcycle,Outer,1.9927208366539164
Tailgating,3533,1121,1287,car,Outer,2.1148338552148185
Tailgating,3533,1197,1226,motorcycle,Outer,1.340482812953098
Tailgating,3533,1286,1225,motorcycle,Outer,1.8819080762263718
Tailgating,3534,1121,1287,car,Outer,2.159588380422697
Tailgating,3534,1197,22,motorcycle,Outer,1.3870529394934477
Tailgating,3534,1286,1225,motorcycle,Outer,1.7472554596396304
Tailgating,3535,1121,1287,car,Outer,2.1885063136074776
Tailgating,3535,1197,22,motorcycle,Outer,1.4276117235854975
Tailgating,3535,1286,1225,motorcycle,Outer,1.6326812438994582
Tailgating,3536,1121,1287,car,Outer,2.2276929143396047
Tailgating,3536,1197,22,motorcycle,Outer,1.4623428119959516
Tailgating,3536,1286,1225,motorcycle,Outer,1.489992330043347
Tailgating,3537,1121,1287,car,Outer,2.258712309052883
Tailgating,3537,1197,1226,motorcycle,Outer,1.483825436688783
Tailgating,3537,1286,1225,motorcycle,Outer,1.3646381450599114
Tailgating,3538,1121,1287,car,Outer,2.2869158892799177
Tailgating,3538,1197,1226,motorcycle,Outer,1.5357453018738016
Tailgating,3538,1286,1225,motorcycle,Outer,1.2587758760848116
Tailgating,3539,1121,1287,car,Outer,2.3206388241054112
Tailgating,3539,1197,1226,motorcycle,Outer,1.521685823118557
Tailgating,3539,1286,1225,motorcycle,Outer,1.1154468071087853
Tailgating,3540,1121,1287,car,Outer,2.3589269089745524
Tailgating,3540,1197,1226,motorcycle,Outer,1.5348796795830597
Tailgating,3540,1286,1225,motorcycle,Outer,0.9918052587374654
Tailgating,3541,1121,1287,car,Outer,2.552941665922105
Tailgating,3541,1287,1197,car,Outer,0.26699910501259216
Tailgating,3541,1197,22,motorcycle,Outer,1.5696748227865722
Tailgating,3541,1286,1225,motorcycle,Outer,0.8767288653472173
Tailgating,3542,1121,1287,car,Outer,2.689756328830098
Tailgating,3542,1287,1197,car,Outer,0.13401186942466614
Tailgating,3542,1197,1226,motorcycle,Outer,1.5677854884550553
Tailgating,3542,1286,1225,motorcycle,Outer,0.7590873227057865
Tailgating,3543,1121,1287,car,Outer,2.7826580182820866
Tailgating,3543,1287,1197,car,Outer,0.035520265415082325
Tailgating,3543,1197,1226,motorcycle,Outer,1.5943478538381752
Tailgating,3543,1286,1225,motorcycle,Outer,0.646074469879735
Tailgating,3544,1121,1197,car,Outer,2.994915227642696
Tailgating,3544,1197,1287,motorcycle,Outer,0.029146173809617204
Tailgating,3544,1287,1226,car,Outer,1.4926488088368077
Tailgating,3544,1286,1225,motorcycle,Outer,0.5166987933481967
Tailgating,3545,1121,1197,car,Outer,2.983026291290201
Tailgating,3545,1197,1287,motorcycle,Outer,0.09057778234946295
Tailgating,3545,1286,1225,motorcycle,Outer,0.3881842767649178
Tailgating,3546,1121,1197,car,Outer,2.9792019221576758
Tailgating,3546,1197,1287,motorcycle,Outer,0.09351899082414496
Tailgating,3546,1286,1225,motorcycle,Outer,0.2683221200898654
Tailgating,3547,1121,1197,car,Outer,3.0086346316124835
Tailgating,3547,1286,1225,motorcycle,Outer,0.1400440360059786
Tailgating,3548,1121,1197,car,Outer,3.014881019339197
Tailgating,3548,1197,1287,motorcycle,Outer,0.16470296497405898
Tailgating,3548,1286,1225,motorcycle,Outer,0.04448760548020687
Tailgating,3549,1121,1197,car,Outer,3.0194827908745876
Tailgating,3549,1197,1287,motorcycle,Outer,0.14584298658843026
Tailgating,3549,1287,1226,car,Outer,1.5494815093685532
Tailgating,3549,1286,1294,motorcycle,Outer,0.2702020257426973
Tailgating,3550,1121,1197,car,Outer,3.0173904553049824
Tailgating,3550,1197,1287,motorcycle,Outer,0.12573670350977784
Tailgating,3550,1287,1226,car,Outer,1.6063293742505933
Tailgating,3550,1286,1294,motorcycle,Outer,0.1593184261153454
Tailgating,3551,1121,1287,car,Outer,2.971226055518209
Tailgating,3551,1287,1226,car,Outer,1.646189634857787
Tailgating,3551,1286,1294,motorcycle,Outer,0.040195308201108546
Tailgating,3552,1121,1287,car,Outer,2.96303963420702
Tailgating,3552,1287,1226,car,Outer,1.6949755051413682
Tailgating,3553,1121,1287,car,Outer,3.0012686434523967
Tailgating,3554,1121,1287,car,Outer,3.0202761550920596
Tailgating,3554,1287,1226,car,Outer,1.7390184713082926
Tailgating,3555,1121,1287,car,Outer,3.0427885525426954
Tailgating,3556,1121,1287,car,Outer,3.083273345980888
Tailgating,3557,1121,1287,car,Outer,3.118275056731278
Tailgating,3558,1121,1287,car,Outer,3.1613724685384956
Tailgating,3559,1121,1287,car,Outer,3.2044485566251186
Tailgating,3560,1121,1287,car,Outer,3.252301764212544
Tailgating,3561,1121,1287,car,Outer,3.301961369501478
Tailgating,3562,1121,1287,car,Outer,3.3581111805121795
Tailgating,3563,1121,1287,car,Outer,3.410948167864897
Tailgating,3564,1121,1287,car,Outer,3.4736215662968815
Tailgating,3565,1121,1287,car,Outer,3.5324792938979797
Tailgating,3572,1286,1294,motorcycle,Outer,0.3773383471298125
Tailgating,3573,1286,1294,motorcycle,Outer,1.2234387771502229
Tailgating,3574,1286,1294,motorcycle,Outer,1.481273224926908
Tailgating,3575,1286,1294,motorcycle,Outer,1.5411911392507904
Tailgating,3576,1286,1294,motorcycle,Outer,1.5312583197691272
Tailgating,3577,1121,1304,car,Outer,2.0466060972151983
Tailgating,3577,1286,1294,motorcycle,Outer,1.4864343232191475
Tailgating,3578,1121,1304,car,Outer,2.0808232035028125
Tailgating,3578,1286,1294,motorcycle,Outer,1.4513315109783755
Tailgating,3579,1121,1304,car,Outer,2.259190678781287
Tailgating,3579,1304,1226,car,Outer,3.6533716044619404
Tailgating,3579,1286,1294,motorcycle,Outer,1.4286802267244387
Tailgating,3580,1121,1304,car,Outer,2.332610355084709
Tailgating,3580,1286,1294,motorcycle,Outer,1.3979336660255435
Tailgating,3581,1121,1304,car,Outer,2.4180315550927935
Tailgating,3581,1286,1294,motorcycle,Outer,1.366915912164817
Tailgating,3582,1121,1304,car,Outer,2.497577596465416
Tailgating,3583,1121,1304,car,Outer,2.562961048762972
Tailgating,3584,1121,1304,car,Outer,2.592727069295036
Tailgating,3585,1121,1304,car,Outer,2.6521186647515083
Tailgating,3586,1121,1304,car,Outer,2.7312135848836196
Tailgating,3587,1121,1304,car,Outer,2.7629802034744038
Tailgating,3588,1121,1304,car,Outer,2.8328527926215514
Tailgating,3589,1121,1304,car,Outer,2.870807294596579
Tailgating,3590,1121,1304,car,Outer,2.954357281280106
Tailgating,3591,1121,1304,car,Outer,2.998637572357571
Tailgating,3591,1294,1286,motorcycle,Outer,3.725399559233234
Tailgating,3592,1121,1304,car,Outer,3.052198395062414
Tailgating,3592,1294,1286,motorcycle,Outer,3.7032679859932625
Tailgating,3593,1121,1304,car,Outer,3.1022590949543027
Tailgating,3594,1121,1304,car,Outer,3.152594103212649
Tailgating,3595,1121,1304,car,Outer,3.197376214147245
Tailgating,3596,1121,1304,car,Outer,3.2504600477794656
Tailgating,3597,1141,1285,motorcycle,Inner,0.522376259442706
Tailgating,3597,1121,1304,car,Outer,3.2846007453083867
Tailgating,3598,1141,1285,motorcycle,Inner,0.41198548347103614
Tailgating,3598,1121,1304,car,Outer,3.3253504289040197
Tailgating,3599,1141,1285,motorcycle,Inner,0.6104649989282683
Tailgating,3599,1121,1304,car,Outer,3.3603107171109197
Tailgating,3600,1141,1285,motorcycle,Inner,0.6723543828182399
Tailgating,3600,1121,1304,car,Outer,3.3198616002288763
Tailgating,3601,1141,1285,motorcycle,Inner,0.6889929998807723
Tailgating,3601,1121,1304,car,Outer,3.368132120302284
Tailgating,3602,1121,1304,car,Outer,3.417217148476864
Tailgating,3603,1121,1304,car,Outer,3.452979646173296
Tailgating,3606,1121,1304,car,Outer,3.551112058184755
Tailgating,3617,1312,1294,person,Outer,2.8372176894414984
Tailgating,3618,1312,1294,person,Outer,2.9212772142707175
Tailgating,3619,1304,22,car,Outer,3.751045284966678
Tailgating,3619,1294,1285,motorcycle,Outer,0.07380644183059198
Tailgating,3620,1304,1226,car,Outer,3.6597886123052947
Tailgating,3621,1304,22,car,Outer,3.615516507335303
Tailgating,3621,1294,1314,motorcycle,Outer,3.4460462269871663
Tailgating,3622,1294,1314,motorcycle,Outer,3.3942252361874656
Tailgating,3623,1285,1294,person,Outer,0.6199664351191702
Tailgating,3624,1304,1226,car,Outer,3.669801197599515
Tailgating,3624,1285,1294,person,Outer,0.6794314744760118
Tailgating,3624,1294,1314,motorcycle,Outer,3.3561350679555777
Tailgating,3625,1304,1226,car,Outer,3.711495766514254
Tailgating,3626,1285,1294,person,Outer,0.797335083374185
Tailgating,3627,1285,1294,person,Outer,0.8874836111409496
Tailgating,3627,1294,1314,motorcycle,Outer,3.255210039394013
Tailgating,3637,1294,1314,motorcycle,Outer,3.100527527002978
Tailgating,3638,1294,1314,motorcycle,Outer,3.09460882564407
Tailgating,3639,1294,1314,motorcycle,Outer,3.084417153326545
Tailgating,3640,1304,1226,car,Outer,3.771817411592035
Tailgating,3641,1294,1314,motorcycle,Outer,3.0385513045399852
Tailgating,3643,1294,1314,motorcycle,Outer,3.698796776029194
Tailgating,3644,1304,1226,car,Outer,3.704192882858669
Tailgating,3644,1294,1314,motorcycle,Outer,3.9487872078704904
Tailgating,3645,1304,1226,car,Outer,3.644280816482005
Tailgating,3646,1304,1226,car,Outer,3.6087861804994392
Tailgating,3651,1294,1314,motorcycle,Outer,1.1676976577064093
Tailgating,3664,1304,1226,car,Outer,3.6492198133704163
Tailgating,3666,1304,1325,car,Outer,2.861938001479607
Tailgating,3668,1304,1325,car,Outer,2.9117577601557456
Tailgating,3674,1328,1226,person,Outer,0.6273800740829858
Tailgating,3684,1329,1240,car,Inner,0.99727950546899
Tailgating,3685,1329,1240,car,Inner,0.9298013334893968
Tailgating,3686,1329,1240,car,Inner,0.8873908471286408
Tailgating,3687,1325,1226,car,Outer,1.4911050206422711
Tailgating,3689,1329,1240,car,Inner,0.9410738943768825
Tailgating,3690,1329,1240,car,Inner,0.8716502398997298
Tailgating,3691,1329,1240,car,Inner,0.8299278533388107
Tailgating,3694,1325,1226,car,Outer,1.6133009377312748
Tailgating,3695,1329,1240,car,Inner,0.9266687265405831
Tailgating,3696,1329,1240,car,Inner,0.9764771640161302
Tailgating,3697,1329,1240,car,Inner,1.029096093462472
Tailgating,3698,1329,1240,car,Inner,0.9434289586596851
Tailgating,3699,1329,1240,car,Inner,0.9011868222156014
Tailgating,3701,1329,1240,car,Inner,0.9577991325387194
Tailgating,3702,1329,1240,car,Inner,1.0120524854782103
Tailgating,3703,1329,1240,car,Inner,1.0485110230695065
Tailgating,3704,1329,1240,car,Inner,1.0921127203963474
Tailgating,3707,1329,1240,car,Inner,1.0331719974752371
Tailgating,3708,1329,1240,car,Inner,0.9667847885949277
Tailgating,3709,1329,1240,car,Inner,1.0401782199323126
Tailgating,3710,1329,1240,car,Inner,1.0846963602887951
Tailgating,3710,1314,1340,person,Outer,2.417202568441998
Tailgating,3711,1329,1240,car,Inner,1.1241865057852019
Tailgating,3712,1340,1314,motorcycle,Outer,1.9026120464012308
Tailgating,3713,1340,1314,motorcycle,Outer,2.7817895702256785
Tailgating,3714,1304,1325,car,Outer,2.365444971879592
Tailgating,3714,1340,1314,motorcycle,Outer,2.977663880366014
Tailgating,3715,1329,1240,car,Inner,1.2034974491688832
Tailgating,3715,1304,1325,car,Outer,2.271312386457341
Tailgating,3716,1304,1325,car,Outer,2.2141866349971213
Tailgating,3716,1342,816,person,Outer,0.4305886581369612
Tailgating,3717,1342,816,person,Outer,0.44919540374509137
Tailgating,3718,1304,1325,car,Outer,2.263986133921473
Tailgating,3719,1304,22,car,Outer,3.604769710861427
Tailgating,3719,1342,816,person,Outer,0.48796371774108355
Tailgating,3721,1304,1226,car,Outer,3.6619064995456796
Tailgating,3722,1304,1226,car,Outer,3.716994863375465
Tailgating,3726,1342,816,person,Outer,0.6340087439869503
Tailgating,3727,1342,816,person,Outer,0.6181328018941972
Tailgating,3728,1329,1240,car,Inner,1.178400674705303
Tailgating,3728,1342,816,person,Outer,0.6538730354245815
Tailgating,3735,1342,816,person,Outer,0.6786779771311561
Tailgating,3748,1355,1359,person,Outer,0.6499180011922286
Tailgating,3751,1355,1359,person,Outer,0.5442614841485809
Tailgating,3758,1355,1359,person,Outer,0.3485860889198431
Tailgating,3762,1329,1240,car,Inner,1.0455597982663678
Tailgating,3763,1329,1240,car,Inner,0.9836876304779496
Tailgating,3764,1329,1240,car,Inner,0.9425510743926492
Tailgating,3766,1329,1240,car,Inner,1.003441325087628
Tailgating,3767,1329,1240,car,Inner,1.0533423854547808
Tailgating,3768,1329,1240,car,Inner,1.098401119482536
Tailgating,3769,1329,1240,car,Inner,1.0272911549398216
Tailgating,3778,1342,816,person,Outer,1.0807900610875782
Tailgating,3792,816,1340,person,Outer,0.509569248635266
Tailgating,3814,1378,1363,person,Outer,2.3241706605605326
Tailgating,3815,1378,1363,person,Outer,2.3170858831712624
Tailgating,3816,1340,1345,motorcycle,Outer,3.6740232898612
Tailgating,3816,1378,1363,person,Outer,2.315150675540894
Tailgating,3817,816,1340,person,Outer,2.3515048531934912
Tailgating,3817,1340,1345,motorcycle,Outer,3.5223770559008343
Tailgating,3819,816,1340,person,Outer,2.3524054566949766
Tailgating,3820,1340,1345,motorcycle,Outer,3.5471022726879977
Tailgating,3820,1363,1381,motorcycle,Outer,2.6932078697290738
Tailgating,3821,1363,1381,motorcycle,Outer,2.62866436896892
Tailgating,3822,1363,1381,motorcycle,Outer,2.5644848901713604
Tailgating,3823,1380,816,person,Outer,0.9533683163913874
Tailgating,3824,1380,816,person,Outer,0.8886949099016449
Tailgating,3825,1380,816,person,Outer,0.8506786902673296
Tailgating,3825,1363,1381,motorcycle,Outer,2.421008491862171
Tailgating,3827,1387,1378,person,Outer,1.6654148691317754
Tailgating,3827,1378,1363,person,Outer,2.4594504701097173
Tailgating,3828,1378,1363,person,Outer,2.480774644637303
Tailgating,3830,1387,1378,person,Outer,1.7708738671664082
Tailgating,3835,1378,1363,person,Outer,2.6555592999793416
Tailgating,3838,1380,816,person,Outer,0.570256217667924
Tailgating,3841,1363,1393,motorcycle,Outer,1.4272576124758924
Tailgating,3843,1363,1393,motorcycle,Outer,1.2883064906819002
Tailgating,3844,1304,1226,car,Outer,3.6869625981029164
Tailgating,3844,1363,1393,motorcycle,Outer,1.20072217663776
Tailgating,3845,1304,1226,car,Outer,3.6412718979266563
Tailgating,3845,1363,1393,motorcycle,Outer,1.1604306105252513
Tailgating,3846,1363,1393,motorcycle,Outer,1.155535472568178
Tailgating,3847,1304,1226,car,Outer,3.7196001906096656
Tailgating,3848,1304,1226,car,Outer,3.762145285834545
Tailgating,3849,1363,1393,motorcycle,Outer,0.99654674427027
Tailgating,3850,1363,1393,motorcycle,Outer,0.8098449131087515
Tailgating,3852,1304,1226,car,Outer,3.7140483555346773
Tailgating,3852,1363,1393,motorcycle,Outer,0.4518214830646085
Tailgating,3853,1304,1226,car,Outer,3.652140335550572
Tailgating,3853,1380,816,person,Outer,0.31743170964819345
Tailgating,3853,1363,1393,motorcycle,Outer,0.3233059648024983
Tailgating,3854,1363,1393,motorcycle,Outer,0.295478654195797
Tailgating,3855,1363,1393,motorcycle,Outer,0.21275364472411276
Tailgating,3856,1363,1393,motorcycle,Outer,1.126564951673943
Tailgating,3857,1363,1393,motorcycle,Outer,1.3998792908273565
Tailgating,3858,1363,1393,motorcycle,Outer,1.388950228492667
Tailgating,3859,1340,1392,motorcycle,Inner,1.5760984897062225
Tailgating,3859,1372,1398,person,Outer,2.422003894176392
Tailgating,3859,1380,816,person,Outer,0.272694789287919
Tailgating,3859,1363,1393,motorcycle,Outer,1.308302099807621
Tailgating,3860,1340,1392,motorcycle,Inner,1.5128675232924387
Tailgating,3860,1372,1398,person,Outer,2.44024878963645
Tailgating,3860,1380,816,person,Outer,0.2324435544737724
Tailgating,3860,1363,1393,motorcycle,Outer,1.221387864579055
Tailgating,3861,1304,1226,car,Outer,3.6675958784350473
Tailgating,3861,1372,1398,person,Outer,2.474767283276346
Tailgating,3861,1387,1363,person,Outer,3.9716663853202
Tailgating,3861,1363,1393,motorcycle,Outer,1.131472993662991
Tailgating,3862,1372,1398,person,Outer,2.4747956820017185
Tailgating,3862,1363,1393,motorcycle,Outer,1.0576174239161678
Tailgating,3863,1372,1398,person,Outer,2.4647702047203617
Tailgating,3863,1400,1387,motorcycle,Outer,1.4407548361658604
Tailgating,3863,1363,1393,motorcycle,Outer,0.9863691044982099
Tailgating,3864,1372,1226,person,Outer,0.0011409794393964568
Tailgating,3864,1400,1387,motorcycle,Outer,1.3349693349159393
Tailgating,3864,1363,1393,motorcycle,Outer,0.8965147895482789
Tailgating,3865,1372,1226,person,Outer,0.03828743736244908
Tailgating,3865,1400,1387,motorcycle,Outer,1.2184295650806483
Tailgating,3865,1363,1393,motorcycle,Outer,0.8146282295642191
Tailgating,3866,1372,1226,person,Outer,0.04598212882133483
Tailgating,3866,1400,1387,motorcycle,Outer,1.1623145141617015
Tailgating,3866,1363,1393,motorcycle,Outer,0.751166329749267
Tailgating,3867,1304,1372,car,Outer,3.9729592155233426
Tailgating,3867,1372,1226,person,Outer,0.031504214880632396
Tailgating,3867,1400,1387,motorcycle,Outer,1.0978906350782343
Tailgating,3867,1363,1393,motorcycle,Outer,0.7076705970899045
Tailgating,3868,1372,1226,person,Outer,0.047000616397500916
Tailgating,3868,1400,1387,motorcycle,Outer,1.0149405425284612
Tailgating,3869,1372,1226,person,Outer,0.0638398490051779
Tailgating,3869,1400,1387,motorcycle,Outer,0.8683114559071625
Tailgating,3870,1372,1226,person,Outer,0.06394076212714073
Tailgating,3870,1400,1387,motorcycle,Outer,0.7263800306194085
Tailgating,3871,1372,1226,person,Outer,0.05185237221800567
Tailgating,3872,1372,1226,person,Outer,0.04718793951924337
Tailgating,3873,1372,1226,person,Outer,0.0708071609140238
Tailgating,3874,1372,1226,person,Outer,0.08138335339950531
Tailgating,3875,1372,1226,person,Outer,0.07070931650990252
Tailgating,3876,1372,1226,person,Outer,0.08175841891877549
Tailgating,3877,1340,1392,motorcycle,Inner,0.38769314085432605
Tailgating,3877,1372,1226,person,Outer,0.1010755185242592
Tailgating,3878,1340,1392,motorcycle,Inner,1.0376396369777472
Tailgating,3878,1372,1226,person,Outer,0.10723588957747986
Tailgating,3878,1363,1387,motorcycle,Outer,0.16145338202178003
Tailgating,3879,1340,1392,motorcycle,Inner,1.235412411623108
Tailgating,3880,1340,1392,motorcycle,Inner,1.2667108147504162
Tailgating,3880,1372,1226,person,Outer,0.08584272666848247
Tailgating,3880,1363,1387,motorcycle,Outer,0.005170766231125343
Tailgating,3881,1372,1226,person,Outer,0.09392755749108654
Tailgating,3881,1404,1345,person,Outer,3.690552649272421
Tailgating,3882,1372,1226,person,Outer,0.10036080041814281
Tailgating,3882,1404,1345,person,Outer,3.733603115879653
Tailgating,3883,1372,1226,person,Outer,0.09121397309709685
Tailgating,3883,1404,1345,person,Outer,3.77261574951236
Tailgating,3884,1372,1226,person,Outer,0.10109336790720094
Tailgating,3884,1404,1345,person,Outer,3.802664767988953
Tailgating,3885,1372,1226,person,Outer,0.1243577114002724
Tailgating,3885,1404,1345,person,Outer,3.836234315411323
Tailgating,3887,1372,1226,person,Outer,0.12655742718387025
Tailgating,3888,1372,1226,person,Outer,0.14621226117859834
Tailgating,3889,1372,1226,person,Outer,0.17048880742168301
Tailgating,3890,1304,1372,car,Outer,3.6541293146938476
Tailgating,3890,1372,1226,person,Outer,0.1937078035333349
Tailgating,3891,1372,1226,person,Outer,0.18357779499165347
Tailgating,3891,1226,1398,car,Outer,2.2450947274981363
Tailgating,3891,816,1404,person,Outer,1.8742091833578183
Tailgating,3892,1372,1226,person,Outer,0.185402247063603
Tailgating,3893,816,1404,person,Outer,1.8552975270907746
Tailgating,3894,1304,1226,car,Outer,3.6700504706821695
Tailgating,3894,816,1404,person,Outer,1.8615451268790721
Tailgating,3895,1304,1226,car,Outer,3.7293391647595033
Tailgating,3895,816,1404,person,Outer,1.916023112160795
Tailgating,3896,1304,1226,car,Outer,3.694974088367822
Tailgating,3896,816,1404,person,Outer,1.937917197152777
Tailgating,3897,1304,1226,car,Outer,3.646423996362635
Tailgating,3898,1304,1226,car,Outer,3.6024287571863165
Tailgating,3900,1304,1226,car,Outer,3.6296350616557493
Tailgating,3900,816,1404,person,Outer,1.8123097023372092
Tailgating,3901,816,1404,person,Outer,1.8188797698863168
Tailgating,3904,1304,1226,car,Outer,3.633377913643518
Tailgating,3908,1304,1226,car,Outer,3.6789597083768384
Tailgating,3909,1304,1226,car,Outer,3.743546456426736
Tailgating,3910,1304,1226,car,Outer,3.786685237660479
Tailgating,3915,1400,1418,motorcycle,Outer,1.6622548774067925
Tailgating,3916,1400,1418,motorcycle,Outer,1.585197547231129
Tailgating,3917,1400,1418,motorcycle,Outer,1.4935316581028513
Tailgating,3925,1418,1340,motorcycle,Inner,1.390995343635502
Tailgating,3926,1418,1340,motorcycle,Inner,1.8555210849051025
Tailgating,3927,1418,1340,motorcycle,Inner,1.9820947023874491
Tailgating,3937,1304,1226,car,Outer,3.765826311915221
Tailgating,3943,1304,1226,car,Outer,3.728892991762468
Tailgating,3944,1304,1226,car,Outer,3.6665529306477036
Tailgating,3950,1304,1226,car,Outer,3.6693452362270444
Tailgating,3951,1304,1226,car,Outer,3.7198213548889636
Tailgating,3953,1418,1340,motorcycle,Inner,1.9267285245536105
Tailgating,3954,1304,1226,car,Outer,3.814752482049147
Tailgating,3955,1418,1340,motorcycle,Inner,1.9411285362072173
Tailgating,3955,1304,1226,car,Outer,3.848979385235639
Tailgating,3956,1418,1340,motorcycle,Inner,2.0183980011220406
Tailgating,3957,1418,1340,motorcycle,Inner,1.989644743969702
Tailgating,3958,1418,1340,motorcycle,Inner,2.0335911164495526
Tailgating,3962,1304,1226,car,Outer,3.827332943806271
Tailgating,3965,1438,816,person,Outer,3.157138034956469
Tailgating,3968,1304,1226,car,Outer,3.802908690865805
Tailgating,3970,1304,1226,car,Outer,3.775268058034483
Tailgating,3974,1398,1438,motorcycle,Outer,2.914973570938054
Tailgating,3984,1304,1226,car,Outer,3.7982825604415886
Tailgating,3985,1304,1226,car,Outer,3.8294194274052513
Tailgating,3990,1304,1226,car,Outer,3.888795653971119
Tailgating,3999,1304,1226,car,Outer,3.8371238263854965
Tailgating,4000,1304,1226,car,Outer,3.7656461824844247
Tailgating,4001,1304,1226,car,Outer,3.721308582395212
Tailgating,4004,1398,1226,motorcycle,Outer,0.7070921664327728
Tailgating,4005,1398,1226,motorcycle,Outer,1.779282599888465
Tailgating,4006,1398,1226,motorcycle,Outer,2.109629902387811
Tailgating,4007,1398,1226,motorcycle,Outer,2.1862016921029386
Tailgating,4009,1398,1226,motorcycle,Outer,2.1221077290407195
Tailgating,4010,1398,1226,motorcycle,Outer,2.063514692240016
Tailgating,4012,1304,1398,car,Outer,1.6559761197841127
Tailgating,4013,1304,1398,car,Outer,1.6363457713551606
Tailgating,4016,1304,1398,car,Outer,1.7011190092640474
Tailgating,4017,1304,1398,car,Outer,1.6437987643874075
Tailgating,4018,1398,1226,motorcycle,Outer,2.1248962313803768
Tailgating,4019,1398,1226,motorcycle,Outer,2.04447722307648
Tailgating,4026,1398,1226,motorcycle,Outer,2.0144836430228827
Tailgating,4032,1398,1226,motorcycle,Outer,2.0519402497542187
Tailgating,4039,1398,1226,motorcycle,Outer,2.002262441462853
Tailgating,4043,1304,1398,car,Outer,1.628482015766462
Tailgating,4049,1398,1226,motorcycle,Outer,3.2034091834169813
Tailgating,4050,1398,1226,motorcycle,Outer,3.631263244259031
Tailgating,4051,1398,1304,motorcycle,Outer,0.11202600748185339
Tailgating,4054,1398,1304,motorcycle,Outer,0.061663530358077395
Tailgating,4054,1454,1226,motorcycle,Outer,1.4699818653449161
Tailgating,4055,1398,1304,motorcycle,Outer,0.02876123039364589
Tailgating,4055,1454,1226,motorcycle,Outer,1.5325550555557925
Tailgating,4056,1398,1454,motorcycle,Outer,2.5602180706726485
Tailgating,4056,1454,1226,motorcycle,Outer,1.5488508298856218
Tailgating,4057,1398,1454,motorcycle,Outer,2.4894493269843445
Tailgating,4057,1454,1226,motorcycle,Outer,1.5712946304140678
Tailgating,4058,1398,1454,motorcycle,Outer,2.398845291906838
Tailgating,4058,1454,1226,motorcycle,Outer,1.6145433592120872
Tailgating,4059,1398,1454,motorcycle,Outer,2.2867176395144315
Tailgating,4059,1454,1226,motorcycle,Outer,1.6640665868920306
Tailgating,4060,1398,1454,motorcycle,Outer,2.1794610928504823
Tailgating,4060,1454,1226,motorcycle,Outer,1.7206390603279744
Tailgating,4061,1398,1454,motorcycle,Outer,2.089578028253041
Tailgating,4061,1454,1226,motorcycle,Outer,1.7617981901367368
Tailgating,4062,1398,1454,motorcycle,Outer,1.9890946644497969
Tailgating,4062,1454,1226,motorcycle,Outer,1.823437675157716
Tailgating,4063,1454,1226,motorcycle,Outer,1.8820723273500553
Tailgating,4064,1454,1226,motorcycle,Outer,1.9425029613360185
Tailgating,4065,1454,1226,motorcycle,Outer,1.9898417870709326
Tailgating,4066,1454,1226,motorcycle,Outer,2.037785772013879
Tailgating,4067,1304,1398,car,Outer,0.36923332507640866
Tailgating,4067,1454,1226,motorcycle,Outer,2.1008935736006125
Tailgating,4068,1454,1226,motorcycle,Outer,2.1208282765254673
Tailgating,4069,1454,1226,motorcycle,Outer,2.177303789680871
Tailgating,4070,1454,1226,motorcycle,Outer,2.2405985774854695
Tailgating,4071,1454,1226,motorcycle,Outer,2.307010352443412
Tailgating,4072,1454,1226,motorcycle,Outer,2.334721252633517
Tailgating,4073,1304,1398,car,Outer,0.35050570211814136
Tailgating,4073,1454,1226,motorcycle,Outer,2.3735501338014084
Tailgating,4074,1304,1398,car,Outer,0.35033246830633025
Tailgating,4074,1398,1454,motorcycle,Outer,1.1167651091316924
Tailgating,4074,1454,1226,motorcycle,Outer,2.4662183802687823
Tailgating,4075,1454,1226,motorcycle,Outer,2.5360743297003285
Tailgating,4076,1304,1398,car,Outer,0.3944021324817252
Tailgating,4076,1398,1454,motorcycle,Outer,0.9356192477358368
Tailgating,4076,1454,1226,motorcycle,Outer,2.5776740299262517
Tailgating,4077,1454,1226,motorcycle,Outer,2.623043007166194
Tailgating,4078,1454,1226,motorcycle,Outer,2.6930622523847827
Tailgating,4079,1454,1226,motorcycle,Outer,2.7871363367086732
Tailgating,4079,1471,816,person,Outer,1.8014747743289536
Tailgating,4080,1454,1226,motorcycle,Outer,2.842110106410026
Tailgating,4080,1471,816,person,Outer,1.8025210865278085
Tailgating,4081,1454,1226,motorcycle,Outer,2.8967559698240946
Tailgating,4082,1454,1226,motorcycle,Outer,2.990746263269172
Tailgating,4083,1304,1398,car,Outer,0.6265453407978805
Tailgating,4083,1454,1226,motorcycle,Outer,3.066229063918981
Tailgating,4084,1304,1398,car,Outer,0.5877713371073547
Tailgating,4084,1454,1226,motorcycle,Outer,3.150619736829204
Tailgating,4085,1304,1398,car,Outer,0.6722437748092989
Tailgating,4085,1454,1226,motorcycle,Outer,3.2026221061279716
Tailgating,4086,1304,1398,car,Outer,0.7268283892393246
Tailgating,4086,1454,1226,motorcycle,Outer,3.2696910963637746
Tailgating,4087,1454,1398,motorcycle,Outer,0.03483784667202046
Tailgating,4088,1304,1398,car,Outer,0.7936987705468276
Tailgating,4089,1304,1398,car,Outer,0.7224512164822633
Tailgating,4091,1304,1398,car,Outer,0.8404691626930892
Tailgating,4091,1398,1226,motorcycle,Outer,2.949463122212411
Tailgating,4092,1304,1398,car,Outer,0.9210108057453351
Tailgating,4092,1398,1226,motorcycle,Outer,2.9171567959222218
Tailgating,4093,1304,1398,car,Outer,0.9622420449784171
Tailgating,4094,1398,1226,motorcycle,Outer,2.865925085216499
Tailgating,4094,1467,1474,person,Outer,0.4377970389971739
Tailgating,4095,1398,1226,motorcycle,Outer,2.827373163315766
Tailgating,4095,1467,1474,person,Outer,0.4342498579740375
Tailgating,4096,1398,1226,motorcycle,Outer,2.7846761260776423
Tailgating,4096,1467,1474,person,Outer,0.4439875980907844
Tailgating,4097,1398,1226,motorcycle,Outer,2.767531100604742
Tailgating,4097,1467,1474,person,Outer,0.48994127663179443
Tailgating,4100,1467,1474,person,Outer,0.46050579948964004
Tailgating,4101,1467,1474,person,Outer,0.4721837753453797
Tailgating,4103,1478,1467,person,Outer,2.257976714505326
Tailgating,4104,1478,1467,person,Outer,2.2156854294506108
Tailgating,4107,1482,1226,motorcycle,Outer,0.6341595902936098
Tailgating,4107,1467,1474,person,Outer,0.438980970234988
Tailgating,4108,1482,1226,motorcycle,Outer,0.6763092507120857
Tailgating,4109,1398,1304,motorcycle,Outer,0.35044036725490696
Tailgating,4109,1482,1226,motorcycle,Outer,0.7165445835807513
Tailgating,4110,1398,1304,motorcycle,Outer,0.9562319201436228
Tailgating,4110,1482,1226,motorcycle,Outer,0.7595285298916176
Tailgating,4111,1398,1304,motorcycle,Outer,1.2010605731592416
Tailgating,4111,1454,1482,motorcycle,Outer,1.561612687869306
Tailgating,4111,1482,1226,motorcycle,Outer,0.7892026942084446
Tailgating,4112,1304,1398,car,Outer,0.34727598288231737
Tailgating,4112,1398,1482,motorcycle,Outer,3.148415449469382
Tailgating,4112,1482,1226,motorcycle,Outer,0.8096238071492692
Tailgating,4113,1304,1398,car,Outer,1.0245955453265436
Tailgating,4113,1398,1482,motorcycle,Outer,2.3604163793921624
Tailgating,4113,1482,1226,motorcycle,Outer,0.8285694598079998
Tailgating,4113,1485,1478,person,Outer,2.0129082132476572
Tailgating,4114,1304,1398,car,Outer,1.225476300131536
Tailgating,4114,1398,1482,motorcycle,Outer,2.005313410391765
Tailgating,4114,1482,1226,motorcycle,Outer,0.8862899506307046
Tailgating,4115,1304,1398,car,Outer,1.3564855503832811
Tailgating,4115,1398,1482,motorcycle,Outer,1.8619051247706913
Tailgating,4115,1482,1226,motorcycle,Outer,0.9228722931482445
Tailgating,4116,1482,1226,motorcycle,Outer,0.9485465829421703
Tailgating,4117,1304,1398,car,Outer,1.382776912326509
Tailgating,4117,1482,1226,motorcycle,Outer,0.9762120407631945
Tailgating,4118,1482,1226,motorcycle,Outer,1.008362386213251
Tailgating,4119,1482,1226,motorcycle,Outer,1.0496986585911043
Tailgating,4119,1398,1472,motorcycle,Outer,2.0086710104372263
Tailgating,4119,1485,1478,person,Outer,1.9154017858587251
Tailgating,4120,1482,1454,motorcycle,Outer,1.0290911299980336
Tailgating,4120,1454,1226,motorcycle,Outer,0.0018912053648306273
Tailgating,4120,1398,1472,motorcycle,Outer,1.0749271662718114
Tailgating,4121,1482,1226,motorcycle,Outer,1.124248802211245
Tailgating,4121,1454,1398,motorcycle,Outer,1.1968799503605099
Tailgating,4121,1398,1472,motorcycle,Outer,0.7815690403466438
Tailgating,4122,1482,1226,motorcycle,Outer,1.1570874418599884
Tailgating,4122,1454,1472,motorcycle,Outer,1.1640073655303598
Tailgating,4123,1482,1226,motorcycle,Outer,1.1953030474942818
Tailgating,4123,1454,1472,motorcycle,Outer,1.6926436088647296
Tailgating,4123,1485,1478,person,Outer,1.8121233256681157
Tailgating,4124,1482,1226,motorcycle,Outer,1.2269825450130678
Tailgating,4124,1454,1472,motorcycle,Outer,1.9127119673980266
Tailgating,4125,1482,1226,motorcycle,Outer,1.2661482754839137
Tailgating,4125,1454,1472,motorcycle,Outer,2.002189156433002
Tailgating,4126,1304,1482,car,Outer,3.0032223096003943
Tailgating,4126,1482,1226,motorcycle,Outer,1.3047209788150196
Tailgating,4126,1454,1472,motorcycle,Outer,2.052016530437292
Tailgating,4127,1304,1482,car,Outer,2.865647745762408
Tailgating,4127,1482,1226,motorcycle,Outer,1.3528647101176707
Tailgating,4127,1472,1398,motorcycle,Outer,0.7542283825955803
Tailgating,4128,1304,1482,car,Outer,2.743139351521615
Tailgating,4128,1482,1226,motorcycle,Outer,1.401517194380473
Tailgating,4129,1304,1482,car,Outer,2.6445813047986007
Tailgating,4129,1482,1226,motorcycle,Outer,1.4482350344949606
Tailgating,4129,1454,1472,motorcycle,Outer,1.2052443084376123
Tailgating,4129,1472,1398,motorcycle,Outer,1.02436139881845
Tailgating,4130,1482,1226,motorcycle,Outer,1.5076272636544585
Tailgating,4130,1454,1472,motorcycle,Outer,1.0173360193922294
Tailgating,4130,1472,1398,motorcycle,Outer,1.0342895930020397
Tailgating,4131,1304,1482,car,Outer,2.636259218358119
Tailgating,4131,1482,1226,motorcycle,Outer,1.5389442778151625
Tailgating,4131,1454,1472,motorcycle,Outer,0.9990429280770521
Tailgating,4131,1472,1398,motorcycle,Outer,1.0164951443688603
Tailgating,4132,1304,1482,car,Outer,2.667845504073912
Tailgating,4132,1482,1226,motorcycle,Outer,1.574560097946167
Tailgating,4132,1485,1478,person,Outer,1.6839667367013655
Tailgating,4133,1304,1482,car,Outer,2.6677438850232376
Tailgating,4133,1482,1226,motorcycle,Outer,1.6159939069183331
Tailgating,4133,1472,1398,motorcycle,Outer,1.059223741632176
Tailgating,4134,1482,1226,motorcycle,Outer,1.6551632691469194
Tailgating,4134,1485,1478,person,Outer,1.6943271071400552
Tailgating,4135,1454,1482,motorcycle,Outer,0.5711136398769413
Tailgating,4135,1482,1226,motorcycle,Outer,1.705742894181633
Tailgating,4135,1485,1478,person,Outer,1.6646361984748541
Tailgating,4136,1454,1482,motorcycle,Outer,0.8126610881106203
Tailgating,4136,1482,1226,motorcycle,Outer,1.7451871599872886
Tailgating,4136,1485,1478,person,Outer,1.6346744614397872
Tailgating,4137,1454,1482,motorcycle,Outer,0.8312734531699848
Tailgating,4137,1482,1226,motorcycle,Outer,1.748557624564985
Tailgating,4137,1485,1478,person,Outer,1.6251260176627451
Tailgating,4138,1454,1482,motorcycle,Outer,0.7424822455891741
Tailgating,4138,1482,1226,motorcycle,Outer,1.7865061445079438
Tailgating,4138,1485,1478,person,Outer,1.633546086904981
Tailgating,4139,1454,1482,motorcycle,Outer,0.6485708800883401
Tailgating,4139,1482,1226,motorcycle,Outer,1.8351436636884848
Tailgating,4140,1454,1482,motorcycle,Outer,0.4696254922941819
Tailgating,4140,1482,1226,motorcycle,Outer,1.9025467594434782
Tailgating,4141,1454,1482,motorcycle,Outer,0.40651811552640904
Tailgating,4141,1482,1226,motorcycle,Outer,1.9807940058809372
Tailgating,4142,1454,1482,motorcycle,Outer,0.3338324219886938
Tailgating,4142,1482,1226,motorcycle,Outer,2.0598930414494863
Tailgating,4143,1482,1226,motorcycle,Outer,2.1028293569340013
Tailgating,4144,1482,1226,motorcycle,Outer,2.1227836922601018
Tailgating,4144,1472,1398,motorcycle,Outer,0.9800670696234177
Tailgating,4145,1482,1226,motorcycle,Outer,2.1501796662861192
Tailgating,4145,1472,1398,motorcycle,Outer,1.0474280312854711
Tailgating,4146,1482,1226,motorcycle,Outer,2.189034983440566
Tailgating,4146,1472,1398,motorcycle,Outer,0.954532383574454
Tailgating,4147,1454,1482,motorcycle,Outer,0.0204297212963052
Tailgating,4147,1482,1226,motorcycle,Outer,2.2351026934295337
Tailgating,4147,1472,1398,motorcycle,Outer,1.0612591382793182
Tailgating,4148,1304,1482,car,Outer,1.4692779139435792
Tailgating,4148,1482,1226,motorcycle,Outer,2.370776771204771
Tailgating,4148,1454,1472,motorcycle,Outer,1.8658990117625565
Tailgating,4148,1472,1398,motorcycle,Outer,2.58128651716451
Tailgating,4148,1398,816,motorcycle,Outer,3.107684266835687
Tailgating,4149,1304,1226,car,Outer,3.8294564116820475
Tailgating,4149,1454,1472,motorcycle,Outer,1.0242836347308653
Tailgating,4149,1472,1398,motorcycle,Outer,3.1047213989775635
Tailgating,4149,1398,816,motorcycle,Outer,2.6457808894644717
Tailgating,4150,1304,1226,car,Outer,3.7842610339004805
Tailgating,4150,1454,1472,motorcycle,Outer,0.9404424589286884
Tailgating,4150,1472,1398,motorcycle,Outer,3.1195079387241984
Tailgating,4150,1398,816,motorcycle,Outer,2.486726331057649
Tailgating,4151,1454,1472,motorcycle,Outer,0.8800449088205661
Tailgating,4151,1472,1398,motorcycle,Outer,3.0958120779502747
Tailgating,4151,1398,816,motorcycle,Outer,2.457073093819748
Tailgating,4152,1454,1472,motorcycle,Outer,0.8923975635464543
Tailgating,4152,1398,816,motorcycle,Outer,2.815488354514319
Tailgating,4153,1398,816,motorcycle,Outer,2.628824487649237
Tailgating,4154,1398,816,motorcycle,Outer,2.5773916084530235
Tailgating,4154,1485,1478,person,Outer,1.4945809213367516
Tailgating,4155,1485,1478,person,Outer,1.4619510929675479
Tailgating,4159,1485,1478,person,Outer,1.4090503301016644
Tailgating,4160,1482,1226,motorcycle,Outer,1.7650862132982306
Tailgating,4160,1485,1478,person,Outer,1.3684095505028535
Tailgating,4161,1482,1226,motorcycle,Outer,1.674869349130833
Tailgating,4161,1485,1478,person,Outer,1.3233652063749328
Tailgating,4162,1482,1226,motorcycle,Outer,1.635226639761375
Tailgating,4162,1485,1478,person,Outer,1.2907860537576359
Tailgating,4163,1482,1226,motorcycle,Outer,1.6071834425194091
Tailgating,4163,1485,1478,person,Outer,1.246891475973196
Tailgating,4164,1485,1478,person,Outer,1.263485827501142
Tailgating,4165,1485,1478,person,Outer,1.2566504562169742
Tailgating,4166,1304,1482,car,Outer,2.134146546309112
Tailgating,4167,1304,1482,car,Outer,2.2268866414860873
Tailgating,4167,1454,1472,motorcycle,Outer,1.0339767639131954
Tailgating,4168,1304,1482,car,Outer,2.1801962770382466
Tailgating,4168,1482,1226,motorcycle,Outer,1.5617825971390034
Tailgating,4168,1454,1472,motorcycle,Outer,1.0020637196847306
Tailgating,4169,1304,1482,car,Outer,2.151619740029153
Tailgating,4172,1304,1482,car,Outer,2.205359101768343
Tailgating,4172,1500,1485,motorcycle,Outer,1.445259651578635
Tailgating,4173,1304,1482,car,Outer,2.2889329980461337
Tailgating,4173,1500,1485,motorcycle,Outer,2.6026324217557137
Tailgating,4173,1485,1498,person,Outer,1.1147661637886959
Tailgating,4174,1304,1482,car,Outer,2.338829058470109
Tailgating,4174,1398,816,motorcycle,Outer,3.4228843783697225
Tailgating,4174,1500,1485,motorcycle,Outer,3.0923097941387754
Tailgating,4175,1398,816,motorcycle,Outer,3.7060376492525777
Tailgating,4175,1500,1485,motorcycle,Outer,3.2851460373003505
Tailgating,4176,1304,1482,car,Outer,2.2606636423311244
Tailgating,4176,1482,1226,motorcycle,Outer,1.5040577240123694
Tailgating,4176,1398,816,motorcycle,Outer,3.7778356109407
Tailgating,4176,1500,1485,motorcycle,Outer,3.3439992261700726
Tailgating,4176,1485,1498,person,Outer,1.0867889820571444
Tailgating,4177,1304,1482,car,Outer,2.3401863208986544
Tailgating,4177,1482,1226,motorcycle,Outer,1.4669609005059783
Tailgating,4177,1398,816,motorcycle,Outer,3.789183641652864
Tailgating,4177,1500,1485,motorcycle,Outer,3.4705374118789485
Tailgating,4177,1485,1498,person,Outer,1.0324288759229279
Tailgating,4178,1304,1482,car,Outer,2.4448975192670193
Tailgating,4178,1482,1226,motorcycle,Outer,1.3985255342398797
Tailgating,4178,1500,1485,motorcycle,Outer,3.5329841096985497
Tailgating,4178,1485,1498,person,Outer,1.0201589404405202
Tailgating,4179,1500,1485,motorcycle,Outer,3.620838667115113
Tailgating,4179,1485,1498,person,Outer,0.9662065313229982
Tailgating,4180,1304,1482,car,Outer,2.3935487373497537
Tailgating,4180,1398,816,motorcycle,Outer,3.7977415967948778
Tailgating,4180,1485,1498,person,Outer,0.9322476695062452
Tailgating,4181,1304,1482,car,Outer,2.477372289798164
Tailgating,4181,1482,1226,motorcycle,Outer,1.355943301378502
Tailgating,4181,1472,1454,motorcycle,Outer,0.44200636525694204
Tailgating,4181,1485,1498,person,Outer,0.8925961298677896
Tailgating,4182,1482,1226,motorcycle,Outer,1.3246676182227524
Tailgating,4182,1472,1454,motorcycle,Outer,1.0286552087644425
Tailgating,4182,1454,1398,motorcycle,Outer,2.9179134800081465
Tailgating,4183,1482,1226,motorcycle,Outer,1.2506264406952445
Tailgating,4184,1472,1226,motorcycle,Outer,0.22162320871914296
Tailgating,4184,1454,1398,motorcycle,Outer,2.224968942958433
Tailgating,4184,1398,816,motorcycle,Outer,3.827137021009409
Tailgating,4185,1304,1482,car,Outer,2.531624269415463
Tailgating,4185,1472,1226,motorcycle,Outer,0.029231587586880308
Tailgating,4185,1454,1398,motorcycle,Outer,2.759881644021905
Tailgating,4185,1398,816,motorcycle,Outer,2.9556816396959773
Tailgating,4186,1304,1482,car,Outer,2.5601015356252876
Tailgating,4186,1454,1398,motorcycle,Outer,2.106816155518649
Tailgating,4186,1398,816,motorcycle,Outer,3.614811506987252
Tailgating,4187,1482,1226,motorcycle,Outer,1.1841373945805793
Tailgating,4191,1482,1226,motorcycle,Outer,1.1214943029518598
Tailgating,4192,1304,1482,car,Outer,2.6092509565209014
Tailgating,4193,1304,1482,car,Outer,2.5406711486362057
Tailgating,4194,1304,1482,car,Outer,2.496579969202171
Tailgating,4202,1454,1517,motorcycle,Outer,0.8690704803629673
Tailgating,4203,1454,1226,motorcycle,Outer,0.7885591086041802
Tailgating,4204,1454,1226,motorcycle,Outer,1.0370968254650619
Tailgating,4206,1454,1226,motorcycle,Outer,1.0430336638941256
Tailgating,4207,1454,1226,motorcycle,Outer,1.0031593396230065
Tailgating,4208,1454,1226,motorcycle,Outer,0.9746352631684488
Tailgating,4209,1454,1226,motorcycle,Outer,0.9274407405277781
Tailgating,4209,1520,816,car,Outer,3.4514229227242486
Tailgating,4210,1454,1226,motorcycle,Outer,0.8781760279948445
Tailgating,4211,1454,1226,motorcycle,Outer,0.8651505242373998
Tailgating,4211,1522,1523,person,Outer,1.2051089528393912
Tailgating,4213,1454,1226,motorcycle,Outer,0.8121661044441834
Tailgating,4214,1454,1226,motorcycle,Outer,0.752937085698237
Tailgating,4215,1454,1226,motorcycle,Outer,0.7353647795271392
Tailgating,4216,1304,1454,car,Outer,2.9430869021144654
Tailgating,4216,1454,1226,motorcycle,Outer,0.7018026716353077
Tailgating,4217,1304,1454,car,Outer,2.9256067739007086
Tailgating,4218,1304,1454,car,Outer,3.002715784377153
Tailgating,4219,1304,1226,car,Outer,3.761332506095089
Tailgating,4219,1522,1530,person,Outer,0.19149614651518307
Tailgating,4220,1304,1226,car,Outer,3.7206909754728033
Tailgating,4221,1304,1226,car,Outer,3.690891509754382
Tailgating,4221,1530,1522,car,Outer,0.00829121870126017
Tailgating,4222,1530,1522,car,Outer,0.11154065586389629
Tailgating,4223,1530,1522,car,Outer,0.15818968481805679
Tailgating,4224,1530,1522,car,Outer,0.21343881834549602
Tailgating,4225,1530,1522,car,Outer,0.30116353049874195
Tailgating,4226,1530,1522,car,Outer,0.38737257117122437
Tailgating,4227,1530,1522,car,Outer,0.478806974145208
Tailgating,4228,1530,1522,car,Outer,0.5561096792736419
Tailgating,4229,1530,1522,car,Outer,0.6431831633968438
Tailgating,4230,1530,1522,car,Outer,0.7682836784659502
Tailgating,4231,1530,1522,car,Outer,0.8562791642221618
Tailgating,4232,1530,1522,car,Outer,0.9456483900505827
Tailgating,4242,1538,1520,car,Outer,1.8044284271795232
Tailgating,4242,1530,1522,car,Outer,2.0695911246306165
Tailgating,4243,1530,1522,car,Outer,2.1985664961878033
Tailgating,4244,1530,1522,car,Outer,2.291594282978877
Tailgating,4245,1530,1522,car,Outer,2.3714166954235636
Tailgating,4247,1530,1522,car,Outer,2.436310632681665
Tailgating,4248,1530,1522,car,Outer,2.452207236857235
Tailgating,4249,1530,1522,car,Outer,2.565529523502248
Tailgating,4249,1522,1541,person,Outer,1.9667233083728743
Tailgating,4251,1530,1542,car,Outer,1.4701889092500753
Tailgating,4252,1538,1520,car,Outer,1.6930481139792335
Tailgating,4252,1530,1542,car,Outer,1.6864920331995583
Tailgating,4252,1542,1541,motorcycle,Outer,2.9736154052661448
Tailgating,4253,1538,1520,car,Outer,1.6243309135789483
Tailgating,4253,1530,1542,car,Outer,1.9310826681919269
Tailgating,4253,1542,1541,motorcycle,Outer,2.8779320195655487
Tailgating,4254,1538,1520,car,Outer,1.5783832665035844
Tailgating,4255,1538,1520,car,Outer,1.5492361803336234
Tailgating,4258,1538,1520,car,Outer,1.6196290205802488
Tailgating,4259,1538,1520,car,Outer,1.5948911519084739
Tailgating,4260,1538,1520,car,Outer,1.5676475232303981
Tailgating,4264,1550,1541,person,Outer,1.9490128392556958
Tailgating,4278,1550,1542,person,Outer,1.4551467229741286
Tailgating,4279,1550,1542,person,Outer,1.5475947818621962
Tailgating,4280,1550,1542,person,Outer,1.6277061060042035
Tailgating,4281,1538,1520,car,Outer,1.6847395710233932
Tailgating,4283,1548,1520,motorcycle,Outer,0.0009884107343739643
Tailgating,4284,1548,1520,motorcycle,Outer,0.02659913034279205
Tailgating,4284,1550,1542,person,Outer,2.0310055029045704
Tailgating,4285,1548,1520,motorcycle,Outer,0.0975803590709454
Tailgating,4286,1548,1520,motorcycle,Outer,0.16418619547725152
Tailgating,4286,1520,816,car,Outer,3.542078256569476
Tailgating,4287,1548,1520,motorcycle,Outer,0.2584835089462651
Tailgating,4288,1548,1520,motorcycle,Outer,0.3382850974438924
Tailgating,4289,1548,1520,motorcycle,Outer,0.39396499082536635
Tailgating,4290,1548,1520,motorcycle,Outer,0.4439967482938131
Tailgating,4291,1548,1520,motorcycle,Outer,0.5039424522104503
Tailgating,4296,1536,1226,car,Outer,2.306134816047429
Tailgating,4297,1558,1304,person,Outer,3.969860919394834
Tailgating,4297,1536,1226,car,Outer,2.248918034931044
Tailgating,4297,1538,1520,car,Outer,1.6630991082529296
Tailgating,4298,1558,1304,person,Outer,3.9276342052795097
Tailgating,4298,1536,1226,car,Outer,2.198590863626553
Tailgating,4299,1536,1226,car,Outer,2.1644274433871384
Tailgating,4304,1304,1536,car,Outer,1.612348412453059
Tailgating,4306,1304,1536,car,Outer,1.6613136417169985
Tailgating,4307,1304,1536,car,Outer,1.6833606579315337
Tailgating,4308,1304,1536,car,Outer,1.6122566667303695
Tailgating,4308,1536,1226,car,Outer,2.239641582415418
Tailgating,4309,1536,1226,car,Outer,2.316880041701333
Tailgating,4310,1536,1414,car,Outer,0.5650798692275395
Tailgating,4310,1414,1226,car,Outer,2.0966849374556036
Tailgating,4311,1536,1414,car,Outer,0.589623758258038
Tailgating,4311,1414,1226,car,Outer,2.108885126074953
Tailgating,4312,1304,1566,car,Outer,0.42490962998946197
Tailgating,4312,1414,1226,car,Outer,2.1212995209312893
Tailgating,4313,1304,1566,car,Outer,0.4691371983284268
Tailgating,4313,1414,1226,car,Outer,2.138423659153485
Tailgating,4314,1414,1226,car,Outer,2.1468143623206397
Tailgating,4315,1304,1566,car,Outer,0.3971327976113123
Tailgating,4315,1414,1226,car,Outer,2.1618687860618357
Tailgating,4316,1414,1226,car,Outer,2.1817883145166617
Tailgating,4317,1304,1566,car,Outer,0.4423790972517681
Tailgating,4317,1414,1226,car,Outer,2.1967132222674404
Tailgating,4317,1530,816,car,Outer,0.011147596320752044
Tailgating,4318,1414,1226,car,Outer,2.209731847984022
Tailgating,4318,1530,816,car,Outer,0.07375728066025927
Tailgating,4319,1414,1226,car,Outer,2.2187883385209757
Tailgating,4319,1530,816,car,Outer,0.11472268239779759
Tailgating,4320,1304,1566,car,Outer,0.393528809732775
Tailgating,4320,1414,1226,car,Outer,2.2308822103037795
Tailgating,4320,1530,816,car,Outer,0.15614932795852832
Tailgating,4321,1304,1566,car,Outer,0.32285900940231516
Tailgating,4321,1414,1226,car,Outer,2.2613037376977556
Tailgating,4321,1530,816,car,Outer,0.1929539073373985
Tailgating,4322,1304,1566,car,Outer,0.402014872552414
Tailgating,4322,1414,1226,car,Outer,2.2772119891249076
Tailgating,4322,1530,816,car,Outer,0.25470427978399174
Tailgating,4323,1304,1566,car,Outer,0.4543366251778018
Tailgating,4323,1414,1226,car,Outer,2.2938682141457987
Tailgating,4323,1530,816,car,Outer,0.29894468199845287
Tailgating,4324,1414,1226,car,Outer,2.3121119146608704
Tailgating,4324,1530,816,car,Outer,0.36398072058807185
Tailgating,4325,1414,1226,car,Outer,2.3366902812382926
Tailgating,4325,1530,816,car,Outer,0.43326249360053476
Tailgating,4326,1304,1566,car,Outer,0.3979263062034467
Tailgating,4326,1414,1226,car,Outer,2.3609227358209357
Tailgating,4326,1530,816,car,Outer,0.4725492200264428
Tailgating,4327,1304,1566,car,Outer,0.46017636817849744
Tailgating,4327,1414,1226,car,Outer,2.3840492799769524
Tailgating,4327,1530,816,car,Outer,0.5187171737369104
Tailgating,4328,1304,1566,car,Outer,0.49934185199863723
Tailgating,4328,1414,1226,car,Outer,2.3960168526234713
Tailgating,4328,1530,816,car,Outer,0.5716655473418859
Tailgating,4329,1304,1566,car,Outer,0.3876704135649922
Tailgating,4329,1414,1226,car,Outer,2.403607050150492
Tailgating,4329,1530,816,car,Outer,0.6093512207415014
Tailgating,4330,1304,1566,car,Outer,0.4445718293125221
Tailgating,4330,1414,1226,car,Outer,2.4252610665249454
Tailgating,4330,1530,816,car,Outer,0.6698360264614819
Tailgating,4331,1304,1566,car,Outer,0.3597993699338082
Tailgating,4331,1414,1226,car,Outer,2.444867525667101
Tailgating,4331,1530,816,car,Outer,0.7040232445071605
Tailgating,4332,1304,1566,car,Outer,0.43490048354245
Tailgating,4332,1414,1226,car,Outer,2.453812174340893
Tailgating,4332,1530,816,car,Outer,0.7636507628341748
Tailgating,4333,1304,1566,car,Outer,0.4910494219261757
Tailgating,4333,1414,1226,car,Outer,2.46458257157701
Tailgating,4333,1530,816,car,Outer,0.8010069020293726
Tailgating,4334,1414,1226,car,Outer,2.483162629024311
Tailgating,4334,1530,816,car,Outer,0.830041320824836
Tailgating,4335,1414,1226,car,Outer,2.501272047851408
Tailgating,4335,1530,816,car,Outer,0.8769501657621372
Tailgating,4336,1414,1226,car,Outer,2.518104855800701
Tailgating,4336,1530,816,car,Outer,0.9259346417810719
Tailgating,4337,1414,1226,car,Outer,2.535602033898014
Tailgating,4338,1414,1226,car,Outer,2.5461788174395275
Tailgating,4338,1520,1530,car,Outer,2.78451181274501
Tailgating,4338,1530,816,car,Outer,0.9879791382806662
Tailgating,4339,1414,1226,car,Outer,2.5603429776488738
Tailgating,4339,1530,816,car,Outer,1.0009455668616756
Tailgating,4340,1414,1226,car,Outer,2.5772744509926766
Tailgating,4340,1530,816,car,Outer,1.0392328214364197
Tailgating,4341,1414,1226,car,Outer,2.603617674095284
Tailgating,4341,1530,816,car,Outer,1.0800183170684665
Tailgating,4342,1414,1226,car,Outer,2.623577954062112
Tailgating,4342,1530,816,car,Outer,1.1310390242004944
Tailgating,4343,1414,1226,car,Outer,2.636143662927018
Tailgating,4343,1520,1530,car,Outer,2.5314529224886813
Tailgating,4343,1530,816,car,Outer,1.1825793870645016
Tailgating,4344,1414,1226,car,Outer,2.648247503888932
Tailgating,4344,1530,816,car,Outer,1.2252788361365008
Tailgating,4345,1414,1226,car,Outer,2.6646831356204452
Tailgating,4345,1530,816,car,Outer,1.2759412581779455
Tailgating,4346,1414,1226,car,Outer,2.6851718537266764
Tailgating,4346,1530,816,car,Outer,1.3309017084541368
Tailgating,4347,1414,1226,car,Outer,2.711866352136915
Tailgating,4347,1530,816,car,Outer,1.3852101427548607
Tailgating,4348,1414,1226,car,Outer,2.73024137064045
Tailgating,4348,1530,816,car,Outer,1.4312834993168204
Tailgating,4349,1414,1226,car,Outer,2.7539610230213682
Tailgating,4349,1538,1520,car,Outer,1.7661123642764993
Tailgating,4349,1530,816,car,Outer,1.472066887748023
Tailgating,4350,1414,1226,car,Outer,2.7763149972441825
Tailgating,4350,1520,1530,car,Outer,2.151072967147766
Tailgating,4350,1530,816,car,Outer,1.521928316459542
Tailgating,4351,1414,1226,car,Outer,2.7980026613934728
Tailgating,4351,1530,816,car,Outer,1.5816020191668696
Tailgating,4352,1414,1226,car,Outer,2.8122377501978204
Tailgating,4352,1520,1530,car,Outer,2.0782659232651226
Tailgating,4352,1530,816,car,Outer,1.6352268125060436
Tailgating,4353,1414,1226,car,Outer,2.8507041012012344
Tailgating,4353,1538,1520,car,Outer,1.6981376055583206
Tailgating,4353,1520,1530,car,Outer,2.0829675411180864
Tailgating,4353,1530,816,car,Outer,1.6612183935142313
Tailgating,4354,1414,1226,car,Outer,2.8828814540425935
Tailgating,4354,1538,1520,car,Outer,1.6416622815646658
Tailgating,4354,1530,816,car,Outer,1.7110234905007202
Tailgating,4355,1414,1226,car,Outer,2.9031550764990612
Tailgating,4355,1538,1520,car,Outer,1.6705986746875705
Tailgating,4355,1530,816,car,Outer,1.7654399400795204
Tailgating,4356,1414,1226,car,Outer,2.9196823587776857
Tailgating,4356,1530,816,car,Outer,1.8158781943882958
Tailgating,4357,1414,1226,car,Outer,2.933791143012982
Tailgating,4357,1530,816,car,Outer,1.852944219561781
Tailgating,4358,1414,1226,car,Outer,2.9553967196693884
Tailgating,4358,1530,816,car,Outer,1.9018191247838256
Tailgating,4359,1414,1226,car,Outer,2.9857580271958204
Tailgating,4359,1530,816,car,Outer,1.9445673389589564
Tailgating,4360,1414,1226,car,Outer,3.031199835484375
Tailgating,4360,1530,816,car,Outer,1.9797781010404434
Tailgating,4361,1414,1226,car,Outer,3.064732282987074
Tailgating,4361,1530,816,car,Outer,2.0261529235205007
Tailgating,4362,1414,1226,car,Outer,3.0890803854540065
Tailgating,4362,1530,816,car,Outer,2.0627231356579823
Tailgating,4363,1304,1414,car,Outer,0.9213586655163646
Tailgating,4363,1414,1226,car,Outer,3.1227443950684255
Tailgating,4363,1530,816,car,Outer,2.1008560501024798
Tailgating,4364,1304,1414,car,Outer,0.8074186805206569
Tailgating,4364,1414,1226,car,Outer,3.162279798513311
Tailgating,4365,1304,1414,car,Outer,0.733539698413061
Tailgating,4365,1414,1226,car,Outer,3.179563267470598
Tailgating,4365,1530,816,car,Outer,2.1675495855755367
Tailgating,4366,1414,1226,car,Outer,3.2000953748623453
Tailgating,4366,1530,816,car,Outer,2.21260970787012
Tailgating,4367,1414,1226,car,Outer,3.2163813049848407
Tailgating,4367,1530,816,car,Outer,2.268363735628673
Tailgating,4368,1414,1226,car,Outer,3.24695136323239
Tailgating,4368,1530,816,car,Outer,2.3377558689621565
Tailgating,4369,1414,1226,car,Outer,3.2648184502999387
Tailgating,4369,1530,816,car,Outer,2.3931327298133738
Tailgating,4370,1414,1226,car,Outer,3.2987895421679543
Tailgating,4371,1414,1226,car,Outer,3.334819644695992
Tailgating,4371,1530,816,car,Outer,2.4495632860537135
Tailgating,4372,1414,1226,car,Outer,3.371235224704609
Tailgating,4372,1530,816,car,Outer,2.506997317488609
Tailgating,4373,1414,1226,car,Outer,3.4143397908510322
Tailgating,4374,1414,1226,car,Outer,3.4595536079373357
Tailgating,4374,1530,816,car,Outer,2.5913011541661266
Tailgating,4375,1414,1226,car,Outer,3.4909974838921083
Tailgating,4375,1530,816,car,Outer,2.6474472401912523
Tailgating,4376,1414,1226,car,Outer,3.5255354361542057
Tailgating,4376,1530,816,car,Outer,2.67318642516971
Tailgating,4377,1414,1226,car,Outer,3.5591905235334633
Tailgating,4377,1530,816,car,Outer,2.7366525443160334
Tailgating,4378,1414,1226,car,Outer,3.5964454032372433
Tailgating,4378,1530,1578,car,Outer,2.1686493635776873
Tailgating,4379,1414,1226,car,Outer,3.638322599280001
Tailgating,4379,1578,816,person,Outer,0.6322550064309332
Tailgating,4380,1414,1226,car,Outer,3.676175190078414
Tailgating,4380,1530,1578,car,Outer,2.18082368314913
Tailgating,4381,1414,1226,car,Outer,3.715667592412619
Tailgating,4381,1530,1578,car,Outer,2.210419064153268
Tailgating,4382,1414,1226,car,Outer,3.7490403373216314
Tailgating,4382,1578,816,person,Outer,0.6915531190894693
Tailgating,4383,1414,1304,car,Outer,0.008757782991939262
Tailgating,4383,1530,1578,car,Outer,2.213146262968651
Tailgating,4383,1578,816,person,Outer,0.7071088952447321
Tailgating,4384,1530,1578,car,Outer,2.2454191449289707
Tailgating,4385,1414,1304,car,Outer,0.0899295636922521
Tailgating,4385,1480,1226,motorcycle,Outer,1.2855674051747485
Tailgating,4385,1530,1578,car,Outer,2.2646864079613835
Tailgating,4386,1584,1304,car,Outer,0.1404106145724623
Tailgating,4386,1480,1226,motorcycle,Outer,1.3237736088601122
Tailgating,4386,1530,1578,car,Outer,2.2660094548758156
Tailgating,4386,1578,816,person,Outer,0.7845131028823695
Tailgating,4387,1584,1304,car,Outer,0.19014168970328002
Tailgating,4387,1480,1587,motorcycle,Outer,1.2853591830473086
Tailgating,4387,1530,1578,car,Outer,2.3005066381886317
Tailgating,4388,1584,1304,car,Outer,0.24644435920915148
Tailgating,4388,1480,1226,motorcycle,Outer,1.391344298048166
Tailgating,4388,1530,1578,car,Outer,2.317179244046765
Tailgating,4389,1414,1304,car,Outer,0.2857933958372087
Tailgating,4389,1480,1226,motorcycle,Outer,1.4026134854656576
Tailgating,4389,1530,1578,car,Outer,2.3654145041174384
Tailgating,4390,1414,1304,car,Outer,0.3177217654256764
Tailgating,4390,1480,1587,motorcycle,Outer,1.3847663370796568
Tailgating,4390,1530,1578,car,Outer,2.412855478799118
Tailgating,4391,1414,1304,car,Outer,0.36264419025154654
Tailgating,4391,1480,1587,motorcycle,Outer,1.3994605546695433
Tailgating,4391,1530,1578,car,Outer,2.385631308247966
Tailgating,4391,1578,816,person,Outer,0.8850570236360906
Tailgating,4392,1584,1304,car,Outer,0.4086288860154902
Tailgating,4392,1480,1587,motorcycle,Outer,1.497654051331509
Tailgating,4392,1530,1578,car,Outer,2.4079349702784283
Tailgating,4393,1414,1304,car,Outer,0.4488718688283141
Tailgating,4393,1480,1587,motorcycle,Outer,1.5382652916870831
Tailgating,4393,1583,1538,person,Outer,0.28495577204468203
Tailgating,4393,1530,1578,car,Outer,2.4725272898643476
Tailgating,4394,1414,1304,car,Outer,0.5010106704564682
Tailgating,4394,1480,1587,motorcycle,Outer,1.538003178205057
Tailgating,4394,1530,1578,car,Outer,2.5137835304444525
Tailgating,4395,1414,1304,car,Outer,0.5566384604282
Tailgating,4395,1480,1226,motorcycle,Outer,1.8454231637940297
Tailgating,4395,1530,1578,car,Outer,2.552951905693257
Tailgating,4396,1584,1304,car,Outer,0.5933115662412901
Tailgating,4396,1480,1226,motorcycle,Outer,1.9839903132296777
Tailgating,4396,1530,1578,car,Outer,2.5647616872482786
Tailgating,4397,1584,1304,car,Outer,0.6424699795579115
Tailgating,4397,1480,1226,motorcycle,Outer,2.0582655028114814
Tailgating,4397,1530,1578,car,Outer,2.58547791740079
Tailgating,4398,1414,1304,car,Outer,0.6756368540707571
Tailgating,4398,1480,1226,motorcycle,Outer,2.1156227567569177
Tailgating,4398,1530,1578,car,Outer,2.600629636641
Tailgating,4399,1584,1304,car,Outer,0.7210554250069069
Tailgating,4399,1480,1226,motorcycle,Outer,2.165286607589515
Tailgating,4399,1530,1520,car,Outer,0.0018940655558819088
Tailgating,4400,1584,1304,car,Outer,0.7893277892303128
Tailgating,4400,1480,1226,motorcycle,Outer,2.1999767855677947
Tailgating,4401,1584,1304,car,Outer,0.8476547205643308
Tailgating,4401,1480,1226,motorcycle,Outer,2.2679713635066
Tailgating,4402,1584,1304,car,Outer,0.9038526609209571
Tailgating,4402,1480,1226,motorcycle,Outer,2.3118307281470267
Tailgating,4403,1584,1304,car,Outer,0.9536014036005409
Tailgating,4403,1480,1226,motorcycle,Outer,2.3455730188313066
Tailgating,4404,1584,1304,car,Outer,1.0067224548349383
Tailgating,4404,1480,1226,motorcycle,Outer,2.3827846022774524
Tailgating,4405,1414,1304,car,Outer,1.017015417541329
Tailgating,4405,1480,1226,motorcycle,Outer,2.430306050387277
Tailgating,4406,1414,1304,car,Outer,1.0794448527637202
Tailgating,4406,1480,1226,motorcycle,Outer,2.4732371699756635
Tailgating,4407,1414,1592,car,Outer,1.1391432649153
Tailgating,4407,1480,1226,motorcycle,Outer,2.531005392227511
Tailgating,4408,1414,1592,car,Outer,1.1935042456361051
Tailgating,4408,1480,1226,motorcycle,Outer,2.5788185570114215
Tailgating,4409,1584,1592,car,Outer,1.2688118502429182
Tailgating,4409,1480,1226,motorcycle,Outer,2.627936107653662
Tailgating,4410,1584,1592,car,Outer,1.3291301545411365
Tailgating,4410,1480,1226,motorcycle,Outer,2.6863255840988676
Tailgating,4410,1578,816,person,Outer,1.205497573787698
Tailgating,4411,1584,1592,car,Outer,1.3884455946107246
Tailgating,4411,1480,1226,motorcycle,Outer,2.743029201249526
Tailgating,4412,1584,1592,car,Outer,1.443650736066723
Tailgating,4412,1480,1226,motorcycle,Outer,2.786579116188985
Tailgating,4413,1584,1304,car,Outer,1.485985050386874
Tailgating,4413,1480,1226,motorcycle,Outer,2.823203433827422
Tailgating,4414,1584,1592,car,Outer,1.5508398113256086
Tailgating,4414,1480,1226,motorcycle,Outer,2.882335962763918
Tailgating,4415,1414,1304,car,Outer,1.626201545083846
Tailgating,4415,1480,1587,motorcycle,Outer,2.9403696100408188
Tailgating,4416,1584,1304,car,Outer,1.6789174073414852
Tailgating,4416,1480,1226,motorcycle,Outer,3.0082656770473415
Tailgating,4417,1414,1304,car,Outer,1.7618308298957386
Tailgating,4417,1480,1226,motorcycle,Outer,3.0617535051539204
Tailgating,4417,1578,816,person,Outer,1.3664813494910777
Tailgating,4418,1584,1304,car,Outer,1.802456827765767
Tailgating,4418,1480,1226,motorcycle,Outer,3.1217857365094224
Tailgating,4419,1584,1304,car,Outer,1.8660013224611223
Tailgating,4419,1480,1587,motorcycle,Outer,3.1632201963049242
Tailgating,4420,1584,1592,car,Outer,1.9215134797915934
Tailgating,4420,1480,1587,motorcycle,Outer,3.2336109065674767
Tailgating,4421,1584,1304,car,Outer,1.9877664513025686
Tailgating,4421,1480,1226,motorcycle,Outer,3.278053266143389
Tailgating,4422,1414,1304,car,Outer,2.0495753975419095
Tailgating,4422,1480,1226,motorcycle,Outer,3.3314807769161803
Tailgating,4423,1414,1592,car,Outer,2.111897363330997
Tailgating,4423,1480,1226,motorcycle,Outer,3.3872253039663107
Tailgating,4424,1414,1592,car,Outer,2.1758403445954277
Tailgating,4424,1480,1226,motorcycle,Outer,3.434004030080286
Tailgating,4425,1414,1304,car,Outer,2.2499252883987304
Tailgating,4425,1480,1226,motorcycle,Outer,3.4836449073214255
Tailgating,4426,1414,1592,car,Outer,2.2447655893007448
Tailgating,4426,1480,1226,motorcycle,Outer,3.5409638462281
Tailgating,4427,1414,1304,car,Outer,2.3828836024208084
Tailgating,4427,1480,1226,motorcycle,Outer,3.5948802686804564
Tailgating,4428,1414,1304,car,Outer,2.4474301873938407
Tailgating,4428,1480,1226,motorcycle,Outer,3.6373603585725274
Tailgating,4429,1414,1592,car,Outer,2.4896750667868055
Tailgating,4429,1480,1226,motorcycle,Outer,3.686772733999603
Tailgating,4430,1414,1304,car,Outer,2.569726150335903
Tailgating,4430,1480,1226,motorcycle,Outer,3.1463677359560425
Tailgating,4431,1414,1592,car,Outer,2.5437754691574934
Tailgating,4431,1480,1226,motorcycle,Outer,2.9836467966642792
Tailgating,4432,1414,1592,car,Outer,2.5214195036019564
Tailgating,4432,1592,1480,car,Outer,1.1170640644860756
Tailgating,4432,1480,1226,motorcycle,Outer,2.9481959969764486
Tailgating,4433,1414,1592,car,Outer,2.5376197539613465
Tailgating,4433,1592,1480,car,Outer,1.147823754970861
Tailgating,4433,1578,816,person,Outer,1.6427791532218559
Tailgating,4434,1414,1592,car,Outer,2.5757945574196732
Tailgating,4434,1592,1480,car,Outer,1.0958039891120417
Tailgating,4434,1480,1226,motorcycle,Outer,3.0558118131833663
Tailgating,4435,1414,1304,car,Outer,2.6317935409517212
Tailgating,4435,1304,1480,car,Outer,1.0210460330422315
Tailgating,4435,1480,1226,motorcycle,Outer,3.1345610462541007
Tailgating,4436,1414,1304,car,Outer,2.698683161479137
Tailgating,4436,1480,1226,motorcycle,Outer,3.200221730547722
Tailgating,4437,1414,1592,car,Outer,2.767479023215487
Tailgating,4437,1480,1226,motorcycle,Outer,3.2530235296016325
Tailgating,4438,1414,1592,car,Outer,2.8260336739044543
Tailgating,4438,1480,1226,motorcycle,Outer,3.3226780736936874
Tailgating,4439,1414,1592,car,Outer,2.8843267919027396
Tailgating,4439,1480,1587,motorcycle,Outer,3.3560716809598983
Tailgating,4440,1414,1592,car,Outer,2.9094559489549887
Tailgating,4440,1480,1226,motorcycle,Outer,3.4196787644254885
Tailgating,4441,1414,1592,car,Outer,2.9815287316833774
Tailgating,4441,1480,1226,motorcycle,Outer,3.472094046338732
Tailgating,4441,1578,816,person,Outer,1.7919447961141088
Tailgating,4442,1414,1592,car,Outer,3.038140853581377
Tailgating,4442,1480,1587,motorcycle,Outer,3.5473691769451783
Tailgating,4443,1414,1592,car,Outer,3.192520453722147
Tailgating,4443,1592,1480,car,Outer,0.4442546918248294
Tailgating,4443,1480,1587,motorcycle,Outer,3.618256649190087
Tailgating,4444,1414,1304,car,Outer,3.3108011582605656
Tailgating,4444,1480,1587,motorcycle,Outer,3.6712970823750615
Tailgating,4444,1538,1520,car,Outer,1.7220576114829427
Tailgating,4445,1414,1304,car,Outer,3.3993197037844
Tailgating,4445,1304,1480,car,Outer,0.24551448569051795
Tailgating,4445,1480,1226,motorcycle,Outer,3.7169938096261856
Tailgating,4446,1414,1304,car,Outer,3.474559990796474
Tailgating,4446,1480,1371,motorcycle,Outer,2.946675768269853
Tailgating,4446,1371,1587,car,Outer,1.2393120299641085
Tailgating,4447,1414,1304,car,Outer,3.537271969819192
Tailgating,4447,1480,1371,motorcycle,Outer,2.9625033909087906
Tailgating,4447,1371,1226,car,Outer,1.2776663603168406
Tailgating,4448,1480,1371,motorcycle,Outer,2.9865662306135046
Tailgating,4448,1371,1587,car,Outer,1.3151170787959117
Tailgating,4449,1480,1371,motorcycle,Outer,2.9873348984900794
Tailgating,4449,1371,1587,car,Outer,1.3476447132441092
Tailgating,4450,1480,1592,motorcycle,Outer,0.04182211537895097
Tailgating,4450,1371,1587,car,Outer,1.381828372772914
Tailgating,4451,1414,1480,car,Outer,3.738692656152955
Tailgating,4451,1480,1592,motorcycle,Outer,0.11158761330395928
Tailgating,4451,1371,1226,car,Outer,1.4107011631558963
Tailgating,4452,1414,1480,car,Outer,3.7114750990742267
Tailgating,4452,1480,1592,motorcycle,Outer,0.1917058633953069
Tailgating,4452,1371,1226,car,Outer,1.4322434136200957
Tailgating,4453,1414,1480,car,Outer,3.7094907664169963
Tailgating,4453,1480,1304,motorcycle,Outer,0.234455428825197
Tailgating,4453,1371,1226,car,Outer,1.462582070258968
Tailgating,4454,1414,1480,car,Outer,3.7131401796477035
Tailgating,4454,1480,1304,motorcycle,Outer,0.29202169533162464
Tailgating,4454,1371,1226,car,Outer,1.4900443216418615
Tailgating,4455,1414,1480,car,Outer,3.805088320194142
Tailgating,4455,1480,1592,motorcycle,Outer,0.37055584444258155
Tailgating,4455,1371,1226,car,Outer,1.5191642574125253
Tailgating,4456,1414,1480,car,Outer,3.8940486332010975
Tailgating,4456,1480,1304,motorcycle,Outer,0.3726588569249746
Tailgating,4456,1371,1226,car,Outer,1.5563269327930425
Tailgating,4457,1414,1480,car,Outer,3.7649596750565197
Tailgating,4457,1480,1304,motorcycle,Outer,0.36472471146948005
Tailgating,4457,1304,1610,car,Outer,1.410942978167558
Tailgating,4457,1371,1226,car,Outer,1.6014312608840306
Tailgating,4458,1480,1592,motorcycle,Outer,0.44370126172836477
Tailgating,4458,1371,1226,car,Outer,1.6305887514104136
Tailgating,4459,1414,1480,car,Outer,3.6933102186427953
Tailgating,4459,1480,1304,motorcycle,Outer,0.376284222264728
Tailgating,4459,1304,1610,car,Outer,1.4740073978402346
Tailgating,4459,1371,1587,car,Outer,1.6463507476997359
Tailgating,4460,1414,1480,car,Outer,3.699672523561213
Tailgating,4460,1480,1304,motorcycle,Outer,0.4308594731654524
Tailgating,4460,1371,1226,car,Outer,1.6640901988152166
Tailgating,4461,1480,1304,motorcycle,Outer,0.5360109860988669
Tailgating,4461,1371,1226,car,Outer,1.6848891148584295
Tailgating,4462,1480,1304,motorcycle,Outer,0.6064991494741667
Tailgating,4462,1371,1226,car,Outer,1.7120336454807343
Tailgating,4463,1480,1592,motorcycle,Outer,0.6520825212597074
Tailgating,4463,1371,1226,car,Outer,1.7384602713465422
Tailgating,4464,1480,1592,motorcycle,Outer,0.7095011292580149
Tailgating,4464,1371,1226,car,Outer,1.767810353440893
Tailgating,4465,1480,1304,motorcycle,Outer,0.743071951111496
Tailgating,4465,1371,1226,car,Outer,1.8060912467105557
Tailgating,4466,1480,1304,motorcycle,Outer,0.8150571392409323
Tailgating,4466,1371,1226,car,Outer,1.8520476663979406
Tailgating,4467,1480,1304,motorcycle,Outer,0.8944621402582718
Tailgating,4467,1371,1226,car,Outer,1.8906766282196885
Tailgating,4468,1480,1304,motorcycle,Outer,0.959600362401317
Tailgating,4468,1371,1226,car,Outer,1.9271956376886463
Tailgating,4469,1480,1304,motorcycle,Outer,1.0167630052377006
Tailgating,4469,1371,1226,car,Outer,1.9658846143539903
Tailgating,4470,1480,1304,motorcycle,Outer,1.1054881292761476
Tailgating,4470,1371,1226,car,Outer,2.0111359862051867
Tailgating,4471,1480,1304,motorcycle,Outer,1.1939789844899114
Tailgating,4471,1371,1226,car,Outer,2.052414647776032
Tailgating,4472,1480,1304,motorcycle,Outer,1.3098367270318843
Tailgating,4472,1304,1610,car,Outer,1.414946308984175
Tailgating,4472,1371,1587,car,Outer,2.0993228055625788
Tailgating,4473,1480,1304,motorcycle,Outer,1.3820098282909188
Tailgating,4473,1371,1226,car,Outer,2.1360803605233216
Tailgating,4473,1616,816,motorcycle,Outer,1.4778285391177803
Tailgating,4474,1480,1304,motorcycle,Outer,1.4635774220821727
Tailgating,4474,1371,1226,car,Outer,2.185535687222514
Tailgating,4474,1616,816,motorcycle,Outer,1.5628638742788592
Tailgating,4475,1480,1304,motorcycle,Outer,1.6115809533010583
Tailgating,4475,1304,1610,car,Outer,1.3288649937461294
Tailgating,4475,1371,1226,car,Outer,2.224137136660584
Tailgating,4475,1616,816,motorcycle,Outer,1.680513084182113
Tailgating,4476,1480,1304,motorcycle,Outer,1.7402427544005106
Tailgating,4476,1304,1610,car,Outer,1.279311875832595
Tailgating,4476,1371,1226,car,Outer,2.258285210813334
Tailgating,4476,1616,816,motorcycle,Outer,1.7297543211778537
Tailgating,4477,1480,1304,motorcycle,Outer,1.8478850971955891
Tailgating,4477,1304,1610,car,Outer,1.2468591173984656
Tailgating,4477,1371,1226,car,Outer,2.2858439776618917
Tailgating,4477,1616,816,motorcycle,Outer,1.778736604234188
Tailgating,4478,1480,1592,motorcycle,Outer,1.8677245297157243
Tailgating,4478,1371,1587,car,Outer,2.32590710061443
Tailgating,4478,1616,816,motorcycle,Outer,1.8604850785131364
Tailgating,4479,1480,1592,motorcycle,Outer,1.961342593289817
Tailgating,4479,1592,1610,car,Outer,1.2589921377589164
Tailgating,4479,1371,1226,car,Outer,2.3703062698472155
Tailgating,4479,1616,816,motorcycle,Outer,1.9257567995660538
Tailgating,4480,1480,1304,motorcycle,Outer,2.09000867166043
Tailgating,4480,1371,1226,car,Outer,2.4053628000985023
Tailgating,4480,1616,816,motorcycle,Outer,2.011055736599933
Tailgating,4481,1480,1304,motorcycle,Outer,2.171191444220188
Tailgating,4481,1371,1226,car,Outer,2.435962665065678
Tailgating,4481,1616,816,motorcycle,Outer,2.080334310907763
Tailgating,4482,1480,1592,motorcycle,Outer,2.2431711311459503
Tailgating,4482,1371,1226,car,Outer,2.489775807619689
Tailgating,4482,1616,816,motorcycle,Outer,2.160323654438178
Tailgating,4483,1480,1304,motorcycle,Outer,2.324768805020482
Tailgating,4483,1371,1226,car,Outer,2.534961373322664
Tailgating,4483,1616,816,motorcycle,Outer,2.2333960804402047
Tailgating,4484,1480,1592,motorcycle,Outer,2.3924897941042236
Tailgating,4484,1371,1226,car,Outer,2.5806142703659254
Tailgating,4484,1616,816,motorcycle,Outer,2.3098122164453883
Tailgating,4485,1480,1304,motorcycle,Outer,3.359092626738405
Tailgating,4485,1371,1610,car,Outer,0.04623310936151686
Tailgating,4485,1616,816,motorcycle,Outer,2.388854780000734
Tailgating,4486,1371,1610,car,Outer,0.1098047634227855
Tailgating,4486,1616,816,motorcycle,Outer,2.5015548710693327
Tailgating,4487,1371,1610,car,Outer,0.28488726691128063
Tailgating,4487,1610,1226,car,Outer,2.328595196026582
Tailgating,4487,1616,816,motorcycle,Outer,2.60980370859246
Tailgating,4488,1371,1226,car,Outer,2.7651392374995867
Tailgating,4488,1616,816,motorcycle,Outer,3.5229798469307028
Tailgating,4489,1371,1226,car,Outer,2.824332933266491
Tailgating,4489,1538,1520,car,Outer,1.680067443586974
Tailgating,4489,1616,816,motorcycle,Outer,3.0729210200811465
Tailgating,4490,1371,1226,car,Outer,2.8735894598390193
Tailgating,4490,1616,1520,motorcycle,Outer,0.12982571950741978
Tailgating,4491,1371,1226,car,Outer,2.91771690456218
Tailgating,4491,1616,1520,motorcycle,Outer,0.4339893740436101
Tailgating,4492,1371,1226,car,Outer,2.9651120421491513
Tailgating,4492,1616,1520,motorcycle,Outer,0.5053166176937355
Tailgating,4493,1371,1226,car,Outer,3.006745346107874
Tailgating,4493,1616,1520,motorcycle,Outer,0.502063438319634
Tailgating,4494,1304,1371,car,Outer,0.988434860432625
Tailgating,4494,1371,1226,car,Outer,3.056829669803695
Tailgating,4494,1616,1520,motorcycle,Outer,0.46734019979436386
Tailgating,4495,1371,1226,car,Outer,3.110316297053985
Tailgating,4495,1616,1520,motorcycle,Outer,0.4329995371883518
Tailgating,4496,1371,1587,car,Outer,3.165782021574285
Tailgating,4496,1616,1520,motorcycle,Outer,0.40478787922583054
Tailgating,4497,1371,1226,car,Outer,3.2116835121181015
Tailgating,4497,1616,1520,motorcycle,Outer,0.38375804892466325
Tailgating,4498,1371,1612,car,Outer,1.820641223221109
Tailgating,4498,1612,1226,car,Outer,1.782188562626627
Tailgating,4498,1616,1520,motorcycle,Outer,0.3513950484472311
Tailgating,4499,1371,1612,car,Outer,1.8998570165994857
Tailgating,4499,1612,1226,car,Outer,1.7712419847460064
Tailgating,4499,1616,1520,motorcycle,Outer,0.320865926858338
Tailgating,4500,1371,1612,car,Outer,1.9703215801971234
Tailgating,4500,1612,1226,car,Outer,1.7682153939733092
Tailgating,4500,1616,1520,motorcycle,Outer,0.28312545287662577
Tailgating,4501,1371,1612,car,Outer,2.0488281105217285
Tailgating,4501,1612,1226,car,Outer,1.7677612311884296
Tailgating,4501,1616,1520,motorcycle,Outer,0.2542415408417365
Tailgating,4502,1371,1612,car,Outer,2.107668509566106
Tailgating,4502,1612,1587,car,Outer,1.7801844542922445
Tailgating,4503,1371,1612,car,Outer,2.1639226995253975
Tailgating,4503,1612,1226,car,Outer,1.7647317457788063
Tailgating,4503,1616,1520,motorcycle,Outer,0.17969151373582323
Tailgating,4504,1371,1612,car,Outer,2.195977841119386
Tailgating,4505,1371,1612,car,Outer,2.257175804125037
Tailgating,4506,1371,1612,car,Outer,2.318133296137737
Tailgating,4506,1612,1226,car,Outer,1.7518046424192923
Tailgating,4506,1616,1520,motorcycle,Outer,0.11642616129051322
Tailgating,4507,1371,1612,car,Outer,2.385016672698296
Tailgating,4507,1612,1226,car,Outer,1.7551578917355128
Tailgating,4508,1371,1612,car,Outer,2.4539434048125557
Tailgating,4508,1612,1226,car,Outer,1.750208077937614
Tailgating,4508,1616,1520,motorcycle,Outer,0.06126786878146889
Tailgating,4509,1371,1612,car,Outer,2.5160222764612477
Tailgating,4509,1612,1226,car,Outer,1.7547337442809858
Tailgating,4510,1371,1612,car,Outer,2.5878526707393084
Tailgating,4510,1612,1226,car,Outer,1.7538671631471274
Tailgating,4511,1371,1612,car,Outer,2.6577959891588976
Tailgating,4511,1612,1226,car,Outer,1.7550537879728774
Tailgating,4512,1371,1612,car,Outer,2.6975016732627335
Tailgating,4512,1612,1587,car,Outer,1.778856297312638
Tailgating,4513,1371,1612,car,Outer,2.7696804401462813
Tailgating,4513,1612,1587,car,Outer,1.7710397833370852
Tailgating,4514,1371,1612,car,Outer,2.836306901202118
Tailgating,4514,1612,1226,car,Outer,1.7665092455061238
Tailgating,4514,1616,816,motorcycle,Outer,3.2899889396352093
Tailgating,4515,1371,1612,car,Outer,2.894753995461455
Tailgating,4515,1612,1226,car,Outer,1.7707244332430059
Tailgating,4515,1616,816,motorcycle,Outer,3.2644092959296307
Tailgating,4516,1371,1612,car,Outer,2.9537341875772176
Tailgating,4516,1612,1226,car,Outer,1.768212490714862
Tailgating,4517,1371,1612,car,Outer,3.013841280296155
Tailgating,4517,1612,1226,car,Outer,1.7626147102475473
Tailgating,4518,1371,1612,car,Outer,3.07866912103471
Tailgating,4518,1612,1226,car,Outer,1.7639470086247309
Tailgating,4519,1371,1612,car,Outer,3.1523097969684866
Tailgating,4519,1612,1226,car,Outer,1.7763993385705448
Tailgating,4520,1371,1612,car,Outer,3.215934780786195
Tailgating,4520,1612,1226,car,Outer,1.782400363691187
Tailgating,4521,1371,1612,car,Outer,3.2790294910214786
Tailgating,4521,1612,1226,car,Outer,1.800156724006386
Tailgating,4522,1371,1612,car,Outer,3.334943049877369
Tailgating,4522,1612,1226,car,Outer,1.8250540770562296
Tailgating,4523,1371,1612,car,Outer,3.3927017548291376
Tailgating,4523,1612,1226,car,Outer,1.8431764880471055
Tailgating,4524,1371,1612,car,Outer,3.450723128317034
Tailgating,4524,1612,1226,car,Outer,1.861695655636504
Tailgating,4524,1616,816,motorcycle,Outer,3.1480448883635814
Tailgating,4525,1371,1612,car,Outer,3.5081420651242707
Tailgating,4525,1612,1226,car,Outer,1.8705082592839746
Tailgating,4526,1371,1612,car,Outer,3.5664910618812513
Tailgating,4526,1612,1226,car,Outer,1.8881072987819465
Tailgating,4526,1616,1520,motorcycle,Outer,0.11607692617259203
Tailgating,4527,1371,1612,car,Outer,3.6251761657500934
Tailgating,4527,1612,1226,car,Outer,1.9026901883223375
Tailgating,4527,1616,816,motorcycle,Outer,3.167178236275017
Tailgating,4528,1371,1612,car,Outer,3.68010333313281
Tailgating,4528,1612,1226,car,Outer,1.9242868322349989
Tailgating,4528,1538,1520,car,Outer,1.689750768237515
Tailgating,4528,1616,816,motorcycle,Outer,3.054663224739462
Tailgating,4529,1371,1612,car,Outer,3.744719655791517
Tailgating,4529,1612,1226,car,Outer,1.9517551606233314
Tailgating,4530,1371,1612,car,Outer,3.812450622910622
Tailgating,4530,1612,1587,car,Outer,1.9780710494539036
Tailgating,4530,1538,1520,car,Outer,1.6270725507770416
Tailgating,4531,1371,1612,car,Outer,3.8794775456962793
Tailgating,4531,1612,1587,car,Outer,2.0030223409630024
Tailgating,4532,1371,1612,car,Outer,3.961046795635492
Tailgating,4532,1612,1226,car,Outer,2.0055998821069014
Tailgating,4533,1612,1226,car,Outer,2.0254915771739106
Tailgating,4534,1612,1587,car,Outer,2.076840100772131
Tailgating,4535,1612,1226,car,Outer,2.0671993321379367
Tailgating,4536,1612,1587,car,Outer,2.1005374550235705
Tailgating,4537,1612,1587,car,Outer,2.1169495701281975
Tailgating,4538,1612,1587,car,Outer,2.1434782008055104
Tailgating,4539,1612,1226,car,Outer,2.1228460939757574
Tailgating,4540,1612,1587,car,Outer,2.168716196581348
Tailgating,4541,1612,1587,car,Outer,2.1811652905207453
Tailgating,4542,1612,1587,car,Outer,2.1920818592393196
Tailgating,4543,1612,1226,car,Outer,2.1787334631402824
Tailgating,4544,1612,1226,car,Outer,2.205287787021981
Tailgating,4545,1612,1587,car,Outer,2.2760228363645543
Tailgating,4546,1612,1226,car,Outer,2.2615776777512706
Tailgating,4587,1651,816,person,Outer,1.5919608368104436
Tailgating,4588,1651,816,person,Outer,1.6318598212516895
Tailgating,4624,1671,1520,person,Outer,1.6687852150693188
Tailgating,4625,1671,1520,person,Outer,1.6468788113522776
Tailgating,4626,1671,1520,person,Outer,1.6386918181442656
Tailgating,4628,1676,1587,car,Outer,1.1990954228370496
Tailgating,4629,1676,1587,car,Outer,1.2442151464423383
Tailgating,4630,1676,1226,car,Outer,1.2622259860755718
Tailgating,4631,1676,1587,car,Outer,1.2920078361706209
Tailgating,4632,1676,1226,car,Outer,1.3299752820222697
Tailgating,4632,1538,1671,car,Outer,0.0468165490359409
Tailgating,4633,1676,1226,car,Outer,1.3635274362753187
Tailgating,4634,1676,1226,car,Outer,1.3941117943472372
Tailgating,4634,1538,1671,car,Outer,0.028059317154871272
Tailgating,4635,1676,1587,car,Outer,1.426868628456664
Tailgating,4635,1538,1520,car,Outer,1.7115414396793451
Tailgating,4636,1676,1226,car,Outer,1.4653016859517007
Tailgating,4637,1676,1226,car,Outer,1.4927267343527457
Tailgating,4638,1676,1587,car,Outer,1.5316076608787779
Tailgating,4639,1676,1587,car,Outer,1.5671910240637514
Tailgating,4640,1676,1587,car,Outer,1.5900716697703516
Tailgating,4641,1676,1587,car,Outer,1.614991424138237
Tailgating,4642,1676,1587,car,Outer,1.65144605390068
Tailgating,4643,1676,1587,car,Outer,1.6963587079691325
Tailgating,4644,1676,1587,car,Outer,1.7462213826477768
Tailgating,4644,1671,1538,person,Outer,0.029208864107675682
Tailgating,4645,1676,1226,car,Outer,1.781502912118942
Tailgating,4645,1671,1520,person,Outer,1.5973206457138354
Tailgating,4646,1676,1226,car,Outer,1.8166110816658034
Tailgating,4646,1671,1520,person,Outer,1.5479272339697525
Tailgating,4647,1676,1226,car,Outer,1.843057891490788
Tailgating,4647,1671,1520,person,Outer,1.5160624141972951
Tailgating,4648,1676,1226,car,Outer,1.8762797037159675
Tailgating,4649,1676,1226,car,Outer,1.917633988764161
Tailgating,4651,1676,1587,car,Outer,1.9567319997018626
Tailgating,4652,1676,1226,car,Outer,2.0436930378974743
Tailgating,4653,1676,1226,car,Outer,2.09150962565951
Tailgating,4654,1676,1226,car,Outer,2.137789190038071
Tailgating,4655,1676,1226,car,Outer,2.1656122019124795
Tailgating,4656,1676,1587,car,Outer,2.174370671259987
Tailgating,4657,1676,1587,car,Outer,2.2062990865916037
Tailgating,4658,1676,1587,car,Outer,2.2392354888622434
Tailgating,4659,1676,1587,car,Outer,2.2648400348943225
Tailgating,4660,1676,1587,car,Outer,2.30933380949241
Tailgating,4661,1676,1587,car,Outer,2.3694157093715926
Tailgating,4661,1685,816,person,Outer,3.127471709268254
Tailgating,4662,1676,1587,car,Outer,2.4177828342694805
Tailgating,4662,1685,816,person,Outer,3.174532994922073
Tailgating,4663,1676,1587,car,Outer,2.4646204498013997
Tailgating,4663,1685,816,person,Outer,3.2116264283741063
Tailgating,4664,1676,1587,car,Outer,2.5171080352346755
Tailgating,4664,1685,816,person,Outer,3.1986062116821956
Tailgating,4665,1676,1587,car,Outer,2.553335895508871
Tailgating,4665,1685,816,person,Outer,3.1941403312767855
Tailgating,4666,1676,1226,car,Outer,2.59014047171256
Tailgating,4667,1676,1226,car,Outer,2.6393549703692765
Tailgating,4667,1680,1678,car,Outer,3.9916272301740223
Tailgating,4668,1676,1587,car,Outer,2.676433715917977
Tailgating,4668,1680,1678,car,Outer,3.9021103315975116
Tailgating,4669,1676,1587,car,Outer,2.720396178449048
Tailgating,4669,1680,1678,car,Outer,3.828710746492012
Tailgating,4670,1676,1587,car,Outer,2.766993899600956
Tailgating,4670,1680,1678,car,Outer,3.7459014996350617
Tailgating,4671,1676,1587,car,Outer,2.8096723321213775
Tailgating,4671,1680,1678,car,Outer,3.6605828846565265
Tailgating,4672,1676,1587,car,Outer,2.8665678897006637
Tailgating,4672,1680,1678,car,Outer,3.601327467259486
Tailgating,4673,1676,1587,car,Outer,2.913869702864265
Tailgating,4673,1680,1678,car,Outer,3.5356182903454627
Tailgating,4674,1676,1587,car,Outer,2.9673246701128595
Tailgating,4674,1680,1678,car,Outer,3.458810548081667
Tailgating,4675,1676,1587,car,Outer,3.0102698961359833
Tailgating,4675,1680,1678,car,Outer,3.399914042769784
Tailgating,4676,1676,1587,car,Outer,3.0488674470495734
Tailgating,4676,1680,1678,car,Outer,3.340545411020665
Tailgating,4677,1676,1587,car,Outer,3.101602128372773
Tailgating,4677,1680,1678,car,Outer,3.266646351355332
Tailgating,4678,1676,1587,car,Outer,3.152800711634155
Tailgating,4678,1680,1678,car,Outer,3.161291130598766
Tailgating,4679,1676,1587,car,Outer,3.2105091854935255
Tailgating,4679,1680,1678,car,Outer,3.0892274172867924
Tailgating,4680,1676,1587,car,Outer,3.2657584055277815
Tailgating,4680,1680,1678,car,Outer,3.0189866015060685
Tailgating,4681,1676,1587,car,Outer,3.3147256543435386
Tailgating,4681,1680,1678,car,Outer,2.9553813355142386
Tailgating,4682,1676,1587,car,Outer,3.3776747592966267
Tailgating,4682,1682,1520,person,Outer,2.3983927698689285
Tailgating,4682,1680,1678,car,Outer,2.8984845209209777
Tailgating,4683,1676,1587,car,Outer,3.447598595771268
Tailgating,4683,1682,1520,person,Outer,2.3169800828569134
Tailgating,4683,1680,1678,car,Outer,2.8627467534020052
Tailgating,4684,1676,1587,car,Outer,3.504466113778015
Tailgating,4684,1682,1689,person,Outer,2.27445568881423
Tailgating,4684,1689,1520,motorcycle,Outer,0.0909663775976313
Tailgating,4684,1680,1678,car,Outer,2.7859953702201463
Tailgating,4685,1676,1587,car,Outer,3.5532722642276116
Tailgating,4685,1682,1689,person,Outer,2.306449763431162
Tailgating,4685,1689,1520,motorcycle,Outer,0.18126082186011422
Tailgating,4685,1680,1678,car,Outer,2.7362130379554337
Tailgating,4686,1676,1587,car,Outer,3.5897352254798522
Tailgating,4686,1682,1689,person,Outer,2.1477435274669423
Tailgating,4686,1689,1520,motorcycle,Outer,0.2751455303141702
Tailgating,4686,1680,1678,car,Outer,2.658037615748899
Tailgating,4687,1676,1587,car,Outer,3.6307838972585786
Tailgating,4687,1682,1689,person,Outer,2.038659266916513
Tailgating,4687,1689,1520,motorcycle,Outer,0.35287251632186833
Tailgating,4687,1680,1678,car,Outer,2.5995415626023752
Tailgating,4688,1676,1587,car,Outer,3.6935737679250216
Tailgating,4688,1682,1689,person,Outer,1.9086635462732504
Tailgating,4688,1689,1520,motorcycle,Outer,0.4441719521520257
Tailgating,4688,1680,1678,car,Outer,2.523198801909724
Tailgating,4689,1676,1587,car,Outer,3.749836253219245
Tailgating,4689,1682,1689,person,Outer,1.9349978825227911
Tailgating,4689,1689,1520,motorcycle,Outer,0.503409782671648
Tailgating,4689,1688,1691,motorcycle,Outer,3.7485881795522307
Tailgating,4689,1680,1678,car,Outer,2.4699146858291647
Tailgating,4690,1676,1587,car,Outer,3.799687075013851
Tailgating,4690,1682,1689,person,Outer,1.9439212739082574
Tailgating,4690,1689,1520,motorcycle,Outer,0.5832704156772877
Tailgating,4690,816,1688,person,Outer,0.2966011946377791
Tailgating,4690,1688,1691,motorcycle,Outer,3.7114187989101466
Tailgating,4690,1680,1678,car,Outer,2.3891958872499726
Tailgating,4691,1676,1587,car,Outer,3.8435103900178826
Tailgating,4691,1689,1520,motorcycle,Outer,0.6804382984382317
Tailgating,4691,816,1688,person,Outer,0.6460652506610697
Tailgating,4691,1688,1691,motorcycle,Outer,3.286029198855702
Tailgating,4691,1680,1678,car,Outer,2.319575765180039
Tailgating,4692,1676,1587,car,Outer,3.8991610959998306
Tailgating,4692,1689,1520,motorcycle,Outer,0.7687734033988312
Tailgating,4692,816,1688,person,Outer,0.7326020953476176
Tailgating,4692,1688,1691,motorcycle,Outer,3.1376506823669605
Tailgating,4692,1680,1678,car,Outer,2.2479811383646755
Tailgating,4693,1676,1587,car,Outer,3.9605299943625707
Tailgating,4693,1689,1520,motorcycle,Outer,0.8593365734105929
Tailgating,4693,816,1688,person,Outer,0.7893718426965172
Tailgating,4693,1688,1691,motorcycle,Outer,3.092605694576563
Tailgating,4693,1680,1678,car,Outer,2.180527526454148
Tailgating,4694,1682,1689,person,Outer,1.6713181825836223
Tailgating,4694,1689,1520,motorcycle,Outer,0.9472247173230263
Tailgating,4694,816,1688,person,Outer,1.8585511093190374
Tailgating,4694,1688,1691,motorcycle,Outer,2.007576761960174
Tailgating,4695,1682,1689,person,Outer,1.6670805904684742
Tailgating,4695,1689,1520,motorcycle,Outer,1.0218982303850483
Tailgating,4695,816,1688,person,Outer,2.2363593838656195
Tailgating,4695,1688,1691,motorcycle,Outer,1.6301040155530244
Tailgating,4696,1682,1689,person,Outer,1.5858556987686891
Tailgating,4696,1689,1520,motorcycle,Outer,1.1797819473079914
Tailgating,4696,1688,1691,motorcycle,Outer,1.5152220405770567
Tailgating,4697,1682,1689,person,Outer,1.5715815380564624
Tailgating,4697,1689,1520,motorcycle,Outer,1.2695893863691157
Tailgating,4698,1682,1689,person,Outer,1.5655349457224819
Tailgating,4698,1689,1520,motorcycle,Outer,1.3160534738391907
Tailgating,4699,1689,1520,motorcycle,Outer,1.3534028729215999
Tailgating,4700,1689,1520,motorcycle,Outer,1.3882633413240497
Tailgating,4701,1689,1520,motorcycle,Outer,1.4579254422838477
Tailgating,4702,1689,1520,motorcycle,Outer,1.515006838026741
Tailgating,4703,1689,1520,motorcycle,Outer,1.5885874970275031
Tailgating,4704,1689,1520,motorcycle,Outer,1.6734546988866326
Tailgating,4705,1689,1520,motorcycle,Outer,1.7271098917396188
Tailgating,4706,1689,1520,motorcycle,Outer,1.7950629166385732
Tailgating,4706,1691,1603,motorcycle,Outer,0.34618433955263783
Tailgating,4707,1689,1520,motorcycle,Outer,1.8547976479175179
Tailgating,4708,1689,1520,motorcycle,Outer,1.9637472715929338
Tailgating,4721,1676,1697,car,Outer,3.6621627655738305
Tailgating,4721,1691,1688,motorcycle,Outer,0.4893111177302373
Tailgating,4722,1676,1697,car,Outer,3.694728754502662
Tailgating,4722,1697,1587,car,Outer,2.1845585158703695
Tailgating,4722,1691,1688,motorcycle,Outer,1.2528487670928152
Tailgating,4723,1676,1697,car,Outer,3.728388514606805
Tailgating,4723,1697,1587,car,Outer,2.2087035144151392
Tailgating,4723,1688,1603,motorcycle,Outer,3.0248838036910364
Tailgating,4724,1676,1697,car,Outer,3.7523241112429506
Tailgating,4724,1697,1587,car,Outer,2.2391108856939566
Tailgating,4724,1691,1520,motorcycle,Outer,1.415477078132658
Tailgating,4724,1688,1603,motorcycle,Outer,3.3730237973348367
Tailgating,4725,1676,1697,car,Outer,3.7819524280125054
Tailgating,4725,1697,1587,car,Outer,2.2618524357425605
Tailgating,4725,1691,1682,motorcycle,Outer,0.029916290967879573
Tailgating,4726,1676,1697,car,Outer,3.8194441552605896
Tailgating,4726,1697,1587,car,Outer,2.271385061501055
Tailgating,4726,1691,1682,motorcycle,Outer,1.004925295726679
Tailgating,4726,1688,1520,motorcycle,Outer,0.846817306633377
Tailgating,4727,1676,1697,car,Outer,3.85397151023436
Tailgating,4727,1697,1587,car,Outer,2.2899779074803313
Tailgating,4727,1691,1682,motorcycle,Outer,0.6235649673831427
Tailgating,4727,1688,1520,motorcycle,Outer,1.2748033906820426
Tailgating,4728,1676,1697,car,Outer,3.87453380010593
Tailgating,4728,1697,1587,car,Outer,2.319717690892333
Tailgating,4728,1691,1682,motorcycle,Outer,0.3919999119481279
Tailgating,4728,1688,1520,motorcycle,Outer,1.3541173283183146
Tailgating,4729,1676,1697,car,Outer,3.899710552174339
Tailgating,4729,1697,1587,car,Outer,2.3401697476658145
Tailgating,4729,1691,1682,motorcycle,Outer,0.8781847088467373
Tailgating,4729,1688,1520,motorcycle,Outer,1.310078503280407
Tailgating,4730,1676,1697,car,Outer,3.9294627362786554
Tailgating,4730,1697,1587,car,Outer,2.356562365817507
Tailgating,4730,1691,1682,motorcycle,Outer,0.9900814372433836
Tailgating,4730,1688,1520,motorcycle,Outer,1.2463320323176506
Tailgating,4731,1676,1697,car,Outer,3.953636927826393
Tailgating,4731,1697,1587,car,Outer,2.380679094741654
Tailgating,4731,1691,1682,motorcycle,Outer,0.35948288824513136
Tailgating,4731,1688,1520,motorcycle,Outer,1.1951046556068037
Tailgating,4732,1676,1697,car,Outer,3.990386925167465
Tailgating,4732,1697,1587,car,Outer,2.4076903961881198
Tailgating,4732,1691,1682,motorcycle,Outer,0.09726599375874134
Tailgating,4732,1688,1520,motorcycle,Outer,1.4847230219819965
Tailgating,4733,1697,1587,car,Outer,2.4358086669189634
Tailgating,4733,1691,1695,motorcycle,Outer,0.08931934328778679
Tailgating,4734,1697,1587,car,Outer,2.4641177234197285
Tailgating,4734,1691,1695,motorcycle,Outer,0.039754592765204565
Tailgating,4735,1697,1587,car,Outer,2.4998850202781284
Tailgating,4736,1697,1587,car,Outer,2.5314735088579527
Tailgating,4737,1697,1587,car,Outer,2.4810890022425554
Tailgating,4738,1697,1587,car,Outer,2.4297971654111294
Tailgating,4739,1697,1587,car,Outer,2.5182954012068928
Tailgating,4740,1697,1587,car,Outer,2.588508176150953
Tailgating,4741,1697,1587,car,Outer,2.531136887087723
Tailgating,4743,1697,1587,car,Outer,2.5381208681747034
Tailgating,4744,1697,1587,car,Outer,2.5320030164390284
Tailgating,4745,1697,1587,car,Outer,2.6207305745893645
Tailgating,4746,1697,1587,car,Outer,2.6315621460504555
Tailgating,4747,1697,1587,car,Outer,2.6433007324850517
Tailgating,4748,1697,1587,car,Outer,2.6697177577683395
Tailgating,4749,1697,1587,car,Outer,2.8152229369616513
Tailgating,4751,1697,1587,car,Outer,2.9016163533023924
Tailgating,4752,1697,1587,car,Outer,2.9847838899937615
Tailgating,4753,1697,1587,car,Outer,3.0601258790419577
Tailgating,4779,1713,1603,person,Outer,2.322129535212378
Tailgating,4780,1713,1603,person,Outer,2.291818458636603
Tailgating,4783,1520,816,car,Outer,3.4579127171263417
Tailgating,4784,1603,1715,person,Outer,1.5376832575148802
Tailgating,4785,1713,1603,person,Outer,2.2055837817608808
Tailgating,4785,1603,1715,person,Outer,1.613148342811031
Tailgating,4786,1603,1715,person,Outer,1.7033796023272136
Tailgating,4787,1603,1715,person,Outer,1.7917015920638504
Tailgating,4788,1717,1713,motorcycle,Outer,1.2599532655133168
Tailgating,4788,1603,1715,person,Outer,1.8566577694422577
Tailgating,4789,1717,1713,motorcycle,Outer,1.3680509121508522
Tailgating,4789,1603,1715,person,Outer,1.9480588591991619
Tailgating,4790,1717,1713,motorcycle,Outer,1.4595609240652208
Tailgating,4790,1603,1715,person,Outer,2.012697934955686
Tailgating,4791,1717,1713,motorcycle,Outer,1.5597761396959322
Tailgating,4791,1603,1715,person,Outer,2.0857239139021475
Tailgating,4791,1715,1719,car,Outer,2.476269824118727
Tailgating,4792,1717,1713,motorcycle,Outer,1.646059152540772
Tailgating,4792,1603,1715,person,Outer,2.158906283498041
Tailgating,4792,1715,1719,car,Outer,2.3795005876505484
Tailgating,4793,1717,1713,motorcycle,Outer,1.7597827525281153
Tailgating,4793,1715,1719,car,Outer,2.2966997965528386
Tailgating,4794,1717,1713,motorcycle,Outer,1.8970370905489835
Tailgating,4794,1715,1719,car,Outer,2.1951725407228655
Tailgating,4795,1717,1713,motorcycle,Outer,2.0146585970972235
Tailgating,4795,1715,1719,car,Outer,2.1127212532967783
Tailgating,4796,1717,1713,motorcycle,Outer,2.116695629965325
Tailgating,4796,1715,1719,car,Outer,1.9893903450108696
Tailgating,4797,1717,1713,motorcycle,Outer,2.246543788778136
Tailgating,4797,1715,1719,car,Outer,1.885571408571095
Tailgating,4798,1717,1713,motorcycle,Outer,2.35800526595828
Tailgating,4798,1719,1715,motorcycle,Outer,1.133330296497156
Tailgating,4799,1717,1713,motorcycle,Outer,0.742976176885752
Tailgating,4799,1719,1715,motorcycle,Outer,2.2284811362721535
Tailgating,4800,1717,1719,motorcycle,Outer,2.4717892771165357
Tailgating,4800,1719,1715,motorcycle,Outer,2.6810347674375863
Tailgating,4801,1719,1715,motorcycle,Outer,2.9501865390841897
Tailgating,4801,1715,1729,car,Outer,1.5815722769295548
Tailgating,4802,1719,1715,motorcycle,Outer,3.1101742732294952
Tailgating,4802,1715,1729,car,Outer,1.43795165709765
Tailgating,4803,1717,1730,motorcycle,Outer,1.495989404266485
Tailgating,4803,1719,1715,motorcycle,Outer,3.3318524245881997
Tailgating,4803,1715,1729,car,Outer,1.3453779847292622
Tailgating,4804,1719,1715,motorcycle,Outer,3.6063214740398886
Tailgating,4804,1715,1729,car,Outer,1.2784950476758428
Tailgating,4805,1730,1719,motorcycle,Outer,0.01760247378160446
Tailgating,4805,1719,1715,motorcycle,Outer,3.822124637621305
Tailgating,4805,1715,1729,car,Outer,1.191900008525661
Tailgating,4806,1719,1730,motorcycle,Outer,0.12039860227255135
Tailgating,4806,1730,1715,motorcycle,Outer,3.7206449787946942
Tailgating,4806,1715,1729,car,Outer,1.0918403193493826
Tailgating,4807,1719,1730,motorcycle,Outer,0.19843848886821042
Tailgating,4807,1730,1715,motorcycle,Outer,3.842875461080173
Tailgating,4807,1715,1729,car,Outer,1.0117827446975542
Tailgating,4808,1719,1730,motorcycle,Outer,0.28321235817131135
Tailgating,4808,1715,1729,car,Outer,0.90789402720176
Tailgating,4809,1717,1713,motorcycle,Outer,2.4782624995899956
Tailgating,4809,1719,1730,motorcycle,Outer,0.37445949820961005
Tailgating,4809,1715,1729,car,Outer,0.7996432496178562
Tailgating,4810,1717,1713,motorcycle,Outer,0.9128094244960103
Tailgating,4810,1719,1730,motorcycle,Outer,0.44842624070398995
Tailgating,4810,1715,1729,car,Outer,0.7056735989511774
Tailgating,4811,1717,1713,motorcycle,Outer,0.2684709643640283
Tailgating,4811,1713,1719,person,Outer,0.8888563045548028
Tailgating,4811,1719,1730,motorcycle,Outer,0.574738405396995
Tailgating,4811,1715,1729,car,Outer,0.6160187764815249
Tailgating,4812,1713,1719,person,Outer,0.7335718588236393
Tailgating,4812,1719,1730,motorcycle,Outer,0.47305137368812833
Tailgating,4812,1715,1729,car,Outer,0.534658304566059
Tailgating,4813,1713,1719,person,Outer,0.5994889819990845
Tailgating,4813,1719,1730,motorcycle,Outer,0.6832017410461204
Tailgating,4813,1715,1729,car,Outer,0.45824148396602504
Tailgating,4814,1719,1730,motorcycle,Outer,0.8343973620044645
Tailgating,4814,1715,1729,car,Outer,0.38485697031328964
Tailgating,4815,1713,1719,person,Outer,0.3880603011822071
Tailgating,4815,1719,1730,motorcycle,Outer,2.250936586593372
Tailgating,4815,1730,1715,motorcycle,Outer,3.760779345838473
Tailgating,4815,1715,1729,car,Outer,0.2938976915351319
Tailgating,4816,1713,1719,person,Outer,0.2408243925720748
Tailgating,4816,1719,1730,motorcycle,Outer,2.8515216072394964
Tailgating,4816,1730,1715,motorcycle,Outer,3.5080060675167006
Tailgating,4816,1715,1729,car,Outer,0.19257473502142594
Tailgating,4817,1713,1719,person,Outer,0.12485128898908078
Tailgating,4817,1715,1729,car,Outer,0.10139446578233549
Tailgating,4818,1715,1729,car,Outer,0.020345396233265034
Tailgating,4819,1719,1717,motorcycle,Outer,0.1386614727718315
Tailgating,4819,1729,1715,motorcycle,Outer,0.07462616661584255
Tailgating,4820,1719,1717,motorcycle,Outer,0.3064632996565919
Tailgating,4821,1719,1717,motorcycle,Outer,0.45398037517883694
Tailgating,4825,1717,1719,motorcycle,Outer,1.2824869010043651
Tailgating,4827,1717,1719,motorcycle,Outer,1.3716930311875448
Tailgating,4828,1719,1729,motorcycle,Outer,3.9745345000402668
Tailgating,4832,1717,1719,motorcycle,Outer,1.078881768834037
Tailgating,4834,1717,1719,motorcycle,Outer,1.0456456918531347
Tailgating,4835,1717,1719,motorcycle,Outer,0.3818772663564958
Tailgating,4837,1717,1729,motorcycle,Outer,3.9345560251624963
Tailgating,4838,1717,1729,motorcycle,Outer,3.8762583354600753
Tailgating,4841,1719,1717,motorcycle,Outer,0.38447343456567024
Tailgating,4842,1719,1717,motorcycle,Outer,0.27774119092144317
Tailgating,4843,1717,1719,motorcycle,Outer,0.35301271644252624
Tailgating,4844,1717,1719,motorcycle,Outer,0.7172720981955214
Tailgating,4845,1717,1719,motorcycle,Outer,0.8586566972427642
Tailgating,4846,1729,1715,motorcycle,Outer,2.4917957928966383
Tailgating,4847,1717,1719,motorcycle,Outer,0.8386666876436635
Tailgating,4847,1729,1715,motorcycle,Outer,0.5406926131062094
Tailgating,4848,1717,1719,motorcycle,Outer,1.0603355573361883
Tailgating,4848,1715,1729,car,Outer,0.11215902927638788
Tailgating,4849,1742,1745,car,Outer,3.200835492826399
Tailgating,4849,1717,1719,motorcycle,Outer,1.1964602817738572
Tailgating,4849,1719,1744,motorcycle,Outer,2.923509502106359
Tailgating,4849,1715,1729,car,Outer,0.25432080218307407
Tailgating,4850,1717,1719,motorcycle,Outer,1.350267473495511
Tailgating,4850,1719,1744,motorcycle,Outer,3.002471825281177
Tailgating,4850,1715,1729,car,Outer,0.21439759519940776
Tailgating,4851,1717,1719,motorcycle,Outer,1.348843661966371
Tailgating,4851,1719,1744,motorcycle,Outer,3.3004537355936505
Tailgating,4851,1715,1729,car,Outer,0.11809833510474423
Tailgating,4852,1717,1719,motorcycle,Outer,1.4010790253675685
Tailgating,4852,1719,1744,motorcycle,Outer,3.4706144368347616
Tailgating,4852,1715,1729,car,Outer,0.005016647190651062
Tailgating,4854,1717,1744,motorcycle,Outer,3.2848222453848566
Tailgating,4855,1717,1744,motorcycle,Outer,3.190482943269668
Tailgating,4855,1744,1729,car,Outer,3.9535308305317867
Tailgating,4856,1717,1744,motorcycle,Outer,3.163970094606221
Tailgating,4856,1744,1729,car,Outer,3.845420345242187
Tailgating,4857,1717,1744,motorcycle,Outer,3.242625495827976
Tailgating,4857,1744,1729,car,Outer,3.717376190426305
Tailgating,4858,1717,1744,motorcycle,Outer,3.436643775423956
Tailgating,4858,1744,1729,car,Outer,3.605882803744671
Tailgating,4859,1719,1717,motorcycle,Outer,0.47019429538371826
Tailgating,4859,1717,1744,motorcycle,Outer,3.5856764470930567
Tailgating,4859,1744,1729,car,Outer,3.501337870845807
Tailgating,4860,1717,1744,motorcycle,Outer,1.9409096682094091
Tailgating,4860,1744,1729,car,Outer,3.383549279459853
Tailgating,4861,1717,1744,motorcycle,Outer,1.4344155633989455
Tailgating,4861,1744,1729,car,Outer,3.284054995506162
Tailgating,4862,1717,1744,motorcycle,Outer,0.3022964756296514
Tailgating,4862,1744,1729,car,Outer,3.175039106423341
Tailgating,4863,1717,1729,motorcycle,Outer,3.0089654823576564
Tailgating,4864,1717,1729,motorcycle,Outer,2.8470304631876187
Tailgating,4865,1717,1729,motorcycle,Outer,2.7533355859569375
Tailgating,4866,1744,1729,car,Outer,2.755029251634803
Tailgating,4867,1744,1729,car,Outer,2.658823246189625
Tailgating,4868,1744,1729,car,Outer,2.558943172810849
Tailgating,4869,1744,1729,car,Outer,2.4547403410492503
Tailgating,4870,1744,1729,car,Outer,2.354487856183373
Tailgating,4871,1744,1729,car,Outer,3.751150075686434
Tailgating,4872,1744,1729,car,Outer,2.6838001055141807
Tailgating,4873,1744,1729,car,Outer,2.2082586044906054
Tailgating,4874,1744,1729,car,Outer,1.963786285253138
Tailgating,4875,1744,1729,car,Outer,1.8315098120924551
Tailgating,4876,1744,1729,car,Outer,1.725742707743596
Tailgating,4886,1740,1520,motorcycle,Outer,0.08891367542958782
Tailgating,4887,1740,1520,motorcycle,Outer,0.1630880559288668
Tailgating,4888,1740,1520,motorcycle,Outer,0.2475657305571226
Tailgating,4889,1740,1520,motorcycle,Outer,0.3325315406913289
Tailgating,4890,1740,1520,motorcycle,Outer,0.3918968905865627
Tailgating,4891,1740,1520,motorcycle,Outer,0.47671368216182325
Tailgating,4892,1740,1520,motorcycle,Outer,0.5808026297116794
Tailgating,4893,1740,1520,motorcycle,Outer,0.6765117612290492
Tailgating,4893,1744,1729,car,Outer,0.10798587094407723
Tailgating,4894,1740,1520,motorcycle,Outer,0.7510731831245739
Tailgating,4894,1744,1729,car,Outer,0.011494240440580894
Tailgating,4898,1520,816,car,Outer,3.5067990319646576
Tailgating,4900,1740,1520,motorcycle,Outer,3.108518224520119
Tailgating,4900,1520,816,car,Outer,3.4802079756813735
Tailgating,4901,1740,1756,motorcycle,Outer,0.1399210802012123
Tailgating,4902,1740,1756,motorcycle,Outer,0.3129155593862943
Tailgating,4903,1760,1587,motorcycle,Outer,1.8703999715690518
Tailgating,4903,1740,1756,motorcycle,Outer,0.3449992857082703
Tailgating,4904,1760,1587,motorcycle,Outer,1.8947129328100332
Tailgating,4904,1520,816,car,Outer,3.4823031671770224
Tailgating,4905,1760,1587,motorcycle,Outer,1.93299297206769
Tailgating,4906,1760,1587,motorcycle,Outer,1.9615491185307252
Tailgating,4909,1520,816,car,Outer,3.4993907094240524
Tailgating,4910,1760,1587,motorcycle,Outer,1.9698748319085266
Tailgating,4914,1760,1587,motorcycle,Outer,1.990380368392531
Tailgating,4918,1760,1587,motorcycle,Outer,2.0600945286829075
Tailgating,4919,1760,1587,motorcycle,Outer,2.0642598934362097
Tailgating,4920,1760,1587,motorcycle,Outer,2.075273013540129
Tailgating,4924,1760,1587,motorcycle,Outer,2.146440026826516
Tailgating,4925,1711,1520,motorcycle,Outer,1.5632378145843573
Tailgating,4926,1760,1587,motorcycle,Outer,2.15544670372284
Tailgating,4926,1711,1520,motorcycle,Outer,1.5424595731584465
Tailgating,4927,1711,1520,motorcycle,Outer,1.3733176427533398
Tailgating,4933,1760,1587,motorcycle,Outer,2.1791957426637802
Tailgating,4936,1760,1587,motorcycle,Outer,2.1996517416345474
Tailgating,4938,1760,1587,motorcycle,Outer,2.21385702254399
Tailgating,4939,1760,1587,motorcycle,Outer,2.224288398207098
Tailgating,4945,1760,1587,motorcycle,Outer,2.2649222838448613
Tailgating,4946,1760,1587,motorcycle,Outer,2.2899706776413957
Tailgating,4947,1760,1587,motorcycle,Outer,2.3229193457123958
Tailgating,4976,1520,816,car,Outer,3.5140321105128023
Tailgating,5106,1803,1587,car,Outer,3.929000886360721
Tailgating,5107,1803,1587,car,Outer,3.9685370671780857
Tailgating,5110,1803,1587,car,Outer,3.9174190986987867
Tailgating,5111,1803,1587,car,Outer,3.964011795683066
Tailgating,5112,1803,1587,car,Outer,3.8868118655037738
Tailgating,5113,1803,1587,car,Outer,3.840404628858131
Tailgating,5114,1803,1587,car,Outer,3.8075641880467495
Tailgating,5123,1803,1587,car,Outer,3.872801997724676
Tailgating,5153,1803,1587,car,Outer,3.91508262374385
Tailgating,5154,1803,1587,car,Outer,3.988550838193308
Tailgating,5169,1830,1587,motorcycle,Outer,3.0248997165455513
Tailgating,5170,1830,1587,motorcycle,Outer,3.0422087502292032
Tailgating,5171,1830,1587,motorcycle,Outer,3.0560241194702953
Tailgating,5172,1830,1587,motorcycle,Outer,3.1353863440738903
Tailgating,5173,1830,1587,motorcycle,Outer,3.184566395449382
Tailgating,5174,1830,1587,motorcycle,Outer,3.2168876747723147
Tailgating,5175,1830,1587,motorcycle,Outer,3.2250127535377437
Tailgating,5176,1830,1587,motorcycle,Outer,3.2820145859074854
Tailgating,5177,1830,1587,motorcycle,Outer,3.382389667063601
Tailgating,5178,1830,1587,motorcycle,Outer,3.463369391543215
Tailgating,5180,1830,1587,motorcycle,Outer,3.495986042035982
Tailgating,5181,1830,1587,motorcycle,Outer,3.5407122737784418
Tailgating,5182,1830,1587,motorcycle,Outer,3.580418893973922
Tailgating,5183,1830,1587,motorcycle,Outer,3.6224212341820485
Tailgating,5184,1830,1587,motorcycle,Outer,2.715879128348651
Tailgating,5185,1830,1587,motorcycle,Outer,3.3701752038572574
Tailgating,5186,1830,1587,motorcycle,Outer,3.6643905460725503
Tailgating,5187,1830,1587,motorcycle,Outer,3.7870967080365956
Tailgating,5188,1830,1587,motorcycle,Outer,3.8237945700698095
Tailgating,5189,1830,1837,motorcycle,Outer,1.3471415294163824
Tailgating,5190,1830,1837,motorcycle,Outer,1.4348550485875453
Tailgating,5191,1830,1837,motorcycle,Outer,1.4761091061779847
Tailgating,5192,1830,1837,motorcycle,Outer,1.512995549985068
Tailgating,5193,1830,1837,motorcycle,Outer,1.5851353864407158
Tailgating,5194,1830,1837,motorcycle,Outer,1.6403530601097722
Tailgating,5195,1830,1837,motorcycle,Outer,1.6532870485736335
Tailgating,5196,1830,1837,motorcycle,Outer,1.5287346404901296
Tailgating,5196,1837,1587,car,Outer,2.5760737606586974
Tailgating,5197,1830,1837,motorcycle,Outer,1.6305493708027172
Tailgating,5197,1837,1587,car,Outer,2.527725224465914
Tailgating,5198,1830,1837,motorcycle,Outer,0.7799800402758524
Tailgating,5198,1837,1587,car,Outer,2.495082181573991
Tailgating,5199,1830,1837,motorcycle,Outer,1.535769719101555
Tailgating,5200,1830,1803,motorcycle,Outer,0.11492070102021158
Tailgating,5201,1830,1803,motorcycle,Outer,0.24831222234415626
Tailgating,5202,1830,1803,motorcycle,Outer,0.3112757506146751
Tailgating,5203,1830,1803,motorcycle,Outer,0.37285345042642776
Tailgating,5204,1830,1803,motorcycle,Outer,0.45069467043666783
Tailgating,5205,1830,1803,motorcycle,Outer,0.5479012401082841
Tailgating,5206,1830,1803,motorcycle,Outer,0.6257477867614545
Tailgating,5207,1830,1803,motorcycle,Outer,0.7166150172261604
Tailgating,5208,1830,1803,motorcycle,Outer,0.8038188096122764
Tailgating,5209,1830,1803,motorcycle,Outer,0.8649166251452034
Tailgating,5226,1845,816,motorcycle,Outer,0.2451891441460164
Tailgating,5227,1845,816,motorcycle,Outer,0.29912423388576365
Tailgating,5228,1845,816,motorcycle,Outer,0.3710526087067971
Tailgating,5229,1837,1587,car,Outer,2.5891162371011105
Tailgating,5229,1845,816,motorcycle,Outer,0.4383513789982509
Tailgating,5230,1837,1587,car,Outer,2.5487596315619334
Tailgating,5230,1845,816,motorcycle,Outer,0.49492379458151425
Tailgating,5231,1837,1587,car,Outer,2.6395064602961
Tailgating,5231,1845,816,motorcycle,Outer,0.5571231103215002
Tailgating,5232,1837,1587,car,Outer,2.5653508958332165
Tailgating,5232,1845,816,motorcycle,Outer,0.6197046477361811
Tailgating,5233,1837,1587,car,Outer,2.514345906664457
Tailgating,5233,1845,816,motorcycle,Outer,0.670352559549086
Tailgating,5234,1837,1587,car,Outer,2.477669062828471
Tailgating,5234,1845,816,motorcycle,Outer,0.731344527188907
Tailgating,5236,1845,816,motorcycle,Outer,0.8055718781083848
Tailgating,5237,1845,816,motorcycle,Outer,0.8561418373774999
Tailgating,5238,1845,816,motorcycle,Outer,0.9178477805096839
Tailgating,5239,1837,1587,car,Outer,2.5564869662542544
Tailgating,5239,1845,816,motorcycle,Outer,0.9648417272993992
Tailgating,5240,1837,1587,car,Outer,2.637297557955122
Tailgating,5240,1845,816,motorcycle,Outer,1.0099317729853028
Tailgating,5241,1837,1587,car,Outer,2.690892686565591
Tailgating,5241,1845,816,motorcycle,Outer,1.050285162226773
Tailgating,5242,1845,816,motorcycle,Outer,2.914609305048674
Tailgating,5243,1837,1587,car,Outer,2.624801722510429
Tailgating,5243,1845,816,motorcycle,Outer,3.5967125257826744
Tailgating,5244,1837,1587,car,Outer,2.562664306589461
Tailgating,5244,1845,816,motorcycle,Outer,3.8109070452680727
Tailgating,5245,1837,1587,car,Outer,2.5194587007023506
Tailgating,5245,1845,816,motorcycle,Outer,3.8505256451697867
Tailgating,5247,1845,816,motorcycle,Outer,3.7913702931629
Tailgating,5248,1845,816,motorcycle,Outer,3.753671272034152
Tailgating,5249,1837,1587,car,Outer,2.5859876125582
Tailgating,5250,1837,1587,car,Outer,2.644270854703947
Tailgating,5251,1837,1587,car,Outer,2.6915786817805962
Tailgating,5265,1837,1587,car,Outer,2.642454075533713
Tailgating,5266,1837,1587,car,Outer,2.6729920906472415
Tailgating,5269,1837,1587,car,Outer,2.591809212501276
Tailgating,5270,1837,1587,car,Outer,2.5142855608221386
Tailgating,5271,1837,1587,car,Outer,2.4643448753220603
Tailgating,5272,1837,1587,car,Outer,2.5554888318052154
Tailgating,5273,1837,1587,car,Outer,2.6161690843514176
Tailgating,5274,1837,1587,car,Outer,2.6652643758593046
Tailgating,5275,1837,1587,car,Outer,2.565948980334026
Tailgating,5276,1837,1587,car,Outer,2.618761636109252
Tailgating,5277,1837,1587,car,Outer,2.66055521540753
Tailgating,5279,1837,1587,car,Outer,2.5844195081348187
Tailgating,5320,1876,1587,car,Outer,2.735578068896848
Tailgating,5333,1876,1587,car,Outer,2.6144932943892067
Tailgating,5334,1876,1587,car,Outer,2.532550465137905
Tailgating,5335,1876,1587,car,Outer,2.486858164640826
Tailgating,5336,1876,1587,car,Outer,2.584067342724216
Tailgating,5337,1876,1587,car,Outer,2.6492732898764104
Tailgating,5337,1880,1879,person,Outer,0.654524490272998
Tailgating,5338,1876,1587,car,Outer,2.6884822698931816
Tailgating,5338,1880,1879,person,Outer,0.5799403315863304
Tailgating,5339,1880,1879,person,Outer,0.5363681177528198
Tailgating,5342,1880,1879,person,Outer,0.54449454536895
Tailgating,5344,1880,1879,person,Outer,0.5057315793260424
Tailgating,5345,1880,1879,person,Outer,0.4534918272220384
Tailgating,5346,1880,1879,person,Outer,0.4107098402874989
Tailgating,5350,1880,1879,person,Outer,0.3217932165322808
Tailgating,5352,1880,1879,person,Outer,0.30864383914585675
Tailgating,5357,1880,1879,person,Outer,0.17868523345119935
Tailgating,5358,1880,1879,person,Outer,0.12578460226719654
Tailgating,5359,1887,1888,person,Outer,0.11810572919662651
Tailgating,5360,1887,1888,person,Outer,0.23106736151944657
Tailgating,5361,1887,1888,person,Outer,0.19272329303623584
Tailgating,5362,1887,1888,person,Outer,0.18636305562451044
Tailgating,5362,1876,1587,car,Outer,2.610474619287593
Tailgating,5363,1887,1888,person,Outer,0.19227423605712102
Tailgating,5363,1876,1587,car,Outer,2.536972810055359
Tailgating,5364,1887,1888,person,Outer,0.20136587137947537
Tailgating,5364,1876,1587,car,Outer,2.493679782055938
Tailgating,5365,1887,1888,person,Outer,0.18688968609500034
Tailgating,5365,1876,1587,car,Outer,2.575961620835027
Tailgating,5366,1887,1888,person,Outer,0.140325128493843
Tailgating,5366,1876,1587,car,Outer,2.5175033959665534
Tailgating,5367,1887,1888,person,Outer,0.1203448579769845
Tailgating,5367,1876,1587,car,Outer,2.4824638184086996
Tailgating,5368,1887,1888,person,Outer,0.0696716656255145
Tailgating,5369,1887,1888,person,Outer,0.051660614056479676
Tailgating,5369,1876,1587,car,Outer,2.5538124769471655
Tailgating,5370,1876,1587,car,Outer,2.495098494215444
Tailgating,5371,1876,1587,car,Outer,2.4561971107279765
Tailgating,5378,1876,1587,car,Outer,2.5279851525873878
Tailgating,5379,1876,1587,car,Outer,2.489998179050636
Tailgating,5380,1876,1587,car,Outer,2.583137813159687
Tailgating,5381,1876,1587,car,Outer,2.526432115991079
Tailgating,5382,1876,1587,car,Outer,2.606397120970945
Tailgating,5383,1876,1587,car,Outer,2.6611763496488994
Tailgating,5384,1876,1587,car,Outer,2.5749406822605496
Tailgating,5385,1876,1587,car,Outer,2.517152850185299
Tailgating,5386,1876,1587,car,Outer,2.4840470256709257
Tailgating,5390,1876,1587,car,Outer,2.552663433079622
Tailgating,5391,1876,1587,car,Outer,2.6233086894298774
Tailgating,5392,1876,1587,car,Outer,2.5441150717815804
Tailgating,5393,1876,1587,car,Outer,2.6156850978774755
Tailgating,5394,1876,1587,car,Outer,2.538361512476287
Tailgating,5395,1876,1587,car,Outer,2.4869262076899057
Tailgating,5399,1876,1587,car,Outer,2.5368607358374238
Tailgating,5400,1876,1587,car,Outer,2.612358686586688
Tailgating,5401,1876,1587,car,Outer,2.660186293679336
Tailgating,5402,1876,1587,car,Outer,2.5613906668115454
Tailgating,5403,1876,1587,car,Outer,2.495115569942641
Tailgating,5404,1876,1587,car,Outer,2.4578227835727238
Tailgating,5410,1876,1587,car,Outer,2.5389358031409386
Tailgating,5411,1876,1587,car,Outer,2.610128270494307
Tailgating,5412,1876,1587,car,Outer,2.5444263881082003
Tailgating,5413,1876,1587,car,Outer,2.501907021473415
Tailgating,5414,1876,1587,car,Outer,2.5857386314040114
Tailgating,5415,1876,1587,car,Outer,2.639197008441259
Tailgating,5417,1876,1587,car,Outer,2.586617651797491
Tailgating,5418,1876,1587,car,Outer,2.5205602968598293
Tailgating,5419,1876,1587,car,Outer,2.4877347205006215
Tailgating,5421,1903,1892,car,Inner,0.9390889548328633
Tailgating,5422,1903,1892,car,Inner,0.9885582253647474
Tailgating,5422,1897,1905,car,Outer,2.8011019849982213
Tailgating,5423,1876,1587,car,Outer,2.5731708882690816
Tailgating,5423,1897,1905,car,Outer,2.664924057824658
Tailgating,5424,1903,1892,car,Inner,0.9304554462573279
Tailgating,5424,1876,1587,car,Outer,2.6276312480724267
Tailgating,5424,1897,1905,car,Outer,2.535545569322164
Tailgating,5425,1903,1892,car,Inner,0.9937110652326245
Tailgating,5425,1876,1866,car,Outer,2.9619123474521647
Tailgating,5425,1897,1905,car,Outer,2.408942791624574
Tailgating,5426,1903,1892,car,Inner,0.9183398369745346
Tailgating,5426,1897,1905,car,Outer,2.2736522092478832
Tailgating,5427,1903,1892,car,Inner,0.8744895832290932
Tailgating,5436,1903,1892,car,Inner,0.9531932053156924
Tailgating,5438,1903,1892,car,Inner,0.9948067791945703
Tailgating,5439,1903,1892,car,Inner,0.9614846752787589
Tailgating,5440,1903,1892,car,Inner,1.0064358583628354
Tailgating,5441,1903,1892,car,Inner,1.0366338861529982
Tailgating,5442,1903,1892,car,Inner,0.9848368436360733
Tailgating,5443,1903,1892,car,Inner,0.948254391823372
Tailgating,5445,1905,1910,person,Outer,3.7057139276911895
Tailgating,5446,1905,1910,person,Outer,3.812767922565714
Tailgating,5451,1876,1866,car,Outer,2.896246726499459
Tailgating,5452,1876,1866,car,Outer,2.9306501231438067
Tailgating,5465,1876,1866,car,Outer,2.873768867406881
Tailgating,5466,1876,1866,car,Outer,2.7890634263620346
Tailgating,5467,1876,1866,car,Outer,2.7372618659893795
Tailgating,5476,1876,1866,car,Outer,2.7496785710704663
Tailgating,5513,1876,1916,car,Outer,2.6087398753190962
Tailgating,5514,1876,1916,car,Outer,2.678909704188749
Tailgating,5515,1876,1916,car,Outer,2.7195165874469143
Tailgating,5516,1876,1916,car,Outer,2.7480152487797764
Tailgating,5519,1925,816,car,Outer,3.489477777194706
Tailgating,5582,1933,1925,car,Outer,1.7037908420880699
Tailgating,5583,1933,1925,car,Outer,1.7308328589107451
Tailgating,5587,1941,1938,person,Outer,2.2922418731674976
Tailgating,5589,1933,1925,car,Outer,1.7004192857245493
Tailgating,5590,1933,1925,car,Outer,1.652797215243118
Tailgating,5591,1933,1925,car,Outer,1.6089844814463803
Tailgating,5592,1933,1925,car,Outer,1.573811262670264
Tailgating,5595,1933,1925,car,Outer,1.6348311360259629
Tailgating,5596,1933,1925,car,Outer,1.678086152639133
Tailgating,5598,1933,1925,car,Outer,1.674691937281683
Tailgating,5599,1933,1925,car,Outer,1.6647862489445437
Tailgating,5599,1941,1938,person,Outer,2.5417898334577
Tailgating,5608,1941,1938,person,Outer,2.6858370842484134
Tailgating,5609,1941,1938,person,Outer,2.709535069579363
Tailgating,5611,1941,1938,person,Outer,2.733347873850132
Tailgating,5616,1916,1937,car,Outer,0.03877399962458514
Tailgating,5616,1938,1939,person,Outer,1.8620704776631645
Tailgating,5630,1933,1925,car,Outer,1.674318961698386
Tailgating,5631,1960,1916,person,Outer,0.6488161497643934
Tailgating,5631,1933,1925,car,Outer,1.7349299594999965
Tailgating,5632,1960,1916,person,Outer,0.6802321638044173
Tailgating,5632,1933,1925,car,Outer,1.7557160896012813
Tailgating,5633,1960,1916,person,Outer,0.7044724399149805
Tailgating,5634,1960,1916,person,Outer,0.7194893274646834
Tailgating,5635,1960,1916,person,Outer,0.7615586406991965
Tailgating,5636,1960,1916,person,Outer,0.8107449203656373
Tailgating,5640,1933,1925,car,Outer,1.7037037579161443
Tailgating,5641,1933,1925,car,Outer,1.7470741475355591
Tailgating,5643,1933,1925,car,Outer,1.6468498200673425
Tailgating,5646,1933,1925,car,Outer,1.7258324465840376
Tailgating,5649,1933,1925,car,Outer,1.7049735885391852
Tailgating,5651,1937,1933,car,Outer,3.8280064658610153
Tailgating,5652,1937,1933,car,Outer,3.7517498459384426
Tailgating,5654,1937,1933,car,Outer,3.7748347563085924
Tailgating,5654,1933,1925,car,Outer,1.6593409061859532
Tailgating,5655,1937,1933,car,Outer,3.7894081147863847
Tailgating,5655,1933,1925,car,Outer,1.6153515078462033
Tailgating,5656,1933,1925,car,Outer,1.5742438700860768
Tailgating,5658,1937,1933,car,Outer,3.9443728923231816
Tailgating,5658,1933,1925,car,Outer,1.5286519436506067
Tailgating,5659,1937,1933,car,Outer,3.9374502609919917
Tailgating,5659,1933,1925,car,Outer,1.4907642515012391
Tailgating,5666,1961,1964,person,Outer,1.0080843882210258
Tailgating,5670,1933,1925,car,Outer,1.5762975227798155
Tailgating,5683,1975,1974,motorcycle,Outer,0.7586894772286173
Tailgating,5684,1933,1925,car,Outer,1.5936395229872808
Tailgating,5684,1975,1974,motorcycle,Outer,0.7574365694350724
Tailgating,5685,1933,1925,car,Outer,1.6615198551805217
Tailgating,5685,1975,1938,motorcycle,Outer,1.2414938974437715
Tailgating,5686,1933,1925,car,Outer,1.7025105692951636
Tailgating,5686,1975,1938,motorcycle,Outer,2.2135952927967795
Tailgating,5687,1933,1925,car,Outer,1.7283159511248634
Tailgating,5687,1975,1938,motorcycle,Outer,3.5603168069040843
Tailgating,5689,1975,1938,motorcycle,Outer,3.0337588887218536
Tailgating,5690,1975,1938,motorcycle,Outer,3.5954219799997125
Tailgating,5691,1975,1938,motorcycle,Outer,2.7450617599744733
Tailgating,5692,1975,1938,motorcycle,Outer,2.4052755590105983
Tailgating,5693,1975,1938,motorcycle,Outer,2.2747687975571056
Tailgating,5693,1978,1974,motorcycle,Outer,0.46308718485100653
Tailgating,5694,1975,1938,motorcycle,Outer,2.230316008354733
Tailgating,5694,1978,1974,motorcycle,Outer,0.4431226239786178
Tailgating,5695,1974,1978,car,Outer,3.008220502532196
Tailgating,5728,1925,816,car,Outer,3.5271840422179124
Tailgating,5756,1937,1972,car,Outer,0.7561180776795905
Tailgating,5765,1937,1972,car,Outer,0.8709257891838491
Tailgating,5766,1937,1972,car,Outer,0.8987319416681343
Tailgating,5768,1937,1972,car,Outer,0.7826166851659444
Tailgating,5833,2016,2010,person,Outer,2.0425332902646893
Tailgating,5848,2016,2010,person,Outer,3.830270754193993
Tailgating,5849,2016,2010,person,Outer,3.9075542960032914
Tailgating,5850,2016,2010,person,Outer,3.9992706504727193
Tailgating,5896,1925,816,car,Outer,3.4255840967204585
Tailgating,5897,1925,816,car,Outer,3.4575224177324024
Tailgating,5907,1925,816,car,Outer,3.4372307799613315
Tailgating,5908,1925,816,car,Outer,3.4063136796545765
Tailgating,5912,1925,816,car,Outer,3.4331631449409037
Tailgating,5914,1925,816,car,Outer,3.411785723621426
Tailgating,5926,1925,816,car,Outer,3.42848559680275
Tailgating,5927,1925,816,car,Outer,3.4343783807517343
Tailgating,5928,1925,816,car,Outer,3.4520210682569963
Tailgating,5929,1925,816,car,Outer,3.4735359648133066
Tailgating,5945,2046,816,car,Outer,3.511813476884152
Tailgating,5946,2046,816,car,Outer,3.5713217799295696
Tailgating,5947,2046,816,car,Outer,3.6052531100002434
Tailgating,5949,2046,1925,car,Outer,0.0162872022844038
Tailgating,5950,2046,1925,car,Outer,0.06739835277327144
Tailgating,5951,2028,2046,car,Outer,1.5604677530258828
Tailgating,5951,2046,1925,car,Outer,0.10669347807377651
Tailgating,5953,2046,1925,car,Outer,0.23726834400038724
Tailgating,5953,1925,816,car,Outer,3.4213081745030194
Tailgating,5956,2046,816,car,Outer,3.856015168214078
Tailgating,5957,2046,816,car,Outer,3.8889577814262197
Tailgating,5958,2046,816,car,Outer,3.9202751113874093
Tailgating,5959,2046,816,car,Outer,3.9579899920289137
Tailgating,5960,2046,816,car,Outer,3.9916600977313577
Tailgating,5982,2057,2055,motorcycle,Outer,1.5764050051912906
Tailgating,5982,2055,2061,car,Outer,3.1816598739408932
Tailgating,5983,2060,816,motorcycle,Outer,0.9056567364693076
Tailgating,5983,2058,2057,motorcycle,Outer,0.9828524299816489
Tailgating,5983,2057,2055,motorcycle,Outer,1.6138673285660619
Tailgating,5983,2055,2061,car,Outer,3.1939345050767156
Tailgating,5984,2058,2057,motorcycle,Outer,0.9166552170779962
Tailgating,5984,2057,2055,motorcycle,Outer,1.6404977408772903
Tailgating,5984,2055,2061,car,Outer,3.2128645920016066
Tailgating,5985,2058,2057,motorcycle,Outer,0.8594012623724965
Tailgating,5985,2040,2061,car,Outer,3.2243798684647715
Tailgating,5986,2058,2057,motorcycle,Outer,0.8019440372512692
Tailgating,5986,2055,2061,car,Outer,3.2143215015331807
Tailgating,5987,2058,2057,motorcycle,Outer,0.752122292072339
Tailgating,5987,2040,2061,car,Outer,3.2177258534419204
Tailgating,5988,2058,2055,motorcycle,Outer,2.490260026290311
Tailgating,5988,2055,2061,car,Outer,3.211587219523933
Tailgating,5989,2058,2055,motorcycle,Outer,2.507565450249378
Tailgating,5989,2055,2061,car,Outer,3.2184424071763824
Tailgating,5990,2058,2040,motorcycle,Outer,2.5258513330383754
Tailgating,5990,2040,2061,car,Outer,3.2096966975589964
Tailgating,5991,2058,2055,motorcycle,Outer,2.47866515272047
Tailgating,5991,2055,2061,car,Outer,3.2147635936937946
Tailgating,5992,2058,2055,motorcycle,Outer,2.4785316202273675
Tailgating,5992,2055,2061,car,Outer,3.212719756854288
Tailgating,5993,2060,816,motorcycle,Outer,1.1148121972525296
Tailgating,5993,2058,2040,motorcycle,Outer,2.3872318270481925
Tailgating,5993,2040,2061,car,Outer,3.2066313136856994
Tailgating,5994,2060,816,motorcycle,Outer,1.1470606239582861
Tailgating,5994,2058,2055,motorcycle,Outer,2.4779865790637334
Tailgating,5994,2055,2061,car,Outer,2.3469926022082563
Tailgating,5995,2058,2055,motorcycle,Outer,2.5038217487481313
Tailgating,5995,2055,2061,car,Outer,1.917583755830116
Tailgating,5996,2058,2055,motorcycle,Outer,2.4667805229632296
Tailgating,5996,2055,2061,car,Outer,1.6726717577819086
Tailgating,5997,2058,2055,motorcycle,Outer,2.4659888566215584
Tailgating,5997,2055,2061,car,Outer,1.4707398555643019
Tailgating,5998,2060,816,motorcycle,Outer,1.2278810333963286
Tailgating,5998,2058,2055,motorcycle,Outer,2.4687046706336924
Tailgating,5998,2055,2061,car,Outer,1.272621943177103
Tailgating,5999,2058,2055,motorcycle,Outer,2.480673668679239
Tailgating,5999,2055,2061,car,Outer,1.114953671313811
Tailgating,6000,2058,2061,motorcycle,Outer,0.9818972786263829
Tailgating,6000,2061,2055,motorcycle,Outer,1.2719156570813464
Tailgating,6001,2060,816,motorcycle,Outer,1.2686642908435148
Tailgating,6002,2060,816,motorcycle,Outer,1.299153405048278
Tailgating,6003,2060,816,motorcycle,Outer,1.3106896510757204
Tailgating,6124,816,2058,person,Outer,3.419344607104374
Tailgating,6125,816,2058,person,Outer,3.2937908885573233
Tailgating,6126,816,2058,person,Outer,3.2248235553859654
Tailgating,6128,816,2058,person,Outer,3.025125180628926
Tailgating,6129,816,2058,person,Outer,2.9080748414480855
Tailgating,6130,816,2058,person,Outer,2.9051501792159553
Tailgating,6131,816,2058,person,Outer,2.788197899812013
Tailgating,6132,816,2058,person,Outer,2.699859988315836
Tailgating,6208,2122,2123,car,Outer,1.8038501832663634
Tailgating,6209,2122,2123,car,Outer,1.8404707633576138
Tailgating,6211,2122,2123,car,Outer,1.7915401745780997
Tailgating,6212,2122,2123,car,Outer,1.7231810376368777
Tailgating,6218,2122,2123,car,Outer,1.6796612072471926
Tailgating,6229,2139,816,motorcycle,Outer,3.1179691334663993
Tailgating,6230,2139,816,motorcycle,Outer,3.159779066402554
Tailgating,6231,2139,816,motorcycle,Outer,3.204099150773827
Tailgating,6232,2139,816,motorcycle,Outer,3.2783432271694974
Tailgating,6233,2139,816,motorcycle,Outer,3.335598366264881
Tailgating,6234,2139,816,motorcycle,Outer,3.3899352555227003
Tailgating,6235,2139,816,motorcycle,Outer,3.438376217800161
Tailgating,6236,2139,816,motorcycle,Outer,3.481460972844352
Tailgating,6237,2139,816,motorcycle,Outer,3.518584282264247
Tailgating,6238,2139,816,motorcycle,Outer,3.5532613384419554
Tailgating,6239,2139,816,motorcycle,Outer,3.5952808002620724
Tailgating,6240,2139,816,motorcycle,Outer,3.6519813759209927
Tailgating,6241,2139,2107,motorcycle,Outer,0.007091726479632815
Tailgating,6242,2139,2107,motorcycle,Outer,0.06250414323263091
Tailgating,6243,2139,2107,motorcycle,Outer,0.11700343686903661
Tailgating,6244,2139,2107,motorcycle,Outer,0.1663558444028739
Tailgating,6245,2139,2107,motorcycle,Outer,0.209604766296068
Tailgating,6246,2139,2107,motorcycle,Outer,0.2625038572515335
Tailgating,6247,2139,2107,motorcycle,Outer,0.31919946306409996
Tailgating,6248,2139,2107,motorcycle,Outer,0.3622435210045466
Tailgating,6249,2139,2107,motorcycle,Outer,0.421085393542045
Tailgating,6250,2139,2107,motorcycle,Outer,0.46045660446246434
Tailgating,6251,2139,2107,motorcycle,Outer,0.504782340608509
Tailgating,6252,2139,2107,motorcycle,Outer,0.5519090667713719
Tailgating,6253,2139,2107,motorcycle,Outer,0.6100866275009628
Tailgating,6254,2139,2107,motorcycle,Outer,0.670011521899599
Tailgating,6255,2139,2107,motorcycle,Outer,0.7159311672689002
Tailgating,6256,2139,2107,motorcycle,Outer,0.7624707666482416
Tailgating,6257,2139,2107,motorcycle,Outer,0.8030414867814796
Tailgating,6258,2139,2107,motorcycle,Outer,0.8464209753906575
Tailgating,6259,2139,2107,motorcycle,Outer,0.9044797679698467
Tailgating,6260,2139,2107,motorcycle,Outer,0.9593593509238355
Tailgating,6261,2139,2107,motorcycle,Outer,0.5458417458840451
Tailgating,6262,2139,2107,motorcycle,Outer,0.3803464613707832
Tailgating,6263,2139,2107,motorcycle,Outer,0.3224518173026702
Tailgating,6264,2139,2107,motorcycle,Outer,0.2691459115940945
Tailgating,6265,2139,2107,motorcycle,Outer,0.27213015043762506
Tailgating,6266,2139,2107,motorcycle,Outer,0.2775032038367715
Tailgating,6267,2140,1972,car,Outer,1.835347477020328
Tailgating,6268,2140,2023,car,Outer,1.8491191612326259
Tailgating,6268,2139,2107,motorcycle,Outer,0.28783890457979316
Tailgating,6269,2140,2023,car,Outer,1.8631802340341084
Tailgating,6269,2139,2107,motorcycle,Outer,0.28799956317183856
Tailgating,6270,2140,2023,car,Outer,1.8799440335399635
Tailgating,6271,2140,2023,car,Outer,1.8979199990072746
Tailgating,6272,2140,2023,car,Outer,1.9226794250139039
Tailgating,6274,2140,2023,car,Outer,1.9754579446675602
Tailgating,6276,2149,2023,car,Outer,1.6712175220546819
Tailgating,6277,2149,2023,car,Outer,1.6950200669352586
Tailgating,6279,2149,2023,car,Outer,1.7277706033642712
Tailgating,6281,2149,2023,car,Outer,1.753514561336681
Tailgating,6282,2140,2149,car,Outer,0.26750187343455145
Tailgating,6284,2140,2149,car,Outer,0.3321557919400549
Tailgating,6284,2149,2023,car,Outer,1.7174809112469251
Tailgating,6285,2149,2023,car,Outer,1.6659372579694989
Tailgating,6286,2149,1972,car,Outer,1.6133261097841176
Tailgating,6288,2149,2023,car,Outer,1.599712547307797
Tailgating,6290,2139,816,motorcycle,Outer,2.916694473635982
Tailgating,6291,2139,816,motorcycle,Outer,2.7016199076883574
Tailgating,6292,2139,816,motorcycle,Outer,2.63418620719795
Tailgating,6293,2149,2023,car,Outer,1.6657458609893385
Tailgating,6294,2149,2023,car,Outer,1.6848731243970811
Tailgating,6295,2149,2023,car,Outer,1.7121891345234943
Tailgating,6296,2149,1972,car,Outer,1.7595266551129476
Tailgating,6296,2139,2028,motorcycle,Outer,0.7095546664084429
Tailgating,6297,2139,2022,motorcycle,Outer,0.6911936441971844
Tailgating,6298,2149,1972,car,Outer,1.8073025822408135
Tailgating,6299,2149,1972,car,Outer,1.8312459986877727
Tailgating,6300,2140,2149,car,Outer,0.15532961272975665
Tailgating,6300,2149,2023,car,Outer,1.9554008630795483
Tailgating,6302,2140,2149,car,Outer,0.2317063393766188
Tailgating,6302,2149,2023,car,Outer,1.932799941489079
Tailgating,6303,2140,2149,car,Outer,0.28662343191671497
Tailgating,6303,2149,1972,car,Outer,1.9424191306325176
Tailgating,6304,2140,2149,car,Outer,0.30976847570092314
Tailgating,6304,2149,2023,car,Outer,1.959070000234582
Tailgating,6305,2149,2023,car,Outer,1.976018702762191
Tailgating,6306,2149,2023,car,Outer,2.0121349363696712
Tailgating,6307,2149,2023,car,Outer,2.03187377454174
Tailgating,6308,2149,2023,car,Outer,2.052769688977073
Tailgating,6309,2149,2023,car,Outer,2.1406379693162156
Tailgating,6310,2140,2149,car,Outer,0.010988962575065712
Tailgating,6310,2149,2023,car,Outer,2.2558069707568036
Tailgating,6311,2149,2123,car,Outer,0.06208106379483796
Tailgating,6311,2140,2023,car,Outer,2.360660689384006
Tailgating,6312,2149,2123,car,Outer,0.12780937983921709
Tailgating,6312,2140,2023,car,Outer,2.3679758946062703
Tailgating,6313,2149,2140,car,Outer,0.17208716686692063
Tailgating,6313,2158,2023,person,Outer,0.6886406688454413
Tailgating,6314,2158,2023,person,Outer,0.6944148032844911
Tailgating,6315,2149,2140,car,Outer,0.2007318945264819
Tailgating,6315,2158,2023,person,Outer,0.7109857450093391
Tailgating,6316,2149,2140,car,Outer,0.2302018601977293
Tailgating,6316,2158,2023,person,Outer,0.7312423677290334
Tailgating,6317,2158,2023,person,Outer,0.7547579676964451
Tailgating,6318,2149,2140,car,Outer,0.23232809800907384
Tailgating,6319,2149,2140,car,Outer,0.26341571761307403
Tailgating,6319,2158,2023,person,Outer,0.8058627215774646
Tailgating,6320,2158,2023,person,Outer,0.8373059097355444
Tailgating,6321,2149,2140,car,Outer,0.2737740449394141
Tailgating,6321,2158,2023,person,Outer,0.8642341367261887
Tailgating,6322,2149,2140,car,Outer,0.3086738064239201
Tailgating,6322,2169,2158,motorcycle,Outer,0.03669191639115432
Tailgating,6322,2158,2023,person,Outer,0.8910339252252535
Tailgating,6323,2149,2140,car,Outer,0.34505318646310185
Tailgating,6323,2169,2158,motorcycle,Outer,0.04564963132205518
Tailgating,6323,2158,2023,person,Outer,0.913376640810418
Tailgating,6324,2149,2140,car,Outer,0.3808314992737529
Tailgating,6324,2169,2158,motorcycle,Outer,0.04597835297779987
Tailgating,6324,2158,2023,person,Outer,0.9357761546401527
Tailgating,6325,2149,2140,car,Outer,0.4142327574805598
Tailgating,6325,2169,2158,motorcycle,Outer,0.047477388813672736
Tailgating,6325,2158,2023,person,Outer,0.9619646993889368
Tailgating,6326,2151,2149,car,Outer,1.4788897385737036
Tailgating,6326,2149,2140,car,Outer,0.4423592374053196
Tailgating,6326,2169,2158,motorcycle,Outer,0.05122013008660371
Tailgating,6326,2158,2023,person,Outer,0.9909976430442767
Tailgating,6326,2168,2022,motorcycle,Outer,2.4517488266083967
Tailgating,6327,2151,2149,car,Outer,1.3780763432612204
Tailgating,6327,2149,2140,car,Outer,0.4686931575293837
Tailgating,6327,2169,2158,motorcycle,Outer,0.06246171526034478
Tailgating,6327,2158,2023,person,Outer,1.0106518539455496
Tailgating,6327,2168,2022,motorcycle,Outer,2.4927199440260726
Tailgating,6328,2149,2140,car,Outer,0.49969863295184297
Tailgating,6328,2169,2158,motorcycle,Outer,0.0700137265022338
Tailgating,6328,2168,2022,motorcycle,Outer,2.5208823222190055
Tailgating,6329,2149,2140,car,Outer,0.523816657575551
Tailgating,6329,2169,2158,motorcycle,Outer,0.06485033428002002
Tailgating,6329,2158,2023,person,Outer,1.0490668313143194
Tailgating,6329,2168,2022,motorcycle,Outer,2.5632163472268665
Tailgating,6330,2149,2140,car,Outer,0.5570779292502714
Tailgating,6330,2169,2158,motorcycle,Outer,0.08152314001252856
Tailgating,6330,2158,2168,person,Outer,1.1356949577413378
Tailgating,6330,2168,2023,motorcycle,Outer,0.04449720344229428
Tailgating,6331,2149,2140,car,Outer,0.5771527645184834
Tailgating,6331,2140,2123,car,Outer,0.2170091172282769
Tailgating,6331,2169,2158,motorcycle,Outer,0.09096820532610746
Tailgating,6331,2158,2168,person,Outer,1.12582401643796
Tailgating,6331,2168,2023,motorcycle,Outer,0.07400086349857578
Tailgating,6332,2151,2149,car,Outer,1.3208717353434165
Tailgating,6332,2149,2140,car,Outer,0.587565204038715
Tailgating,6332,2140,2123,car,Outer,0.2372891327955579
Tailgating,6332,2169,2158,motorcycle,Outer,0.10196476246530162
Tailgating,6332,2158,2168,person,Outer,1.1105553641515926
Tailgating,6332,2168,2023,motorcycle,Outer,0.11156142356386743
Tailgating,6333,2151,2149,car,Outer,1.361719722802846
Tailgating,6333,2149,2140,car,Outer,0.6070471095962304
Tailgating,6333,2140,2123,car,Outer,0.2535771158654491
Tailgating,6333,2158,2168,person,Outer,1.0795998758607173
Tailgating,6333,2168,2023,motorcycle,Outer,0.16159116901143614
Tailgating,6334,2151,2149,car,Outer,1.390795460361617
Tailgating,6334,2149,2140,car,Outer,0.6150315862342304
Tailgating,6334,2169,2158,motorcycle,Outer,0.10816786123147767
Tailgating,6334,2158,2168,person,Outer,1.0587765722239209
Tailgating,6334,2168,2023,motorcycle,Outer,0.2025126060727349
Tailgating,6335,2149,2140,car,Outer,0.6270447900315885
Tailgating,6335,2169,2158,motorcycle,Outer,0.12721848736781952
Tailgating,6335,2158,2168,person,Outer,1.0493645097399584
Tailgating,6335,2168,2023,motorcycle,Outer,0.23035007633648466
Tailgating,6336,2149,2140,car,Outer,0.6431595882485518
Tailgating,6336,2169,2158,motorcycle,Outer,0.12818711867759214
Tailgating,6336,2158,2168,person,Outer,1.0364199777858534
Tailgating,6336,2168,2023,motorcycle,Outer,0.2690155257102771
Tailgating,6337,2149,2140,car,Outer,0.6698979271376951
Tailgating,6337,2169,2158,motorcycle,Outer,0.1471464847056528
Tailgating,6337,2158,2168,person,Outer,1.0179350507565614
Tailgating,6337,2168,2023,motorcycle,Outer,0.3064083103514002
Tailgating,6338,2149,2140,car,Outer,0.6937933808408643
Tailgating,6338,2140,2123,car,Outer,0.3383736767901309
Tailgating,6338,2169,2158,motorcycle,Outer,0.14970457006632715
Tailgating,6338,2158,2168,person,Outer,0.9871218815162287
Tailgating,6338,2168,2023,motorcycle,Outer,0.3568439228597164
Tailgating,6339,2149,2140,car,Outer,0.7058319870040755
Tailgating,6339,2140,2123,car,Outer,0.3531268366487505
Tailgating,6339,2169,2158,motorcycle,Outer,0.18063977682359755
Tailgating,6339,2158,2168,person,Outer,0.9779952679181428
Tailgating,6339,2168,2023,motorcycle,Outer,0.3754351999713023
Tailgating,6340,2149,2140,car,Outer,0.7214008255829688
Tailgating,6340,2169,2158,motorcycle,Outer,0.22071850804876003
Tailgating,6340,2158,2168,person,Outer,0.9623785691169858
Tailgating,6340,2168,2023,motorcycle,Outer,0.40239166350240446
Tailgating,6341,2149,2140,car,Outer,0.7270322992648758
Tailgating,6341,2140,2123,car,Outer,0.38015250480175905
Tailgating,6341,2169,2158,motorcycle,Outer,0.23523926080413846
Tailgating,6341,2158,2168,person,Outer,0.9420568179754168
Tailgating,6341,2168,2023,motorcycle,Outer,0.4383902737848708
Tailgating,6342,2149,2140,car,Outer,0.7373044412706572
Tailgating,6342,2169,2158,motorcycle,Outer,0.2481596861435533
Tailgating,6342,2158,2168,person,Outer,0.9041954526543093
Tailgating,6342,2168,2023,motorcycle,Outer,0.4863859286574407
Tailgating,6343,2149,2140,car,Outer,0.7457316628412358
Tailgating,6343,2140,2123,car,Outer,0.41964682579117113
Tailgating,6343,2169,2158,motorcycle,Outer,0.25761724335405367
Tailgating,6343,2158,2168,person,Outer,0.8899511136988325
Tailgating,6343,2168,2023,motorcycle,Outer,0.5099770261843543
Tailgating,6344,2149,2140,car,Outer,0.7496517511084558
Tailgating,6344,2140,2123,car,Outer,0.43886174996952126
Tailgating,6344,2169,2168,motorcycle,Outer,1.1166463327430625
Tailgating,6344,2168,2023,motorcycle,Outer,0.5274551571260031
Tailgating,6345,2149,2140,car,Outer,0.75998217690378
Tailgating,6345,2140,2123,car,Outer,0.4576566892973491
Tailgating,6345,2169,2168,motorcycle,Outer,1.1270348522769993
Tailgating,6345,2168,2023,motorcycle,Outer,0.5563014339685037
Tailgating,6345,2107,816,car,Outer,3.545152441750618
Tailgating,6346,2149,2140,car,Outer,0.7732579314253493
Tailgating,6346,2169,2168,motorcycle,Outer,1.122425640437134
Tailgating,6346,2168,2023,motorcycle,Outer,0.592448037880689
Tailgating,6347,2149,2140,car,Outer,0.7854903825470385
Tailgating,6347,2140,2123,car,Outer,0.49306708570705937
Tailgating,6347,2169,2168,motorcycle,Outer,1.1313173744841836
Tailgating,6347,2168,2023,motorcycle,Outer,0.6176663079615917
Tailgating,6348,2149,2140,car,Outer,0.7893850081416642
Tailgating,6348,2140,2123,car,Outer,0.5219371021286514
Tailgating,6348,2168,2023,motorcycle,Outer,0.667137096657898
Tailgating,6349,2149,2140,car,Outer,0.8082729093015492
Tailgating,6349,2169,2168,motorcycle,Outer,1.089169676058025
Tailgating,6349,2168,2023,motorcycle,Outer,0.6996410199332772
Tailgating,6350,2149,2140,car,Outer,0.8159289681409478
Tailgating,6350,2140,2123,car,Outer,0.5586761505857067
Tailgating,6350,2169,2168,motorcycle,Outer,1.10450035199785
Tailgating,6350,2168,2023,motorcycle,Outer,0.7203618132244525
Tailgating,6351,2149,2140,car,Outer,0.8339096713282117
Tailgating,6351,2140,2123,car,Outer,0.5783320461792797
Tailgating,6351,2169,2168,motorcycle,Outer,1.1187971704354562
Tailgating,6351,2168,2023,motorcycle,Outer,0.7339802827224753
Tailgating,6352,2149,2140,car,Outer,0.8398155243881023
Tailgating,6352,2140,2123,car,Outer,0.5965103023598306
Tailgating,6352,2169,2168,motorcycle,Outer,1.13396093237522
Tailgating,6352,2168,2023,motorcycle,Outer,0.7509728848562806
Tailgating,6353,2149,2140,car,Outer,0.8346037810555043
Tailgating,6353,2140,2123,car,Outer,0.626617666618014
Tailgating,6353,2169,2168,motorcycle,Outer,1.1176039709252048
Tailgating,6353,2168,2023,motorcycle,Outer,0.8006297792066621
Tailgating,6354,2140,2123,car,Outer,0.6619622841224188
Tailgating,6354,2169,2168,motorcycle,Outer,1.125281071393768
Tailgating,6354,2168,2023,motorcycle,Outer,0.8309203614613461
Tailgating,6355,2140,2123,car,Outer,0.6902436657198785
Tailgating,6355,2169,2168,motorcycle,Outer,1.1395819664225932
Tailgating,6355,2168,2023,motorcycle,Outer,0.8468205205500011
Tailgating,6356,2140,2123,car,Outer,0.72275586117853
Tailgating,6356,2169,2168,motorcycle,Outer,1.1184207391254524
Tailgating,6356,2168,2023,motorcycle,Outer,0.9046356628529757
Tailgating,6357,2140,2123,car,Outer,0.7502971177390811
Tailgating,6357,2169,2168,motorcycle,Outer,0.8590724242972065
Tailgating,6357,2168,2023,motorcycle,Outer,0.9381735629618537
Tailgating,6358,2140,2123,car,Outer,0.7796480380969402
Tailgating,6358,2169,2168,motorcycle,Outer,0.7577558878004788
Tailgating,6358,2168,2023,motorcycle,Outer,0.9721979951467041
Tailgating,6359,2140,2123,car,Outer,0.8036008346478878
Tailgating,6359,2169,2168,motorcycle,Outer,0.696973408115852
Tailgating,6359,2168,2023,motorcycle,Outer,1.0204895420910112
Tailgating,6360,2140,2123,car,Outer,0.8316673911229175
Tailgating,6360,2169,2168,motorcycle,Outer,0.6856389691558935
Tailgating,6360,2168,2023,motorcycle,Outer,1.0633201054305814
Tailgating,6361,2140,2123,car,Outer,0.8583636429709974
Tailgating,6361,2169,2168,motorcycle,Outer,0.6869374605408683
Tailgating,6362,2140,2123,car,Outer,0.8862445760121463
Tailgating,6362,2169,2168,motorcycle,Outer,0.7166205703660204
Tailgating,6362,2168,2023,motorcycle,Outer,1.0855316033566973
Tailgating,6363,2140,2123,car,Outer,0.9103083125074181
Tailgating,6363,2169,2168,motorcycle,Outer,0.7313499913470706
Tailgating,6363,2168,2023,motorcycle,Outer,1.1058356919751011
Tailgating,6364,2140,2123,car,Outer,0.9359372888980267
Tailgating,6364,2169,2168,motorcycle,Outer,0.7674166685447084
Tailgating,6365,2140,2123,car,Outer,0.9697383807097336
Tailgating,6365,2169,2168,motorcycle,Outer,0.7891070841784834
Tailgating,6366,2140,2123,car,Outer,1.0055003933552706
Tailgating,6366,2169,2168,motorcycle,Outer,0.7089842661299678
Tailgating,6366,2168,2023,motorcycle,Outer,1.1967225260135186
Tailgating,6367,2140,2123,car,Outer,1.037667239621906
Tailgating,6367,2169,2168,motorcycle,Outer,0.7338023715699149
Tailgating,6367,2168,2023,motorcycle,Outer,1.1930673214339913
Tailgating,6368,2140,2123,car,Outer,1.0676087288359541
Tailgating,6368,2169,2168,motorcycle,Outer,0.7584521663586848
Tailgating,6368,2168,2023,motorcycle,Outer,1.210508953861998
Tailgating,6369,2140,2123,car,Outer,1.0954574554224776
Tailgating,6369,2169,2168,motorcycle,Outer,0.7780318152776098
Tailgating,6369,2168,2023,motorcycle,Outer,1.2307549748481805
Tailgating,6370,2140,2123,car,Outer,1.1300573378282994
Tailgating,6370,2169,2168,motorcycle,Outer,0.7957413313277472
Tailgating,6371,2140,2123,car,Outer,1.1632413460987747
Tailgating,6371,2169,2168,motorcycle,Outer,0.7940294866769959
Tailgating,6371,2168,2023,motorcycle,Outer,1.2644313177147857
Tailgating,6372,2140,2123,car,Outer,1.1947775211578273
Tailgating,6372,2169,2168,motorcycle,Outer,0.8062873498375164
Tailgating,6372,2168,2023,motorcycle,Outer,1.2766189969235884
Tailgating,6373,2140,2123,car,Outer,1.228864220378719
Tailgating,6373,2168,2023,motorcycle,Outer,1.3115974923206906
Tailgating,6374,2140,2123,car,Outer,1.265472788363234
Tailgating,6374,2168,2023,motorcycle,Outer,1.3449609755012726
Tailgating,6375,2140,2123,car,Outer,1.294616214663893
Tailgating,6375,2169,2168,motorcycle,Outer,0.7780955207955764
Tailgating,6375,2168,2023,motorcycle,Outer,1.363066256570288
Tailgating,6376,2140,2123,car,Outer,1.321452568609072
Tailgating,6376,2169,2168,motorcycle,Outer,0.7944403472649378
Tailgating,6377,2140,2123,car,Outer,1.351795136956072
Tailgating,6377,2169,2168,motorcycle,Outer,0.7858257041209202
Tailgating,6377,2168,2023,motorcycle,Outer,1.400263112485335
Tailgating,6378,2140,2123,car,Outer,1.3875288038487306
Tailgating,6378,2169,2168,motorcycle,Outer,0.7880303769518926
Tailgating,6378,2168,2023,motorcycle,Outer,1.4228503817056937
Tailgating,6379,2140,2123,car,Outer,1.4215078399865915
Tailgating,6380,2140,2123,car,Outer,1.4516177888007151
Tailgating,6380,2169,2168,motorcycle,Outer,0.8014871482060835
Tailgating,6381,2140,2123,car,Outer,1.4884920544765583
Tailgating,6381,2169,2168,motorcycle,Outer,0.8076750889472891
Tailgating,6381,2168,2023,motorcycle,Outer,1.4441658877063865
Tailgating,6382,2140,2169,car,Outer,1.6005846834306212
Tailgating,6382,2169,2123,motorcycle,Outer,0.0009618576731754416
Tailgating,6382,2168,2023,motorcycle,Outer,1.4710034914792576
Tailgating,6383,2140,2169,car,Outer,1.6196425777097503
Tailgating,6383,2169,2123,motorcycle,Outer,0.02642765629553447
Tailgating,6384,2140,2169,car,Outer,1.6434370761600603
Tailgating,6384,2169,2123,motorcycle,Outer,0.03126990581598415
Tailgating,6384,2168,2023,motorcycle,Outer,1.5199390647850435
Tailgating,6385,2140,2169,car,Outer,1.6613500058232171
Tailgating,6385,2169,2123,motorcycle,Outer,0.04908380655420525
Tailgating,6385,2168,2023,motorcycle,Outer,1.5422516482786368
Tailgating,6385,2028,2107,car,Outer,1.5645617693354121
Tailgating,6386,2140,2169,car,Outer,1.6468237725565462
Tailgating,6386,2169,2123,motorcycle,Outer,0.08291399323066882
Tailgating,6386,2168,2023,motorcycle,Outer,1.5581799314094351
Tailgating,6387,2140,2123,car,Outer,1.6890448202545172
Tailgating,6387,2168,2023,motorcycle,Outer,1.8723542391141517
Tailgating,6388,2140,2169,car,Outer,1.639394536122902
Tailgating,6388,2169,2123,motorcycle,Outer,0.142579802332344
Tailgating,6388,2168,2023,motorcycle,Outer,1.6907289253514226
Tailgating,6388,2186,2028,person,Outer,0.7796485083456621
Tailgating,6389,2140,2169,car,Outer,1.6370439818541043
Tailgating,6389,2169,2123,motorcycle,Outer,0.16865440660653166
Tailgating,6389,2168,2023,motorcycle,Outer,1.6379044945797583
Tailgating,6390,2140,2169,car,Outer,1.6207866872574777
Tailgating,6390,2169,2123,motorcycle,Outer,0.22216851126244738
Tailgating,6391,2140,2169,car,Outer,1.6202396136157813
Tailgating,6391,2169,2123,motorcycle,Outer,0.26257967126356924
Tailgating,6392,2140,2169,car,Outer,1.6287255390567499
Tailgating,6392,2169,2123,motorcycle,Outer,0.2633158590108864
Tailgating,6393,2140,2169,car,Outer,1.6526476729895059
Tailgating,6393,2168,2023,motorcycle,Outer,1.673488188581293
Tailgating,6393,2028,2107,car,Outer,1.573020228214041
Tailgating,6394,2140,2169,car,Outer,1.6494091293287807
Tailgating,6394,2169,2123,motorcycle,Outer,0.31247810749008065
Tailgating,6394,2168,2023,motorcycle,Outer,1.6912963097789084
Tailgating,6395,2140,2169,car,Outer,1.6719653158949574
Tailgating,6395,2168,2023,motorcycle,Outer,1.7177990301942139
Tailgating,6396,2140,2169,car,Outer,1.6873191867067046
Tailgating,6396,2169,2123,motorcycle,Outer,0.35322137304353113
Tailgating,6396,2168,2023,motorcycle,Outer,1.7565979528786189
Tailgating,6397,2140,2169,car,Outer,1.6841123262829867
Tailgating,6397,2169,2123,motorcycle,Outer,0.3970906783240531
Tailgating,6397,2168,2023,motorcycle,Outer,1.779452341216738
Tailgating,6398,2140,2169,car,Outer,1.6958017911027392
Tailgating,6398,2169,2123,motorcycle,Outer,0.4224402565863689
Tailgating,6398,2168,2023,motorcycle,Outer,1.799246824735894
Tailgating,6399,2140,2169,car,Outer,1.711857441187844
Tailgating,6399,2168,2023,motorcycle,Outer,1.8163697678587485
Tailgating,6399,2107,816,car,Outer,3.614200975268412
Tailgating,6400,2140,2169,car,Outer,1.7075270120107071
Tailgating,6400,2169,2123,motorcycle,Outer,0.4792804067256144
Tailgating,6400,2168,2023,motorcycle,Outer,1.8398821963493375
Tailgating,6401,2140,2169,car,Outer,1.7102249520484636
Tailgating,6401,2169,2123,motorcycle,Outer,0.5214128919834143
Tailgating,6401,2168,2023,motorcycle,Outer,1.8723114733256816
Tailgating,6401,2028,2107,car,Outer,1.432103870209756
Tailgating,6402,2140,2169,car,Outer,1.7035004444028665
Tailgating,6402,2169,2123,motorcycle,Outer,0.5669557482400615
Tailgating,6402,2168,2023,motorcycle,Outer,1.9089557607078753
Tailgating,6403,2140,2169,car,Outer,1.7097647448976918
Tailgating,6403,2168,2023,motorcycle,Outer,1.9411296943669134
Tailgating,6404,2140,2169,car,Outer,1.7137682695375749
Tailgating,6404,2169,2123,motorcycle,Outer,0.6220711886450194
Tailgating,6405,2140,2169,car,Outer,1.8269718024111774
Tailgating,6405,2169,2123,motorcycle,Outer,0.5471183349220315
Tailgating,6406,2140,2169,car,Outer,1.7663943300591236
Tailgating,6406,2169,2123,motorcycle,Outer,0.6385719631594081
Tailgating,6406,2168,2023,motorcycle,Outer,2.011026347018368
Tailgating,6407,2140,2169,car,Outer,1.7471979959398112
Tailgating,6407,2169,2123,motorcycle,Outer,0.6974189810659939
Tailgating,6407,2168,2023,motorcycle,Outer,2.057138214097537
Tailgating,6408,2140,2169,car,Outer,1.746411885575261
Tailgating,6408,2169,2123,motorcycle,Outer,0.747523585011003
Tailgating,6408,2168,2023,motorcycle,Outer,2.09371724996213
Tailgating,6409,2140,2169,car,Outer,1.7165088894167253
Tailgating,6409,2169,2123,motorcycle,Outer,0.8254903510248957
Tailgating,6409,2168,2023,motorcycle,Outer,2.1025145893907657
Tailgating,6410,2140,2169,car,Outer,1.7210860943075017
Tailgating,6410,2169,2123,motorcycle,Outer,0.8684659385026973
Tailgating,6411,2140,2169,car,Outer,1.7129502491511772
Tailgating,6411,2169,2123,motorcycle,Outer,0.922019779460263
Tailgating,6411,2168,2023,motorcycle,Outer,2.0897317505751674
Tailgating,6412,2140,2169,car,Outer,1.7131373786273008
Tailgating,6412,2169,2123,motorcycle,Outer,0.9802409557793431
Tailgating,6412,2168,2023,motorcycle,Outer,2.129874559837042
Tailgating,6413,2140,2168,car,Outer,1.5718153748610937
Tailgating,6413,2168,2169,motorcycle,Outer,0.14366164196228245
Tailgating,6413,2169,2123,motorcycle,Outer,1.0084712072779671
Tailgating,6414,2140,2168,car,Outer,1.1254070226166113
Tailgating,6414,2168,2169,motorcycle,Outer,0.595617689100657
Tailgating,6414,2169,2123,motorcycle,Outer,1.1697873544976247
Tailgating,6414,2123,2023,car,Outer,2.0077209876899325
Tailgating,6415,2140,2168,car,Outer,0.9922142714083555
Tailgating,6415,2168,2169,motorcycle,Outer,0.6811897900544086
Tailgating,6415,2169,2123,motorcycle,Outer,1.213961865409206
Tailgating,6415,2123,2023,car,Outer,2.055779435364764
Tailgating,6416,2140,2168,car,Outer,0.9690589832421032
Tailgating,6416,2168,2169,motorcycle,Outer,0.7255319266734196
Tailgating,6416,2123,2023,car,Outer,1.9535680635190573
Tailgating,6417,2140,2168,car,Outer,0.9777364913387108
Tailgating,6417,2168,2169,motorcycle,Outer,0.7223605889466603
Tailgating,6417,2169,2123,motorcycle,Outer,1.44004761624715
Tailgating,6417,2123,2023,car,Outer,1.8933894523765165
Tailgating,6418,2140,2168,car,Outer,1.008438918590233
Tailgating,6418,2169,2123,motorcycle,Outer,1.5125948369818563
Tailgating,6419,2140,2168,car,Outer,1.0195341317469029
Tailgating,6419,2169,2123,motorcycle,Outer,1.7488938076530272
Tailgating,6420,2140,2168,car,Outer,1.0413702004259011
Tailgating,6420,2169,2123,motorcycle,Outer,0.9010129562998411
Tailgating,6421,2140,2168,car,Outer,1.0664817079417825
Tailgating,6421,2169,2123,motorcycle,Outer,0.6295424480782106
Tailgating,6422,2140,2168,car,Outer,0.9452803696174403
Tailgating,6422,2168,2169,motorcycle,Outer,1.7683083091614138
Tailgating,6422,2169,2023,motorcycle,Outer,2.4216098895934013
Tailgating,6422,2199,816,car,Outer,2.711982295983995
Tailgating,6423,2169,2023,motorcycle,Outer,2.4293644472701756
Tailgating,6425,2140,2168,car,Outer,0.9494030825284776
Tailgating,6425,2168,2169,motorcycle,Outer,1.7788606812473027
Tailgating,6425,2169,2023,motorcycle,Outer,2.4790590259177563
Tailgating,6426,2140,2168,car,Outer,1.0142983663863023
Tailgating,6426,2168,2169,motorcycle,Outer,1.769576510264169
Tailgating,6426,2169,2023,motorcycle,Outer,2.517435663464243
Tailgating,6427,2140,2168,car,Outer,1.0726501360707168
Tailgating,6427,2168,2169,motorcycle,Outer,2.956161118693977
Tailgating,6427,2169,2023,motorcycle,Outer,1.555856091531675
Tailgating,6428,2140,2168,car,Outer,1.1049418936468125
Tailgating,6428,2168,2169,motorcycle,Outer,3.362565231163865
Tailgating,6428,2169,2023,motorcycle,Outer,1.2705395673181463
Tailgating,6429,2140,2168,car,Outer,1.1364241784663962
Tailgating,6429,2168,2169,motorcycle,Outer,3.4994790963299605
Tailgating,6429,2169,2023,motorcycle,Outer,1.2046009398978434
Tailgating,6430,2168,2169,motorcycle,Outer,3.536057966499447
Tailgating,6431,2169,2023,motorcycle,Outer,1.252562798404415
Tailgating,6432,2168,2169,motorcycle,Outer,3.504728141984829
Tailgating,6432,2169,2023,motorcycle,Outer,1.297577627035533
Tailgating,6432,2028,2107,car,Outer,1.6041378679057055
Tailgating,6433,2168,2169,motorcycle,Outer,3.4967501262880414
Tailgating,6433,2169,2023,motorcycle,Outer,1.3464697144367017
Tailgating,6433,2028,2107,car,Outer,1.6521062020683883
Tailgating,6434,2168,2169,motorcycle,Outer,3.467484117054841
Tailgating,6434,2169,2023,motorcycle,Outer,1.4001221504728325
Tailgating,6434,2028,2107,car,Outer,1.5974224132977135
Tailgating,6435,2168,2169,motorcycle,Outer,3.459730822422769
Tailgating,6435,2169,2023,motorcycle,Outer,1.4292590040229898
Tailgating,6435,2028,2107,car,Outer,1.5616021890219294
Tailgating,6436,2168,2169,motorcycle,Outer,3.464292448744949
Tailgating,6436,2169,2023,motorcycle,Outer,1.4530832213305784
Tailgating,6437,2168,2169,motorcycle,Outer,3.4777491101170925
Tailgating,6437,2169,2023,motorcycle,Outer,1.4904623629910947
Tailgating,6438,2168,2169,motorcycle,Outer,3.4689111681198774
Tailgating,6438,2169,2023,motorcycle,Outer,1.5267634458173975
Tailgating,6439,2168,2169,motorcycle,Outer,3.4751446117524587
Tailgating,6439,2169,2023,motorcycle,Outer,1.5616263443461942
Tailgating,6440,2168,2169,motorcycle,Outer,3.4906716604900145
Tailgating,6440,2169,2023,motorcycle,Outer,1.592317402887574
Tailgating,6441,2168,2169,motorcycle,Outer,3.4950754868343616
Tailgating,6441,2169,2023,motorcycle,Outer,1.6232079233514354
Tailgating,6442,2168,2169,motorcycle,Outer,1.9759291051429886
Tailgating,6442,2169,2023,motorcycle,Outer,1.6603664748117433
Tailgating,6443,2168,2169,motorcycle,Outer,1.4257657111885096
Tailgating,6443,2169,2023,motorcycle,Outer,1.6964739629882353
Tailgating,6444,2168,2169,motorcycle,Outer,1.5383744355121696
Tailgating,6444,2169,2023,motorcycle,Outer,1.7281276911069003
Tailgating,6445,2168,2169,motorcycle,Outer,1.5926311514077403
Tailgating,6445,2169,2023,motorcycle,Outer,1.77337249274283
Tailgating,6446,2168,2169,motorcycle,Outer,1.625444380362315
Tailgating,6446,2169,2023,motorcycle,Outer,1.8030134591001818
Tailgating,6447,2168,2169,motorcycle,Outer,1.6647304207741365
Tailgating,6447,2169,2023,motorcycle,Outer,1.8312286110292297
Tailgating,6448,2168,2169,motorcycle,Outer,1.727343026507902
Tailgating,6448,2169,2023,motorcycle,Outer,1.8530126159653746
Tailgating,6449,2168,2169,motorcycle,Outer,1.7427534511969092
Tailgating,6449,2169,2023,motorcycle,Outer,1.8801741444207904
Tailgating,6450,2168,2123,motorcycle,Outer,1.3277215771949658
Tailgating,6451,2168,2123,motorcycle,Outer,1.348393406439147
Tailgating,6451,2169,2023,motorcycle,Outer,1.937753415119789
Tailgating,6452,2168,2123,motorcycle,Outer,1.3745722492033805
Tailgating,6452,2169,2023,motorcycle,Outer,1.9646035361891117
Tailgating,6453,2168,2123,motorcycle,Outer,1.4125530386976286
Tailgating,6454,2168,2123,motorcycle,Outer,1.449540782355514
Tailgating,6455,2168,2123,motorcycle,Outer,1.508859334094641
Tailgating,6455,2169,2023,motorcycle,Outer,2.020910056969526
Tailgating,6456,2168,2123,motorcycle,Outer,1.5529721800762328
Tailgating,6456,2169,2023,motorcycle,Outer,2.049923304023073
Tailgating,6457,2168,2123,motorcycle,Outer,1.6077367228579378
Tailgating,6458,2168,2123,motorcycle,Outer,1.6395266278935599
Tailgating,6458,2169,2023,motorcycle,Outer,2.118467650780068
Tailgating,6459,2168,2123,motorcycle,Outer,1.6690602377998478
Tailgating,6459,2169,2023,motorcycle,Outer,2.139583950059964
Tailgating,6460,2168,2123,motorcycle,Outer,1.701385015862147
Tailgating,6460,2169,2023,motorcycle,Outer,2.162487776752809
Tailgating,6461,2168,2123,motorcycle,Outer,1.7479286515413852
Tailgating,6461,2169,2023,motorcycle,Outer,2.189397573019304
Tailgating,6462,2168,2123,motorcycle,Outer,1.7935038049200651
Tailgating,6462,2169,2023,motorcycle,Outer,2.24332386031109
Tailgating,6463,2168,2123,motorcycle,Outer,1.8363553267978898
Tailgating,6463,2169,2023,motorcycle,Outer,1.6359629631089836
Tailgating,6464,2168,2123,motorcycle,Outer,1.8891807940987415
Tailgating,6465,2168,2123,motorcycle,Outer,1.923693538490702
Tailgating,6466,2168,2123,motorcycle,Outer,1.9641173033874266
Tailgating,6467,2168,2123,motorcycle,Outer,2.0227189281981093
Tailgating,6468,2168,2123,motorcycle,Outer,2.0892767987504515
Tailgating,6469,2168,2123,motorcycle,Outer,2.1360782518298604
Tailgating,6470,2168,2123,motorcycle,Outer,2.181071242037682
Tailgating,6470,2169,2023,motorcycle,Outer,1.6788506347757868
Tailgating,6470,2028,2199,car,Outer,2.5778839749525044
Tailgating,6471,2168,2123,motorcycle,Outer,2.2295319562691556
Tailgating,6471,2169,2023,motorcycle,Outer,1.7552629405376305
Tailgating,6471,2028,2199,car,Outer,2.6127667991289
Tailgating,6472,2168,2123,motorcycle,Outer,2.2899249737223117
Tailgating,6472,2169,2023,motorcycle,Outer,1.7683459850396923
Tailgating,6473,2168,2123,motorcycle,Outer,2.2546155407364825
Tailgating,6473,2169,2023,motorcycle,Outer,1.8266104749347185
Tailgating,6474,2169,2023,motorcycle,Outer,1.8720867026424928
Tailgating,6475,2168,2123,motorcycle,Outer,0.8876046624892645
Tailgating,6475,2169,2023,motorcycle,Outer,1.9143586257722924
Tailgating,6476,2168,2123,motorcycle,Outer,0.45686437356093795
Tailgating,6476,2169,2023,motorcycle,Outer,1.9415448048714035
Tailgating,6477,2168,2123,motorcycle,Outer,0.3564350742124274
Tailgating,6477,2169,2023,motorcycle,Outer,1.9512091286329587
Tailgating,6478,2169,2023,motorcycle,Outer,2.013051563477908
Tailgating,6479,2168,2123,motorcycle,Outer,0.4165091575683866
Tailgating,6479,2169,2023,motorcycle,Outer,2.0601213451788447
Tailgating,6480,2168,2123,motorcycle,Outer,0.4633851100544889
Tailgating,6480,2169,2023,motorcycle,Outer,2.0941823663705517
Tailgating,6481,2168,2123,motorcycle,Outer,0.4972714585015604
Tailgating,6481,2169,2023,motorcycle,Outer,2.1318434401130535
Tailgating,6482,2168,2123,motorcycle,Outer,0.5682439297834281
Tailgating,6483,2168,2123,motorcycle,Outer,0.6214123949559034
Tailgating,6483,2169,2023,motorcycle,Outer,2.1990132481108007
Tailgating,6484,2168,2123,motorcycle,Outer,0.6837304630481197
Tailgating,6484,2169,2023,motorcycle,Outer,2.2386950390765326
Tailgating,6485,2168,2123,motorcycle,Outer,0.755005590987396
Tailgating,6485,2169,2023,motorcycle,Outer,2.2773779993212897
Tailgating,6486,2168,2123,motorcycle,Outer,0.8122823039425818
Tailgating,6486,2169,2023,motorcycle,Outer,2.313684051444056
Tailgating,6487,2168,2169,motorcycle,Outer,0.9065405183187366
Tailgating,6487,2169,2123,motorcycle,Outer,0.0339153824748017
Tailgating,6488,2168,2123,motorcycle,Outer,0.8959432326998904
Tailgating,6489,2168,2123,motorcycle,Outer,0.9326789546789032
Tailgating,6490,2168,2123,motorcycle,Outer,0.9734701400390087
Tailgating,6491,2168,2123,motorcycle,Outer,1.000927758716841
Tailgating,6492,2168,2123,motorcycle,Outer,1.0413478743298168
Tailgating,6493,2168,2123,motorcycle,Outer,1.0949241811142136
Tailgating,6494,2168,2123,motorcycle,Outer,1.1324567690614253
Tailgating,6494,2215,816,motorcycle,Outer,0.028028815530837834
Tailgating,6495,2168,2123,motorcycle,Outer,1.1837035638747604
Tailgating,6495,2215,816,motorcycle,Outer,0.05546201310678775
Tailgating,6496,2168,2123,motorcycle,Outer,1.2380965190443542
Tailgating,6496,2215,816,motorcycle,Outer,0.09174044494396802
Tailgating,6497,2168,2123,motorcycle,Outer,1.285153128230928
Tailgating,6497,2215,816,motorcycle,Outer,0.13148801903490262
Tailgating,6498,2168,2123,motorcycle,Outer,1.3265165838089454
Tailgating,6498,2215,816,motorcycle,Outer,0.131142390398015
Tailgating,6499,2168,2123,motorcycle,Outer,1.3797359110272696
Tailgating,6499,2215,816,motorcycle,Outer,0.14582097767051383
Tailgating,6500,2168,2123,motorcycle,Outer,1.43321609226822
Tailgating,6500,2215,816,motorcycle,Outer,0.22175078450578595
Tailgating,6501,2168,2123,motorcycle,Outer,1.4671008580772293
Tailgating,6501,2215,816,motorcycle,Outer,0.25748441618623785
Tailgating,6502,2168,2123,motorcycle,Outer,1.5208445180292263
Tailgating,6502,2215,816,motorcycle,Outer,0.2846049331311058
Tailgating,6503,2168,2123,motorcycle,Outer,1.5582991340993075
Tailgating,6503,2215,816,motorcycle,Outer,0.3245308301594529
Tailgating,6504,2168,2123,motorcycle,Outer,1.6055753664956358
Tailgating,6504,2215,816,motorcycle,Outer,0.3662570930624431
Tailgating,6505,2168,2123,motorcycle,Outer,1.6616179699223443
Tailgating,6505,2215,816,motorcycle,Outer,0.4010601612655595
Tailgating,6507,2168,2123,motorcycle,Outer,1.7097282788368637
Tailgating,6507,2215,816,motorcycle,Outer,0.4450493199952867
Tailgating,6508,2168,2123,motorcycle,Outer,1.7589087422289644
Tailgating,6508,2028,2199,car,Outer,2.489712924710713
Tailgating,6508,2215,816,motorcycle,Outer,0.4783453334096955
Tailgating,6509,2168,2123,motorcycle,Outer,1.809972127910951
Tailgating,6509,2028,2199,car,Outer,2.425336094716918
Tailgating,6509,2215,816,motorcycle,Outer,0.5113981580706097
Tailgating,6510,2168,2123,motorcycle,Outer,1.8523532079824707
Tailgating,6510,2028,2199,car,Outer,2.370929313642905
Tailgating,6510,2215,816,motorcycle,Outer,0.5539811031889069
Tailgating,6511,2168,2123,motorcycle,Outer,1.9222215367720341
Tailgating,6511,2028,2199,car,Outer,2.3275529246709317
Tailgating,6511,2215,816,motorcycle,Outer,0.5815712654850106
Tailgating,6512,2168,2123,motorcycle,Outer,1.9524213177163112
Tailgating,6512,2215,816,motorcycle,Outer,0.6176807261929238
Tailgating,6513,2168,2123,motorcycle,Outer,1.9947967270559817
Tailgating,6513,2028,2199,car,Outer,2.3688008987963447
Tailgating,6513,2215,816,motorcycle,Outer,0.6427298680227234
Tailgating,6514,2168,2123,motorcycle,Outer,2.0320163380667307
Tailgating,6514,2028,2199,car,Outer,2.4066638285048567
Tailgating,6514,2215,816,motorcycle,Outer,0.6500944434135368
Tailgating,6515,2168,2123,motorcycle,Outer,2.0908588654761164
Tailgating,6515,2215,816,motorcycle,Outer,0.7037988188779138
Tailgating,6516,2168,2123,motorcycle,Outer,2.1464269043978916
Tailgating,6516,2028,2199,car,Outer,2.4273486174503103
Tailgating,6516,2215,816,motorcycle,Outer,0.7423261503515649
Tailgating,6517,2168,2123,motorcycle,Outer,2.2032644090688684
Tailgating,6517,2215,816,motorcycle,Outer,0.7830230974177667
Tailgating,6518,2168,2123,motorcycle,Outer,2.308503336027413
Tailgating,6518,2215,816,motorcycle,Outer,0.8086030312364398
Tailgating,6519,2168,2123,motorcycle,Outer,2.336581073821357
Tailgating,6519,2215,816,motorcycle,Outer,0.804974297824217
Tailgating,6519,2231,2222,person,Outer,2.7751385536835014
Tailgating,6520,2168,2123,motorcycle,Outer,2.3522208256373593
Tailgating,6520,2215,816,motorcycle,Outer,0.8264121601932775
Tailgating,6520,2231,2222,person,Outer,2.917143337968375
Tailgating,6521,2168,2123,motorcycle,Outer,2.4369825375071055
Tailgating,6521,2215,2199,motorcycle,Outer,0.15534060805743205
Tailgating,6522,2168,2123,motorcycle,Outer,2.4681913403535924
Tailgating,6522,2215,2199,motorcycle,Outer,0.2134074328438548
Tailgating,6523,2168,2123,motorcycle,Outer,2.491856790498757
Tailgating,6523,2215,2199,motorcycle,Outer,0.925793809701178
Tailgating,6524,2168,2123,motorcycle,Outer,2.5241377143520527
Tailgating,6524,2215,2199,motorcycle,Outer,1.142275624471365
Tailgating,6525,2168,2123,motorcycle,Outer,2.575200455654866
Tailgating,6525,2215,2199,motorcycle,Outer,1.1688751640521968
Tailgating,6526,2168,2123,motorcycle,Outer,2.6316366767074193
Tailgating,6527,2168,2123,motorcycle,Outer,2.682160666005598
Tailgating,6527,2215,2199,motorcycle,Outer,1.0716965760667265
Tailgating,6528,2168,2123,motorcycle,Outer,2.751418734955377
Tailgating,6528,2215,2199,motorcycle,Outer,1.0261754358679012
Tailgating,6529,2168,2123,motorcycle,Outer,2.8076666487134108
Tailgating,6530,2168,2123,motorcycle,Outer,2.8772888670471795
Tailgating,6531,2168,2123,motorcycle,Outer,2.92046141891474
Tailgating,6532,2168,2123,motorcycle,Outer,2.9702756145393514
Tailgating,6533,2168,2123,motorcycle,Outer,3.016079960096407
Tailgating,6533,2199,816,car,Outer,3.1085381183227114
Tailgating,6534,2168,2123,motorcycle,Outer,3.0654539377321584
Tailgating,6535,2168,2123,motorcycle,Outer,3.108875789367371
Tailgating,6536,2199,816,car,Outer,3.1612206847175464
Tailgating,6537,2199,816,car,Outer,3.1852250710923338
Tailgating,6540,2215,2199,motorcycle,Outer,0.014966216431778359
Tailgating,6540,2199,816,car,Outer,3.1801336593658713
Tailgating,6541,2199,2215,car,Outer,0.28260637313742026
Tailgating,6541,2215,816,motorcycle,Outer,2.6346948566021395
Tailgating,6542,2215,816,motorcycle,Outer,2.5634151796722913
Tailgating,6543,2199,2215,car,Outer,0.3586742283260806
Tailgating,6544,2199,2215,car,Outer,0.3409228561036384
Tailgating,6547,2199,2215,car,Outer,0.3789539585694461
Tailgating,6548,2199,2215,car,Outer,0.4118130570115606
Tailgating,6549,2199,2215,car,Outer,0.42966544559972514
Tailgating,6554,2151,2168,car,Inner,0.2968982066455472
Tailgating,6554,2217,2023,motorcycle,Outer,0.3139632537203837
Tailgating,6555,2151,2168,car,Inner,0.16658582393368443
Tailgating,6555,2217,2023,motorcycle,Outer,0.4497413422871992
Tailgating,6556,2151,2168,car,Inner,0.1057458814903478
Tailgating,6556,2217,2023,motorcycle,Outer,0.3443681510025617
Tailgating,6558,2217,2023,motorcycle,Outer,0.38895363053178705
Tailgating,6561,2151,2168,car,Inner,0.1719066965137482
Tailgating,6562,2151,2168,car,Inner,0.25840583340122086
Tailgating,6563,2151,2168,car,Inner,0.3048423108027402
Tailgating,6578,2246,2023,person,Outer,1.5260798637833148
Tailgating,6579,2246,2023,person,Outer,1.5993091132982826
Tailgating,6580,2246,2023,person,Outer,1.6026029936388144
Tailgating,6581,2246,2023,person,Outer,1.690780153899035
Tailgating,6582,2246,2023,person,Outer,1.7652366236694526
Tailgating,6583,2246,2023,person,Outer,1.816764988281034
Tailgating,6584,2246,2023,person,Outer,1.8564228028038954
Tailgating,6585,2246,2023,person,Outer,1.9077673278563863
Tailgating,6586,2246,2248,person,Outer,1.9670011873496676
Tailgating,6587,2246,2248,person,Outer,2.023050324353336
Tailgating,6588,2246,2248,person,Outer,2.0739647192541315
Tailgating,6589,2246,2248,person,Outer,2.108514815578497
Tailgating,6590,2246,2248,person,Outer,2.155020722381653
Tailgating,6591,2246,2248,person,Outer,2.2155016101119904
Tailgating,6592,2246,2248,person,Outer,2.2730628884913036
Tailgating,6593,2246,2248,person,Outer,2.3427406693113504
Tailgating,6594,2246,2248,person,Outer,2.3995292055517567
Tailgating,6595,2246,2248,person,Outer,2.4694267278488455
Tailgating,6596,2246,2248,person,Outer,2.516725685572355
Tailgating,6597,2246,2248,person,Outer,2.5712309365287687
Tailgating,6598,2246,2248,person,Outer,2.6302879604374048
Tailgating,6600,2254,2248,motorcycle,Outer,2.7536554581424153
Tailgating,6601,2254,2248,motorcycle,Outer,2.8061642395639117
Tailgating,6602,2254,2248,motorcycle,Outer,2.845439049772845
Tailgating,6603,2246,2248,person,Outer,2.8952033975741216
Tailgating,6604,2254,2248,motorcycle,Outer,2.9782208745833265
Tailgating,6605,2246,2248,person,Outer,3.025270587069575
Tailgating,6606,2246,2248,person,Outer,3.1081287875792953
Tailgating,6607,2246,2248,person,Outer,3.1803777459867875
Tailgating,6608,2246,2248,person,Outer,3.252594561622874
Tailgating,6609,2246,2248,person,Outer,3.3330878540316453
Tailgating,6610,2254,2248,motorcycle,Outer,3.3979476861384983
Tailgating,6611,2246,2248,person,Outer,3.476515164258663
Tailgating,6612,2246,2248,person,Outer,3.5613456308871068
Tailgating,6613,2246,2248,person,Outer,3.636235579427304
Tailgating,6614,2246,2253,person,Outer,3.10763017577087
Tailgating,6614,2253,2248,motorcycle,Outer,1.0043224300175575
Tailgating,6615,2246,2253,person,Outer,3.162360101934163
Tailgating,6615,2253,2248,motorcycle,Outer,1.0259111621925605
Tailgating,6616,2246,2254,person,Outer,2.7243225771280093
Tailgating,6616,2254,2253,motorcycle,Outer,0.07021831637673694
Tailgating,6617,2246,2253,person,Outer,3.326483646223427
Tailgating,6617,2253,2023,motorcycle,Outer,0.9991031786486226
Tailgating,6617,2254,2190,motorcycle,Outer,2.2620897080392046
Tailgating,6618,2246,2253,person,Outer,3.3502081189049697
Tailgating,6618,2253,2023,motorcycle,Outer,1.05579917219068
Tailgating,6618,2254,2190,motorcycle,Outer,1.8772327709205905
Tailgating,6619,2253,2023,motorcycle,Outer,1.1444176447202343
Tailgating,6619,2254,2190,motorcycle,Outer,1.801215290441631
Tailgating,6620,2253,2023,motorcycle,Outer,1.2026721730243237
Tailgating,6621,2253,2023,motorcycle,Outer,1.2136164333688495
Tailgating,6621,2254,2190,motorcycle,Outer,1.8598717670250773
Tailgating,6622,2254,2190,motorcycle,Outer,1.9015832281674754
Tailgating,6623,2253,2023,motorcycle,Outer,1.2537185084712728
Tailgating,6623,2254,2190,motorcycle,Outer,1.938572430761714
Tailgating,6624,2253,2023,motorcycle,Outer,1.2183955040124994
Tailgating,6624,2254,2190,motorcycle,Outer,1.972932715953913
Tailgating,6625,2253,2023,motorcycle,Outer,1.2615470879578754
Tailgating,6626,2253,2023,motorcycle,Outer,1.2990681426374162
Tailgating,6627,2253,2023,motorcycle,Outer,1.3386080558995332
Tailgating,6629,2253,2023,motorcycle,Outer,1.3491215365658011
Tailgating,6630,2253,2023,motorcycle,Outer,1.3928822353620598
Tailgating,6631,2253,2023,motorcycle,Outer,1.4302810160205282
Tailgating,6632,2253,2023,motorcycle,Outer,1.4956615475056447
Tailgating,6633,2253,2248,motorcycle,Outer,1.502554838346612
Tailgating,6634,2253,2023,motorcycle,Outer,1.5219871924199537
Tailgating,6636,2253,2023,motorcycle,Outer,1.5616464081471189
Tailgating,6637,2253,2023,motorcycle,Outer,1.5987700690832596
Tailgating,6638,2253,2248,motorcycle,Outer,1.5934786051089258
Tailgating,6639,2253,2248,motorcycle,Outer,1.5902596564262979
Tailgating,6640,2217,2253,motorcycle,Outer,0.6644641677159551
Tailgating,6640,2253,2248,motorcycle,Outer,1.6323095363316864
Tailgating,6641,2217,2253,motorcycle,Outer,0.6790325498469224
Tailgating,6641,2253,2248,motorcycle,Outer,1.6580661258541813
Tailgating,6642,2253,2248,motorcycle,Outer,1.731409547025188
Tailgating,6643,2253,2248,motorcycle,Outer,1.7597301044614835
Tailgating,6644,2253,2248,motorcycle,Outer,1.7664567009322993
Tailgating,6645,2253,2023,motorcycle,Outer,1.8001752899581467
Tailgating,6646,2253,2248,motorcycle,Outer,1.8287660536806094
Tailgating,6647,2253,2023,motorcycle,Outer,1.8353513234254097
Tailgating,6648,2253,2248,motorcycle,Outer,1.8521732943124007
Tailgating,6649,2253,2248,motorcycle,Outer,1.860175197328317
Tailgating,6650,2253,2217,motorcycle,Outer,0.6804246784972827
Tailgating,6650,2217,2248,motorcycle,Outer,1.3296191287380263
Tailgating,6651,2253,2217,motorcycle,Outer,0.7415159228132004
Tailgating,6651,2217,2248,motorcycle,Outer,1.3782683776231985
Tailgating,6652,2253,2217,motorcycle,Outer,0.758602179905808
Tailgating,6652,2217,2248,motorcycle,Outer,1.400730424302915
Tailgating,6653,2253,2217,motorcycle,Outer,0.7116896353280282
Tailgating,6653,2217,2248,motorcycle,Outer,1.39688431678287
Tailgating,6654,2253,2217,motorcycle,Outer,0.7139774268104477
Tailgating,6654,2217,2248,motorcycle,Outer,1.434845692233274
Tailgating,6655,2253,2217,motorcycle,Outer,0.6785913802558737
Tailgating,6655,2217,2248,motorcycle,Outer,1.46179106465055
Tailgating,6656,2253,2217,motorcycle,Outer,0.6702066274258903
Tailgating,6656,2217,2023,motorcycle,Outer,1.5057580722377895
Tailgating,6657,2253,2217,motorcycle,Outer,0.7043758835741322
Tailgating,6658,2253,2217,motorcycle,Outer,0.7273346550693026
Tailgating,6658,2217,2248,motorcycle,Outer,1.496238665291571
Tailgating,6659,2253,2217,motorcycle,Outer,0.690762465384202
Tailgating,6659,2217,2248,motorcycle,Outer,1.538419056496456
Tailgating,6660,2253,2217,motorcycle,Outer,0.6787963709974119
Tailgating,6660,2217,2248,motorcycle,Outer,1.5822829744777689
Tailgating,6661,2253,2217,motorcycle,Outer,0.690423425600527
Tailgating,6661,2217,2248,motorcycle,Outer,1.5952212304005597
Tailgating,6663,2253,2217,motorcycle,Outer,0.7503368688032329
Tailgating,6664,2253,2217,motorcycle,Outer,0.8032459541527256
Tailgating,6664,2217,2248,motorcycle,Outer,1.590526813306177
Tailgating,6665,2253,2217,motorcycle,Outer,0.7989705300547598
Tailgating,6665,2217,2023,motorcycle,Outer,1.6117986769464452
Tailgating,6666,2253,2217,motorcycle,Outer,0.7988251440412512
Tailgating,6666,2217,2248,motorcycle,Outer,1.641017010885889
Tailgating,6666,2190,2028,car,Outer,0.9897423447974141
Tailgating,6667,2253,2217,motorcycle,Outer,0.8095306637072383
Tailgating,6667,2190,2028,car,Outer,1.0751393053549059
Tailgating,6668,2253,2217,motorcycle,Outer,0.8469135508551812
Tailgating,6668,2190,2028,car,Outer,1.106468376043068
Tailgating,6669,2253,2217,motorcycle,Outer,0.8553632199888589
Tailgating,6670,2253,2217,motorcycle,Outer,0.8214736214022891
Tailgating,6670,2217,2248,motorcycle,Outer,1.7404720010950152
Tailgating,6671,2253,2217,motorcycle,Outer,0.8633553635955024
Tailgating,6671,2217,2248,motorcycle,Outer,1.7469561524794284
Tailgating,6672,2253,2217,motorcycle,Outer,0.8577190896364788
Tailgating,6672,2217,2023,motorcycle,Outer,1.7961264432848696
Tailgating,6673,2253,2217,motorcycle,Outer,0.9054737645408841
Tailgating,6673,2217,2248,motorcycle,Outer,1.8057749235272744
Tailgating,6674,2253,2217,motorcycle,Outer,1.0012178188155845
Tailgating,6674,2217,2248,motorcycle,Outer,1.752623057925068
Tailgating,6675,2253,2217,motorcycle,Outer,0.9786432417569244
Tailgating,6675,2217,2248,motorcycle,Outer,1.8067410771289505
Tailgating,6676,2217,2248,motorcycle,Outer,1.8708598032254586
Tailgating,6677,2253,2217,motorcycle,Outer,0.9109733351270614
Tailgating,6677,2217,2248,motorcycle,Outer,1.9289688107544056
Tailgating,6678,2253,2217,motorcycle,Outer,0.9313552467714881
Tailgating,6678,2217,2248,motorcycle,Outer,1.9686237799170136
Tailgating,6679,2217,2248,motorcycle,Outer,1.857158951399848
Tailgating,6680,2253,2217,motorcycle,Outer,1.1047427632216364
Tailgating,6680,2217,2248,motorcycle,Outer,1.834114476066886
Tailgating,6681,2253,2217,motorcycle,Outer,1.1619820131015242
Tailgating,6681,2217,2248,motorcycle,Outer,1.84224326863965
Tailgating,6682,2253,2217,motorcycle,Outer,1.2146340133714895
Tailgating,6682,2217,2023,motorcycle,Outer,1.8393462569330474
Tailgating,6683,2253,2217,motorcycle,Outer,1.2322213495104586
Tailgating,6683,2217,2023,motorcycle,Outer,1.8595847312649125
Tailgating,6684,2253,2217,motorcycle,Outer,1.2221394273191424
Tailgating,6684,2217,2023,motorcycle,Outer,1.9196811584401203
Tailgating,6684,2254,2028,motorcycle,Outer,0.06889004979417077
Tailgating,6685,2253,2217,motorcycle,Outer,1.241447645089966
Tailgating,6685,2217,2023,motorcycle,Outer,1.954564512408818
Tailgating,6686,2253,2217,motorcycle,Outer,1.3152978980927295
Tailgating,6686,2217,2023,motorcycle,Outer,1.923197455911751
Tailgating,6687,2253,2217,motorcycle,Outer,1.3565944637041711
Tailgating,6687,2217,2023,motorcycle,Outer,1.93055100121762
Tailgating,6688,2253,2217,motorcycle,Outer,1.3464536666407585
Tailgating,6688,2217,2023,motorcycle,Outer,1.9827778870590997
Tailgating,6689,2253,2217,motorcycle,Outer,1.3565442802082066
Tailgating,6689,2217,2023,motorcycle,Outer,2.0094285110569032
Tailgating,6690,2253,2217,motorcycle,Outer,1.397005391595018
Tailgating,6690,2217,2023,motorcycle,Outer,2.01942588199005
Tailgating,6690,2028,2254,car,Outer,0.0628277221754096
Tailgating,6691,2253,2217,motorcycle,Outer,1.4230675758764246
Tailgating,6691,2217,2023,motorcycle,Outer,2.0419102281315555
Tailgating,6691,2028,2254,car,Outer,0.0958551913954438
Tailgating,6692,2253,2217,motorcycle,Outer,1.461918438431844
Tailgating,6692,2217,2023,motorcycle,Outer,2.02026772273403
Tailgating,6692,2028,2254,car,Outer,0.10760969698025782
Tailgating,6693,2253,2217,motorcycle,Outer,1.511511498356813
Tailgating,6693,2217,2023,motorcycle,Outer,2.0210071031858785
Tailgating,6694,2217,2023,motorcycle,Outer,2.047231115245701
Tailgating,6695,2253,2217,motorcycle,Outer,1.5043687619137205
Tailgating,6695,2217,2023,motorcycle,Outer,2.084808581255821
Tailgating,6696,2253,2217,motorcycle,Outer,1.4916994860180364
Tailgating,6696,2217,2023,motorcycle,Outer,2.131024811832114
Tailgating,6696,2254,2190,motorcycle,Outer,0.2795368520131076
Tailgating,6697,2253,2217,motorcycle,Outer,1.5149612391286882
Tailgating,6697,2217,2023,motorcycle,Outer,2.1478528986443366
Tailgating,6697,2254,2190,motorcycle,Outer,0.8230729427712583
Tailgating,6698,2253,2217,motorcycle,Outer,1.629927168369457
Tailgating,6698,2217,2023,motorcycle,Outer,2.1422184773576767
Tailgating,6698,2254,2190,motorcycle,Outer,1.0005308875646572
Tailgating,6699,2253,2217,motorcycle,Outer,1.6780432366582871
Tailgating,6699,2217,2023,motorcycle,Outer,2.138691325239723
Tailgating,6700,2253,2217,motorcycle,Outer,1.7115077299421377
Tailgating,6700,2217,2023,motorcycle,Outer,2.167882729832013
Tailgating,6701,2253,2217,motorcycle,Outer,1.7077516936018002
Tailgating,6701,2217,2023,motorcycle,Outer,2.214265295652732
Tailgating,6702,2253,2217,motorcycle,Outer,1.7279931525167884
Tailgating,6702,2217,2023,motorcycle,Outer,2.243665997089043
Tailgating,6703,2253,2217,motorcycle,Outer,1.744551795843369
Tailgating,6703,2217,2023,motorcycle,Outer,2.2648214678848415
Tailgating,6704,2253,2217,motorcycle,Outer,1.776811942695399
Tailgating,6704,2217,2023,motorcycle,Outer,2.2727998547966424
Tailgating,6705,2253,2217,motorcycle,Outer,1.8247289738459296
Tailgating,6705,2217,2023,motorcycle,Outer,2.288608188714575
Tailgating,6706,2253,2217,motorcycle,Outer,1.852045894780368
Tailgating,6707,2253,2217,motorcycle,Outer,1.889758491939198
Tailgating,6708,2253,2217,motorcycle,Outer,1.917418249062291
Tailgating,6708,2217,2023,motorcycle,Outer,2.3427592469082494
Tailgating,6709,2253,2217,motorcycle,Outer,1.858376893742592
Tailgating,6709,2217,2023,motorcycle,Outer,2.3676244537598525
Tailgating,6710,2253,2217,motorcycle,Outer,1.909856011715025
Tailgating,6710,2217,2023,motorcycle,Outer,2.3833988867712463
Tailgating,6711,2253,2217,motorcycle,Outer,1.9305975953228112
Tailgating,6711,2217,2023,motorcycle,Outer,2.407718257767335
Tailgating,6712,2253,2217,motorcycle,Outer,1.941850018069672
Tailgating,6712,2217,2023,motorcycle,Outer,2.434492630078889
Tailgating,6712,2290,816,person,Outer,0.6419338652526988
Tailgating,6713,2253,2217,motorcycle,Outer,1.9922849240906193
Tailgating,6713,2217,2023,motorcycle,Outer,2.4564902918139992
Tailgating,6713,2290,816,person,Outer,0.5911941770953788
Tailgating,6714,2217,2023,motorcycle,Outer,2.475205923675828
Tailgating,6714,2290,816,person,Outer,0.582899608788938
Tailgating,6715,2253,2217,motorcycle,Outer,2.0588919801922074
Tailgating,6715,2217,2023,motorcycle,Outer,2.4978513491774814
Tailgating,6716,2253,2217,motorcycle,Outer,1.8585815922335442
Tailgating,6716,2217,2023,motorcycle,Outer,2.523302912804404
Tailgating,6717,2217,2023,motorcycle,Outer,2.556129578702272
Tailgating,6718,2253,2217,motorcycle,Outer,2.104900097190219
Tailgating,6718,2217,2023,motorcycle,Outer,2.581836247876353
Tailgating,6719,2253,2217,motorcycle,Outer,2.2436393641372208
Tailgating,6719,2217,2023,motorcycle,Outer,2.6095224943051
Tailgating,6720,2253,2217,motorcycle,Outer,2.3237526079959565
Tailgating,6720,2217,2023,motorcycle,Outer,2.6346331940197576
Tailgating,6721,2253,2217,motorcycle,Outer,2.3589415098079467
Tailgating,6721,2217,2023,motorcycle,Outer,2.6636738381397995
Tailgating,6722,2253,2217,motorcycle,Outer,2.4047016763298226
Tailgating,6722,2217,2023,motorcycle,Outer,2.6903755388103603
Tailgating,6723,2217,2023,motorcycle,Outer,2.7104569097206115
Tailgating,6724,2217,2023,motorcycle,Outer,2.729660664063787
Tailgating,6725,2217,2023,motorcycle,Outer,2.750429158919024
Tailgating,6726,2217,2023,motorcycle,Outer,2.7601978721528573
Tailgating,6727,2217,2023,motorcycle,Outer,2.804331058216192
Tailgating,6728,2217,2023,motorcycle,Outer,2.826777080285816
Tailgating,6729,2217,2023,motorcycle,Outer,2.8518607680734807
Tailgating,6730,2217,2023,motorcycle,Outer,2.8871115472275473
Tailgating,6731,2217,2248,motorcycle,Outer,2.924308529141874
Tailgating,6732,2217,2248,motorcycle,Outer,2.973305501652275
Tailgating,6733,2217,2248,motorcycle,Outer,3.00771496189867
Tailgating,6734,2217,2248,motorcycle,Outer,3.0416115464879128
Tailgating,6735,2217,2295,motorcycle,Outer,0.6839286023206792
Tailgating,6735,2294,816,person,Outer,0.9740662756318492
Tailgating,6736,2217,2295,motorcycle,Outer,0.7184616855996382
Tailgating,6736,2294,816,person,Outer,0.9748647506628965
Tailgating,6737,2217,2295,motorcycle,Outer,0.7453893198002898
Tailgating,6737,2294,816,person,Outer,0.9960565685032612
Tailgating,6738,2217,2295,motorcycle,Outer,0.7946471775259621
Tailgating,6738,2295,2248,person,Outer,2.61575553352374
Tailgating,6738,2294,816,person,Outer,1.0016088781422543
Tailgating,6739,2294,816,person,Outer,1.0304743839970905
Tailgating,6740,2217,2295,motorcycle,Outer,0.8240614449083946
Tailgating,6740,2295,2248,person,Outer,2.626868629332677
Tailgating,6740,2294,816,person,Outer,1.0428586270273263
Tailgating,6741,2217,2295,motorcycle,Outer,0.8334449614296082
Tailgating,6741,2295,2248,person,Outer,2.635350417205707
Tailgating,6742,2217,2295,motorcycle,Outer,0.9073022773527334
Tailgating,6742,2295,2248,person,Outer,2.601566106794549
Tailgating,6743,2217,2295,motorcycle,Outer,0.950689906207161
Tailgating,6743,2295,2023,person,Outer,2.604508984893332
Tailgating,6744,2217,2295,motorcycle,Outer,0.9821852610054062
Tailgating,6744,2295,2248,person,Outer,2.5961023786048254
Tailgating,6744,2294,816,person,Outer,1.0909009953749007
Tailgating,6745,2217,2248,motorcycle,Outer,3.3555870564035537
Tailgating,6745,2028,2294,car,Outer,3.793313458462095
Tailgating,6746,2217,2248,motorcycle,Outer,3.373566501203979
Tailgating,6746,2028,2294,car,Outer,3.7553182191466004
Tailgating,6747,2217,2248,motorcycle,Outer,3.416827657126967
Tailgating,6747,2028,2294,car,Outer,3.7154670395565916
Tailgating,6747,2294,816,person,Outer,1.1438390618248098
Tailgating,6748,2217,2248,motorcycle,Outer,3.4679185562351655
Tailgating,6748,2028,2294,car,Outer,3.7018049617041466
Tailgating,6749,2217,2248,motorcycle,Outer,3.5067038005751408
Tailgating,6749,2028,2294,car,Outer,3.688672154086632
Tailgating,6750,2217,2248,motorcycle,Outer,3.6567724054411985
Tailgating,6753,2217,2248,motorcycle,Outer,3.6880282737278636
Tailgating,6754,2217,2248,motorcycle,Outer,3.7177342615291296
Tailgating,6755,2217,2248,motorcycle,Outer,3.770354895344889
Tailgating,6756,2217,2023,motorcycle,Outer,3.8082552052570176
Tailgating,6757,2217,2023,motorcycle,Outer,3.8414119773156754
Tailgating,6758,2217,2023,motorcycle,Outer,3.8750169690890552
Tailgating,6760,2217,2023,motorcycle,Outer,3.9277060179627887
Tailgating,6761,2217,2023,motorcycle,Outer,3.957342287605652
Tailgating,6762,2217,2023,motorcycle,Outer,3.9830663688262153
Tailgating,6767,2294,2298,person,Outer,0.8708469820542285
Tailgating,6768,2294,2298,person,Outer,0.9006456824822414
Tailgating,6770,2299,2249,motorcycle,Outer,2.9572667083590867
Tailgating,6771,2299,2249,motorcycle,Outer,2.3954565571394064
Tailgating,6772,2299,2249,motorcycle,Outer,2.166607197619374
Tailgating,6773,2217,2023,motorcycle,Outer,1.6571905673084877
Tailgating,6773,2299,2249,motorcycle,Outer,2.045590858616627
Tailgating,6774,2217,2023,motorcycle,Outer,0.782199939804884
Tailgating,6774,2299,2249,motorcycle,Outer,1.9917769489610295
Tailgating,6775,2217,2023,motorcycle,Outer,0.5575288775747067
Tailgating,6775,2299,2249,motorcycle,Outer,1.912034864610582
Tailgating,6776,2299,2249,motorcycle,Outer,1.8430545617288625
Tailgating,6777,2217,2023,motorcycle,Outer,0.6667100397045986
Tailgating,6777,2299,2249,motorcycle,Outer,1.7675453857338372
Tailgating,6778,2217,2023,motorcycle,Outer,0.7583513054720388
Tailgating,6778,2299,2249,motorcycle,Outer,1.6898586239122642
Tailgating,6779,2217,2023,motorcycle,Outer,0.8507457089435447
Tailgating,6779,2299,2249,motorcycle,Outer,1.6131973057131446
Tailgating,6780,2217,2023,motorcycle,Outer,0.9273508560509176
Tailgating,6780,2299,2249,motorcycle,Outer,1.5642186565342073
Tailgating,6781,2217,2248,motorcycle,Outer,0.9924300598822381
Tailgating,6781,2299,2249,motorcycle,Outer,1.639315496134531
Tailgating,6782,2217,2023,motorcycle,Outer,1.087292383056033
Tailgating,6782,2299,2249,motorcycle,Outer,1.6303427847974556
Tailgating,6783,2217,2023,motorcycle,Outer,1.1528373993280205
Tailgating,6783,2299,2249,motorcycle,Outer,1.5894063284104152
Tailgating,6784,2217,2023,motorcycle,Outer,1.2192791108764018
Tailgating,6784,2299,2249,motorcycle,Outer,1.5393867985924965
Tailgating,6785,2217,2248,motorcycle,Outer,1.253243569552538
Tailgating,6785,2299,2249,motorcycle,Outer,1.4393223657279086
Tailgating,6786,2217,2023,motorcycle,Outer,1.341903586475748
Tailgating,6786,2299,2249,motorcycle,Outer,1.2639374581766338
Tailgating,6787,2217,2248,motorcycle,Outer,1.367069742769354
Tailgating,6788,2217,2248,motorcycle,Outer,1.4123387825827953
Tailgating,6789,2217,2023,motorcycle,Outer,1.4899052968878714
Tailgating,6790,2217,2023,motorcycle,Outer,1.54967819917944
Tailgating,6791,2217,2023,motorcycle,Outer,1.6197954535154793
Tailgating,6792,2217,2248,motorcycle,Outer,1.6363002310061454
Tailgating,6793,2217,2248,motorcycle,Outer,1.6812180257397096
Tailgating,6794,2217,2248,motorcycle,Outer,1.7316086672052637
Tailgating,6794,2254,2022,motorcycle,Outer,1.6134281213555444
Tailgating,6795,2217,2248,motorcycle,Outer,0.3928204061527776
Tailgating,6796,2217,2022,motorcycle,Outer,2.473745968397533
Tailgating,6797,2217,2022,motorcycle,Outer,2.367518540274699
Tailgating,6798,2217,2022,motorcycle,Outer,2.403902884855193
Tailgating,6799,2217,2022,motorcycle,Outer,2.4812440939641762
Tailgating,6800,2217,2248,motorcycle,Outer,0.05487215172387384
Tailgating,6801,2217,2248,motorcycle,Outer,0.13788843161000708
Tailgating,6940,2298,816,person,Outer,0.6441333003267072
Tailgating,6959,2323,2248,car,Outer,0.0672555443243503
Tailgating,6960,2323,2248,car,Outer,0.07962309690418913
Tailgating,6963,2323,2248,car,Outer,0.09444468931024337
Tailgating,6964,2323,2248,car,Outer,0.10120397587957392
Tailgating,6966,2323,2248,car,Outer,0.12619010653574395
Tailgating,6967,2323,2248,car,Outer,0.13801070014376998
Tailgating,6984,2336,2375,car,Outer,3.524252803662103
Tailgating,7012,2323,2248,car,Outer,0.7049626033790954
Tailgating,7013,2323,2248,car,Outer,0.7356748155077205
Tailgating,7016,2394,2336,person,Outer,0.8600838249470695
Tailgating,7017,2394,2336,person,Outer,0.8940376676778364
Tailgating,7018,2394,2336,person,Outer,0.9443589539863626
Tailgating,7021,2394,2336,person,Outer,1.0125722053298003
Tailgating,7022,2394,2336,person,Outer,1.0476473422329133
Tailgating,7022,2393,2367,person,Outer,1.174308407437356
Tailgating,7023,2393,2367,person,Outer,1.2282694938751753
Tailgating,7039,2323,2248,car,Outer,1.1744199147196812
Tailgating,7040,2323,2248,car,Outer,1.1962013976042685
Tailgating,7041,2323,2248,car,Outer,1.2175834970926491
Tailgating,7041,2394,2022,person,Outer,0.0753578204351691
Tailgating,7042,2323,2248,car,Outer,1.2393825134710366
Tailgating,7042,2394,2022,person,Outer,0.11545103666764066
Tailgating,7046,2323,2248,car,Outer,1.325963153033088
Tailgating,7047,2323,2248,car,Outer,1.3468531773926158
Tailgating,7048,2323,2248,car,Outer,1.3694486427093242
Tailgating,7050,2323,2248,car,Outer,1.4108159616562088
Tailgating,7052,2399,816,motorcycle,Outer,0.02186436266916431
Tailgating,7053,2399,816,motorcycle,Outer,0.061829230382891114
Tailgating,7054,2399,816,motorcycle,Outer,0.09951993693747183
Tailgating,7056,2399,816,motorcycle,Outer,0.15626718072081816
Tailgating,7057,2323,2248,car,Outer,1.5463444469360157
Tailgating,7059,2323,2248,car,Outer,1.5875787573153308
Tailgating,7059,2399,816,motorcycle,Outer,0.217546229288839
Tailgating,7060,2323,2248,car,Outer,1.6123023928024072
Tailgating,7061,2323,2248,car,Outer,1.6322255494101838
Tailgating,7061,2399,816,motorcycle,Outer,0.27972204150784075
Tailgating,7062,2323,2248,car,Outer,1.653189190994908
Tailgating,7065,2323,2248,car,Outer,1.7067483797815417
Tailgating,7065,2399,816,motorcycle,Outer,0.3649888907019774
Tailgating,7069,2022,2336,motorcycle,Outer,1.6475304109025015
Tailgating,7070,2022,2336,motorcycle,Outer,1.7891963511494715
Tailgating,7071,2323,2248,car,Outer,1.814814782088823
Tailgating,7071,2022,2336,motorcycle,Outer,1.8339239539710503
Tailgating,7071,2399,2407,motorcycle,Outer,2.604596417027251
Tailgating,7072,2022,2336,motorcycle,Outer,1.7811668726093797
Tailgating,7072,2399,2407,motorcycle,Outer,2.598628565527601
Tailgating,7073,2323,2248,car,Outer,1.8519577704503591
Tailgating,7073,2399,2407,motorcycle,Outer,2.6006677663867483
Tailgating,7073,2367,2406,motorcycle,Outer,0.3939356092741923
Tailgating,7074,2323,2248,car,Outer,1.8713583813438746
Tailgating,7074,2022,2336,motorcycle,Outer,1.876256442625709
Tailgating,7074,2399,2407,motorcycle,Outer,2.624719300272979
Tailgating,7075,2022,2336,motorcycle,Outer,1.931376484679125
Tailgating,7076,2323,2248,car,Outer,1.9099371577417203
Tailgating,7076,2399,2407,motorcycle,Outer,2.5949121844850085
Tailgating,7077,2323,2248,car,Outer,1.9306411687150375
Tailgating,7077,2399,2407,motorcycle,Outer,2.6031971431683627
Tailgating,7077,2412,2406,motorcycle,Outer,3.4425651342634866
Tailgating,7078,2323,2248,car,Outer,1.9561074921210637
Tailgating,7078,2399,2407,motorcycle,Outer,2.595279401480336
Tailgating,7079,2022,2336,motorcycle,Outer,2.0140644792361715
Tailgating,7079,2399,2407,motorcycle,Outer,2.5723379898611407
Tailgating,7080,2323,2248,car,Outer,1.9936304009847499
Tailgating,7080,2022,2336,motorcycle,Outer,1.9671609885510197
Tailgating,7080,2399,2407,motorcycle,Outer,2.5805303457438007
Tailgating,7081,2022,2336,motorcycle,Outer,1.3597461931490962
Tailgating,7082,2022,2336,motorcycle,Outer,1.2075270050295048
Tailgating,7083,2022,2336,motorcycle,Outer,1.1756641589663823
Tailgating,7083,2407,2412,motorcycle,Outer,3.1549496086929105
Tailgating,7084,2323,2248,car,Outer,2.074772588894168
Tailgating,7084,2407,2412,motorcycle,Outer,2.7130746398092986
Tailgating,7085,2399,2420,motorcycle,Outer,2.470985310018689
Tailgating,7086,2420,2407,motorcycle,Outer,0.7938550427249006
Tailgating,7086,2407,2412,motorcycle,Outer,2.605376699199986
Tailgating,7087,2323,2248,car,Outer,2.141338598894201
Tailgating,7087,2420,2407,motorcycle,Outer,0.7419738608408455
Tailgating,7087,2407,2412,motorcycle,Outer,2.685074276584947
Tailgating,7088,2323,2248,car,Outer,2.1647381936342964
Tailgating,7088,2399,2420,motorcycle,Outer,2.3491445536059694
Tailgating,7088,2420,2407,motorcycle,Outer,0.7233576560782308
Tailgating,7088,2407,2412,motorcycle,Outer,2.715509758866229
Tailgating,7089,2399,2420,motorcycle,Outer,2.3302383618476763
Tailgating,7089,2420,2407,motorcycle,Outer,0.7101867929671132
Tailgating,7089,2407,2412,motorcycle,Outer,2.729386535024392
Tailgating,7090,2399,2420,motorcycle,Outer,2.328701417540888
Tailgating,7090,2420,2407,motorcycle,Outer,0.7098150984187193
Tailgating,7090,2407,2412,motorcycle,Outer,2.7190034084045975
Tailgating,7091,2022,2336,motorcycle,Outer,1.8869766348741632
Tailgating,7091,2420,2407,motorcycle,Outer,0.712200166283777
Tailgating,7091,2407,2412,motorcycle,Outer,2.758720720188523
Tailgating,7092,2022,2336,motorcycle,Outer,2.0983122668451557
Tailgating,7092,2420,2407,motorcycle,Outer,0.7019713097396624
Tailgating,7092,2407,2412,motorcycle,Outer,2.754105089209189
Tailgating,7093,2022,2336,motorcycle,Outer,2.18500722018886
Tailgating,7093,2399,2420,motorcycle,Outer,2.258355949116527
Tailgating,7093,2420,2407,motorcycle,Outer,0.6688755482533316
Tailgating,7093,2407,2412,motorcycle,Outer,2.7910547581326246
Tailgating,7094,2022,2336,motorcycle,Outer,2.2518842606509937
Tailgating,7094,2399,2420,motorcycle,Outer,2.1841535130475482
Tailgating,7094,2420,2407,motorcycle,Outer,0.6383102738443902
Tailgating,7094,2407,2412,motorcycle,Outer,2.7976967852570014
Tailgating,7095,2022,2336,motorcycle,Outer,2.263813505552526
Tailgating,7095,2420,2407,motorcycle,Outer,0.647958590478287
Tailgating,7095,2407,2412,motorcycle,Outer,2.7850594446211034
Tailgating,7096,2420,2407,motorcycle,Outer,0.6442494993435923
Tailgating,7096,2407,2412,motorcycle,Outer,2.764050135037975
Tailgating,7097,2399,2420,motorcycle,Outer,2.086040307668036
Tailgating,7097,2420,2407,motorcycle,Outer,0.6149924349469824
Tailgating,7097,2407,2412,motorcycle,Outer,2.769486575211953
Tailgating,7098,2407,2412,motorcycle,Outer,2.7631624455370614
Tailgating,7099,2420,2407,motorcycle,Outer,0.5696867041050793
Tailgating,7099,2407,2412,motorcycle,Outer,2.7529166132623644
Tailgating,7100,2399,2420,motorcycle,Outer,2.0620093607492116
Tailgating,7100,2407,2412,motorcycle,Outer,2.7900286716826024
Tailgating,7101,2420,2407,motorcycle,Outer,0.4853111417326231
Tailgating,7101,2407,2412,motorcycle,Outer,2.8171960078561904
Tailgating,7102,2420,2407,motorcycle,Outer,0.5547037616668963
Tailgating,7102,2407,2412,motorcycle,Outer,2.7043979902332866
Tailgating,7103,2420,2407,motorcycle,Outer,0.5905998925388006
Tailgating,7103,2407,2412,motorcycle,Outer,2.6360449937717103
Tailgating,7104,2407,2412,motorcycle,Outer,2.628841829596701
Tailgating,7105,2425,2248,motorcycle,Outer,0.7524109397906905
Tailgating,7105,2336,2423,car,Outer,1.5513092145177723
Tailgating,7105,2420,2407,motorcycle,Outer,0.45082455529955234
Tailgating,7105,2407,2412,motorcycle,Outer,2.6855395793471404
Tailgating,7106,2425,2248,motorcycle,Outer,0.8897415574199302
Tailgating,7106,2022,2336,motorcycle,Outer,2.366893271531945
Tailgating,7106,2399,2420,motorcycle,Outer,1.752704854136787
Tailgating,7106,2420,2407,motorcycle,Outer,0.42926730338319496
Tailgating,7106,2407,2412,motorcycle,Outer,2.7108029374901688
Tailgating,7107,2425,2248,motorcycle,Outer,0.9382130564504443
Tailgating,7107,2431,2399,car,Outer,1.7978452583420397
Tailgating,7107,2399,2420,motorcycle,Outer,1.8288397401281649
Tailgating,7107,2420,2407,motorcycle,Outer,0.4752248912217077
Tailgating,7107,2407,2412,motorcycle,Outer,2.6330220426444693
Tailgating,7108,2022,2336,motorcycle,Outer,2.4332462362928244
Tailgating,7108,2431,2399,car,Outer,1.8137302047313602
Tailgating,7108,2399,2420,motorcycle,Outer,1.8398991561387217
Tailgating,7108,2420,2407,motorcycle,Outer,0.3762098449141469
Tailgating,7108,2407,2412,motorcycle,Outer,2.6693019371237456
Tailgating,7109,2022,2336,motorcycle,Outer,1.5677818675441608
Tailgating,7109,2431,2399,car,Outer,1.8211541990016873
Tailgating,7109,2399,2420,motorcycle,Outer,1.8526527912016757
Tailgating,7109,2420,2407,motorcycle,Outer,0.2961189060743788
Tailgating,7109,2407,2412,motorcycle,Outer,2.704889561858036
Tailgating,7110,2022,2336,motorcycle,Outer,1.2484108825065514
Tailgating,7110,2431,2399,car,Outer,1.8375542338992055
Tailgating,7110,2399,2420,motorcycle,Outer,1.8389203941946737
Tailgating,7110,2420,2407,motorcycle,Outer,0.24937215953959965
Tailgating,7110,2407,2412,motorcycle,Outer,2.7341702595731303
Tailgating,7111,2425,2248,motorcycle,Outer,0.789779883920733
Tailgating,7111,2022,2336,motorcycle,Outer,1.1610885525338315
Tailgating,7111,2431,2399,car,Outer,1.8864717398301343
Tailgating,7111,2420,2407,motorcycle,Outer,0.209482336277711
Tailgating,7111,2407,2412,motorcycle,Outer,2.770108587492575
Tailgating,7112,2425,2248,motorcycle,Outer,0.799026860645901
Tailgating,7112,2420,2407,motorcycle,Outer,0.19892338229904025
Tailgating,7112,2407,2412,motorcycle,Outer,2.7786459809320867
Tailgating,7113,2425,2248,motorcycle,Outer,0.8093944224333859
Tailgating,7113,2399,2420,motorcycle,Outer,1.7783684641972117
Tailgating,7113,2420,2407,motorcycle,Outer,0.15982722458537393
Tailgating,7113,2407,2412,motorcycle,Outer,2.8131836736152978
Tailgating,7114,2425,2248,motorcycle,Outer,0.668768349603301
Tailgating,7114,2420,2407,motorcycle,Outer,0.13434053454588976
Tailgating,7114,2407,2412,motorcycle,Outer,2.836443109821718
Tailgating,7115,2425,2248,motorcycle,Outer,0.6119177305268899
Tailgating,7115,2420,2407,motorcycle,Outer,0.10380374198238036
Tailgating,7115,2407,2412,motorcycle,Outer,2.859737184288164
Tailgating,7116,2425,2248,motorcycle,Outer,0.7676364538953412
Tailgating,7116,2420,2407,motorcycle,Outer,0.048010000758542316
Tailgating,7116,2407,2412,motorcycle,Outer,2.893515056719907
Tailgating,7117,2425,2248,motorcycle,Outer,0.6389066827735757
Tailgating,7117,2420,2407,motorcycle,Outer,0.014248241577112207
Tailgating,7117,2407,2412,motorcycle,Outer,2.8978909651391067
Tailgating,7118,2425,2248,motorcycle,Outer,0.7615482776195718
Tailgating,7118,2399,2407,motorcycle,Outer,1.5660154686835064
Tailgating,7118,2407,2420,motorcycle,Outer,0.0333772880173441
Tailgating,7118,2420,2412,motorcycle,Outer,2.946973817245652
Tailgating,7119,2425,2248,motorcycle,Outer,0.8069447533501758
Tailgating,7119,2407,2420,motorcycle,Outer,0.0668735519639911
Tailgating,7119,2420,2412,motorcycle,Outer,2.9329972832148137
Tailgating,7120,2407,2420,motorcycle,Outer,0.0900198806041008
Tailgating,7120,2420,2412,motorcycle,Outer,2.9044047359159673
Tailgating,7121,2425,2248,motorcycle,Outer,0.7064948152635957
Tailgating,7121,2407,2420,motorcycle,Outer,0.0971920714368278
Tailgating,7121,2420,2412,motorcycle,Outer,2.9012776764269534
Tailgating,7122,2407,2420,motorcycle,Outer,0.11679426367267558
Tailgating,7122,2420,2412,motorcycle,Outer,2.9008540707515107
Tailgating,7123,2420,2407,motorcycle,Outer,0.6227246275111927
Tailgating,7123,2407,2412,motorcycle,Outer,2.9707519534433016
Tailgating,7124,2420,2407,motorcycle,Outer,0.8034652704641521
Tailgating,7124,2407,2412,motorcycle,Outer,3.0267750038761907
Tailgating,7125,2420,2407,motorcycle,Outer,0.8471844386144006
Tailgating,7125,2407,2412,motorcycle,Outer,3.050805351273501
Tailgating,7126,2423,2399,car,Outer,2.198123978081909
Tailgating,7126,2420,2407,motorcycle,Outer,0.8486187767435086
Tailgating,7126,2407,2412,motorcycle,Outer,3.062986468465616
Tailgating,7127,2407,2412,motorcycle,Outer,3.0613804077824853
Tailgating,7128,2407,2412,motorcycle,Outer,3.0680598473234477
Tailgating,7129,2407,2412,motorcycle,Outer,3.115869156638622
Tailgating,7130,2425,2248,motorcycle,Outer,0.698623558667931
Tailgating,7130,2399,2420,motorcycle,Outer,0.2502875310091439
Tailgating,7130,2407,2412,motorcycle,Outer,3.1526219666912625
Tailgating,7131,2425,2248,motorcycle,Outer,0.7902498107878325
Tailgating,7131,2407,2412,motorcycle,Outer,3.1877809834137305
Tailgating,7131,2406,2435,motorcycle,Outer,0.19266624861511072
Tailgating,7132,2425,2248,motorcycle,Outer,0.8443621983031944
Tailgating,7132,2423,2399,car,Outer,2.179835362548088
Tailgating,7132,2399,2420,motorcycle,Outer,0.23187743539888023
Tailgating,7132,2407,2412,motorcycle,Outer,3.220598894851734
Tailgating,7132,2406,2435,motorcycle,Outer,2.4126369406198953
Tailgating,7133,2425,2248,motorcycle,Outer,0.8021946182178308
Tailgating,7133,2420,2407,motorcycle,Outer,2.3140627985592976
Tailgating,7133,2407,2399,motorcycle,Outer,0.40367419245461855
Tailgating,7133,2399,2412,motorcycle,Outer,2.7844195726478773
Tailgating,7133,2406,2435,motorcycle,Outer,3.23828216656551
Tailgating,7134,2425,2248,motorcycle,Outer,0.7724305456394794
Tailgating,7134,2420,2423,motorcycle,Outer,0.2102012119349279
Tailgating,7134,2423,2407,car,Outer,2.878675022154318
Tailgating,7134,2407,2399,motorcycle,Outer,0.8581830715550905
Tailgating,7134,2399,2412,motorcycle,Outer,2.399150672577767
Tailgating,7134,2406,2435,motorcycle,Outer,3.5541321066827303
Tailgating,7135,2420,2423,motorcycle,Outer,0.4187793348723513
Tailgating,7135,2423,2407,car,Outer,2.8688631240581848
Tailgating,7135,2407,2399,motorcycle,Outer,1.015375850708316
Tailgating,7135,2399,2412,motorcycle,Outer,2.288776546472868
Tailgating,7135,2406,2435,motorcycle,Outer,3.6520170969117682
Tailgating,7136,2420,2423,motorcycle,Outer,0.44003408015429174
Tailgating,7136,2407,2399,motorcycle,Outer,1.0832169063067256
Tailgating,7137,2425,2248,motorcycle,Outer,0.8121495835282853
Tailgating,7137,2407,2399,motorcycle,Outer,1.1259502713498664
Tailgating,7137,2412,2406,motorcycle,Outer,0.05577776926662602
Tailgating,7138,2425,2248,motorcycle,Outer,0.8363922001986233
Tailgating,7138,2420,2423,motorcycle,Outer,0.37715735114401666
Tailgating,7138,2407,2399,motorcycle,Outer,1.2880520566211817
Tailgating,7138,2406,2412,motorcycle,Outer,1.2820793305091456
Tailgating,7139,2425,2248,motorcycle,Outer,0.9040910095670224
Tailgating,7139,2420,2423,motorcycle,Outer,0.3498320775524995
Tailgating,7139,2407,2406,motorcycle,Outer,0.1879540856992185
Tailgating,7139,2406,2399,motorcycle,Outer,1.077731345300956
Tailgating,7140,2406,2407,motorcycle,Outer,1.4150026075810358
Tailgating,7141,2406,2420,motorcycle,Outer,0.7493981965160772
Tailgating,7141,2407,2399,motorcycle,Outer,1.356717730722804
Tailgating,7142,2425,2248,motorcycle,Outer,0.9836831582553222
Tailgating,7142,2406,2336,motorcycle,Outer,0.38302176278161953
Tailgating,7142,2407,2399,motorcycle,Outer,1.3746418132809604
Tailgating,7143,2406,2336,motorcycle,Outer,0.49830571935831885
Tailgating,7143,2407,2399,motorcycle,Outer,1.4125959061574995
Tailgating,7144,2406,2336,motorcycle,Outer,0.43771176732190625
Tailgating,7144,2420,2423,motorcycle,Outer,0.28564262313809574
Tailgating,7144,2407,2399,motorcycle,Outer,1.4699692192196527
Tailgating,7145,2406,2336,motorcycle,Outer,0.33446096025627625
Tailgating,7145,2407,2399,motorcycle,Outer,0.5439757861563179
Tailgating,7145,2399,2442,motorcycle,Outer,0.8273616174444602
Tailgating,7146,2425,2248,motorcycle,Outer,0.9088308040768688
Tailgating,7146,2406,2336,motorcycle,Outer,0.2772581153141019
Tailgating,7146,2407,2399,motorcycle,Outer,0.2560163249885814
Tailgating,7146,2399,2442,motorcycle,Outer,1.1751269151328096
Tailgating,7147,2406,2336,motorcycle,Outer,0.14164235055057497
Tailgating,7147,2336,2420,car,Outer,1.2138532522424956
Tailgating,7147,2407,2399,motorcycle,Outer,0.21163189548590217
Tailgating,7147,2399,2442,motorcycle,Outer,1.2574081327535378
Tailgating,7148,2425,2248,motorcycle,Outer,1.009707628997945
Tailgating,7148,2406,2336,motorcycle,Outer,0.13377026010061824
Tailgating,7148,2336,2420,car,Outer,1.1674071504077623
Tailgating,7148,2407,2399,motorcycle,Outer,0.2851844750360621
Tailgating,7148,2442,2412,person,Outer,1.7650683762946053
Tailgating,7149,2425,2248,motorcycle,Outer,1.043707807377726
Tailgating,7149,2406,2336,motorcycle,Outer,0.12039153197371215
Tailgating,7149,2336,2420,car,Outer,1.1417816100196538
Tailgating,7149,2407,2399,motorcycle,Outer,0.38391112431578805
Tailgating,7150,2336,2420,car,Outer,1.2127247390898794
Tailgating,7150,2407,2399,motorcycle,Outer,0.43571935521261157
Tailgating,7151,2425,2248,motorcycle,Outer,1.1305285738839719
Tailgating,7151,2336,2406,car,Outer,0.046450899644574335
Tailgating,7151,2407,2399,motorcycle,Outer,0.506095722492035
Tailgating,7152,2425,2248,motorcycle,Outer,1.092501147723358
Tailgating,7152,2336,2406,car,Outer,0.08788873037235756
Tailgating,7152,2407,2399,motorcycle,Outer,0.5737293569713497
Tailgating,7153,2407,2399,motorcycle,Outer,0.671550820365229
Tailgating,7154,2447,2425,car,Outer,2.6641187054885993
Tailgating,7154,2425,2248,motorcycle,Outer,1.0202889659655459
Tailgating,7154,2407,2399,motorcycle,Outer,0.7478218325096149
Tailgating,7155,2447,2425,car,Outer,2.693263749233937
Tailgating,7155,2407,2399,motorcycle,Outer,0.8095329194553522
Tailgating,7156,2447,2425,car,Outer,2.7245630665442295
Tailgating,7156,2407,2399,motorcycle,Outer,0.857581586839453
Tailgating,7157,2447,2425,car,Outer,2.7566883834796507
Tailgating,7157,2425,2248,motorcycle,Outer,1.0107945416237016
Tailgating,7157,2407,2399,motorcycle,Outer,0.9368578369928727
Tailgating,7158,2447,2425,car,Outer,2.778085860022922
Tailgating,7158,2407,2399,motorcycle,Outer,0.9983296439849864
Tailgating,7159,2447,2425,car,Outer,2.710548356973626
Tailgating,7159,2425,2248,motorcycle,Outer,1.1084970415356012
Tailgating,7159,2336,2406,car,Outer,0.08339417854645517
Tailgating,7159,2407,2399,motorcycle,Outer,1.08379038964196
Tailgating,7160,2425,2248,motorcycle,Outer,1.143353320482517
Tailgating,7160,2336,2406,car,Outer,0.10331168261252013
Tailgating,7160,2407,2399,motorcycle,Outer,1.1264764297066268
Tailgating,7161,2447,2425,car,Outer,2.813407660993595
Tailgating,7161,2425,2248,motorcycle,Outer,1.058466478138674
Tailgating,7161,2336,2406,car,Outer,0.13023412509332372
Tailgating,7161,2407,2399,motorcycle,Outer,1.176947051707117
Tailgating,7162,2425,2248,motorcycle,Outer,1.138498546135464
Tailgating,7162,2407,2399,motorcycle,Outer,1.2248475883663952
Tailgating,7163,2447,2425,car,Outer,2.728558944574218
Tailgating,7163,2425,2248,motorcycle,Outer,1.1864882537092727
Tailgating,7163,2407,2399,motorcycle,Outer,1.2924158863321589
Tailgating,7164,2407,2399,motorcycle,Outer,1.3482934861100315
Tailgating,7165,2407,2399,motorcycle,Outer,1.400986637679119
Tailgating,7166,2447,2425,car,Outer,2.8128619494175218
Tailgating,7166,2407,2399,motorcycle,Outer,1.4725601472875478
Tailgating,7167,2425,2248,motorcycle,Outer,1.0986498834791858
Tailgating,7167,2407,2399,motorcycle,Outer,1.589228113028112
Tailgating,7168,2423,2407,car,Outer,0.4195016048522623
Tailgating,7169,2447,2425,car,Outer,2.8316290856075796
Tailgating,7169,2425,2248,motorcycle,Outer,1.2110958512074175
Tailgating,7169,2423,2407,car,Outer,0.3358539791740882
Tailgating,7170,2447,2425,car,Outer,2.8138232166526067
Tailgating,7170,2425,2248,motorcycle,Outer,1.2551742905548402
Tailgating,7170,2423,2407,car,Outer,0.2866452811506847
Tailgating,7171,2425,2248,motorcycle,Outer,1.2891502985933847
Tailgating,7171,2407,2399,motorcycle,Outer,1.7128799040209814
Tailgating,7172,2447,2425,car,Outer,2.7983815207585256
Tailgating,7172,2336,2406,car,Outer,0.07945921408348368
Tailgating,7172,2455,2423,car,Outer,0.3578544883186985
Tailgating,7172,2407,2399,motorcycle,Outer,1.7571042659122729
Tailgating,7173,2336,2406,car,Outer,0.029279031532216844
Tailgating,7173,2455,2423,car,Outer,0.361177332653505
Tailgating,7173,2407,2399,motorcycle,Outer,1.8217822531153887
Tailgating,7174,2447,2425,car,Outer,2.866755744834558
Tailgating,7174,2336,2406,car,Outer,0.0005988677652877504
Tailgating,7174,2407,2399,motorcycle,Outer,0.5303457736419693
Tailgating,7175,2407,2399,motorcycle,Outer,0.08038920339225064
Tailgating,7176,2425,2248,motorcycle,Outer,3.139462439401413
Tailgating,7176,2407,2442,motorcycle,Outer,1.3998941325467027
Tailgating,7176,2412,2399,motorcycle,Outer,0.7170522056248423
Tailgating,7177,2425,2248,motorcycle,Outer,3.8568549488430595
Tailgating,7177,2407,2442,motorcycle,Outer,1.4090911581607748
Tailgating,7177,2412,2399,motorcycle,Outer,1.7402664061201667
Tailgating,7178,2425,2447,motorcycle,Outer,0.004483775853032784
Tailgating,7178,2455,2423,car,Outer,0.3814847781658069
Tailgating,7178,2407,2442,motorcycle,Outer,2.351899801238835
Tailgating,7178,2412,2399,motorcycle,Outer,2.089963009186456
Tailgating,7179,2425,2447,motorcycle,Outer,0.08589189080620845
Tailgating,7179,2455,2423,car,Outer,0.394597441818118
Tailgating,7179,2407,2442,motorcycle,Outer,2.7065891470493204
Tailgating,7179,2412,2399,motorcycle,Outer,2.1945512853248754
Tailgating,7180,2425,2447,motorcycle,Outer,0.11940314732142131
Tailgating,7180,2455,2420,car,Outer,6.817006282545836e-05
Tailgating,7180,2407,2412,motorcycle,Outer,2.0069819045014716
Tailgating,7180,2412,2442,motorcycle,Outer,0.7803308672013215
Tailgating,7181,2425,2447,motorcycle,Outer,0.12823337097125706
Tailgating,7181,2455,2420,car,Outer,0.030531027455498846
Tailgating,7181,2407,2412,motorcycle,Outer,1.5160214509688752
Tailgating,7181,2412,2442,motorcycle,Outer,1.2211165712496297
Tailgating,7182,2425,2447,motorcycle,Outer,0.1454149542709418
Tailgating,7182,2455,2420,car,Outer,0.06906148598868556
Tailgating,7182,2412,2442,motorcycle,Outer,1.3493314313269948
Tailgating,7183,2425,2447,motorcycle,Outer,0.1605669843080293
Tailgating,7183,2455,2420,car,Outer,0.10896283930550019
Tailgating,7183,2412,2442,motorcycle,Outer,1.3820807677237583
Tailgating,7184,2425,2447,motorcycle,Outer,0.18495317058902216
Tailgating,7184,2455,2420,car,Outer,0.14514402654617278
Tailgating,7185,2425,2447,motorcycle,Outer,0.22868938154549995
Tailgating,7185,2455,2420,car,Outer,0.18134860702619568
Tailgating,7186,2425,2447,motorcycle,Outer,0.2530465211182232
Tailgating,7186,2455,2420,car,Outer,0.2198540859982864
Tailgating,7186,2423,2412,car,Outer,1.9849376792859212
Tailgating,7187,2425,2447,motorcycle,Outer,0.2773354051063463
Tailgating,7188,2425,2447,motorcycle,Outer,0.30671048627900216
Tailgating,7188,2455,2420,car,Outer,0.28319012897525686
Tailgating,7189,2425,2447,motorcycle,Outer,0.3503471990015811
Tailgating,7189,2455,2420,car,Outer,0.3106979829024975
Tailgating,7190,2425,2447,motorcycle,Outer,0.40253893269727553
Tailgating,7191,2425,2447,motorcycle,Outer,0.44468967925424957
Tailgating,7191,2455,2420,car,Outer,0.36509121164869707
Tailgating,7192,2425,2447,motorcycle,Outer,0.48590230514075194
Tailgating,7192,2455,2420,car,Outer,0.3865791408226875
Tailgating,7195,2455,2420,car,Outer,0.4208112779656756
Tailgating,7197,2022,2406,motorcycle,Outer,1.69524276604589
Tailgating,7198,2022,2406,motorcycle,Outer,1.904779914967812
Tailgating,7198,2412,2442,motorcycle,Outer,2.249691738064029
Tailgating,7199,2022,2406,motorcycle,Outer,1.972854219826875
Tailgating,7199,2423,2412,car,Outer,0.6250078543594596
Tailgating,7199,2412,2442,motorcycle,Outer,2.570062862906609
Tailgating,7200,2425,2447,motorcycle,Outer,0.8314105288694299
Tailgating,7200,2455,2420,car,Outer,0.537465191128657
Tailgating,7200,2412,2442,motorcycle,Outer,2.666010072924588
Tailgating,7201,2425,2447,motorcycle,Outer,0.8990859313330608
Tailgating,7201,2455,2420,car,Outer,0.5664358633800337
Tailgating,7202,2425,2447,motorcycle,Outer,0.9567856367921043
Tailgating,7202,2447,2467,car,Outer,2.542652116358877
Tailgating,7202,2412,2442,motorcycle,Outer,1.7435330439585
Tailgating,7203,2425,2447,motorcycle,Outer,1.0133374999905604
Tailgating,7203,2447,2467,car,Outer,2.5685549013553888
Tailgating,7203,2455,2420,car,Outer,0.6546049198963707
Tailgating,7203,2412,2442,motorcycle,Outer,1.4087105742480839
Tailgating,7204,2425,2447,motorcycle,Outer,1.0545904309090968
Tailgating,7204,2447,2467,car,Outer,2.595545836064384
Tailgating,7204,2455,2420,car,Outer,0.6886253053668393
Tailgating,7204,2412,2442,motorcycle,Outer,1.2641953982266803
Tailgating,7205,2425,2447,motorcycle,Outer,1.1050569204150267
Tailgating,7205,2447,2467,car,Outer,2.6210093743044056
Tailgating,7205,2455,2420,car,Outer,0.760544923532653
Tailgating,7205,2412,2442,motorcycle,Outer,1.2195116416395984
Tailgating,7206,2425,2447,motorcycle,Outer,1.158400022315155
Tailgating,7206,2455,2420,car,Outer,0.7848842228852605
Tailgating,7206,2423,2412,car,Outer,2.167462897728974
Tailgating,7207,2425,2447,motorcycle,Outer,1.2011880767420917
Tailgating,7207,2455,2420,car,Outer,0.8133284913859264
Tailgating,7208,2425,2467,motorcycle,Outer,0.8313858927688128
Tailgating,7209,2425,2248,motorcycle,Outer,2.150701613932917
Tailgating,7210,2447,2467,car,Outer,2.744705935329152
Tailgating,7210,2425,2248,motorcycle,Outer,1.708300513757992
Tailgating,7210,2022,2468,motorcycle,Outer,0.2804688691039167
Tailgating,7211,2447,2467,car,Outer,2.7699045277265966
Tailgating,7211,2425,2248,motorcycle,Outer,1.5738382890191802
Tailgating,7211,2406,2022,motorcycle,Outer,0.24882188448328452
Tailgating,7211,2022,2468,motorcycle,Outer,0.0561592697089182
Tailgating,7211,2455,2420,car,Outer,0.8937458473996643
Tailgating,7212,2447,2467,car,Outer,2.7960457475464096
Tailgating,7212,2425,2248,motorcycle,Outer,1.437023693652719
Tailgating,7212,2406,2468,motorcycle,Outer,0.8611494695832236
Tailgating,7212,2022,2336,motorcycle,Outer,1.2483327558214723
Tailgating,7212,2455,2423,car,Outer,1.3583901866208221
Tailgating,7212,2420,2412,motorcycle,Outer,1.7026315153786307
Tailgating,7213,2425,2248,motorcycle,Outer,1.5961948494868843
Tailgating,7213,2406,2022,motorcycle,Outer,0.9867924848083974
Tailgating,7213,2455,2423,car,Outer,1.3692210589463318
Tailgating,7213,2420,2412,motorcycle,Outer,1.4180914118944214
Tailgating,7214,2447,2467,car,Outer,2.8550278694241347
Tailgating,7214,2425,2248,motorcycle,Outer,1.6996761990214713
Tailgating,7214,2406,2022,motorcycle,Outer,1.0153110307970343
Tailgating,7214,2455,2423,car,Outer,1.428384186621772
Tailgating,7214,2420,2412,motorcycle,Outer,1.334194619322679
Tailgating,7215,2425,2248,motorcycle,Outer,1.7384866929799705
Tailgating,7215,2455,2423,car,Outer,1.4236108450747194
Tailgating,7215,2423,2412,car,Outer,2.1482911563030407
Tailgating,7215,2420,2442,motorcycle,Outer,0.8114349731209289
Tailgating,7216,2425,2248,motorcycle,Outer,1.782653223854606
Tailgating,7216,2455,2423,car,Outer,1.4334478870533554
Tailgating,7216,2420,2442,motorcycle,Outer,0.21378356198569853
Tailgating,7217,2425,2248,motorcycle,Outer,1.8363946561198274
Tailgating,7217,2455,2423,car,Outer,1.4443903531530375
Tailgating,7217,2420,2442,motorcycle,Outer,0.04019828267280127
Tailgating,7218,2447,2467,car,Outer,2.953147122580775
Tailgating,7218,2425,2248,motorcycle,Outer,1.8898393788859873
Tailgating,7218,2420,2442,motorcycle,Outer,0.00459618442290834
Tailgating,7219,2425,2248,motorcycle,Outer,1.741540333999433
Tailgating,7220,2425,2248,motorcycle,Outer,1.707062695478399
Tailgating,7220,2420,2442,motorcycle,Outer,0.054161673951934226
Tailgating,7221,2425,2248,motorcycle,Outer,1.8684108011381422
Tailgating,7222,2425,2248,motorcycle,Outer,2.1414993834811202
Tailgating,7224,2419,2425,car,Inner,3.7027758511063014
Tailgating,7224,2425,2446,motorcycle,Inner,1.1266373420441678
Tailgating,7225,2425,2446,motorcycle,Inner,1.3460456643044612
Tailgating,7225,2447,2467,car,Outer,3.123829001993088
Tailgating,7226,2419,2425,car,Inner,3.292786004460578
Tailgating,7226,2425,2446,motorcycle,Inner,1.4172850290922279
Tailgating,7227,2419,2425,car,Inner,3.2869552614653026
Tailgating,7227,2425,2446,motorcycle,Inner,1.4555395196508625
Tailgating,7227,2406,2022,motorcycle,Outer,1.651142142741801
Tailgating,7228,2425,2446,motorcycle,Inner,0.42894364640942473
Tailgating,7228,2482,2447,person,Outer,2.303163160731764
Tailgating,7228,2447,2467,car,Outer,3.2208178618288055
Tailgating,7228,2406,2022,motorcycle,Outer,1.934090686655128
Tailgating,7228,2420,2399,motorcycle,Outer,2.0753781020417157
Tailgating,7229,2482,2447,person,Outer,2.3054370498317436
Tailgating,7229,2420,2399,motorcycle,Outer,1.834771037869939
Tailgating,7230,2482,2447,person,Outer,2.309495582207465
Tailgating,7230,2399,2420,motorcycle,Outer,0.2727031726206206
Tailgating,7231,2482,2447,person,Outer,2.3458425031833787
Tailgating,7231,2399,2442,motorcycle,Outer,0.07231760051952232
Tailgating,7232,2447,2467,car,Outer,3.3479337360806554
Tailgating,7232,2399,2442,motorcycle,Outer,0.2787463616043845
Tailgating,7233,2447,2467,car,Outer,3.383421815255371
Tailgating,7233,2481,2406,car,Outer,0.6415993776599881
Tailgating,7233,2406,2022,motorcycle,Outer,1.2044417904724811
Tailgating,7233,2399,2442,motorcycle,Outer,0.3125882074736704
Tailgating,7234,2481,2406,car,Outer,0.98903687802138
Tailgating,7234,2406,2022,motorcycle,Outer,0.9279762113263014
Tailgating,7234,2399,2412,motorcycle,Outer,0.21743539646443014
Tailgating,7235,2467,2248,car,Outer,2.277221058391571
Tailgating,7235,2406,2022,motorcycle,Outer,0.8432908413114815
Tailgating,7235,2399,2412,motorcycle,Outer,0.5640320282524773
Tailgating,7236,2399,2412,motorcycle,Outer,0.6929551219909769
Tailgating,7237,2481,2406,car,Outer,1.169717153230118
Tailgating,7237,2399,2412,motorcycle,Outer,0.7604286748580313
Tailgating,7237,2412,2442,motorcycle,Outer,1.1544123293126654
Tailgating,7238,2481,2406,car,Outer,0.3619424257592087
Tailgating,7238,2406,2336,motorcycle,Outer,2.953567153028625
Tailgating,7238,2022,2423,motorcycle,Outer,1.2105140299388255
Tailgating,7239,2481,2406,car,Outer,0.11222247584397255
Tailgating,7239,2406,2336,motorcycle,Outer,3.2642802242032793
Tailgating,7239,2022,2399,motorcycle,Outer,1.2407819024828595
Tailgating,7240,2481,2406,car,Outer,0.8788520326061989
Tailgating,7240,2406,2336,motorcycle,Outer,2.5271551572131514
Tailgating,7240,2022,2399,motorcycle,Outer,0.7523260771711409
Tailgating,7241,2406,2336,motorcycle,Outer,2.2604501862448867
Tailgating,7241,2022,2399,motorcycle,Outer,0.5919593601102525
Tailgating,7242,2406,2336,motorcycle,Outer,2.170378682204512
Tailgating,7242,2399,2412,motorcycle,Outer,0.8157986408634155
Tailgating,7243,2481,2406,car,Outer,2.0610352157792877
Tailgating,7243,2406,2336,motorcycle,Outer,1.4910348215999523
Tailgating,7244,2481,2406,car,Outer,0.7276118956895476
Tailgating,7244,2406,2336,motorcycle,Outer,2.7675959509081074
Tailgating,7245,2406,2336,motorcycle,Outer,3.2539562200458896
Tailgating,7246,2399,2412,motorcycle,Outer,0.9089451219436292
Tailgating,7247,2481,2406,car,Outer,1.7426804014575676
Tailgating,7247,2406,2336,motorcycle,Outer,1.9369153070974985
Tailgating,7247,2399,2412,motorcycle,Outer,0.9542457388875103
Tailgating,7248,2406,2336,motorcycle,Outer,1.4055498689315757
Tailgating,7248,2399,2022,motorcycle,Outer,0.5496226429044148
Tailgating,7249,2406,2336,motorcycle,Outer,1.2224163991499244
Tailgating,7249,2399,2423,motorcycle,Outer,0.25250834891049717
Tailgating,7250,2481,2406,car,Outer,2.6768780608552856
Tailgating,7250,2406,2336,motorcycle,Outer,1.167582246702307
Tailgating,7250,2399,2423,motorcycle,Outer,0.4030355790920402
Tailgating,7251,2481,2248,car,Outer,0.025282202880202158
Tailgating,7251,2399,2423,motorcycle,Outer,0.46212676776783673
Tailgating,7252,2481,2248,car,Outer,0.059583887020998025
Tailgating,7252,2399,2423,motorcycle,Outer,0.4834615241829777
Tailgating,7254,2481,2248,car,Outer,0.11669850118915213
Tailgating,7255,2481,2248,car,Outer,0.14476634506782474
Tailgating,7255,2399,2423,motorcycle,Outer,0.5555727610115163
Tailgating,7256,2481,2248,car,Outer,0.20437700828755725
Tailgating,7256,2399,2423,motorcycle,Outer,0.5966579249039927
Tailgating,7257,2425,2481,motorcycle,Outer,2.1110154765552505
Tailgating,7257,2481,2248,car,Outer,0.2564262999682807
Tailgating,7257,2399,2423,motorcycle,Outer,0.6281962266911153
Tailgating,7258,2425,2481,motorcycle,Outer,1.9722889164905264
Tailgating,7258,2481,2248,car,Outer,0.27832447583670933
Tailgating,7259,2425,2481,motorcycle,Outer,1.7492624816042626
Tailgating,7259,2022,2412,motorcycle,Outer,0.08319563035218405
Tailgating,7260,2425,2481,motorcycle,Outer,1.6481291458503557
Tailgating,7260,2481,2248,car,Outer,0.3499715863832271
Tailgating,7260,2336,2399,car,Outer,0.9959119193834594
Tailgating,7260,2399,2423,motorcycle,Outer,0.7214029669623935
Tailgating,7260,2022,2442,motorcycle,Outer,0.9208704022063162
Tailgating,7261,2425,2481,motorcycle,Outer,1.6146818217292511
Tailgating,7261,2481,2248,car,Outer,0.385874575754373
Tailgating,7261,2336,2399,car,Outer,1.0199748395255195
Tailgating,7261,2399,2423,motorcycle,Outer,0.7616491634038838
Tailgating,7261,2022,2442,motorcycle,Outer,0.8353244252705077
Tailgating,7262,2425,2481,motorcycle,Outer,1.6296641428480751
Tailgating,7262,2481,2248,car,Outer,0.408104794310204
Tailgating,7262,2336,2399,car,Outer,1.0388968628385593
Tailgating,7262,2399,2423,motorcycle,Outer,0.7907898542599785
Tailgating,7262,2022,2442,motorcycle,Outer,0.8577847798944681
Tailgating,7263,2425,2481,motorcycle,Outer,0.8012446125344506
Tailgating,7263,2399,2423,motorcycle,Outer,0.8424139201910016
Tailgating,7263,2022,2442,motorcycle,Outer,0.9233680723390622
Tailgating,7264,2481,2248,car,Outer,0.44953291847193233
Tailgating,7264,2399,2423,motorcycle,Outer,0.881268178971302
Tailgating,7264,2022,2442,motorcycle,Outer,0.9901801871630463
Tailgating,7265,2481,2248,car,Outer,0.4790549451523029
Tailgating,7265,2336,2399,car,Outer,0.9426161580680099
Tailgating,7265,2399,2423,motorcycle,Outer,0.9217905523283273
Tailgating,7265,2022,2442,motorcycle,Outer,1.0666183042703459
Tailgating,7266,2399,2423,motorcycle,Outer,0.9564109814675115
Tailgating,7266,2022,2442,motorcycle,Outer,1.1341561889316556
Tailgating,7267,2399,2423,motorcycle,Outer,1.0076745431673717
Tailgating,7267,2022,2442,motorcycle,Outer,1.181163920288533
Tailgating,7268,2399,2423,motorcycle,Outer,1.0335016689244803
Tailgating,7268,2022,2442,motorcycle,Outer,1.2359358211561486
Tailgating,7269,2022,2442,motorcycle,Outer,1.2994296819379247
Tailgating,7270,2481,2248,car,Outer,0.5520739512157943
Tailgating,7270,2336,2423,car,Outer,1.7005684515844115
Tailgating,7270,2022,2412,motorcycle,Outer,0.04834948343251486
Tailgating,7271,2481,2248,car,Outer,0.5862486879052616
Tailgating,7271,2022,2442,motorcycle,Outer,0.0636656071793966
Tailgating,7272,2481,2248,car,Outer,0.6261814082065555
Tailgating,7273,2481,2248,car,Outer,0.6539659836132887
Tailgating,7274,2481,2248,car,Outer,0.6796612337259987
Tailgating,7275,2481,2248,car,Outer,0.7135501741064273
Tailgating,7277,2481,2248,car,Outer,0.7316862676828408
Tailgating,7278,2336,2423,car,Outer,1.690901084444305
Tailgating,7278,2022,2442,motorcycle,Outer,1.1491932060456163
Tailgating,7279,2481,2248,car,Outer,0.7409350551513588
Tailgating,7279,2022,2412,motorcycle,Outer,0.354260036714179
Tailgating,7280,2481,2248,car,Outer,0.7993868322841786
Tailgating,7280,2022,2412,motorcycle,Outer,0.5502466876756827
Tailgating,7281,2481,2248,car,Outer,0.8402920843708295
Tailgating,7281,2399,2423,motorcycle,Outer,0.49238855050022556
Tailgating,7281,2022,2412,motorcycle,Outer,0.6283767565872044
Tailgating,7282,2481,2248,car,Outer,0.8751619517120721
Tailgating,7282,2399,2423,motorcycle,Outer,0.18143698448549642
Tailgating,7282,2022,2442,motorcycle,Outer,0.8403421503287418
Tailgating,7283,2481,2248,car,Outer,0.9113144761156057
Tailgating,7283,2399,2412,motorcycle,Outer,1.1112273715631056
Tailgating,7283,2022,2442,motorcycle,Outer,0.4576715998305098
Tailgating,7284,2481,2248,car,Outer,0.9467373706386607
Tailgating,7284,2399,2412,motorcycle,Outer,0.6316956299737896
Tailgating,7284,2022,2442,motorcycle,Outer,0.3845385283465758
Tailgating,7285,2481,2248,car,Outer,0.9773255817964847
Tailgating,7285,2399,2412,motorcycle,Outer,0.5296530930284633
Tailgating,7285,2022,2442,motorcycle,Outer,0.4204459657636007
Tailgating,7286,2399,2412,motorcycle,Outer,0.5769727665173097
Tailgating,7286,2022,2442,motorcycle,Outer,0.48397473286894066
Tailgating,7287,2399,2412,motorcycle,Outer,0.6656056394168703
Tailgating,7287,2022,2442,motorcycle,Outer,0.5466536902701449
Tailgating,7288,2399,2412,motorcycle,Outer,0.7649825036763773
Tailgating,7288,2022,2442,motorcycle,Outer,0.6126391988816835
Tailgating,7289,2481,2248,car,Outer,1.0716709685717074
Tailgating,7289,2399,2412,motorcycle,Outer,0.8285739858415876
Tailgating,7289,2022,2442,motorcycle,Outer,0.6841445208667055
Tailgating,7290,2481,2248,car,Outer,1.0976226539624612
Tailgating,7290,2399,2412,motorcycle,Outer,1.699368740145739
Tailgating,7290,2022,2442,motorcycle,Outer,0.7469093623109057
Tailgating,7291,2481,2248,car,Outer,1.140154937776536
Tailgating,7291,2399,2412,motorcycle,Outer,2.0158864266048306
Tailgating,7291,2022,2442,motorcycle,Outer,0.8098054221503418
Tailgating,7292,2481,2248,car,Outer,1.173040762085686
Tailgating,7292,2336,2423,car,Outer,1.7638681020020774
Tailgating,7292,2399,2412,motorcycle,Outer,2.1448066680415776
Tailgating,7292,2022,2442,motorcycle,Outer,0.8811594108519915
Tailgating,7293,2481,2248,car,Outer,1.0712942466067819
Tailgating,7293,2399,2412,motorcycle,Outer,2.2151341358465966
Tailgating,7293,2022,2442,motorcycle,Outer,0.95120000756128
Tailgating,7294,2481,2248,car,Outer,1.014477830867871
Tailgating,7294,2022,2442,motorcycle,Outer,1.0243087625022549
Tailgating,7294,2485,2493,motorcycle,Outer,3.7774949668683235
Tailgating,7295,2481,2248,car,Outer,0.9857087569403755
Tailgating,7295,2022,2442,motorcycle,Outer,1.0914301291494677
Tailgating,7295,2485,2493,motorcycle,Outer,3.7598868623652386
Tailgating,7296,2022,2442,motorcycle,Outer,1.1547505850728865
Tailgating,7296,2485,2493,motorcycle,Outer,3.8140125682124975
Tailgating,7297,2481,2248,car,Outer,1.1276321204201334
Tailgating,7297,2022,2442,motorcycle,Outer,1.2222402858794275
Tailgating,7298,2481,2248,car,Outer,1.0877453161163901
Tailgating,7298,2336,2423,car,Outer,1.7624472661864774
Tailgating,7298,2022,2412,motorcycle,Outer,0.016607532839776784
Tailgating,7299,2022,2412,motorcycle,Outer,0.060314183952058995
Tailgating,7300,2022,2412,motorcycle,Outer,0.1062877271904061
Tailgating,7301,2399,2022,motorcycle,Outer,2.050717463022619
Tailgating,7301,2022,2412,motorcycle,Outer,0.1668568754807776
Tailgating,7302,2399,2022,motorcycle,Outer,1.8626681587361296
Tailgating,7302,2022,2412,motorcycle,Outer,0.2324199150322104
Tailgating,7303,2022,2412,motorcycle,Outer,0.2785603847625456
Tailgating,7304,2399,2022,motorcycle,Outer,1.4404753963875658
Tailgating,7304,2022,2412,motorcycle,Outer,0.3404089236071175
Tailgating,7305,2399,2022,motorcycle,Outer,1.2889994868172565
Tailgating,7305,2022,2412,motorcycle,Outer,0.4337509935297053
Tailgating,7306,2399,2022,motorcycle,Outer,1.2785421030302961
Tailgating,7306,2022,2412,motorcycle,Outer,0.46984707290063005
Tailgating,7307,2399,2022,motorcycle,Outer,1.2511788888334905
Tailgating,7307,2022,2412,motorcycle,Outer,0.5077261248483493
Tailgating,7308,2399,2022,motorcycle,Outer,1.2420850518328526
Tailgating,7308,2022,2412,motorcycle,Outer,0.5450060222518053
Tailgating,7309,2399,2022,motorcycle,Outer,1.1979552663742399
Tailgating,7309,2022,2412,motorcycle,Outer,0.6153385905495509
Tailgating,7310,2399,2022,motorcycle,Outer,1.183730054722083
Tailgating,7310,2022,2412,motorcycle,Outer,0.8017514045912496
Tailgating,7310,2412,2442,motorcycle,Outer,1.0263087063408713
Tailgating,7310,2450,2485,car,Outer,3.9498513719322346
Tailgating,7311,2399,2022,motorcycle,Outer,1.2215945720502435
Tailgating,7311,2022,2412,motorcycle,Outer,0.8414170899960194
Tailgating,7311,2450,2485,car,Outer,3.876779637284645
Tailgating,7312,2399,2022,motorcycle,Outer,1.2538362497725384
Tailgating,7312,2022,2412,motorcycle,Outer,0.7275359463764229
Tailgating,7312,2412,2442,motorcycle,Outer,1.1310770362950686
Tailgating,7312,2450,2485,car,Outer,3.8132549459945437
Tailgating,7313,2399,2022,motorcycle,Outer,1.2784266247712286
Tailgating,7313,2022,2412,motorcycle,Outer,0.6818829024214411
Tailgating,7313,2412,2442,motorcycle,Outer,1.192745229277882
Tailgating,7313,2450,2485,car,Outer,3.7430186953283875
Tailgating,7314,2399,2022,motorcycle,Outer,1.3066711062986307
Tailgating,7314,2022,2412,motorcycle,Outer,0.7097259146246359
Tailgating,7314,2450,2485,car,Outer,3.6671378780949
Tailgating,7315,2481,2248,car,Outer,1.3909375396828785
Tailgating,7315,2399,2022,motorcycle,Outer,1.2942740875368577
Tailgating,7315,2022,2412,motorcycle,Outer,0.7406972365278616
Tailgating,7315,2450,2485,car,Outer,3.589914681618258
Tailgating,7316,2481,2248,car,Outer,1.4293181591532849
Tailgating,7316,2399,2022,motorcycle,Outer,1.2627766726336682
Tailgating,7316,2022,2412,motorcycle,Outer,0.8142655345994639
Tailgating,7317,2481,2248,car,Outer,1.464880699087868
Tailgating,7317,2399,2022,motorcycle,Outer,1.2560029594249322
Tailgating,7317,2022,2412,motorcycle,Outer,0.8649947321627953
Tailgating,7318,2481,2248,car,Outer,1.5191315609911682
Tailgating,7318,2399,2423,motorcycle,Outer,0.2411244689561032
Tailgating,7318,2022,2412,motorcycle,Outer,0.923174553306228
Tailgating,7319,2481,2248,car,Outer,1.549313741580041
Tailgating,7319,2336,2399,car,Outer,1.3272065229040202
Tailgating,7319,2399,2423,motorcycle,Outer,0.47875118408750117
Tailgating,7319,2022,2412,motorcycle,Outer,0.9562211672361295
Tailgating,7320,2481,2248,car,Outer,1.64930326601466
Tailgating,7320,2399,2423,motorcycle,Outer,0.5667737894962117
Tailgating,7320,2022,2412,motorcycle,Outer,1.026818657454623
Tailgating,7321,2481,2248,car,Outer,1.679865517391438
Tailgating,7321,2399,2423,motorcycle,Outer,0.6381471620215577
Tailgating,7321,2022,2412,motorcycle,Outer,1.307301688360981
Tailgating,7321,2412,2442,motorcycle,Outer,0.978950739343535
Tailgating,7322,2481,2248,car,Outer,1.7177592740421517
Tailgating,7322,2336,2399,car,Outer,1.1324899582286982
Tailgating,7322,2022,2412,motorcycle,Outer,1.4330235021146953
Tailgating,7322,2412,2442,motorcycle,Outer,0.9057700006376729
Tailgating,7323,2481,2248,car,Outer,1.7446883915778255
Tailgating,7323,2336,2399,car,Outer,1.0715217475302234
Tailgating,7323,2022,2412,motorcycle,Outer,1.507479394927061
Tailgating,7324,2481,2248,car,Outer,1.8599782738389699
Tailgating,7324,2336,2399,car,Outer,0.9899654092387331
Tailgating,7324,2399,2423,motorcycle,Outer,0.7134566778176261
Tailgating,7324,2022,2412,motorcycle,Outer,1.5648654989952693
Tailgating,7325,2481,2248,car,Outer,1.9307207213155209
Tailgating,7325,2399,2423,motorcycle,Outer,0.6846354434832191
Tailgating,7325,2022,2412,motorcycle,Outer,1.6249885211195223
Tailgating,7326,2481,2248,car,Outer,1.9303041220104336
Tailgating,7326,2425,2336,motorcycle,Outer,0.5381636569395927
Tailgating,7326,2399,2423,motorcycle,Outer,0.7027143159867123
Tailgating,7326,2022,2412,motorcycle,Outer,1.6777109080349246
Tailgating,7327,2481,2248,car,Outer,1.9641879232439656
Tailgating,7327,2425,2336,motorcycle,Outer,0.6027086487035894
Tailgating,7327,2399,2423,motorcycle,Outer,0.7199526770324561
Tailgating,7327,2022,2412,motorcycle,Outer,1.732403621660205
Tailgating,7328,2481,2248,car,Outer,1.90657924134897
Tailgating,7328,2425,2336,motorcycle,Outer,0.5692723325017902
Tailgating,7328,2336,2399,car,Outer,0.9818265685895875
Tailgating,7328,2399,2423,motorcycle,Outer,0.7549292001039617
Tailgating,7328,2022,2412,motorcycle,Outer,1.566656881109917
Tailgating,7328,2412,2442,motorcycle,Outer,1.060428410359008
Tailgating,7329,2425,2336,motorcycle,Outer,0.7203995964058019
Tailgating,7329,2399,2423,motorcycle,Outer,0.7200890993479919
Tailgating,7329,2022,2412,motorcycle,Outer,1.5274767102528346
Tailgating,7329,2412,2442,motorcycle,Outer,1.1284480499288978
Tailgating,7330,2425,2336,motorcycle,Outer,0.7730718409569372
Tailgating,7330,2336,2399,car,Outer,0.9769085263256599
Tailgating,7330,2399,2423,motorcycle,Outer,0.7723806815664207
Tailgating,7330,2022,2412,motorcycle,Outer,1.5593066834425169
Tailgating,7331,2336,2399,car,Outer,0.9447740354488517
Tailgating,7331,2399,2423,motorcycle,Outer,0.8377329700049163
Tailgating,7331,2022,2412,motorcycle,Outer,1.60880574507286
Tailgating,7332,2399,2423,motorcycle,Outer,0.8877167478709185
Tailgating,7334,2481,2248,car,Outer,1.978380182258414
Tailgating,7334,2336,2399,car,Outer,0.8002501325286135
Tailgating,7334,2399,2423,motorcycle,Outer,0.9392409644342321
Tailgating,7335,2481,2248,car,Outer,2.1143505388102737
Tailgating,7335,2336,2399,car,Outer,0.7511101695701622
Tailgating,7335,2399,2423,motorcycle,Outer,0.9582221338319329
Tailgating,7336,2481,2248,car,Outer,2.18617380364523
Tailgating,7336,2399,2423,motorcycle,Outer,0.9656892615989128
Tailgating,7337,2481,2248,car,Outer,2.2644912608493626
Tailgating,7338,2481,2509,car,Outer,0.04693388493620484
Tailgating,7338,2399,2423,motorcycle,Outer,1.141753861279096
Tailgating,7339,2481,2509,car,Outer,0.0948477746849776
Tailgating,7339,2336,2399,car,Outer,0.5568186697304381
Tailgating,7339,2399,2423,motorcycle,Outer,1.222942228478665
Tailgating,7340,2481,2509,car,Outer,0.07446775657816271
Tailgating,7340,2399,2423,motorcycle,Outer,1.1580835017256637
Tailgating,7341,2481,2509,car,Outer,0.09873227579834144
Tailgating,7341,2399,2423,motorcycle,Outer,1.2037427050214857
Tailgating,7342,2399,2423,motorcycle,Outer,1.2437944854768548
Tailgating,7343,2481,2509,car,Outer,0.16449880954964521
Tailgating,7343,2336,2399,car,Outer,0.665471623598432
Tailgating,7344,2481,2509,car,Outer,0.19093440302774267
Tailgating,7344,2336,2399,car,Outer,0.7492134405629036
Tailgating,7344,2399,2423,motorcycle,Outer,1.253444403933886
Tailgating,7344,2450,2516,car,Outer,2.61006497614087
Tailgating,7345,2481,2509,car,Outer,0.24786362016526425
Tailgating,7345,2336,2399,car,Outer,0.7733474299864501
Tailgating,7345,2399,2423,motorcycle,Outer,1.2892643868444407
Tailgating,7345,2450,2516,car,Outer,2.6108605948430603
Tailgating,7346,2481,2509,car,Outer,0.30066400206155347
Tailgating,7346,2336,2399,car,Outer,0.6742080235502974
Tailgating,7346,2399,2423,motorcycle,Outer,1.3193021813242294
Tailgating,7346,2450,2516,car,Outer,2.5811436101897303
Tailgating,7347,2481,2509,car,Outer,0.3500265266795162
Tailgating,7347,2336,2399,car,Outer,0.6003476499440786
Tailgating,7347,2399,2423,motorcycle,Outer,1.3381157747836205
Tailgating,7347,2450,2516,car,Outer,2.5178313689127076
Tailgating,7348,2481,2509,car,Outer,0.24404704451385137
Tailgating,7348,2336,2399,car,Outer,0.6261858380471254
Tailgating,7348,2399,2423,motorcycle,Outer,1.3687840079475329
Tailgating,7348,2450,2516,car,Outer,2.429585118199033
Tailgating,7349,2481,2509,car,Outer,0.33477064876907714
Tailgating,7349,2336,2399,car,Outer,0.49735485331233176
Tailgating,7349,2399,2423,motorcycle,Outer,1.4150180958969174
Tailgating,7349,2450,2516,car,Outer,2.3150021597628268
Tailgating,7349,2516,2493,person,Outer,2.2700464991605864
Tailgating,7350,2481,2509,car,Outer,0.4015669780149143
Tailgating,7350,2336,2399,car,Outer,0.5411141337621646
Tailgating,7350,2450,2516,car,Outer,2.170256947601278
Tailgating,7350,2516,2493,person,Outer,2.320513616205544
Tailgating,7351,2481,2509,car,Outer,0.3086629292170964
Tailgating,7351,2336,2399,car,Outer,0.4824245059574007
Tailgating,7351,2399,2423,motorcycle,Outer,1.428978250468385
Tailgating,7351,2450,2516,car,Outer,2.048411470774173
Tailgating,7352,2481,2509,car,Outer,0.3996870067706643
Tailgating,7352,2336,2399,car,Outer,0.5029882249534029
Tailgating,7352,2399,2423,motorcycle,Outer,1.459948639744601
Tailgating,7352,2412,2450,motorcycle,Outer,3.599419729393801
Tailgating,7352,2450,2516,car,Outer,1.9343638260053846
Tailgating,7353,2481,2509,car,Outer,0.454285299038862
Tailgating,7353,2336,2399,car,Outer,0.42142538635307886
Tailgating,7353,2399,2423,motorcycle,Outer,1.4775149427337961
Tailgating,7353,2412,2450,motorcycle,Outer,3.42356998422966
Tailgating,7353,2450,2485,car,Outer,0.30301041832663395
Tailgating,7353,2485,2516,motorcycle,Outer,1.5698571833929302
Tailgating,7354,2481,2509,car,Outer,0.48560250864885973
Tailgating,7354,2336,2399,car,Outer,0.3190268670529618
Tailgating,7354,2399,2423,motorcycle,Outer,1.5213779367386877
Tailgating,7354,2412,2450,motorcycle,Outer,3.445461956342542
Tailgating,7354,2450,2485,car,Outer,0.1768848721923906
Tailgating,7354,2485,2516,motorcycle,Outer,1.584789815519833
Tailgating,7355,2481,2509,car,Outer,0.4889945847769882
Tailgating,7355,2336,2399,car,Outer,0.2916952875617783
Tailgating,7355,2450,2485,car,Outer,0.04793535081262274
Tailgating,7356,2481,2509,car,Outer,0.5365525270307693
Tailgating,7356,2399,2423,motorcycle,Outer,1.5638069106074546
Tailgating,7357,2481,2509,car,Outer,0.5314072717443951
Tailgating,7357,2399,2423,motorcycle,Outer,1.634181924361941
Tailgating,7357,2412,2485,motorcycle,Outer,3.8212558812218225
Tailgating,7357,2520,2516,car,Outer,1.3173334744147371
Tailgating,7358,2481,2509,car,Outer,0.5842141208345588
Tailgating,7358,2399,2423,motorcycle,Outer,1.6657083623541749
Tailgating,7358,2450,2516,car,Outer,1.2516876110326454
Tailgating,7359,2481,2509,car,Outer,0.6435115440464549
Tailgating,7359,2520,2516,car,Outer,1.1194836776719392
Tailgating,7360,2481,2509,car,Outer,0.6810876100393833
Tailgating,7360,2450,2493,car,Outer,3.3191141690648975
Tailgating,7361,2481,2509,car,Outer,0.7123751211545241
Tailgating,7361,2450,2493,car,Outer,3.2405406044724683
Tailgating,7362,2412,2423,motorcycle,Outer,0.16541206074517692
Tailgating,7362,2450,2493,car,Outer,3.158089828594335
Tailgating,7363,2509,2248,car,Outer,2.1386074921348865
Tailgating,7363,2412,2423,motorcycle,Outer,1.4474959493169355
Tailgating,7363,2450,2493,car,Outer,3.0767088560915155
Tailgating,7364,2509,2248,car,Outer,2.165914649328934
Tailgating,7364,2412,2336,motorcycle,Outer,0.19713502272761108
Tailgating,7364,2450,2493,car,Outer,2.9921967811124355
Tailgating,7365,2481,2509,car,Outer,0.7389151993478384
Tailgating,7365,2412,2336,motorcycle,Outer,0.24477966989981603
Tailgating,7365,2450,2493,car,Outer,2.9146393687894094
Tailgating,7366,2481,2509,car,Outer,0.7916460187788851
Tailgating,7366,2412,2336,motorcycle,Outer,0.19600598084150317
Tailgating,7366,2520,2493,car,Outer,2.8185762359400686
Tailgating,7367,2481,2509,car,Outer,0.8348010502347488
Tailgating,7367,2412,2336,motorcycle,Outer,0.129219102503797
Tailgating,7367,2520,2493,car,Outer,2.7259137835228495
Tailgating,7368,2481,2509,car,Outer,0.8768209124818853
Tailgating,7368,2470,2248,motorcycle,Outer,1.7165352393983235
Tailgating,7368,2412,2336,motorcycle,Outer,0.05898019403584589
Tailgating,7368,2520,2493,car,Outer,2.6294405639974903
Tailgating,7369,2481,2509,car,Outer,0.9128845380055529
Tailgating,7369,2470,2248,motorcycle,Outer,1.803749198293392
Tailgating,7369,2412,2336,motorcycle,Outer,0.003726292845692918
Tailgating,7369,2520,2493,car,Outer,2.5371075120432645
Tailgating,7370,2481,2509,car,Outer,0.9485917997617048
Tailgating,7370,2470,2248,motorcycle,Outer,1.8346411389887225
Tailgating,7370,2412,2423,motorcycle,Outer,1.5894046603620553
Tailgating,7370,2520,2493,car,Outer,2.4386329295140485
Tailgating,7371,2470,2248,motorcycle,Outer,1.8590043984278868
Tailgating,7371,2450,2493,car,Outer,2.3628752795115164
Tailgating,7372,2520,2493,car,Outer,2.2727275320631284
Tailgating,7373,2481,2509,car,Outer,0.9046758286011272
Tailgating,7373,2520,2493,car,Outer,2.1743757805658
Tailgating,7374,2481,2509,car,Outer,0.9749367010458757
Tailgating,7374,2450,2493,car,Outer,2.0967168100267246
Tailgating,7375,2481,2509,car,Outer,1.0471919425044047
Tailgating,7375,2470,2248,motorcycle,Outer,1.1901848214243547
Tailgating,7375,2450,2493,car,Outer,2.0255127467976988
Tailgating,7376,2481,2509,car,Outer,0.9251180133988821
Tailgating,7376,2470,2248,motorcycle,Outer,0.9511617758959415
Tailgating,7376,2412,2406,motorcycle,Outer,1.0608368830092703
Tailgating,7376,2450,2486,car,Outer,0.13543705997929642
Tailgating,7376,2486,2493,motorcycle,Outer,1.909672817097952
Tailgating,7377,2481,2509,car,Outer,1.030805261162971
Tailgating,7377,2412,2406,motorcycle,Outer,1.8139019409270465
Tailgating,7377,2450,2486,car,Outer,0.1894134632700742
Tailgating,7377,2486,2493,motorcycle,Outer,1.7598513115979568
Tailgating,7378,2481,2509,car,Outer,1.1114360793064597
Tailgating,7378,2412,2406,motorcycle,Outer,2.1471691559971244
Tailgating,7378,2450,2486,car,Outer,0.11499605170446332
Tailgating,7378,2486,2493,motorcycle,Outer,1.7298136629608323
Tailgating,7379,2481,2509,car,Outer,1.1731465014975822
Tailgating,7379,2412,2248,motorcycle,Outer,0.005968216808079955
Tailgating,7379,2450,2493,car,Outer,1.6723281018311686
Tailgating,7380,2481,2509,car,Outer,1.2264432239171574
Tailgating,7380,2412,2406,motorcycle,Outer,2.2148636031737556
Tailgating,7380,2450,2493,car,Outer,1.575888475797423
Tailgating,7381,2481,2509,car,Outer,1.2415496039488458
Tailgating,7381,2450,2493,car,Outer,1.4879135105238646
Tailgating,7382,2481,2509,car,Outer,1.2698053636883757
Tailgating,7382,2450,2493,car,Outer,1.3959384600029783
Tailgating,7383,2481,2509,car,Outer,1.184156123953037
Tailgating,7383,2450,2493,car,Outer,1.2807304033701294
Tailgating,7384,2481,2509,car,Outer,1.137221063429543
Tailgating,7384,2336,2423,car,Outer,1.6613930544808106
Tailgating,7384,2450,2493,car,Outer,1.2017586701363496
Tailgating,7385,2481,2509,car,Outer,1.0952061881511372
Tailgating,7385,2450,2493,car,Outer,1.0978081943945943
Tailgating,7386,2481,2509,car,Outer,1.0926809757336242
Tailgating,7386,2412,2406,motorcycle,Outer,2.1389037414490706
Tailgating,7386,2336,2423,car,Outer,1.61151154300106
Tailgating,7387,2481,2509,car,Outer,1.0872654824794525
Tailgating,7387,2336,2423,car,Outer,1.5819792124876193
Tailgating,7388,2412,2406,motorcycle,Outer,2.0852692847699776
Tailgating,7391,2481,2509,car,Outer,1.1559457575763106
Tailgating,7393,2481,2509,car,Outer,1.294324916117565
Tailgating,7394,2481,2509,car,Outer,1.4605325199116355
Tailgating,7394,2336,2423,car,Outer,1.5703872404347297
Tailgating,7394,2543,2493,person,Outer,3.2601189353089497
Tailgating,7395,2481,2509,car,Outer,1.5820546139276075
Tailgating,7395,2399,2412,motorcycle,Outer,0.10201436035886732
Tailgating,7395,2543,2493,person,Outer,3.298727548481789
Tailgating,7396,2481,2509,car,Outer,1.6640671917169783
Tailgating,7396,2399,2248,motorcycle,Outer,0.0012241383984560484
Tailgating,7397,2481,2509,car,Outer,1.7276413739344607
Tailgating,7398,2481,2509,car,Outer,1.7695856460563923
Tailgating,7398,2399,2248,motorcycle,Outer,0.06246706184572425
Tailgating,7399,2481,2509,car,Outer,1.656462665922956
Tailgating,7399,2399,2248,motorcycle,Outer,0.11321054195674521
Tailgating,7400,2481,2509,car,Outer,1.7421441858325264
Tailgating,7400,2399,2248,motorcycle,Outer,0.14445842195434033
Tailgating,7400,2543,2493,person,Outer,3.40303410896674
Tailgating,7401,2481,2509,car,Outer,1.8241329717258186
Tailgating,7402,2481,2509,car,Outer,1.8907807051589292
Tailgating,7402,2450,2495,car,Outer,1.5270151375045946
Tailgating,7403,2481,2509,car,Outer,1.9418954940598443
Tailgating,7403,2399,2248,motorcycle,Outer,0.1974752266351816
Tailgating,7403,2336,2423,car,Outer,1.6558854213617464
Tailgating,7403,2450,2495,car,Outer,1.4457755213424193
Tailgating,7404,2481,2509,car,Outer,1.9741955005055074
Tailgating,7404,2450,2495,car,Outer,1.3750509325984681
Tailgating,7405,2399,2248,motorcycle,Outer,0.3203136567565065
Tailgating,7405,2450,2495,car,Outer,1.2948891828134952
Tailgating,7406,2399,2248,motorcycle,Outer,0.379706016002932
Tailgating,7406,2450,2495,car,Outer,1.1945873714700739
Tailgating,7407,2481,2509,car,Outer,1.8808400335835753
Tailgating,7407,2399,2248,motorcycle,Outer,0.637497598703056
Tailgating,7407,2336,2423,car,Outer,1.6363995064322323
Tailgating,7407,2450,2495,car,Outer,1.0962602068560305
Tailgating,7408,2481,2509,car,Outer,1.8287883353793066
Tailgating,7408,2399,2248,motorcycle,Outer,0.831473055662977
Tailgating,7408,2336,2423,car,Outer,1.592395654378269
Tailgating,7408,2450,2495,car,Outer,0.998908855016536
Tailgating,7409,2481,2509,car,Outer,1.8848154424607415
Tailgating,7409,2399,2248,motorcycle,Outer,0.9055393789642454
Tailgating,7409,2450,2495,car,Outer,0.9028041000727328
Tailgating,7410,2481,2509,car,Outer,1.9259677441525809
Tailgating,7410,2399,2248,motorcycle,Outer,0.9255106238065612
Tailgating,7410,2450,2495,car,Outer,1.3007603238395558
Tailgating,7411,2399,2248,motorcycle,Outer,0.9418939064739236
Tailgating,7411,2412,2406,motorcycle,Outer,2.0477931561697087
Tailgating,7411,2450,2495,car,Outer,1.3516251274092639
Tailgating,7412,2399,2248,motorcycle,Outer,0.6481202929648974
Tailgating,7412,2450,2495,car,Outer,0.8372826199885527
Tailgating,7413,2481,2509,car,Outer,2.1103100623364233
Tailgating,7413,2399,2248,motorcycle,Outer,0.5759363278117295
Tailgating,7413,2450,2495,car,Outer,0.5692703740079436
Tailgating,7414,2481,2509,car,Outer,2.2094912905819464
Tailgating,7414,2399,2248,motorcycle,Outer,0.5967289993444138
Tailgating,7414,2450,2495,car,Outer,0.4281775184824275
Tailgating,7415,2481,2412,car,Outer,0.36716105360952744
Tailgating,7415,2412,2509,motorcycle,Outer,1.7930532156967904
Tailgating,7415,2406,2423,motorcycle,Outer,0.28391044458951703
Tailgating,7415,2450,2495,car,Outer,0.3123832296969561
Tailgating,7416,2412,2481,motorcycle,Outer,0.3166674106099891
Tailgating,7416,2481,2509,car,Outer,2.3293243189130535
Tailgating,7416,2399,2248,motorcycle,Outer,0.6454140255341854
Tailgating,7416,2450,2495,car,Outer,0.5940354868512823
Tailgating,7417,2412,2481,motorcycle,Outer,0.4674157718466848
Tailgating,7417,2481,2509,car,Outer,2.360798335478993
Tailgating,7417,2399,2248,motorcycle,Outer,0.7021385288268185
Tailgating,7417,2450,2495,car,Outer,0.23102607534043726
Tailgating,7418,2399,2248,motorcycle,Outer,0.7463293519554425
Tailgating,7418,2450,2495,car,Outer,0.03892990470600492
Tailgating,7419,2495,2450,motorcycle,Outer,0.06527011555751872
Tailgating,7423,2406,2493,motorcycle,Outer,2.9361666768383308
Tailgating,7424,2406,2493,motorcycle,Outer,2.354219893107175
Tailgating,7425,2406,2493,motorcycle,Outer,2.2040864429235896
Tailgating,7428,2564,2406,motorcycle,Outer,1.4951899177006502
Tailgating,7429,2564,2406,motorcycle,Outer,1.5121303537750006
Tailgating,7430,2564,2406,motorcycle,Outer,1.3037886731270645
Tailgating,7431,2564,2406,motorcycle,Outer,1.2171299009309342
Tailgating,7432,2564,2406,motorcycle,Outer,1.1151472771528657
Tailgating,7433,2564,2406,motorcycle,Outer,0.9727482762753743
Tailgating,7433,2406,2493,motorcycle,Outer,2.2986039367852893
Tailgating,7434,2564,2406,motorcycle,Outer,0.8275777874549892
Tailgating,7434,2406,2493,motorcycle,Outer,2.329076964081616
Tailgating,7435,2564,2406,motorcycle,Outer,0.6802049076403355
Tailgating,7435,2406,2493,motorcycle,Outer,2.356134184433946
Tailgating,7436,2564,2406,motorcycle,Outer,0.4312458116824428
Tailgating,7437,2564,2406,motorcycle,Outer,0.3269509158754294
Tailgating,7438,2564,2406,motorcycle,Outer,0.25587185267730056
Tailgating,7439,2564,2493,motorcycle,Outer,2.8060421355549785
Tailgating,7440,2564,2493,motorcycle,Outer,2.685019089025099
Tailgating,7441,2564,2493,motorcycle,Outer,2.5538216676706447
Tailgating,7442,2564,2493,motorcycle,Outer,2.426430567069824
Tailgating,7443,2564,2493,motorcycle,Outer,2.3149611350008903
Tailgating,7444,2564,2493,motorcycle,Outer,2.1948733377496428
Tailgating,7445,2564,2493,motorcycle,Outer,2.0923866562040367
Tailgating,7446,2564,2493,motorcycle,Outer,1.9782089568937857
Tailgating,7447,2564,2493,motorcycle,Outer,1.8605797331724505
Tailgating,7448,2399,2248,motorcycle,Outer,1.811311885807922
Tailgating,7448,2564,2493,motorcycle,Outer,1.7525375254116506
Tailgating,7449,2399,2248,motorcycle,Outer,2.2740943708770094
Tailgating,7449,2564,2493,motorcycle,Outer,1.6304210685776972
Tailgating,7450,2399,2248,motorcycle,Outer,2.4658079849376535
Tailgating,7450,2564,2493,motorcycle,Outer,1.518384836088802
Tailgating,7451,2399,2248,motorcycle,Outer,2.5322693039957773
Tailgating,7451,2564,2493,motorcycle,Outer,1.398449638236727
Tailgating,7452,2481,2399,car,Outer,2.8011272770611435
Tailgating,7452,2399,2248,motorcycle,Outer,2.587481476808579
Tailgating,7452,2564,2493,motorcycle,Outer,1.2959918428351702
Tailgating,7453,2399,2248,motorcycle,Outer,1.346272053444518
Tailgating,7453,2564,2493,motorcycle,Outer,1.2240570791739356
Tailgating,7454,2564,2493,motorcycle,Outer,1.0511628245810216
Tailgating,7455,2564,2493,motorcycle,Outer,0.9287016321867577
Tailgating,7456,2564,2493,motorcycle,Outer,0.8075183536401198
Tailgating,7457,2564,2495,motorcycle,Outer,2.6098847858811887
Tailgating,7458,2564,2495,motorcycle,Outer,2.499485758294195
Tailgating,7459,2564,2495,motorcycle,Outer,2.3795300552771277
Tailgating,7461,2399,2248,motorcycle,Outer,0.9731392774681007
Tailgating,7468,2399,2248,motorcycle,Outer,0.9831888439771727
Tailgating,7469,2399,2336,motorcycle,Outer,3.945247182948276
Tailgating,7470,2399,2336,motorcycle,Outer,3.5196123713863465
Tailgating,7471,2399,2336,motorcycle,Outer,3.3991153223840436
Tailgating,7473,2579,2248,car,Outer,2.10047813985002
Tailgating,7474,2481,2579,car,Outer,3.84566898283764
Tailgating,7475,2481,2579,car,Outer,3.8984005799884844
Tailgating,7475,2399,2336,motorcycle,Outer,3.467964625715689
Tailgating,7477,2399,2336,motorcycle,Outer,3.5094719354665633
Tailgating,7481,2399,2336,motorcycle,Outer,3.5933947074993315
Tailgating,7482,2481,2579,car,Outer,3.979311406695398
Tailgating,7482,2399,2336,motorcycle,Outer,3.6224964470082424
Tailgating,7485,2399,2336,motorcycle,Outer,3.683560876867239
Tailgating,7487,2399,2336,motorcycle,Outer,3.7545381799349973
Tailgating,7488,2399,2336,motorcycle,Outer,3.7931512747484417
Tailgating,7489,2399,2336,motorcycle,Outer,3.825435291405281
Tailgating,7492,2399,2336,motorcycle,Outer,3.8988476963483185
Tailgating,7497,2399,2336,motorcycle,Outer,3.9974758213079604
Tailgating,7498,2579,2248,car,Outer,2.013817106059888
Tailgating,7500,2579,2248,car,Outer,1.962237496023521
Tailgating,7501,2579,2399,car,Outer,2.142958300497859
Tailgating,7501,2399,2248,motorcycle,Outer,0.00596424068479761
Tailgating,7501,2574,2583,car,Outer,3.641155444163166
Tailgating,7502,2583,2481,car,Outer,3.797638453465388
Tailgating,7502,2579,2399,car,Outer,2.0685460624806105
Tailgating,7502,2399,2248,motorcycle,Outer,0.04675312991302671
Tailgating,7502,2574,2583,car,Outer,3.6401038212789354
Tailgating,7503,2583,2481,car,Outer,3.696526188828265
Tailgating,7503,2574,2583,car,Outer,3.6560732116056687
Tailgating,7504,2583,2481,car,Outer,3.6196467576755738
Tailgating,7504,2574,2583,car,Outer,3.6509023423932443
Tailgating,7505,2583,2481,car,Outer,3.5562189390752854
Tailgating,7505,2574,2583,car,Outer,3.6467960800296324
Tailgating,7506,2583,2481,car,Outer,3.4505107345770916
Tailgating,7506,2399,2248,motorcycle,Outer,0.108248318985613
Tailgating,7506,2574,2583,car,Outer,3.6388841351636745
Tailgating,7508,2583,2481,car,Outer,3.3635170703147415
Tailgating,7508,2574,2583,car,Outer,3.6198355620232667
Tailgating,7509,2583,2481,car,Outer,3.370892468289163
Tailgating,7509,2574,2583,car,Outer,3.616885130099799
Tailgating,7510,2583,2481,car,Outer,3.3134609448040133
Tailgating,7510,2399,2248,motorcycle,Outer,0.1670870583927885
Tailgating,7510,2574,2583,car,Outer,3.618515629185653
Tailgating,7511,2583,2481,car,Outer,3.2481608638208224
Tailgating,7511,2399,2248,motorcycle,Outer,0.20913862754867754
Tailgating,7511,2574,2583,car,Outer,3.6228494559486593
Tailgating,7512,2583,2481,car,Outer,3.1648814295248946
Tailgating,7512,2399,2248,motorcycle,Outer,0.2561807920373318
Tailgating,7512,2574,2583,car,Outer,3.629992149215356
Tailgating,7513,2583,2481,car,Outer,3.0901729819278265
Tailgating,7513,2399,2248,motorcycle,Outer,0.2882478253141361
Tailgating,7513,2574,2583,car,Outer,3.61740613567384
Tailgating,7514,2583,2481,car,Outer,2.9832360801624875
Tailgating,7514,2399,2248,motorcycle,Outer,0.32917360174466964
Tailgating,7514,2574,2583,car,Outer,3.5379191852561687
Tailgating,7515,2583,2481,car,Outer,2.899546622686147
Tailgating,7515,2399,2248,motorcycle,Outer,0.38110506081245077
Tailgating,7515,2574,2583,car,Outer,3.4532076493054578
Tailgating,7516,2583,2481,car,Outer,2.805421747988496
Tailgating,7516,2399,2248,motorcycle,Outer,0.4060431390618227
Tailgating,7517,2583,2481,car,Outer,2.685050635237995
Tailgating,7517,2399,2248,motorcycle,Outer,0.43580451852741486
Tailgating,7518,2583,2481,car,Outer,2.5743726835065246
Tailgating,7518,2399,2248,motorcycle,Outer,0.46917619524613774
Tailgating,7519,2583,2481,car,Outer,2.4717783908953406
Tailgating,7519,2399,2248,motorcycle,Outer,0.5088940112038802
Tailgating,7520,2399,2248,motorcycle,Outer,0.530324273208519
Tailgating,7521,2399,2248,motorcycle,Outer,0.5439865563475639
Tailgating,7521,2574,2583,car,Outer,3.5940870646884466
Tailgating,7522,2248,2336,car,Outer,3.7533391726260272
Tailgating,7522,2574,2583,car,Outer,3.593369659943442
Tailgating,7523,2574,2583,car,Outer,3.5851888913120504
Tailgating,7524,2574,2583,car,Outer,3.5134835145754044
Tailgating,7525,2399,2248,motorcycle,Outer,0.6657257868852513
Tailgating,7525,2574,2583,car,Outer,3.479898667378481
Tailgating,7527,2399,2248,motorcycle,Outer,0.6834747130249653
Tailgating,7528,2399,2248,motorcycle,Outer,0.7147528680770291
Tailgating,7529,2399,2248,motorcycle,Outer,0.7538709738157605
Tailgating,7530,2399,2248,motorcycle,Outer,0.7715463903202079
Tailgating,7531,2399,2248,motorcycle,Outer,0.7958863485536055
Tailgating,7532,2399,2248,motorcycle,Outer,0.8115369136001873
Tailgating,7532,2574,2583,car,Outer,3.5269586271232716
Tailgating,7533,2399,2248,motorcycle,Outer,0.8340007343076143
Tailgating,7533,2574,2583,car,Outer,3.453780252887512
Tailgating,7535,2399,2248,motorcycle,Outer,0.8996252680227556
Tailgating,7535,2336,2423,car,Outer,1.5179625116853632
Tailgating,7536,2399,2248,motorcycle,Outer,0.9267504346427753
Tailgating,7537,2399,2248,motorcycle,Outer,0.9710319202794904
Tailgating,7538,2399,2248,motorcycle,Outer,1.021341335879858
Tailgating,7539,2399,2248,motorcycle,Outer,1.0596950356959758
Tailgating,7539,2602,2595,person,Outer,0.5949385806727793
Tailgating,7540,2399,2248,motorcycle,Outer,1.078070034468404
Tailgating,7542,2399,2248,motorcycle,Outer,1.1293816648609327
Tailgating,7543,2399,2248,motorcycle,Outer,1.1822970481211694
Tailgating,7544,2399,2248,motorcycle,Outer,1.2117206757931112
Tailgating,7545,2399,2248,motorcycle,Outer,1.240485362040694
Tailgating,7546,2399,2248,motorcycle,Outer,1.2770193221806991
Tailgating,7547,2602,2595,person,Outer,0.4858501680358636
Tailgating,7547,2574,2583,car,Outer,3.5079727747347387
Tailgating,7548,2399,2248,motorcycle,Outer,1.3430013339182192
Tailgating,7548,2574,2583,car,Outer,3.500702213543157
Tailgating,7549,2399,2248,motorcycle,Outer,1.3829006952949734
Tailgating,7549,2602,2595,person,Outer,0.4790892170506629
Tailgating,7549,2574,2583,car,Outer,3.492419827648275
Tailgating,7550,2399,2248,motorcycle,Outer,1.427963219681545
Tailgating,7551,2399,2248,motorcycle,Outer,1.4332013403921524
Tailgating,7551,2574,2583,car,Outer,3.4928823055021
Tailgating,7552,2399,2248,motorcycle,Outer,1.469347410082642
Tailgating,7553,2399,2248,motorcycle,Outer,1.5123067303838162
Tailgating,7554,2399,2248,motorcycle,Outer,1.5614243666469434
Tailgating,7554,2574,2583,car,Outer,3.4528377136503345
Tailgating,7555,2399,2248,motorcycle,Outer,1.5938164128016916
Tailgating,7555,2574,2583,car,Outer,3.4252983177442644
Tailgating,7556,2399,2248,motorcycle,Outer,1.6217203159071212
Tailgating,7556,2336,2423,car,Outer,1.6165836609372797
Tailgating,7556,2574,2583,car,Outer,3.431604213570735
Tailgating,7557,2399,2248,motorcycle,Outer,1.649196171152866
Tailgating,7557,2574,2583,car,Outer,3.4035041798450623
Tailgating,7558,2399,2248,motorcycle,Outer,1.6873110234589535
Tailgating,7558,2574,2583,car,Outer,3.385845872709498
Tailgating,7559,2336,2423,car,Outer,1.5738007412044765
Tailgating,7560,2574,2583,car,Outer,3.45887000520647
Tailgating,7561,2399,2248,motorcycle,Outer,1.7395904987636877
Tailgating,7562,2399,2248,motorcycle,Outer,1.7955418693872711
Tailgating,7563,2399,2248,motorcycle,Outer,1.8306754507918463
Tailgating,7564,2399,2248,motorcycle,Outer,1.8511893522358127
Tailgating,7567,2399,2248,motorcycle,Outer,1.9344651234230537
Tailgating,7568,2399,2248,motorcycle,Outer,2.010642713086424
Tailgating,7569,2399,2248,motorcycle,Outer,2.0663269923965144
Tailgating,7570,2399,2248,motorcycle,Outer,2.1259076690989875
Tailgating,7570,2336,2423,car,Outer,1.576508414266969
Tailgating,7571,2399,2248,motorcycle,Outer,2.1863066666316517
Tailgating,7572,2399,2248,motorcycle,Outer,2.2328451455110203
Tailgating,7573,2399,2248,motorcycle,Outer,2.2614238612860666
Tailgating,7574,2399,2248,motorcycle,Outer,2.2946760272622115
Tailgating,7580,2399,2615,motorcycle,Outer,0.21308074804654656
Tailgating,7581,2399,2615,motorcycle,Outer,0.2373725981003402
Tailgating,7582,2399,2615,motorcycle,Outer,0.2773951660075595
Tailgating,7583,2399,2615,motorcycle,Outer,0.31642694179063013
Tailgating,7584,2399,2615,motorcycle,Outer,0.3427454049939041
Tailgating,7585,2399,2617,motorcycle,Outer,0.37701274241639904
Tailgating,7586,2399,2615,motorcycle,Outer,0.4208828531906664
Tailgating,7587,2399,2615,motorcycle,Outer,0.4455489997781728
Tailgating,7589,2399,2617,motorcycle,Outer,0.4792804970425898
Tailgating,7591,2399,2617,motorcycle,Outer,0.5462184945416243
Tailgating,7592,2399,2617,motorcycle,Outer,0.5928880532724081
Tailgating,7593,2399,2617,motorcycle,Outer,0.6278757920522142
Tailgating,7594,2399,2617,motorcycle,Outer,0.6730241488080236
Tailgating,7595,2399,2617,motorcycle,Outer,0.716767232750228
Tailgating,7595,2620,2574,car,Outer,3.9069067213167177
Tailgating,7596,2399,2617,motorcycle,Outer,0.7456768696736847
Tailgating,7597,2399,2615,motorcycle,Outer,0.7892023696988758
Tailgating,7598,2399,2615,motorcycle,Outer,0.8522614044536997
Tailgating,7599,2399,2617,motorcycle,Outer,0.9168055560919918
Tailgating,7600,2399,2615,motorcycle,Outer,0.9853886562856955
Tailgating,7601,2399,2615,motorcycle,Outer,1.0120404409713635
Tailgating,7602,2399,2615,motorcycle,Outer,1.0155757459205017
Tailgating,7603,2399,2615,motorcycle,Outer,1.092833389029891
Tailgating,7604,2399,2615,motorcycle,Outer,1.1788599269647138
Tailgating,7604,2620,2707,car,Outer,2.003480551543885
Tailgating,7605,2399,2615,motorcycle,Outer,1.2430475878142782
Tailgating,7605,2626,2620,car,Outer,0.8382275482875934
Tailgating,7605,2620,2707,car,Outer,2.0829111779367047
Tailgating,7606,2399,2617,motorcycle,Outer,1.2914557686389292
Tailgating,7606,2626,2620,car,Outer,0.9331142409773201
Tailgating,7606,2620,2707,car,Outer,2.203949124723278
Tailgating,7606,2707,2574,car,Outer,3.3113419860969016
Tailgating,7607,2399,2615,motorcycle,Outer,1.353773580668689
Tailgating,7607,2626,2620,car,Outer,0.5590343401904795
Tailgating,7607,2620,2707,car,Outer,2.4827141416742893
Tailgating,7607,2707,2574,car,Outer,3.25938257088579
Tailgating,7608,2399,2615,motorcycle,Outer,1.3929168957866997
Tailgating,7608,2626,2620,car,Outer,0.2949161558044158
Tailgating,7608,2620,2707,car,Outer,2.689148537090204
Tailgating,7609,2399,2615,motorcycle,Outer,1.4487922811865188
Tailgating,7609,2626,2620,car,Outer,0.0898067574322552
Tailgating,7609,2620,2707,car,Outer,2.8603455014116714
Tailgating,7610,2399,2615,motorcycle,Outer,1.4775032364412857
Tailgating,7610,2620,2626,car,Outer,0.10412007000495181
Tailgating,7610,2626,2707,car,Outer,3.098768319536601
Tailgating,7610,2707,2574,car,Outer,3.310034218414896
Tailgating,7611,2399,2615,motorcycle,Outer,1.5099960956994691
Tailgating,7611,2620,2626,car,Outer,0.26514110220164755
Tailgating,7611,2626,2707,car,Outer,3.0687146564521504
Tailgating,7611,2707,2574,car,Outer,3.3175847943225474
Tailgating,7612,2399,2615,motorcycle,Outer,1.5587768433594418
Tailgating,7612,2620,2626,car,Outer,0.40737281961820043
Tailgating,7612,2626,2707,car,Outer,3.052011930904389
Tailgating,7613,2399,2615,motorcycle,Outer,1.5955571336497092
Tailgating,7613,2620,2626,car,Outer,0.4030739573334765
Tailgating,7613,2626,2707,car,Outer,3.038350555237865
Tailgating,7614,2399,2615,motorcycle,Outer,1.633069456527141
Tailgating,7614,2626,2707,car,Outer,3.0369206781568066
Tailgating,7614,2707,2574,car,Outer,3.3184766182601426
Tailgating,7615,2399,2615,motorcycle,Outer,1.6797686071968794
Tailgating,7615,2620,2626,car,Outer,0.6678963013438532
Tailgating,7615,2626,2707,car,Outer,3.0238110875135646
Tailgating,7616,2399,2615,motorcycle,Outer,1.710064506715441
Tailgating,7616,2620,2626,car,Outer,0.8615568908549501
Tailgating,7616,2626,2707,car,Outer,3.0163366547568113
Tailgating,7617,2399,2615,motorcycle,Outer,0.07179886007509312
Tailgating,7617,2620,2626,car,Outer,0.9958313306997414
Tailgating,7618,2399,2248,motorcycle,Outer,1.7432193659359345
Tailgating,7618,2336,2423,car,Outer,1.6611223746209833
Tailgating,7618,2620,2626,car,Outer,1.1185930933167285
Tailgating,7619,2399,2248,motorcycle,Outer,1.5432891516004679
Tailgating,7619,2336,2423,car,Outer,1.6800271841980998
Tailgating,7619,2620,2626,car,Outer,1.2331947869083104
Tailgating,7619,2707,2574,car,Outer,3.2856621918877615
Tailgating,7620,2399,2248,motorcycle,Outer,1.4119075810355277
Tailgating,7620,2620,2626,car,Outer,1.350917324505967
Tailgating,7620,2707,2574,car,Outer,3.3033475211352976
Tailgating,7621,2399,2248,motorcycle,Outer,1.4214194775033449
Tailgating,7621,2620,2626,car,Outer,1.4682003865857736
Tailgating,7621,2707,2574,car,Outer,3.3187242207567977
Tailgating,7622,2399,2248,motorcycle,Outer,1.48813367868799
Tailgating,7622,2620,2626,car,Outer,1.5851269001561357
Tailgating,7622,2626,2707,car,Outer,3.0961001656609475
Tailgating,7622,2707,2574,car,Outer,3.319077511489311
Tailgating,7623,2399,2248,motorcycle,Outer,1.559074735390548
Tailgating,7623,2620,2626,car,Outer,1.6079867353518729
Tailgating,7623,2626,2707,car,Outer,3.095481729867142
Tailgating,7623,2707,2574,car,Outer,3.3007721925766687
Tailgating,7624,2399,2248,motorcycle,Outer,1.6056909352149713
Tailgating,7624,2620,2626,car,Outer,1.7757287351732716
Tailgating,7624,2626,2707,car,Outer,3.092759829765561
Tailgating,7624,2707,2574,car,Outer,3.3046924923162533
Tailgating,7626,2399,2248,motorcycle,Outer,1.6710654910172016
Tailgating,7626,2707,2574,car,Outer,3.3111280420476974
Tailgating,7627,2399,2248,motorcycle,Outer,1.7138394443604936
Tailgating,7627,2620,2626,car,Outer,1.9451759112554934
Tailgating,7628,2620,2626,car,Outer,2.0297464394369853
Tailgating,7628,2707,2574,car,Outer,3.3201429151321857
Tailgating,7629,2399,2248,motorcycle,Outer,1.774966092552019
Tailgating,7629,2620,2626,car,Outer,2.1197119957430655
Tailgating,7629,2707,2574,car,Outer,3.315418799125799
Tailgating,7630,2399,2248,motorcycle,Outer,1.7386403862935857
Tailgating,7630,2620,2626,car,Outer,2.21854003904968
Tailgating,7630,2707,2574,car,Outer,3.321267741266903
Tailgating,7631,2399,2248,motorcycle,Outer,1.7866030005311617
Tailgating,7631,2620,2626,car,Outer,2.3046344212680423
Tailgating,7631,2707,2574,car,Outer,3.3182317824572842
Tailgating,7632,2399,2248,motorcycle,Outer,1.8415043773299784
Tailgating,7632,2620,2626,car,Outer,2.3960446038585994
Tailgating,7632,2707,2574,car,Outer,3.319538101683224
Tailgating,7633,2399,2248,motorcycle,Outer,1.8548178804821538
Tailgating,7633,2620,2626,car,Outer,2.4782875438623053
Tailgating,7633,2707,2574,car,Outer,3.3421230272572435
Tailgating,7634,2399,2248,motorcycle,Outer,1.943021805687452
Tailgating,7634,2620,2626,car,Outer,2.570677709337617
Tailgating,7634,2707,2574,car,Outer,3.34096851571133
Tailgating,7635,2399,2248,motorcycle,Outer,1.9987381504096677
Tailgating,7635,2620,2626,car,Outer,2.651085577547986
Tailgating,7635,2707,2574,car,Outer,3.3270232366045303
Tailgating,7636,2399,2248,motorcycle,Outer,2.028811562765464
Tailgating,7636,2620,2626,car,Outer,2.7214504879824
Tailgating,7636,2707,2574,car,Outer,3.3014246152422446
Tailgating,7637,2399,2248,motorcycle,Outer,2.0627351999701222
Tailgating,7637,2620,2626,car,Outer,2.795658021925291
Tailgating,7637,2707,2574,car,Outer,3.289691221106851
Tailgating,7638,2620,2626,car,Outer,2.8779950672093837
Tailgating,7638,2626,2707,car,Outer,3.274812988724695
Tailgating,7638,2707,2574,car,Outer,3.2998906056470356
Tailgating,7639,2399,2248,motorcycle,Outer,2.1088978402198175
Tailgating,7639,2620,2626,car,Outer,2.962745206521157
Tailgating,7639,2626,2707,car,Outer,3.266356522677889
Tailgating,7639,2707,2574,car,Outer,3.3152175906881762
Tailgating,7640,2399,2248,motorcycle,Outer,2.1960819028783614
Tailgating,7640,2620,2626,car,Outer,3.058628179754828
Tailgating,7640,2626,2707,car,Outer,3.2494246585504705
Tailgating,7641,2399,2248,motorcycle,Outer,2.2423012331270926
Tailgating,7641,2620,2626,car,Outer,3.1561100137935076
Tailgating,7641,2626,2707,car,Outer,3.240391258916013
Tailgating,7641,2707,2574,car,Outer,3.390257021077441
Tailgating,7642,2399,2617,motorcycle,Outer,0.018325245019664736
Tailgating,7642,2620,2626,car,Outer,3.2321627758698073
Tailgating,7642,2707,2574,car,Outer,3.413468097697518
Tailgating,7643,2620,2626,car,Outer,3.3066944166804486
Tailgating,7643,2707,2574,car,Outer,3.373252280213648
Tailgating,7644,2399,2617,motorcycle,Outer,0.07907463602985566
Tailgating,7644,2620,2626,car,Outer,3.386095786368132
Tailgating,7644,2626,2707,car,Outer,3.2654424587617186
Tailgating,7644,2707,2574,car,Outer,3.361544981305707
Tailgating,7645,2399,2617,motorcycle,Outer,0.12148511161174336
Tailgating,7645,2620,2626,car,Outer,3.465791145052561
Tailgating,7645,2626,2707,car,Outer,3.2815124071403305
Tailgating,7645,2707,2574,car,Outer,3.394878608466132
Tailgating,7646,2626,2707,car,Outer,3.295032820500039
Tailgating,7646,2707,2574,car,Outer,3.4242669845788916
Tailgating,7647,2399,2617,motorcycle,Outer,0.17921871478182436
Tailgating,7647,2626,2707,car,Outer,3.293808670085382
Tailgating,7647,2707,2574,car,Outer,3.400448909157942
Tailgating,7648,2399,2617,motorcycle,Outer,0.2713757600853512
Tailgating,7648,2626,2707,car,Outer,3.279050462446119
Tailgating,7649,2399,2617,motorcycle,Outer,0.30825598996362685
Tailgating,7649,2707,2574,car,Outer,3.4998706702338436
Tailgating,7650,2399,2617,motorcycle,Outer,0.348318590656234
Tailgating,7650,2707,2574,car,Outer,3.5235824364670933
Tailgating,7651,2399,2617,motorcycle,Outer,0.3759279686174933
Tailgating,7651,2707,2574,car,Outer,3.5160917560664107
Tailgating,7652,2399,2617,motorcycle,Outer,0.41022153632935004
Tailgating,7652,2707,2574,car,Outer,3.506364178759589
Tailgating,7653,2399,2617,motorcycle,Outer,0.4438092462612943
Tailgating,7653,2707,2574,car,Outer,3.4966586285660144
Tailgating,7654,2399,2617,motorcycle,Outer,0.46279819420273766
Tailgating,7655,2399,2617,motorcycle,Outer,0.4854077376776112
Tailgating,7655,2626,2707,car,Outer,3.3216559164675017
Tailgating,7656,2399,2617,motorcycle,Outer,0.5230188753822232
Tailgating,7656,2626,2707,car,Outer,3.3242497854914093
Tailgating,7656,2707,2574,car,Outer,3.55069797033624
Tailgating,7657,2399,2617,motorcycle,Outer,0.5572404914755966
Tailgating,7657,2626,2707,car,Outer,3.3395211693698688
Tailgating,7657,2707,2574,car,Outer,3.49552958270413
Tailgating,7658,2399,2617,motorcycle,Outer,0.5980866609153848
Tailgating,7658,2626,2707,car,Outer,3.350622344087552
Tailgating,7658,2707,2574,car,Outer,3.415260609901125
Tailgating,7659,2707,2574,car,Outer,3.3535203428784195
Tailgating,7659,2399,2617,motorcycle,Outer,0.6555564926873914
Tailgating,7659,2626,2707,car,Outer,3.3677556269529245
Tailgating,7660,2707,2574,car,Outer,3.3227592664524295
Tailgating,7660,2399,2617,motorcycle,Outer,0.6667545041087851
Tailgating,7661,2707,2574,car,Outer,3.356987262304753
Tailgating,7661,2399,2617,motorcycle,Outer,0.7163550497871298
Tailgating,7661,2626,2707,car,Outer,3.4005170272453347
Tailgating,7662,2707,2574,car,Outer,3.3963607832756737
Tailgating,7662,2399,2617,motorcycle,Outer,0.7509765271481131
Tailgating,7663,2707,2574,car,Outer,3.356203773079735
Tailgating,7663,2399,2617,motorcycle,Outer,0.7699043875608144
Tailgating,7663,2626,2707,car,Outer,3.43230686776234
Tailgating,7664,2707,2574,car,Outer,3.3756155787810447
Tailgating,7665,2707,2574,car,Outer,3.3639657564549346
Tailgating,7665,2399,2617,motorcycle,Outer,0.860607890060046
Tailgating,7666,2707,2574,car,Outer,3.3726435606480965
Tailgating,7666,2399,2617,motorcycle,Outer,0.9333269962620805
Tailgating,7667,2707,2574,car,Outer,3.4054481951133013
Tailgating,7667,2399,2617,motorcycle,Outer,0.9964727926051168
Tailgating,7668,2707,2574,car,Outer,3.421122994752358
Tailgating,7668,2399,2617,motorcycle,Outer,1.0600896708270675
Tailgating,7669,2707,2574,car,Outer,3.418292531039066
Tailgating,7669,2399,2617,motorcycle,Outer,1.1170896561900143
Tailgating,7670,2707,2574,car,Outer,3.415458237161189
Tailgating,7670,2399,2617,motorcycle,Outer,1.1624156891743644
Tailgating,7670,2336,2423,car,Outer,1.6779593073437704
Tailgating,7671,2707,2574,car,Outer,3.405280542646071
Tailgating,7671,2399,2617,motorcycle,Outer,1.209536280348597
Tailgating,7672,2707,2574,car,Outer,3.3794969253631124
Tailgating,7672,2399,2617,motorcycle,Outer,1.2472845678258153
Tailgating,7672,2336,2423,car,Outer,1.6931416158807941
Tailgating,7673,2707,2574,car,Outer,3.376237905788058
Tailgating,7673,2399,2617,motorcycle,Outer,1.2916094990987645
Tailgating,7674,2707,2574,car,Outer,3.355773264283121
Tailgating,7674,2399,2617,motorcycle,Outer,1.3310387838597422
Tailgating,7674,2336,2423,car,Outer,1.6854710876522756
Tailgating,7675,2707,2574,car,Outer,3.3260014630813166
Tailgating,7675,2399,2617,motorcycle,Outer,1.3657475213089842
Tailgating,7675,2650,2707,bus,Outer,3.6338582546468614
Tailgating,7676,2707,2574,car,Outer,3.2776074800650217
Tailgating,7676,2399,2617,motorcycle,Outer,1.4051412146049198
Tailgating,7676,2650,2707,bus,Outer,3.6380222356002045
Tailgating,7677,2707,2574,car,Outer,3.2345866593814456
Tailgating,7677,2399,2617,motorcycle,Outer,1.4520133796106967
Tailgating,7677,2653,2628,motorcycle,Outer,0.4303016063748766
Tailgating,7677,2626,2707,car,Outer,3.668113236423009
Tailgating,7678,2707,2574,car,Outer,3.202866325050912
Tailgating,7678,2399,2617,motorcycle,Outer,1.496119392219859
Tailgating,7678,2653,2628,motorcycle,Outer,0.4767613575460335
Tailgating,7678,2626,2707,car,Outer,3.689458537841768
Tailgating,7679,2707,2574,car,Outer,3.202509255832825
Tailgating,7679,2399,2617,motorcycle,Outer,1.5458267336891591
Tailgating,7679,2653,2628,motorcycle,Outer,0.5107159418074241
Tailgating,7680,2707,2574,car,Outer,3.2825517765502212
Tailgating,7680,2399,2617,motorcycle,Outer,1.5931159269759534
Tailgating,7680,2653,2628,motorcycle,Outer,0.5662570228085683
Tailgating,7681,2707,2574,car,Outer,3.337829426464022
Tailgating,7681,2399,2617,motorcycle,Outer,1.6237711763183535
Tailgating,7681,2625,2336,car,Outer,1.0079690143318418
Tailgating,7681,2336,2423,car,Outer,1.6992071847680363
Tailgating,7681,2653,2628,motorcycle,Outer,0.5887259477016961
Tailgating,7681,2626,2707,car,Outer,3.7231128899476693
Tailgating,7682,2707,2574,car,Outer,3.297153422594924
Tailgating,7682,2399,2617,motorcycle,Outer,1.6679070878028095
Tailgating,7682,2625,2336,car,Outer,0.9321295218122808
Tailgating,7682,2653,2628,motorcycle,Outer,0.6274161860893754
Tailgating,7682,2626,2707,car,Outer,3.730314331821688
Tailgating,7683,2707,2574,car,Outer,3.258689901820048
Tailgating,7683,2574,2399,car,Outer,2.327644910863689
Tailgating,7683,2399,2617,motorcycle,Outer,3.6970814270370567
Tailgating,7683,2625,2336,car,Outer,0.8870855250532079
Tailgating,7683,2653,2628,motorcycle,Outer,0.6637966408183358
Tailgating,7683,2626,2707,car,Outer,3.734028701089096
Tailgating,7684,2707,2574,car,Outer,3.230957028309684
Tailgating,7684,2574,2399,car,Outer,1.3274096765295376
Tailgating,7684,2625,2336,car,Outer,0.8639058035090508
Tailgating,7684,2653,2628,motorcycle,Outer,0.7006586264546746
Tailgating,7684,2626,2707,car,Outer,3.7438202076914826
Tailgating,7685,2707,2574,car,Outer,3.1756324517074206
Tailgating,7685,2625,2336,car,Outer,0.8310633823173109
Tailgating,7685,2653,2628,motorcycle,Outer,0.7903725913082491
Tailgating,7685,2626,2707,car,Outer,3.7500801513901805
Tailgating,7686,2707,2574,car,Outer,3.1296417403216306
Tailgating,7686,2399,2617,motorcycle,Outer,2.8226013859056853
Tailgating,7686,2653,2628,motorcycle,Outer,0.7618311413294732
Tailgating,7686,2626,2707,car,Outer,3.7619652078195283
Tailgating,7687,2707,2574,car,Outer,3.0956157694512814
Tailgating,7687,2399,2617,motorcycle,Outer,2.1327245805048953
Tailgating,7687,2653,2628,motorcycle,Outer,0.8630174121737963
Tailgating,7687,2626,2707,car,Outer,3.7684586318814053
Tailgating,7688,2707,2574,car,Outer,3.0815254977943014
Tailgating,7688,2399,2617,motorcycle,Outer,1.91295828095664
Tailgating,7688,2653,2628,motorcycle,Outer,0.8859582212944971
Tailgating,7688,2626,2707,car,Outer,3.7824895490073427
Tailgating,7689,2707,2574,car,Outer,3.0566701696861958
Tailgating,7689,2653,2628,motorcycle,Outer,0.893016189061366
Tailgating,7689,2626,2707,car,Outer,3.794284015605026
Tailgating,7690,2707,2574,car,Outer,3.02206027791539
Tailgating,7690,2399,2617,motorcycle,Outer,1.9453596499493018
Tailgating,7690,2653,2628,motorcycle,Outer,0.8805507599554973
Tailgating,7690,2626,2707,car,Outer,3.8086561158506367
Tailgating,7691,2707,2574,car,Outer,2.9934123196286415
Tailgating,7691,2399,2617,motorcycle,Outer,2.0018033657920213
Tailgating,7691,2653,2628,motorcycle,Outer,0.9021518067853306
Tailgating,7691,2626,2707,car,Outer,3.8192386417882154
Tailgating,7692,2707,2574,car,Outer,2.978968864670603
Tailgating,7692,2399,2617,motorcycle,Outer,2.082809796179848
Tailgating,7692,2653,2628,motorcycle,Outer,0.9832012937956991
Tailgating,7692,2659,2626,car,Outer,1.2946533365711592
Tailgating,7692,2626,2707,car,Outer,3.826046864119326
Tailgating,7693,2707,2574,car,Outer,2.950133159817779
Tailgating,7693,2399,2617,motorcycle,Outer,2.1381521462271897
Tailgating,7693,2653,2628,motorcycle,Outer,1.0131132056684837
Tailgating,7693,2659,2626,car,Outer,1.2661986026625558
Tailgating,7693,2626,2707,car,Outer,3.8462956900721035
Tailgating,7694,2707,2574,car,Outer,2.9257950449311987
Tailgating,7694,2574,2399,car,Outer,3.977536453905725
Tailgating,7694,2399,2617,motorcycle,Outer,2.185717521792853
Tailgating,7694,2653,2628,motorcycle,Outer,1.0532087676284605
Tailgating,7694,2659,2626,car,Outer,1.2277074486232766
Tailgating,7694,2626,2707,car,Outer,3.8721846849606028
Tailgating,7695,2707,2574,car,Outer,2.8844717056311695
Tailgating,7695,2574,2399,car,Outer,3.8813110465646203
Tailgating,7695,2399,2617,motorcycle,Outer,2.2404148239150237
Tailgating,7695,2653,2628,motorcycle,Outer,1.106128243968689
Tailgating,7695,2659,2626,car,Outer,1.0758820880006774
Tailgating,7695,2626,2707,car,Outer,3.9051120871380864
Tailgating,7696,2399,2617,motorcycle,Outer,2.28805358944587
Tailgating,7696,2653,2628,motorcycle,Outer,1.1264831306597154
Tailgating,7696,2659,2626,car,Outer,1.0041565102326142
Tailgating,7696,2626,2707,car,Outer,3.911957062387376
Tailgating,7697,2399,2617,motorcycle,Outer,2.3311037954901783
Tailgating,7697,2653,2628,motorcycle,Outer,1.1379562791574251
Tailgating,7697,2659,2626,car,Outer,1.0123029319997001
Tailgating,7697,2626,2707,car,Outer,3.9080436807499352
Tailgating,7698,2399,2617,motorcycle,Outer,2.3728736636383143
Tailgating,7698,2653,2628,motorcycle,Outer,1.1385598490513125
Tailgating,7698,2659,2626,car,Outer,0.9424583362574888
Tailgating,7698,2626,2707,car,Outer,3.917933376882819
Tailgating,7699,2399,2617,motorcycle,Outer,2.4346624674333417
Tailgating,7699,2659,2626,car,Outer,0.8861340333968227
Tailgating,7699,2626,2707,car,Outer,3.9302268023385825
Tailgating,7700,2399,2617,motorcycle,Outer,2.4901577614268477
Tailgating,7700,2659,2626,car,Outer,0.8501295198895489
Tailgating,7700,2626,2707,car,Outer,3.93781018675532
Tailgating,7701,2399,2617,motorcycle,Outer,2.5428075901387563
Tailgating,7701,2659,2626,car,Outer,0.8987337886649474
Tailgating,7701,2626,2707,car,Outer,3.906377705035687
Tailgating,7702,2399,2617,motorcycle,Outer,2.620035576667887
Tailgating,7702,2659,2626,car,Outer,0.7025211863327223
Tailgating,7702,2626,2707,car,Outer,3.929877715362286
Tailgating,7703,2399,2617,motorcycle,Outer,2.694912708623159
Tailgating,7703,2659,2626,car,Outer,0.5563406093517681
Tailgating,7704,2399,2617,motorcycle,Outer,2.735686536324394
Tailgating,7704,2336,2423,car,Outer,1.6291041742316708
Tailgating,7704,2659,2626,car,Outer,0.47771032488449866
Tailgating,7705,2399,2617,motorcycle,Outer,2.7802559207701947
Tailgating,7705,2659,2626,car,Outer,0.4410187924221456
Tailgating,7706,2659,2626,car,Outer,0.4242138873135105
Tailgating,7707,2399,2617,motorcycle,Outer,2.8602660512373714
Tailgating,7707,2659,2626,car,Outer,0.43582141568523064
Tailgating,7708,2399,2617,motorcycle,Outer,2.8931288794834544
Tailgating,7709,2399,2617,motorcycle,Outer,2.9405448875083886
Tailgating,7709,2659,2626,car,Outer,0.6276740488372684
Tailgating,7710,2399,2617,motorcycle,Outer,2.987291618255643
Tailgating,7710,2659,2626,car,Outer,0.7541556028389996
Tailgating,7711,2399,2617,motorcycle,Outer,3.047089718901562
Tailgating,7711,2659,2626,car,Outer,0.7592911870692733
Tailgating,7712,2399,2617,motorcycle,Outer,3.0957140970137464
Tailgating,7712,2659,2626,car,Outer,0.7206362438185289
Tailgating,7713,2399,2617,motorcycle,Outer,3.162159284103557
Tailgating,7713,2659,2626,car,Outer,0.699138496079627
Tailgating,7714,2399,2617,motorcycle,Outer,3.2342911348285748
Tailgating,7714,2659,2626,car,Outer,0.710006512390338
Tailgating,7715,2399,2617,motorcycle,Outer,3.2989050870671415
Tailgating,7716,2707,2399,car,Outer,3.907348929399425
Tailgating,7716,2399,2617,motorcycle,Outer,3.354166852305575
Tailgating,7716,2659,2626,car,Outer,0.7726689419103906
Tailgating,7717,2707,2399,car,Outer,3.791176518413278
Tailgating,7717,2399,2617,motorcycle,Outer,3.3986631357447235
Tailgating,7717,2659,2626,car,Outer,0.7626093644802904
Tailgating,7718,2707,2399,car,Outer,3.685279669019866
Tailgating,7718,2399,2617,motorcycle,Outer,3.4389711104577727
Tailgating,7718,2659,2626,car,Outer,0.7568581739814791
Tailgating,7719,2399,2617,motorcycle,Outer,1.8507945503235426
Tailgating,7719,2659,2626,car,Outer,0.7680209725196327
Tailgating,7720,2399,2617,motorcycle,Outer,1.3480667867427443
Tailgating,7720,2659,2626,car,Outer,0.7971259659598123
Tailgating,7721,2399,2617,motorcycle,Outer,1.2433042612953493
Tailgating,7721,2538,2248,car,Outer,1.4813157662119993
Tailgating,7721,2659,2626,car,Outer,0.8304855254125341
Tailgating,7722,2538,2248,car,Outer,1.5039612407615643
Tailgating,7723,2399,2617,motorcycle,Outer,1.3279813941055891
Tailgating,7723,2538,2248,car,Outer,1.5313144492539539
Tailgating,7723,2659,2626,car,Outer,0.8611755246366631
Tailgating,7724,2399,2617,motorcycle,Outer,1.4014171355366425
Tailgating,7724,2659,2626,car,Outer,0.7939181556213837
Tailgating,7725,2399,2617,motorcycle,Outer,1.4681635226230318
Tailgating,7725,2659,2626,car,Outer,0.7419929474925865
Tailgating,7726,2399,2617,motorcycle,Outer,1.5296257461298504
Tailgating,7726,2659,2626,car,Outer,0.7305633110329794
Tailgating,7727,2399,2617,motorcycle,Outer,1.6089684854806152
Tailgating,7727,2659,2626,car,Outer,0.6957714381919466
Tailgating,7728,2399,2617,motorcycle,Outer,1.6705157289499024
Tailgating,7728,2538,2248,car,Outer,1.6677019687313113
Tailgating,7728,2659,2626,car,Outer,0.697150231522126
Tailgating,7729,2399,2617,motorcycle,Outer,1.7306813658370808
Tailgating,7729,2538,2248,car,Outer,1.6860295739477664
Tailgating,7729,2659,2626,car,Outer,0.6697365347069252
Tailgating,7730,2399,2617,motorcycle,Outer,1.7976141223662025
Tailgating,7730,2659,2626,car,Outer,0.6670983431358931
Tailgating,7731,2399,2617,motorcycle,Outer,1.8531296755615592
Tailgating,7732,2399,2617,motorcycle,Outer,1.904994901088709
Tailgating,7732,2659,2626,car,Outer,0.7615601514443657
Tailgating,7733,2399,2617,motorcycle,Outer,1.9593931290626303
Tailgating,7733,2659,2626,car,Outer,0.6926721127826843
Tailgating,7734,2399,2617,motorcycle,Outer,2.017581088093084
Tailgating,7734,2659,2626,car,Outer,0.6759804902350869
Tailgating,7735,2399,2617,motorcycle,Outer,2.07338802119966
Tailgating,7735,2659,2626,car,Outer,0.6560942091803768
Tailgating,7736,2399,2617,motorcycle,Outer,2.127722938387418
Tailgating,7736,2659,2626,car,Outer,0.6237335543497319
Tailgating,7737,2399,2617,motorcycle,Outer,2.1784201805204706
Tailgating,7737,2538,2248,car,Outer,1.912402326334962
Tailgating,7737,2659,2626,car,Outer,0.6250610857411827
Tailgating,7738,2399,2617,motorcycle,Outer,2.2441823315826066
Tailgating,7738,2538,2248,car,Outer,1.9421096430730942
Tailgating,7738,2659,2626,car,Outer,0.9297708829719918
Tailgating,7739,2707,2399,car,Outer,3.8824611387643504
Tailgating,7739,2399,2617,motorcycle,Outer,2.3164887816788307
Tailgating,7739,2538,2248,car,Outer,1.9684171406734763
Tailgating,7739,2659,2626,car,Outer,0.9268456529251422
Tailgating,7740,2707,2399,car,Outer,3.7713347720186783
Tailgating,7740,2399,2617,motorcycle,Outer,2.368614316758046
Tailgating,7740,2538,2248,car,Outer,2.000283693040705
Tailgating,7740,2659,2626,car,Outer,1.142208350136379
Tailgating,7741,2707,2399,car,Outer,3.6961849653665038
Tailgating,7741,2399,2617,motorcycle,Outer,2.3917301020690473
Tailgating,7741,2538,2248,car,Outer,2.0330908984820977
Tailgating,7741,2659,2626,car,Outer,1.0629593721302568
Tailgating,7742,2707,2399,car,Outer,3.5635567434664126
Tailgating,7742,2399,2617,motorcycle,Outer,2.456589826194508
Tailgating,7742,2538,2248,car,Outer,2.070368207525514
Tailgating,7743,2707,2399,car,Outer,3.418161745467142
Tailgating,7743,2399,2617,motorcycle,Outer,2.533402470233744
Tailgating,7743,2538,2248,car,Outer,2.101107603371065
Tailgating,7744,2707,2399,car,Outer,3.306457795261134
Tailgating,7744,2399,2617,motorcycle,Outer,2.5839811051669366
Tailgating,7744,2423,2628,car,Outer,3.5497488360335656
Tailgating,7745,2707,2399,car,Outer,3.1849097737300247
Tailgating,7745,2399,2617,motorcycle,Outer,2.6355988254294913
Tailgating,7745,2538,2248,car,Outer,2.1589943296289924
Tailgating,7746,2707,2399,car,Outer,3.083107657199211
Tailgating,7746,2399,2617,motorcycle,Outer,2.674678867111011
Tailgating,7746,2538,2248,car,Outer,2.1864993097827257
Tailgating,7747,2707,2399,car,Outer,2.9356222572435526
Tailgating,7747,2399,2617,motorcycle,Outer,2.753643813994527
Tailgating,7747,2538,2248,car,Outer,2.212351290473282
Tailgating,7747,2423,2628,car,Outer,3.544679061894637
Tailgating,7748,2707,2399,car,Outer,2.8248159038858303
Tailgating,7748,2399,2617,motorcycle,Outer,2.8040099056825816
Tailgating,7749,2707,2399,car,Outer,2.6819917002623272
Tailgating,7749,2399,2617,motorcycle,Outer,2.8712787317842134
Tailgating,7749,2538,2248,car,Outer,2.286597646242023
Tailgating,7750,2707,2399,car,Outer,2.5468687695247723
Tailgating,7750,2399,2617,motorcycle,Outer,2.9373963017464133
Tailgating,7751,2707,2399,car,Outer,2.394739779788508
Tailgating,7751,2399,2617,motorcycle,Outer,3.0215315318048166
Tailgating,7752,2707,2399,car,Outer,2.073937425225452
Tailgating,7752,2399,2617,motorcycle,Outer,3.254792660945442
Tailgating,7753,2707,2399,car,Outer,2.068532868406234
Tailgating,7753,2399,2617,motorcycle,Outer,3.2083068970244484
Tailgating,7754,2626,2707,car,Outer,3.977766415129805
Tailgating,7754,2707,2399,car,Outer,2.003361085660118
Tailgating,7755,2626,2707,car,Outer,3.972811580008815
Tailgating,7755,2707,2399,car,Outer,1.8947703206971167
Tailgating,7755,2399,2617,motorcycle,Outer,3.266501900088435
Tailgating,7756,2626,2707,car,Outer,3.9796411214487186
Tailgating,7756,2707,2399,car,Outer,1.76663990935416
Tailgating,7756,2399,2617,motorcycle,Outer,3.3385259264601417
Tailgating,7757,2707,2399,car,Outer,1.5929214521777502
Tailgating,7757,2399,2617,motorcycle,Outer,3.4234778140650985
Tailgating,7758,2707,2399,car,Outer,3.96318016416513
Tailgating,7758,2399,2617,motorcycle,Outer,1.5922091239399632
Tailgating,7758,2423,2628,car,Outer,3.514734063428969
Tailgating,7759,2626,2707,car,Outer,3.9742788674895904
Tailgating,7759,2399,2617,motorcycle,Outer,0.9897029291555469
Tailgating,7760,2626,2707,car,Outer,3.916410557518917
Tailgating,7760,2538,2617,car,Outer,0.4767183607992509
Tailgating,7761,2626,2707,car,Outer,3.9530822918355875
Tailgating,7761,2538,2617,car,Outer,0.5383704142046749
Tailgating,7762,2538,2617,car,Outer,0.6051582913779305
Tailgating,7765,2399,2617,motorcycle,Outer,0.8699472113536681
Tailgating,7767,2538,2617,car,Outer,0.8977760506821489
Tailgating,7768,2538,2617,car,Outer,0.9486996227014226
Tailgating,7769,2538,2617,car,Outer,1.007286920702202
Tailgating,7772,2538,2617,car,Outer,1.2271392404608554
Tailgating,7773,2538,2617,car,Outer,1.2866297671946243
Tailgating,7774,2538,2617,car,Outer,1.348849409662581
Tailgating,7775,2538,2617,car,Outer,1.4099991562722265
Tailgating,7778,2538,2617,car,Outer,1.613882272958599
Tailgating,7779,2683,2626,car,Outer,1.0612734974088887
Tailgating,7779,2538,2617,car,Outer,1.6811183441134134
Tailgating,7780,2538,2617,car,Outer,1.7504392394698423
Tailgating,7781,2538,2617,car,Outer,1.8185044616230008
Tailgating,7782,2538,2617,car,Outer,1.8795480575708219
Tailgating,7785,2538,2617,car,Outer,2.1102910621920894
Tailgating,7787,2538,2617,car,Outer,2.230208054646154
Tailgating,7788,2538,2617,car,Outer,2.3044378350367025
Tailgating,7789,2538,2617,car,Outer,2.398030966561647
Tailgating,7790,2538,2617,car,Outer,2.484205016686729
Tailgating,7791,2626,2538,car,Outer,3.9699032178726767
Tailgating,7791,2538,2617,car,Outer,2.566437542095078
Tailgating,7792,2626,2538,car,Outer,3.8041859269683416
Tailgating,7792,2538,2617,car,Outer,2.6436148459136466
Tailgating,7795,2626,2538,car,Outer,3.361712713900914
Tailgating,7795,2538,2617,car,Outer,2.8628117349504723
Tailgating,7796,2626,2538,car,Outer,3.1768162565311737
Tailgating,7796,2538,2617,car,Outer,2.9552028172153935
Tailgating,7797,2626,2538,car,Outer,3.0138347651565045
Tailgating,7797,2538,2617,car,Outer,3.035801690031531
Tailgating,7804,2626,2538,car,Outer,2.019734328117075
Tailgating,7804,2538,2617,car,Outer,3.5601013674278517
Tailgating,7805,2626,2538,car,Outer,1.8585246538514675
Tailgating,7805,2538,2617,car,Outer,3.6460972476361113
Tailgating,7806,2626,2538,car,Outer,1.6914664904401944
Tailgating,7806,2538,2617,car,Outer,3.7367581233905143
Tailgating,7806,2336,2423,car,Outer,1.652694634219467
Tailgating,7807,2336,2423,car,Outer,1.5433136233156393
Tailgating,7809,2626,2538,car,Outer,1.228879299208964
Tailgating,7809,2538,2617,car,Outer,3.9517321736313216
Tailgating,7810,2626,2538,car,Outer,1.0822049378483005
Tailgating,7811,2626,2538,car,Outer,0.948768999371362
Tailgating,7811,2423,2628,car,Outer,3.667014764806002
Tailgating,7812,2626,2538,car,Outer,0.7932947301697368
Tailgating,7812,2423,2628,car,Outer,3.6352473970125416
Tailgating,7816,2626,2538,car,Outer,0.2484966834452785
Tailgating,7817,2626,2538,car,Outer,0.06853366819111455
Tailgating,7817,2625,2336,car,Outer,0.9643109127357086
Tailgating,7818,2625,2336,car,Outer,0.8676719736813738
Tailgating,7819,2538,2626,car,Outer,0.228219887948731
Tailgating,7819,2625,2336,car,Outer,0.8001896041113198
Tailgating,7820,2538,2626,car,Outer,0.3273279081587038
Tailgating,7820,2625,2336,car,Outer,0.8977242612594546
Tailgating,7821,2625,2336,car,Outer,0.9611840768055674
Tailgating,7822,2538,2626,car,Outer,0.5817918307431978
Tailgating,7822,2625,2336,car,Outer,1.0005163092874043
Tailgating,7823,2538,2626,car,Outer,0.43046199005148883
Tailgating,7823,2625,2336,car,Outer,1.030600462405176
Tailgating,7829,2538,2626,car,Outer,1.280502943191131
Tailgating,7834,2538,2626,car,Outer,2.0352722306565267
Tailgating,7834,2694,2693,car,Outer,0.5574381545356072
Tailgating,7835,2694,2693,car,Outer,0.6394969029608915
Tailgating,7836,2701,2538,car,Outer,3.652716480230537
Tailgating,7836,2694,2693,car,Outer,0.6771963006321022
Tailgating,7837,2701,2538,car,Outer,3.547707265952461
Tailgating,7837,2538,2626,car,Outer,2.138600885193817
Tailgating,7837,2399,2693,motorcycle,Outer,0.41648653340867814
Tailgating,7838,2626,2617,car,Outer,3.9967282785149587
Tailgating,7838,2399,2693,motorcycle,Outer,0.4314252039979852
Tailgating,7839,2538,2626,car,Outer,2.6220360912243357
Tailgating,7839,2626,2617,car,Outer,3.9395323615220192
Tailgating,7839,2694,2399,car,Outer,0.21420473787651756
Tailgating,7839,2399,2693,motorcycle,Outer,0.45844495388360634
Tailgating,7840,2701,2538,car,Outer,3.017551871263447
Tailgating,7840,2538,2626,car,Outer,2.777361765038989
Tailgating,7840,2626,2617,car,Outer,3.88988819226948
Tailgating,7840,2694,2399,car,Outer,0.13596016384819848
Tailgating,7840,2399,2693,motorcycle,Outer,0.4622925116605081
Tailgating,7841,2701,2538,car,Outer,2.876825609612473
Tailgating,7841,2694,2399,car,Outer,0.20411261092020735
Tailgating,7841,2399,2693,motorcycle,Outer,0.4710369567586164
Tailgating,7842,2701,2538,car,Outer,2.573016520151661
Tailgating,7842,2694,2399,car,Outer,0.242381439128514
Tailgating,7842,2399,2693,motorcycle,Outer,0.48347579919393785
Tailgating,7843,2701,2538,car,Outer,2.3337427201925096
Tailgating,7843,2694,2399,car,Outer,0.26331693523602323
Tailgating,7843,2399,2248,motorcycle,Outer,0.48287475712916145
Tailgating,7844,2701,2538,car,Outer,2.1440366383992675
Tailgating,7844,2694,2399,car,Outer,0.15390271705093114
Tailgating,7844,2399,2693,motorcycle,Outer,0.5155592189401297
Tailgating,7845,2701,2538,car,Outer,1.962156009555262
Tailgating,7845,2694,2399,car,Outer,0.06792790591329065
Tailgating,7845,2399,2693,motorcycle,Outer,0.5442986128501293
Tailgating,7846,2701,2538,car,Outer,1.7875003838750536
Tailgating,7846,2694,2399,car,Outer,0.054954538911206274
Tailgating,7846,2399,2693,motorcycle,Outer,0.5247373580505148
Tailgating,7847,2701,2538,car,Outer,1.6328749071563473
Tailgating,7847,2694,2399,car,Outer,0.1307210405147835
Tailgating,7847,2399,2248,motorcycle,Outer,0.5105192241109004
Tailgating,7848,2701,2538,car,Outer,1.4845541979710395
Tailgating,7848,2694,2248,car,Outer,0.6331702993210371
Tailgating,7849,2701,2538,car,Outer,1.3375639501612024
Tailgating,7850,2701,2538,car,Outer,1.1552805303533509
Tailgating,7850,2694,2693,car,Outer,0.6914933352477302
Tailgating,7851,2701,2538,car,Outer,0.9855730321854591
Tailgating,7851,2694,2248,car,Outer,0.7059201875066254
Tailgating,7852,2701,2538,car,Outer,0.8405588824686249
Tailgating,7852,2399,2693,motorcycle,Outer,0.5597443689238304
Tailgating,7853,2701,2538,car,Outer,0.7100410850221973
Tailgating,7853,2399,2625,motorcycle,Outer,0.1054303588631425
Tailgating,7854,2701,2538,car,Outer,0.5830210131817299
Tailgating,7855,2701,2538,car,Outer,0.4538385437888467
Tailgating,7856,2701,2538,car,Outer,0.31506575236719553
Tailgating,7857,2701,2538,car,Outer,0.16595311443303992
Tailgating,7858,2694,2693,car,Outer,0.6378161588465984
Tailgating,7859,2625,2336,car,Outer,0.9797872664960712
Tailgating,7870,2722,2715,car,Outer,0.3807480251707511
Tailgating,7871,2722,2715,car,Outer,0.2803898494752041
Tailgating,7872,2694,2693,car,Outer,0.6281193506196094
Tailgating,7872,2722,2715,car,Outer,0.17920774810250925
Tailgating,7873,2694,2693,car,Outer,0.5697088138199099
Tailgating,7873,2722,2715,car,Outer,0.0659913969396909
Tailgating,7874,2694,2693,car,Outer,0.5274247191310231
Tailgating,7875,2694,2693,car,Outer,0.49904781009798926
Tailgating,7877,2694,2693,car,Outer,0.5657261313909844
Tailgating,7878,2694,2693,car,Outer,0.5209706015214639
Tailgating,7880,2694,2248,car,Outer,0.5760245676024801
Tailgating,7881,2694,2693,car,Outer,0.6295670834527718
Tailgating,7882,2694,2248,car,Outer,0.6623247863297069
Tailgating,7886,2694,2248,car,Outer,0.6063058590458065
Tailgating,7887,2694,2248,car,Outer,0.5565245312585936
Tailgating,7888,2694,2248,car,Outer,0.6085481968727348
Tailgating,7889,2694,2248,car,Outer,0.5454111739491048
Tailgating,7890,2666,2694,car,Outer,1.73094426483727
Tailgating,7890,2694,2248,car,Outer,0.5007077161418055
Tailgating,7891,2666,2694,car,Outer,1.7609847624001187
Tailgating,7898,2617,2694,car,Outer,1.6060384830209316
Tailgating,7899,2710,2694,car,Outer,1.4322150484589018
Tailgating,7902,2694,2248,car,Outer,0.5718936376356958
Tailgating,7903,2694,2248,car,Outer,0.5308183942612913
Tailgating,7906,2694,2248,car,Outer,0.5836605568984043
Tailgating,7907,2694,2248,car,Outer,0.5638162407623211
Tailgating,7911,2710,2694,car,Outer,1.5185503219650043
Tailgating,7912,2710,2694,car,Outer,1.624499794006057
Tailgating,7913,2710,2694,car,Outer,1.7065772208073646
Tailgating,7914,2666,2710,car,Outer,0.15347218661033982
Tailgating,7914,2710,2694,car,Outer,1.6738830688987578
Tailgating,7914,2694,2248,car,Outer,0.5567844760151666
Tailgating,7915,2694,2248,car,Outer,0.5274988901468922
Tailgating,7949,2694,2248,car,Outer,0.5066444103900724
Tailgating,7950,2694,2248,car,Outer,0.5738953825644542
Tailgating,7951,2694,2248,car,Outer,0.6551415376985203
Tailgating,7952,2694,2248,car,Outer,0.7085897596510373
Tailgating,7953,2694,2248,car,Outer,0.7528016501351947
Tailgating,7954,2694,2248,car,Outer,0.780857439767842
Tailgating,7971,2666,2710,car,Outer,0.9119332124899285
Tailgating,7972,2666,2710,car,Outer,0.9336447973302396
Tailgating,7977,2666,2710,car,Outer,0.8810615412313251
Tailgating,7978,2666,2710,car,Outer,0.9242760720729524
Tailgating,7979,2666,2710,car,Outer,0.9708130496060288
Tailgating,7980,2666,2710,car,Outer,0.8949969576785809
Tailgating,7981,2666,2710,car,Outer,0.8465301284533601
Tailgating,7981,2694,2248,car,Outer,0.6775814476365382
Tailgating,7982,2694,2248,car,Outer,0.5908837426583763
Tailgating,7983,2694,2248,car,Outer,0.5297212866235228
Tailgating,7984,2694,2248,car,Outer,0.4963309438920839
Tailgating,7985,2666,2710,car,Outer,0.7987680233231245
Tailgating,7987,2666,2710,car,Outer,0.8169354602675504
Tailgating,7988,2694,2248,car,Outer,0.5859938636194254
Tailgating,7989,2666,2710,car,Outer,0.8335971426557214
Tailgating,7989,2694,2248,car,Outer,0.5376963663818936
Tailgating,7990,2666,2710,car,Outer,0.8657524320636603
Tailgating,7990,2694,2248,car,Outer,0.5044849543145832
Tailgating,7991,2666,2710,car,Outer,0.8854152292277254
Tailgating,7992,2666,2710,car,Outer,0.9110091345717116
Tailgating,7994,2666,2710,car,Outer,0.9478968989386534
Tailgating,7995,2666,2710,car,Outer,1.0978498787738955
Tailgating,7996,2666,2710,car,Outer,1.1997536372679272
Tailgating,7997,2666,2710,car,Outer,1.250410903109564
Tailgating,7998,2666,2710,car,Outer,1.306004409092698
Tailgating,7999,2666,2710,car,Outer,1.347138741438651
Tailgating,8000,2666,2710,car,Outer,1.4117428632749567
Tailgating,8000,2336,2423,car,Outer,0.33860229514756107
Tailgating,8001,2666,2710,car,Outer,1.4649521016564366
Tailgating,8001,2336,2423,car,Outer,0.1839384898477744
Tailgating,8002,2666,2710,car,Outer,1.5086307441782385
Tailgating,8002,2336,2423,car,Outer,0.08385218226752847
Tailgating,8003,2336,2423,car,Outer,0.00824872119047198
Tailgating,8005,2336,2423,car,Outer,0.1012825266574182
Tailgating,8006,2666,2710,car,Outer,1.5975894095662075
Tailgating,8006,2336,2423,car,Outer,0.0005930100401687533
Tailgating,8007,2666,2710,car,Outer,1.607387118815256
Tailgating,8007,2423,2336,car,Outer,0.08334979322578884
Tailgating,8008,2666,2710,car,Outer,1.6317154140095882
Tailgating,8008,2423,2336,car,Outer,0.1512992250348988
Tailgating,8009,2666,2710,car,Outer,1.6549891251216235
Tailgating,8009,2423,2336,car,Outer,0.08348203139263245
Tailgating,8010,2666,2710,car,Outer,1.6736398503527885
Tailgating,8015,2666,2710,car,Outer,1.7445255027625688
Tailgating,8016,2666,2710,car,Outer,1.7584749509230617
Tailgating,8017,2666,2710,car,Outer,1.782245516837828
Tailgating,8018,2666,2710,car,Outer,1.80277450069527
Tailgating,8020,2666,2710,car,Outer,1.8412427526089072
Tailgating,8021,2666,2710,car,Outer,1.8725613407053863
Tailgating,8022,2666,2710,car,Outer,1.8939001254766394
Tailgating,8023,2666,2710,car,Outer,1.9149762002017674
Tailgating,8024,2666,2710,car,Outer,1.9269374582162426
Tailgating,8025,2666,2710,car,Outer,1.94036546064754
Tailgating,8026,2666,2710,car,Outer,1.9625886374195394
Tailgating,8027,2666,2710,car,Outer,1.8378232848275016
Tailgating,8028,2666,2710,car,Outer,1.9116967723465468
Tailgating,8029,2666,2710,car,Outer,1.9740644867356543
Tailgating,8030,2666,2710,car,Outer,2.019350299261269
Tailgating,8031,2666,2710,car,Outer,1.909239924525076
Tailgating,8032,2666,2710,car,Outer,1.9889713862168161
Tailgating,8033,2666,2710,car,Outer,2.03816642453252
Tailgating,8034,2666,2710,car,Outer,2.088275270427781
Tailgating,8035,2666,2710,car,Outer,2.132811313443999
Tailgating,8036,2666,2710,car,Outer,2.174634203270217
Tailgating,8037,2666,2710,car,Outer,2.1940307678515567
Tailgating,8038,2666,2710,car,Outer,2.234778617376607
Tailgating,8039,2666,2710,car,Outer,2.2575007139961727
Tailgating,8040,2666,2710,car,Outer,2.268092302605972
Tailgating,8041,2666,2710,car,Outer,2.31304296365984
Tailgating,8043,2710,2694,car,Outer,1.9275592475592562
Tailgating,8044,2710,2694,car,Outer,2.0165185327104203
Tailgating,8045,2666,2710,car,Outer,2.222928905969199
Tailgating,8045,2710,2694,car,Outer,1.9185588020985738
Tailgating,8046,2710,2694,car,Outer,2.017887890577839
Tailgating,8047,2666,2710,car,Outer,2.2539739733985904
Tailgating,8047,2710,2694,car,Outer,1.9397669388291454
Tailgating,8048,2666,2710,car,Outer,2.3681371142266254
Tailgating,8048,2710,2694,car,Outer,1.8881534483952733
Tailgating,8049,2666,2710,car,Outer,2.4458750883986293
Tailgating,8049,2710,2694,car,Outer,1.8544691889252183
Tailgating,8050,2666,2710,car,Outer,2.5024392108952127
Tailgating,8051,2666,2710,car,Outer,2.542053841563608
Tailgating,8052,2666,2710,car,Outer,2.577198026057568
Tailgating,8053,2666,2710,car,Outer,2.6184683501584627
Tailgating,8054,2666,2710,car,Outer,2.6578090946526114
Tailgating,8055,2666,2710,car,Outer,2.6916440822809595
Tailgating,8056,2666,2710,car,Outer,2.7242094092315097
Tailgating,8058,2666,2710,car,Outer,2.772472971857914
Tailgating,8060,2666,2710,car,Outer,2.82824439777941
Tailgating,8063,2666,2710,car,Outer,2.8999895141742202
Tailgating,8070,2666,2710,car,Outer,3.0757577487532637
Tailgating,8073,2666,2710,car,Outer,3.149922864832401
Tailgating,8077,2666,2710,car,Outer,3.2260505156420645
Tailgating,8078,2666,2710,car,Outer,3.259385567135655
Tailgating,8080,2666,2710,car,Outer,3.315869261722099
Tailgating,8081,2666,2710,car,Outer,3.3438428344920195
Tailgating,8082,2710,2694,car,Outer,1.6019773161103121
Tailgating,8097,2757,2791,car,Inner,2.910793987091316
Tailgating,8098,2757,2791,car,Inner,2.9395823698966246
Tailgating,8099,2757,2791,car,Inner,2.967876304311972
Tailgating,8100,2757,2791,car,Inner,3.005485229267998
Tailgating,8101,2757,2791,car,Inner,3.0332026886714787
Tailgating,8102,2757,2791,car,Inner,3.0648592361335623
Tailgating,8103,2757,2791,car,Inner,3.288031744044926
Tailgating,8104,2757,2791,car,Inner,3.4503454244302527
Tailgating,8105,2757,2791,car,Inner,3.552835462156921
Tailgating,8106,2757,2791,car,Inner,3.61305652846607
Tailgating,8107,2757,2791,car,Inner,3.555077163390279
Tailgating,8108,2757,2791,car,Inner,3.491664487741241
Tailgating,8114,2757,2791,car,Inner,3.2119898639974247
Tailgating,8115,2757,2791,car,Inner,3.2163679951863267
Tailgating,8116,2757,2791,car,Inner,3.2276343282518756
Tailgating,8117,2757,2791,car,Inner,3.4389299715152633
Tailgating,8118,2757,2791,car,Inner,3.5841456863347534
Tailgating,8120,2757,2791,car,Inner,3.663799687652172
Tailgating,8121,2757,2791,car,Inner,3.9235488885126384
Tailgating,8123,2791,2666,car,Inner,3.753875338210946
Tailgating,8124,2757,2791,car,Inner,3.7516795938363896
Tailgating,8124,2789,2798,car,Outer,3.347977971462445
Tailgating,8125,2757,2791,car,Inner,3.77473634966834
Tailgating,8125,2789,2798,car,Outer,3.326554283518357
Tailgating,8126,2789,2798,car,Outer,3.305492070849834
Tailgating,8127,2757,2791,car,Inner,3.794114058577346
Tailgating,8127,2789,2798,car,Outer,3.2448256440446634
Tailgating,8128,2757,2791,car,Inner,3.8564843393544592
Tailgating,8128,2789,2798,car,Outer,3.271291512158729
Tailgating,8129,2757,2791,car,Inner,3.910662563375449
Tailgating,8129,2789,2798,car,Outer,3.276411587881695
Tailgating,8130,2789,2798,car,Outer,3.140963648489544
Tailgating,8131,2757,2791,car,Inner,3.980522133444866
Tailgating,8131,2789,2798,car,Outer,3.0711232432050766
Tailgating,8132,2789,2798,car,Outer,3.1719385373323545
Tailgating,8133,2789,2798,car,Outer,3.2194079644178513
Tailgating,8134,2789,2798,car,Outer,3.0960006586413615
Tailgating,8135,2789,2798,car,Outer,3.194097439140042
Tailgating,8136,2789,2798,car,Outer,3.2512975145498753
Tailgating,8137,2789,2798,car,Outer,3.266853727820541
Tailgating,8137,2802,2694,car,Outer,1.691529984499266
Tailgating,8137,2808,2336,car,Outer,2.66558773579362
Tailgating,8138,2789,2798,car,Outer,3.2729232506523225
Tailgating,8138,2802,2694,car,Outer,1.7254222283820666
Tailgating,8138,2808,2336,car,Outer,2.7226461193845384
Tailgating,8139,2789,2798,car,Outer,3.3833237926133712
Tailgating,8140,2789,2798,car,Outer,3.429343581844222
Tailgating,8140,2797,2694,car,Outer,1.637301017363433
Tailgating,8141,2789,2798,car,Outer,3.473491683362835
Tailgating,8141,2797,2694,car,Outer,1.6826782557422078
Tailgating,8142,2789,2798,car,Outer,3.3743939110774597
Tailgating,8143,2789,2798,car,Outer,3.2748776490974927
Tailgating,8143,2797,2694,car,Outer,1.5930874374468595
Tailgating,8144,2789,2798,car,Outer,3.200299582899156
Tailgating,8144,2797,2694,car,Outer,1.5209767504611376
Tailgating,8145,2789,2798,car,Outer,3.1308615773081354
Tailgating,8146,2789,2798,car,Outer,3.2117012503314673
Tailgating,8146,2797,2694,car,Outer,1.4454508973053006
Tailgating,8148,2797,2694,car,Outer,1.6392557964941012
Tailgating,8150,2789,2798,car,Outer,3.4200685902736314
Tailgating,8151,2694,2795,car,Outer,0.545674717617813
Tailgating,8152,2791,2666,car,Inner,3.463324578136169
Tailgating,8152,2789,2798,car,Outer,3.421942241652581
Tailgating,8153,2791,2666,car,Inner,3.3202502498129145
Tailgating,8153,2789,2798,car,Outer,3.3756516817024287
Tailgating,8154,2791,2666,car,Inner,3.3542668974168013
Tailgating,8154,2789,2798,car,Outer,3.4155730031922515
Tailgating,8155,2791,2666,car,Inner,3.3854349167960223
Tailgating,8156,2791,2666,car,Inner,3.4001950555496085
Tailgating,8156,2694,2693,car,Outer,0.5966020367590184
Tailgating,8157,2791,2666,car,Inner,3.4096420441076654
Tailgating,8157,2789,2798,car,Outer,3.394215448709417
Tailgating,8157,2694,2693,car,Outer,0.6662640212434182
Tailgating,8158,2789,2798,car,Outer,3.3823418794125515
Tailgating,8158,2694,2693,car,Outer,0.7103770458223526
Tailgating,8159,2789,2798,car,Outer,3.3498176209544512
Tailgating,8160,2789,2798,car,Outer,3.3277483972053736
Tailgating,8161,2789,2798,car,Outer,3.322989464913748
Tailgating,8162,2789,2798,car,Outer,3.283983633346669
Tailgating,8162,2694,2693,car,Outer,0.6484270981086081
Tailgating,8163,2789,2798,car,Outer,3.2576135410204348
Tailgating,8165,2694,2693,car,Outer,0.6192631312709885
Tailgating,8166,2791,2666,car,Inner,3.384850231972036
Tailgating,8166,2694,2693,car,Outer,0.5548486939760356
Tailgating,8167,2791,2666,car,Inner,3.5060992779011473
Tailgating,8171,2797,2694,car,Outer,1.6339568556431283
Tailgating,8171,2694,2693,car,Outer,0.5863915326670159
Tailgating,8172,2694,2693,car,Outer,0.6429789869955574
Tailgating,8173,2694,2795,car,Outer,0.672883976824201
Tailgating,8175,2797,2694,car,Outer,1.3276101446584114
Tailgating,8176,2797,2694,car,Outer,1.2169009472510228
Tailgating,8177,2797,2694,car,Outer,1.1561910149248988
Tailgating,8178,2802,2694,car,Outer,1.1579575092368397
Tailgating,8179,2802,2694,car,Outer,1.1214459744437617
Tailgating,8183,2797,2694,car,Outer,1.3349760215739275
Tailgating,8184,2791,2666,car,Inner,3.106452887697059
Tailgating,8184,2797,2770,car,Outer,0.7649750660879117
Tailgating,8184,2770,2694,car,Outer,0.7367709780224188
Tailgating,8185,2791,2666,car,Inner,3.0170735454431883
Tailgating,8185,2797,2770,car,Outer,0.8413909017281604
Tailgating,8185,2770,2694,car,Outer,0.7409223160012894
Tailgating,8186,2797,2770,car,Outer,0.8683299777162866
Tailgating,8186,2770,2694,car,Outer,0.7830623463552486
Tailgating,8187,2797,2770,car,Outer,0.8382660463940991
Tailgating,8187,2770,2694,car,Outer,0.7762723395392589
Tailgating,8188,2770,2694,car,Outer,0.8097253056796787
Tailgating,8189,2770,2694,car,Outer,0.8415180771236066
Tailgating,8190,2770,2694,car,Outer,0.8653485560743672
Tailgating,8191,2791,2666,car,Inner,3.022435083255977
Tailgating,8191,2770,2694,car,Outer,0.887183596893087
Tailgating,8192,2791,2666,car,Inner,3.082891992165752
Tailgating,8192,2770,2694,car,Outer,0.9150580153668976
Tailgating,8193,2770,2694,car,Outer,0.9506089803607692
Tailgating,8194,2770,2694,car,Outer,0.9743537503258309
Tailgating,8195,2770,2694,car,Outer,0.9925736284669429
Tailgating,8196,2770,2694,car,Outer,1.011306897251797
Tailgating,8197,2770,2694,car,Outer,1.0294049309787618
Tailgating,8198,2770,2694,car,Outer,1.0512699233879998
Tailgating,8199,2770,2694,car,Outer,1.0774392398981063
Tailgating,8200,2770,2694,car,Outer,1.09677508901171
Tailgating,8201,2770,2694,car,Outer,1.110102236057939
Tailgating,8202,2770,2694,car,Outer,1.1325987003622346
Tailgating,8203,2770,2694,car,Outer,1.1521232365531484
Tailgating,8204,2770,2694,car,Outer,1.1683316787833093
Tailgating,8205,2770,2694,car,Outer,1.188853397210418
Tailgating,8206,2770,2694,car,Outer,1.2127702992608624
Tailgating,8207,2770,2694,car,Outer,1.2514571563436865
Tailgating,8208,2770,2694,car,Outer,1.2934335219176647
Tailgating,8209,2770,2694,car,Outer,1.4362839929029614
Tailgating,8209,2694,2693,car,Outer,0.6316965110155792
Tailgating,8210,2770,2694,car,Outer,1.5186478587936316
Tailgating,8210,2694,2693,car,Outer,0.5800101536380913
Tailgating,8211,2791,2666,car,Inner,2.833250862647356
Tailgating,8211,2770,2694,car,Outer,1.6193740089309139
Tailgating,8211,2694,2693,car,Outer,0.5285386934963742
Tailgating,8212,2791,2666,car,Inner,2.759033166889905
Tailgating,8212,2770,2694,car,Outer,1.6692416542377262
Tailgating,8213,2770,2694,car,Outer,1.611164510224514
Tailgating,8214,2770,2694,car,Outer,1.5703645538053288
Tailgating,8214,2694,2795,car,Outer,0.5749551834074479
Tailgating,8215,2770,2694,car,Outer,1.6234867416694803
Tailgating,8216,2791,2666,car,Inner,2.7465949746999265
Tailgating,8216,2770,2694,car,Outer,1.6067659366973492
Tailgating,8216,2694,2795,car,Outer,0.6326571168269078
Tailgating,8217,2791,2666,car,Inner,2.8146408006324175
Tailgating,8217,2770,2694,car,Outer,1.608326992178264
Tailgating,8217,2694,2795,car,Outer,0.6688446788508514
Tailgating,8218,2791,2666,car,Inner,2.8446555446863555
Tailgating,8218,2770,2797,car,Outer,0.026542060372818824
Tailgating,8219,2791,2666,car,Inner,2.8700664593004652
Tailgating,8219,2770,2797,car,Outer,0.06812292485748081
Tailgating,8220,2791,2666,car,Inner,2.7785770082856143
Tailgating,8220,2770,2797,car,Outer,0.10453604791790332
Tailgating,8221,2770,2797,car,Outer,0.13984700665873948
Tailgating,8222,2791,2666,car,Inner,2.791106074447126
Tailgating,8222,2770,2797,car,Outer,0.16117705397812845
Tailgating,8223,2770,2797,car,Outer,0.20211805171863592
Tailgating,8224,2770,2797,car,Outer,0.23122183606256982
Tailgating,8225,2770,2797,car,Outer,0.26644620452189977
Tailgating,8226,2770,2797,car,Outer,0.31874845014107867
Tailgating,8227,2770,2797,car,Outer,0.37872159682483375
Tailgating,8228,2770,2797,car,Outer,0.4214588957863802
Tailgating,8229,2770,2797,car,Outer,0.4659492939265909
Tailgating,8230,2770,2797,car,Outer,0.49829966887782484
Tailgating,8231,2770,2797,car,Outer,0.530360461770981
Tailgating,8232,2770,2797,car,Outer,0.5724009428775688
Tailgating,8233,2770,2797,car,Outer,0.610483424384578
Tailgating,8234,2770,2797,car,Outer,0.6547255690719079
Tailgating,8235,2770,2797,car,Outer,0.7029881735448563
Tailgating,8236,2770,2797,car,Outer,0.7567489955208876
Tailgating,8237,2770,2797,car,Outer,0.8137872350655002
Tailgating,8238,2770,2797,car,Outer,0.8644322443047698
Tailgating,8239,2770,2797,car,Outer,0.9076415812281687
Tailgating,8240,2770,2797,car,Outer,0.9302531611289659
Tailgating,8242,2770,2797,car,Outer,0.9547098129337691
Tailgating,8243,2770,2797,car,Outer,1.0144023380397966
Tailgating,8244,2770,2797,car,Outer,1.0298718509278553
Tailgating,8245,2770,2797,car,Outer,1.0495286914493505
Tailgating,8246,2770,2797,car,Outer,1.1293091389363026
Tailgating,8247,2770,2797,car,Outer,1.325406306043868
Tailgating,8247,2797,2694,car,Outer,1.31531775823353
Tailgating,8248,2770,2797,car,Outer,1.4798298508114103
Tailgating,8248,2797,2694,car,Outer,1.2433473603855865
Tailgating,8249,2770,2797,car,Outer,1.5837724680555583
Tailgating,8249,2797,2694,car,Outer,1.2080485040279165
Tailgating,8250,2770,2797,car,Outer,1.668256586200013
Tailgating,8251,2770,2797,car,Outer,1.745928223385363
Tailgating,8252,2770,2797,car,Outer,1.8309144974749325
Tailgating,8253,2770,2797,car,Outer,1.9012886935096824
Tailgating,8254,2770,2797,car,Outer,1.9568507471193666
Tailgating,8255,2770,2797,car,Outer,2.009500803380987
Tailgating,8256,2770,2797,car,Outer,2.0617428292843694
Tailgating,8257,2770,2797,car,Outer,2.1128237055272443
Tailgating,8258,2770,2797,car,Outer,2.1654310691539265
Tailgating,8259,2770,2797,car,Outer,2.216356607910727
Tailgating,8260,2770,2797,car,Outer,2.2463481836384602
Tailgating,8261,2770,2797,car,Outer,2.2721817550040404
Tailgating,8261,2694,2693,car,Outer,0.6352144252648761
Tailgating,8262,2770,2797,car,Outer,2.3334195241449844
Tailgating,8262,2694,2693,car,Outer,0.5554253567117818
Tailgating,8263,2770,2797,car,Outer,2.400254176104901
Tailgating,8263,2694,2693,car,Outer,0.5075097191768434
Tailgating,8264,2770,2797,car,Outer,2.4578974329761896
Tailgating,8264,2694,2693,car,Outer,0.47580120069678816
Tailgating,8265,2770,2797,car,Outer,2.5105770747682437
Tailgating,8266,2770,2797,car,Outer,2.569957207795759
Tailgating,8267,2770,2797,car,Outer,2.6173300723720194
Tailgating,8268,2770,2797,car,Outer,2.669560157779754
Tailgating,8269,2770,2797,car,Outer,2.7011672781924045
Tailgating,8270,2770,2797,car,Outer,2.7560325478641694
Tailgating,8271,2770,2797,car,Outer,2.78773929998367
Tailgating,8273,2770,2797,car,Outer,2.6696870159891866
Tailgating,8273,2797,2694,car,Outer,1.5717918544709315
Tailgating,8274,2797,2694,car,Outer,1.5173211030512135
Tailgating,8275,2770,2797,car,Outer,2.789039504455215
Tailgating,8275,2797,2694,car,Outer,1.4764527009352382
Tailgating,8276,2770,2797,car,Outer,2.699268216576784
Tailgating,8276,2797,2694,car,Outer,1.6083330770619744
Tailgating,8277,2770,2797,car,Outer,2.666793756040164
Tailgating,8277,2797,2694,car,Outer,1.6892958257978057
Tailgating,8278,2770,2797,car,Outer,2.6636317833348566
Tailgating,8278,2797,2694,car,Outer,1.744652664475624
Tailgating,8279,2770,2797,car,Outer,2.6867297847920826
Tailgating,8280,2770,2797,car,Outer,2.8640992265891594
Tailgating,8280,2797,2694,car,Outer,1.6386961099021564
Tailgating,8281,2770,2797,car,Outer,2.8604999479217024
Tailgating,8281,2797,2694,car,Outer,1.7006806576748852
Tailgating,8282,2770,2797,car,Outer,2.876833057001558
Tailgating,8282,2797,2694,car,Outer,1.7359362988351152
Tailgating,8283,2770,2797,car,Outer,2.915900286848794
Tailgating,8284,2770,2797,car,Outer,2.953676176914862
Tailgating,8285,2770,2797,car,Outer,3.1397197491723894
Tailgating,8285,2797,2694,car,Outer,1.655015599573481
Tailgating,8285,2838,2833,car,Outer,3.987391169540063
Tailgating,8286,2770,2797,car,Outer,3.292633845981531
Tailgating,8286,2797,2694,car,Outer,1.5704865600906066
Tailgating,8287,2770,2797,car,Outer,3.2607940480519426
Tailgating,8287,2797,2694,car,Outer,1.6542366500580368
Tailgating,8288,2770,2797,car,Outer,3.2769133881095933
Tailgating,8288,2797,2694,car,Outer,1.71159104512041
Tailgating,8289,2770,2797,car,Outer,3.319016373687257
Tailgating,8289,2797,2694,car,Outer,1.7440254351032962
Tailgating,8290,2770,2797,car,Outer,3.359216365967472
Tailgating,8291,2770,2797,car,Outer,3.3952504642570664
Tailgating,8292,2770,2797,car,Outer,3.442234808171473
Tailgating,8293,2770,2797,car,Outer,3.4909570634803258
Tailgating,8294,2770,2797,car,Outer,3.685827098345069
Tailgating,8294,2797,2694,car,Outer,1.6209521308105446
Tailgating,8295,2770,2797,car,Outer,3.691222730076134
Tailgating,8295,2797,2694,car,Outer,1.6712269097475951
Tailgating,8296,2770,2797,car,Outer,3.717708543776791
Tailgating,8297,2770,2797,car,Outer,3.7411236137326975
Tailgating,8298,2770,2797,car,Outer,3.7850957029741186
Tailgating,8299,2770,2797,car,Outer,3.826771662763338
Tailgating,8299,2847,2694,car,Outer,0.871435912419963
Tailgating,8300,2770,2797,car,Outer,3.879179975475945
Tailgating,8300,2847,2694,car,Outer,0.8950319822304198
Tailgating,8301,2770,2797,car,Outer,3.930819910389558
Tailgating,8301,2847,2694,car,Outer,0.7085309829330507
Tailgating,8302,2770,2797,car,Outer,3.9885929560057574
Tailgating,8302,2847,2694,car,Outer,0.8186088762615985
Tailgating,8303,2847,2694,car,Outer,0.9041716137156228
Tailgating,8304,2847,2694,car,Outer,0.9541898250209313
Tailgating,8305,2847,2694,car,Outer,1.0044482704003421
Tailgating,8306,2847,2694,car,Outer,1.0376432658266301
Tailgating,8307,2847,2694,car,Outer,1.0685462463500282
Tailgating,8308,2847,2694,car,Outer,1.0957387941114114
Tailgating,8309,2847,2694,car,Outer,1.1225739563053327
Tailgating,8311,2847,2694,car,Outer,1.1579758960292141
Tailgating,8312,2847,2694,car,Outer,1.1873631501454533
Tailgating,8313,2847,2694,car,Outer,1.2507903411295973
Tailgating,8314,2847,2694,car,Outer,1.256382395383982
Tailgating,8318,2847,2694,car,Outer,1.3206283349944965
Tailgating,8319,2847,2694,car,Outer,1.3858244579271402
Tailgating,8320,2847,2694,car,Outer,1.412936773001351
Tailgating,8322,2847,2694,car,Outer,1.4247901853107736
Tailgating,8323,2847,2694,car,Outer,1.4332053427343694
Tailgating,8324,2847,2694,car,Outer,1.4679037746801828
Tailgating,8325,2847,2694,car,Outer,1.469428161951186
Tailgating,8326,2847,2694,car,Outer,1.506910877275035
Tailgating,8327,2847,2694,car,Outer,1.430421883809915
Tailgating,8327,2694,2693,car,Outer,0.599717756718943
Tailgating,8328,2847,2694,car,Outer,1.424083322106484
Tailgating,8328,2694,2693,car,Outer,0.6472049765846476
Tailgating,8329,2694,2693,car,Outer,0.6845167184627386
Tailgating,8330,2847,2694,car,Outer,1.4951633838121487
Tailgating,8330,2694,2693,car,Outer,0.6283161132822709
Tailgating,8331,2847,2797,car,Outer,0.02789947817782948
Tailgating,8331,2797,2694,car,Outer,1.4653315442072965
Tailgating,8331,2694,2693,car,Outer,0.5876915349224299
Tailgating,8332,2847,2797,car,Outer,0.13470906140900474
Tailgating,8332,2797,2694,car,Outer,1.4038954145335953
Tailgating,8332,2694,2693,car,Outer,0.5595154557604309
Tailgating,8333,2847,2694,car,Outer,1.6086257869595124
Tailgating,8336,2847,2694,car,Outer,1.5244644006313193
Tailgating,8336,2840,2838,motorcycle,Outer,3.1424956825849764
Tailgating,8337,2847,2694,car,Outer,1.4512065970990349
Tailgating,8337,2840,2838,motorcycle,Outer,3.104125220997331
Tailgating,8338,2840,2838,motorcycle,Outer,3.082369754257053
Tailgating,8339,2840,2838,motorcycle,Outer,3.098316171379433
Tailgating,8340,2840,2838,motorcycle,Outer,3.131062564926612
Tailgating,8341,2847,2694,car,Outer,1.5413295346331772
Tailgating,8341,2840,2838,motorcycle,Outer,3.1571428215598756
Tailgating,8342,2847,2694,car,Outer,1.6392408961786369
Tailgating,8342,2840,2838,motorcycle,Outer,3.162353912591146
Tailgating,8343,2847,2694,car,Outer,1.715349758686083
Tailgating,8343,2840,2838,motorcycle,Outer,3.167901598457177
Tailgating,8344,2847,2694,car,Outer,1.778120853539434
Tailgating,8345,2847,2694,car,Outer,1.8179858088781993
Tailgating,8346,2847,2694,car,Outer,1.8364127828293544
Tailgating,8347,2847,2694,car,Outer,1.719924964240083
Tailgating,8348,2847,2694,car,Outer,1.6410367710524492
Tailgating,8349,2847,2694,car,Outer,1.6066497379985678
Tailgating,8351,2847,2694,car,Outer,1.72754767350272
Tailgating,8352,2847,2694,car,Outer,1.6943515455568714
Tailgating,8353,2847,2694,car,Outer,1.825546025391802
Tailgating,8354,2847,2694,car,Outer,1.7773506628188238
Tailgating,8358,2847,2694,car,Outer,1.9236730103329176
Tailgating,8359,2847,2694,car,Outer,2.016180324316957
Tailgating,8360,2847,2694,car,Outer,2.096220104352431
Tailgating,8361,2847,2694,car,Outer,2.159414359575185
Tailgating,8362,2847,2694,car,Outer,2.223953451122663
Tailgating,8363,2847,2694,car,Outer,2.2739051424878483
Tailgating,8364,2847,2694,car,Outer,2.3225218714976807
Tailgating,8365,2847,2694,car,Outer,2.365128429308992
Tailgating,8390,2880,2694,car,Outer,1.5904762646086945
Tailgating,8391,2880,2694,car,Outer,1.5425567591168141
Tailgating,8392,2880,2694,car,Outer,1.6357052950122979
Tailgating,8393,2880,2694,car,Outer,1.676481322805183
Tailgating,8399,2786,2795,car,Outer,0.46363779826626655
Tailgating,8400,2694,2786,car,Outer,0.17949398243481904
Tailgating,8400,2786,2795,car,Outer,0.47880078506775336
Tailgating,8401,2694,2786,car,Outer,0.10491706597199599
Tailgating,8401,2786,2795,car,Outer,0.496257329447224
Tailgating,8402,2786,2795,car,Outer,0.5146109721157422
Tailgating,8403,2786,2693,car,Outer,0.5293824944531486
Tailgating,8404,2786,2693,car,Outer,0.5397229372428736
Tailgating,8405,2786,2694,car,Outer,0.024127305596564116
Tailgating,8406,2786,2694,car,Outer,0.05074815544300061
Tailgating,8407,2786,2694,car,Outer,0.0820713636396178
Tailgating,8408,2786,2694,car,Outer,0.10324040765501151
Tailgating,8409,2786,2694,car,Outer,0.1263442990757546
Tailgating,8410,2786,2694,car,Outer,0.15207003873878602
Tailgating,8411,2786,2694,car,Outer,0.17546906647838473
Tailgating,8412,2786,2694,car,Outer,0.20447104843705022
Tailgating,8413,2786,2694,car,Outer,0.2262344081182311
Tailgating,8414,2786,2694,car,Outer,0.256914308685408
Tailgating,8415,2786,2694,car,Outer,0.28482696686232856
Tailgating,8416,2786,2694,car,Outer,0.30633912359493515
Tailgating,8417,2786,2694,car,Outer,0.3314921972926302
Tailgating,8418,2786,2694,car,Outer,0.359900100877806
Tailgating,8419,2786,2694,car,Outer,0.3864350315038056
Tailgating,8420,2786,2694,car,Outer,0.41616991002355713
Tailgating,8421,2786,2694,car,Outer,0.4389457498922335
Tailgating,8422,2786,2694,car,Outer,0.4697988669154547
Tailgating,8423,2786,2694,car,Outer,0.5014805961372794
Tailgating,8424,2786,2694,car,Outer,0.5293464629025646
Tailgating,8425,2786,2694,car,Outer,0.5614585803970359
Tailgating,8426,2786,2694,car,Outer,0.5908468947379472
Tailgating,8427,2786,2694,car,Outer,0.6180506265177357
Tailgating,8428,2786,2694,car,Outer,0.6436495072988494
Tailgating,8429,2786,2694,car,Outer,0.6722858109678137
Tailgating,8430,2786,2694,car,Outer,0.5614420526903806
Tailgating,8431,2786,2694,car,Outer,0.6384375533052757
Tailgating,8432,2786,2694,car,Outer,0.7085130799962573
Tailgating,8433,2786,2694,car,Outer,0.7611242372052776
Tailgating,8434,2786,2694,car,Outer,0.8060375449949231
Tailgating,8435,2786,2694,car,Outer,0.843763956589654
Tailgating,8436,2786,2694,car,Outer,0.8778405031336706
Tailgating,8437,2786,2694,car,Outer,0.9154642644846814
Tailgating,8438,2786,2694,car,Outer,0.9426762957683416
Tailgating,8439,2786,2694,car,Outer,0.9647869295485734
Tailgating,8440,2786,2694,car,Outer,0.9829722697027956
Tailgating,8441,2786,2694,car,Outer,0.9991552448111014
Tailgating,8442,2786,2694,car,Outer,1.0271811289759292
Tailgating,8443,2786,2694,car,Outer,1.0455887144897318
Tailgating,8444,2786,2694,car,Outer,1.067488692899037
Tailgating,8445,2880,2786,car,Outer,0.5757794197015579
Tailgating,8445,2786,2694,car,Outer,1.0898404486997877
Tailgating,8446,2880,2786,car,Outer,0.4622967317762838
Tailgating,8446,2786,2694,car,Outer,1.1114009518106505
Tailgating,8447,2880,2786,car,Outer,0.5036034953381302
Tailgating,8447,2786,2694,car,Outer,1.0126052192123758
Tailgating,8448,2880,2786,car,Outer,0.3919084063447039
Tailgating,8448,2786,2694,car,Outer,1.0910419909113
Tailgating,8449,2786,2694,car,Outer,1.1463111882667016
Tailgating,8450,2786,2694,car,Outer,1.195988116216063
Tailgating,8451,2786,2694,car,Outer,1.2362543523132048
Tailgating,8452,2786,2694,car,Outer,1.2708770330081374
Tailgating,8453,2786,2694,car,Outer,1.3034651958715235
Tailgating,8454,2786,2694,car,Outer,1.3266001505598235
Tailgating,8455,2786,2694,car,Outer,1.349150543579514
Tailgating,8456,2786,2694,car,Outer,1.2527653899353381
Tailgating,8457,2786,2694,car,Outer,1.1804912825261136
Tailgating,8458,2786,2694,car,Outer,1.2814661467024608
Tailgating,8459,2786,2694,car,Outer,1.3558367846358939
Tailgating,8460,2786,2694,car,Outer,1.410398790736779
Tailgating,8461,2786,2880,car,Outer,0.015122499909060255
Tailgating,8462,2880,2786,car,Outer,0.12641747075697166
Tailgating,8462,2786,2694,car,Outer,1.4804609734027798
Tailgating,8463,2880,2786,car,Outer,0.2079681265183949
Tailgating,8463,2786,2694,car,Outer,1.510013824574849
Tailgating,8464,2880,2786,car,Outer,0.24920009405180796
Tailgating,8464,2786,2694,car,Outer,1.5364307718691979
Tailgating,8465,2880,2786,car,Outer,0.2609163982021476
Tailgating,8465,2786,2694,car,Outer,1.5624092750233245
Tailgating,8466,2786,2694,car,Outer,1.5821211335117444
Tailgating,8467,2786,2694,car,Outer,1.6112816094135531
Tailgating,8468,2786,2694,car,Outer,1.6436886486430557
Tailgating,8469,2786,2694,car,Outer,1.6799956729760142
Tailgating,8470,2786,2694,car,Outer,1.7129909914019454
Tailgating,8471,2786,2694,car,Outer,1.7350346657880247
Tailgating,8472,2786,2694,car,Outer,1.7556276639393824
Tailgating,8473,2786,2694,car,Outer,1.7906786418246563
Tailgating,8474,2786,2694,car,Outer,1.8076462910255051
Tailgating,8475,2786,2880,car,Outer,0.025167093071293205
Tailgating,8476,2786,2880,car,Outer,0.044565066662028495
Tailgating,8477,2786,2880,car,Outer,0.06261919556444649
Tailgating,8478,2786,2880,car,Outer,0.07866358256143396
Tailgating,8479,2786,2880,car,Outer,0.10751657946571624
Tailgating,8480,2786,2880,car,Outer,0.12846278612020665
Tailgating,8481,2786,2880,car,Outer,0.15644984521821667
Tailgating,8482,2786,2880,car,Outer,0.1815886335988421
Tailgating,8483,2786,2880,car,Outer,0.20459397110286814
Tailgating,8484,2786,2880,car,Outer,0.22195132331203693
Tailgating,8485,2786,2880,car,Outer,0.23760323287029458
Tailgating,8486,2786,2880,car,Outer,0.2558052161144738
Tailgating,8487,2786,2880,car,Outer,0.2741816867673894
Tailgating,8488,2786,2880,car,Outer,0.2985412493726573
Tailgating,8489,2786,2880,car,Outer,0.32206825674100903
Tailgating,8490,2786,2880,car,Outer,0.35726037985696624
Tailgating,8491,2786,2880,car,Outer,0.38046782267167095
Tailgating,8492,2786,2880,car,Outer,0.41925722650753766
Tailgating,8493,2786,2880,car,Outer,0.45309627854000833
Tailgating,8494,2786,2880,car,Outer,0.48905404870601715
Tailgating,8495,2786,2880,car,Outer,0.5219866047744881
Tailgating,8496,2786,2880,car,Outer,0.5555307087618735
Tailgating,8497,2786,2880,car,Outer,0.7196051419011349
Tailgating,8497,2880,2694,car,Outer,1.5812803252167662
Tailgating,8498,2786,2880,car,Outer,0.7005549858491731
Tailgating,8498,2880,2694,car,Outer,1.6293974915742657
Tailgating,8499,2786,2880,car,Outer,0.8369040482233926
Tailgating,8499,2880,2694,car,Outer,1.5233765722691293
Tailgating,8500,2786,2880,car,Outer,0.9488603789968484
Tailgating,8500,2880,2694,car,Outer,1.4557406312858057
Tailgating,8501,2786,2880,car,Outer,1.0274357868781674
Tailgating,8501,2880,2694,car,Outer,1.4191716341287033
Tailgating,8502,2786,2880,car,Outer,0.9561858763327699
Tailgating,8502,2880,2694,car,Outer,1.3882112869009027
Tailgating,8503,2786,2880,car,Outer,1.0507695351108233
Tailgating,8504,2786,2880,car,Outer,1.125176661698277
Tailgating,8505,2786,2880,car,Outer,1.1873411545372525
Tailgating,8506,2786,2880,car,Outer,1.086904445192956
Tailgating,8507,2786,2880,car,Outer,1.0291434438425295
Tailgating,8508,2786,2880,car,Outer,0.9919931779044381
Tailgating,8511,2880,2694,car,Outer,1.490226268291986
Tailgating,8512,2786,2880,car,Outer,0.9616085570938696
Tailgating,8512,2880,2694,car,Outer,1.4406141949940474
Tailgating,8513,2880,2694,car,Outer,1.5556895730842433
Tailgating,8514,2880,2694,car,Outer,1.6178242584582003
Tailgating,8515,2880,2694,car,Outer,1.6639666734204401
Tailgating,8526,2880,2694,car,Outer,1.6120893001167709
Tailgating,8527,2880,2694,car,Outer,1.5139493870990155
Tailgating,8528,2880,2694,car,Outer,1.4578997093657324
Tailgating,8529,2880,2694,car,Outer,1.5499942233300448
Tailgating,8530,2880,2694,car,Outer,1.60983102992353
Tailgating,8531,2880,2694,car,Outer,1.6502376878850322
Tailgating,8564,2924,2925,car,Outer,2.3355743750347533
Tailgating,8565,2924,2880,car,Outer,2.363395619458835
Tailgating,8566,2924,2880,car,Outer,2.4068971507697543
Tailgating,8566,2694,2693,car,Outer,0.6199078728411667
Tailgating,8567,2924,2925,car,Outer,2.4354291781778095
Tailgating,8567,2694,2693,car,Outer,0.586513898247186
Tailgating,8568,2924,2925,car,Outer,2.4621302539104977
Tailgating,8568,2694,2693,car,Outer,0.6784773772028361
Tailgating,8569,2924,2925,car,Outer,2.6547328456509067
Tailgating,8569,2694,2693,car,Outer,0.7482236671515109
Tailgating,8570,2924,2925,car,Outer,2.773756562753706
Tailgating,8570,2694,2693,car,Outer,0.7874067060010406
Tailgating,8571,2924,2925,car,Outer,2.8595369546305083
Tailgating,8572,2924,2925,car,Outer,2.9194317742767493
Tailgating,8573,2924,2925,car,Outer,2.9652735149586964
Tailgating,8574,2924,2925,car,Outer,3.00957725182913
Tailgating,8575,2924,2925,car,Outer,3.039857216568887
Tailgating,8575,2694,2693,car,Outer,0.7191549183524366
Tailgating,8576,2924,2925,car,Outer,2.9749284595805996
Tailgating,8576,2694,2693,car,Outer,0.7551650891439415
Tailgating,8577,2924,2880,car,Outer,2.988460234709443
Tailgating,8577,2694,2693,car,Outer,0.6549401908872103
Tailgating,8578,2924,2925,car,Outer,2.942574133128989
Tailgating,8578,2694,2693,car,Outer,0.6037990954493834
Tailgating,8579,2924,2925,car,Outer,2.9093770619938772
Tailgating,8579,2694,2693,car,Outer,0.673495281741883
Tailgating,8580,2694,2693,car,Outer,0.7229242369012707
Tailgating,8581,2694,2693,car,Outer,0.6512074488881624
Tailgating,8582,2924,2925,car,Outer,2.962813926561789
Tailgating,8584,2694,2795,car,Outer,0.5871472098575338
Tailgating,8586,2694,2693,car,Outer,0.5980950792886507
Tailgating,8602,2880,2694,car,Outer,1.6350796685186597
Tailgating,8603,2880,2694,car,Outer,1.6880643095946428
Tailgating,8604,2880,2694,car,Outer,1.5644991330397202
Tailgating,8605,2880,2694,car,Outer,1.643849667580369
Tailgating,8606,2880,2694,car,Outer,1.6957924412224101
Tailgating,8607,2880,2694,car,Outer,1.7274888396880415
Tailgating,8610,2694,2939,car,Outer,0.4867325201533405
Tailgating,8611,2694,2939,car,Outer,0.564179643712719
Tailgating,8612,2694,2939,car,Outer,0.6421651638683243
Tailgating,8613,2694,2939,car,Outer,0.6938586931149754
Tailgating,8614,2694,2939,car,Outer,0.587780349524365
Tailgating,8615,2694,2939,car,Outer,0.6552669054945431
Tailgating,8616,2694,2939,car,Outer,0.7049038833163581
Tailgating,8617,2694,2939,car,Outer,0.5779233236954296
Tailgating,8618,2694,2939,car,Outer,0.6382255738032179
Tailgating,8619,2694,2939,car,Outer,0.5383323351958752
Tailgating,8620,2694,2939,car,Outer,0.47698071615227255
Tailgating,8630,2694,2939,car,Outer,0.44244776196935914
Tailgating,8631,2694,2939,car,Outer,0.5052908512315422
Tailgating,8632,2694,2939,car,Outer,0.6020886534095007
Tailgating,8633,2694,2939,car,Outer,0.6605183187775011
Tailgating,8634,2694,2939,car,Outer,0.700853164876658
Tailgating,8639,2694,2939,car,Outer,0.6997314041739454
Tailgating,8643,2694,2939,car,Outer,0.615819414444514
Tailgating,8644,2694,2939,car,Outer,0.5359022405339996
Tailgating,8645,2694,2939,car,Outer,0.48483567257757465
Tailgating,8647,2880,2694,car,Outer,1.6070501773236945
Tailgating,8648,2880,2694,car,Outer,1.5310331477244588
Tailgating,8649,2880,2694,car,Outer,1.4772269656919066
Tailgating,8650,2880,2694,car,Outer,1.4429383242970943
Tailgating,8670,2880,2694,car,Outer,1.56161341503589
Tailgating,8671,2880,2694,car,Outer,1.5081142358901392
Tailgating,8672,2880,2694,car,Outer,1.4747515298922622
Tailgating,8681,2694,2939,car,Outer,0.5587910166843395
Tailgating,8682,2694,2939,car,Outer,0.6501533191686919
Tailgating,8683,2694,2939,car,Outer,0.7077901996305744
Tailgating,8683,2969,2962,car,Outer,2.535343256873829
Tailgating,8686,2694,2939,car,Outer,0.6374864993151086
Tailgating,8686,2969,2962,car,Outer,2.4984064640388515
Tailgating,8687,2694,2939,car,Outer,0.5586559120684311
Tailgating,8687,2969,2962,car,Outer,2.33869489709275
Tailgating,8688,2694,2939,car,Outer,0.5061658235063892
Tailgating,8688,2969,2962,car,Outer,2.248725908572422
Tailgating,8689,2694,2939,car,Outer,0.6148633469988319
Tailgating,8689,2969,2962,car,Outer,2.3344600526219206
Tailgating,8690,2694,2939,car,Outer,0.6878317578478935
Tailgating,8690,2969,2962,car,Outer,2.3962724863854215
Tailgating,8691,2694,2939,car,Outer,0.7293130436722502
Tailgating,8694,2694,2939,car,Outer,0.6487110743088206
Tailgating,8695,2694,2939,car,Outer,0.5685925748442049
Tailgating,8696,2880,2694,car,Outer,1.4828222495788634
Tailgating,8696,2694,2939,car,Outer,0.517152283833147
Tailgating,8697,2880,2694,car,Outer,1.458858393779794
Tailgating,8698,2880,2694,car,Outer,1.3213758336348387
Tailgating,8698,2694,2939,car,Outer,0.5949730256963847
Tailgating,8699,2694,2939,car,Outer,0.6672868077914997
Tailgating,8700,2694,2939,car,Outer,0.7189913323147297
Tailgating,8703,2969,2962,car,Outer,2.385574693707635
Tailgating,8704,2969,2962,car,Outer,2.4319128090917164
Tailgating,8705,2977,2956,person,Outer,1.3886551457272631
Tailgating,8706,2969,2962,car,Outer,2.345472477062661
Tailgating,8707,2694,2939,car,Outer,0.6416281788812418
Tailgating,8708,2694,2939,car,Outer,0.5557227031207183
Tailgating,8708,2969,2962,car,Outer,2.4089304630363277
Tailgating,8709,2694,2939,car,Outer,0.5091730568975624
Tailgating,8709,2978,2916,car,Outer,0.4646228222669961
Tailgating,8710,2694,2939,car,Outer,0.46975551990923287
Tailgating,8710,2978,2916,car,Outer,0.6067039038294472
Tailgating,8711,2978,2916,car,Outer,0.7196443277901667
Tailgating,8712,2978,2916,car,Outer,0.8973038748873272
Tailgating,8713,2978,2916,car,Outer,1.102093934596815
Tailgating,8714,2978,2916,car,Outer,1.3134290721327377
Tailgating,8715,2977,2956,person,Outer,1.605381890865542
Tailgating,8715,2978,2916,car,Outer,1.4895480830445629
Tailgating,8716,2977,2956,person,Outer,1.6383659508018276
Tailgating,8719,2969,2962,car,Outer,2.4553294974875115
Tailgating,8720,2880,2694,car,Outer,1.5864371331886435
Tailgating,8721,2880,2694,car,Outer,1.675290783660979
Tailgating,8722,2880,2694,car,Outer,1.7347452104830468
Tailgating,8723,2880,2694,car,Outer,1.7664041459491382
Tailgating,8726,2977,2956,person,Outer,1.7497511092310751
Tailgating,8726,2969,2962,car,Outer,2.504429487332382
Tailgating,8727,2977,2956,person,Outer,1.7835277096370432
Tailgating,8728,2969,2962,car,Outer,2.4334599112848814
Tailgating,8745,2984,2990,car,Outer,2.3407800184121257
Tailgating,8746,2984,2990,car,Outer,2.531741456288975
Tailgating,8747,2984,2990,car,Outer,2.72243069329495
Tailgating,8748,2984,2990,car,Outer,2.9166691527973074
Tailgating,8749,2984,2990,car,Outer,3.102259358470043
Tailgating,8750,2984,2990,car,Outer,3.291624799002027
Tailgating,8751,2984,2990,car,Outer,3.469596577645216
Tailgating,8752,2984,2990,car,Outer,3.639377922081003
Tailgating,8753,2984,2990,car,Outer,3.8197442584354744
Tailgating,8784,2984,2956,car,Outer,0.0037197648440467153
Tailgating,8785,2984,2956,car,Outer,0.09042285724900898
Tailgating,8786,2984,2956,car,Outer,0.16321720964850361
Tailgating,8787,2984,2956,car,Outer,0.25975463292669887
Tailgating,8788,2984,2956,car,Outer,0.360232307513237
Tailgating,8789,2984,2956,car,Outer,0.4534409883403329
Tailgating,8790,2984,2956,car,Outer,0.5352309383524282
Tailgating,8791,2984,2956,car,Outer,0.6152049734438426
Tailgating,8792,2984,2956,car,Outer,0.7038391831951843
Tailgating,8793,2984,2956,car,Outer,0.7756084499474393
Tailgating,8794,2984,2956,car,Outer,0.8461849668199033
Tailgating,8795,2984,2956,car,Outer,0.9256691635473034
Tailgating,8796,2984,2956,car,Outer,1.0025337203405704
Tailgating,8797,2984,2956,car,Outer,1.0778046925941518
Tailgating,8798,2984,2956,car,Outer,1.15944618106979
Tailgating,8799,2984,2956,car,Outer,1.2366349382830306
Tailgating,8800,2984,2956,car,Outer,1.3159479218337184
Tailgating,8801,2694,2939,car,Outer,0.5605050476654807
Tailgating,8801,2984,2956,car,Outer,1.3876895624448427
Tailgating,8802,2694,2939,car,Outer,0.494938605482223
Tailgating,8802,2984,2956,car,Outer,1.4579706576645663
Tailgating,8803,2694,2939,car,Outer,0.45691264063290077
Tailgating,8803,2984,2956,car,Outer,1.505253069177204
Tailgating,8804,2984,2956,car,Outer,1.5469687034048156
Tailgating,8805,2984,2956,car,Outer,1.618146491395249
Tailgating,8806,2984,2956,car,Outer,1.7104285022704728
Tailgating,8807,2984,2956,car,Outer,1.8018779877973805
Tailgating,8808,2984,2956,car,Outer,1.8757252556724209
Tailgating,8809,2984,2956,car,Outer,1.9528583871749994
Tailgating,8810,2984,2956,car,Outer,2.0213947475925353
Tailgating,8811,2694,2939,car,Outer,0.5441985453134615
Tailgating,8811,2984,2956,car,Outer,2.093231958903593
Tailgating,8812,2694,2939,car,Outer,0.6481061633430664
Tailgating,8812,2984,2956,car,Outer,2.173496532911086
Tailgating,8813,2694,2939,car,Outer,0.5518029298934392
Tailgating,8813,2984,2956,car,Outer,2.2489540822969603
Tailgating,8814,2694,2939,car,Outer,0.4911434729723374
Tailgating,8814,2984,2956,car,Outer,2.32386706898574
Tailgating,8815,2694,2939,car,Outer,0.4576250544927037
Tailgating,8815,2984,2956,car,Outer,2.3921539840992634
Tailgating,8816,2984,2956,car,Outer,2.4622047761272925
Tailgating,8817,2984,2956,car,Outer,2.5285573566381156
Tailgating,8818,2984,2956,car,Outer,2.597477278244154
Tailgating,8819,2984,2956,car,Outer,2.666093668699527
Tailgating,8820,2984,2956,car,Outer,2.731167391591009
Tailgating,8821,2984,2956,car,Outer,2.7875796675275257
Tailgating,8822,2984,2956,car,Outer,2.8524523957064267
Tailgating,8823,2984,2956,car,Outer,2.917056284482355
Tailgating,8824,2984,2956,car,Outer,2.9724248401869224
Tailgating,8825,2984,2956,car,Outer,3.034298300370262
Tailgating,8826,2984,2956,car,Outer,3.09774787141315
Tailgating,8827,2880,2694,car,Outer,1.4962038736548655
Tailgating,8827,2694,2939,car,Outer,0.5143783730536482
Tailgating,8827,2984,2956,car,Outer,3.1507786984335273
Tailgating,8828,2880,2694,car,Outer,1.6011803853331512
Tailgating,8828,2694,2939,car,Outer,0.46574739428058315
Tailgating,8828,2984,2956,car,Outer,3.208236463799682
Tailgating,8829,2880,2694,car,Outer,1.6673010377421227
Tailgating,8829,2984,2956,car,Outer,3.2604219961536036
Tailgating,8830,2984,2956,car,Outer,3.3060471911364306
Tailgating,8831,2984,2956,car,Outer,3.352959557112843
Tailgating,8832,2694,2939,car,Outer,0.5188230854037724
Tailgating,8832,2984,2956,car,Outer,3.394100472531037
Tailgating,8833,2694,2939,car,Outer,0.6014416335407966
Tailgating,8833,2984,2956,car,Outer,3.4358842812611163
Tailgating,8834,2694,2939,car,Outer,0.6530417130653894
Tailgating,8834,2984,2956,car,Outer,3.49507648618341
Tailgating,8835,2694,2939,car,Outer,0.6882452685188246
Tailgating,8835,2984,2956,car,Outer,3.541959927869284
Tailgating,8835,3010,3011,motorcycle,Outer,0.29496734579043
Tailgating,8836,2984,2956,car,Outer,3.595654920326096
Tailgating,8836,3010,3011,motorcycle,Outer,0.22788721124742045
Tailgating,8836,3008,3007,person,Outer,3.1915773252843507
Tailgating,8837,2694,2939,car,Outer,0.6082012492415417
Tailgating,8837,2984,2956,car,Outer,3.6373342356579115
Tailgating,8837,3010,3011,motorcycle,Outer,0.1724548491554658
Tailgating,8838,2694,2939,car,Outer,0.6785614146151157
Tailgating,8838,2984,2956,car,Outer,3.671826026542545
Tailgating,8838,3010,3011,motorcycle,Outer,0.11289023736160458
Tailgating,8838,3008,3007,person,Outer,3.2786686919752697
Tailgating,8839,2694,2939,car,Outer,0.7256844919797206
Tailgating,8839,2984,2956,car,Outer,3.727630864061162
Tailgating,8839,3010,3011,motorcycle,Outer,0.061463677767523005
Tailgating,8840,2984,2956,car,Outer,3.7696678573880646
Tailgating,8840,3010,3011,motorcycle,Outer,0.0007782842904906633
Tailgating,8841,3017,3011,motorcycle,Outer,3.937271486110579
Tailgating,8842,2984,2956,car,Outer,3.8598819990641813
Tailgating,8842,3017,3011,motorcycle,Outer,3.8800757993351684
Tailgating,8843,2984,2956,car,Outer,3.903568295201846
Tailgating,8843,3017,3011,motorcycle,Outer,3.825488268886741
Tailgating,8844,2939,2693,car,Outer,0.014529923273446975
Tailgating,8844,2984,2956,car,Outer,3.9555151431681876
Tailgating,8844,3017,3011,motorcycle,Outer,2.431320254525915
Tailgating,8844,3011,3010,motorcycle,Outer,1.590511988672053
Tailgating,8845,2939,2693,car,Outer,0.06409724332340443
Tailgating,8845,2984,2956,car,Outer,3.9993385284398597
Tailgating,8845,3017,3011,motorcycle,Outer,1.9010272452766228
Tailgating,8845,3011,3010,motorcycle,Outer,2.1391578356145935
Tailgating,8846,3017,3011,motorcycle,Outer,1.7029532075649156
Tailgating,8846,3011,3010,motorcycle,Outer,2.352623945879251
Tailgating,8847,3017,3011,motorcycle,Outer,1.617647258197498
Tailgating,8854,3017,3010,motorcycle,Outer,3.6443386093989445
Tailgating,8859,3008,3007,person,Outer,3.8864017035592386
Tailgating,8860,3008,3007,person,Outer,3.9580614996343146
Tailgating,8861,2694,2795,car,Outer,0.7042081684570791
Tailgating,8862,2694,2795,car,Outer,0.6113453168213712
Tailgating,8863,2694,2795,car,Outer,0.5554354053882423
Tailgating,8864,2694,2795,car,Outer,0.5097074118620654
Tailgating,8865,2694,2795,car,Outer,0.5967613403009304
Tailgating,8866,2694,2795,car,Outer,0.6579453052780402
Tailgating,8866,3018,3031,car,Outer,3.800241818118897
Tailgating,8867,2694,2795,car,Outer,0.6944552797792318
Tailgating,8868,3018,3031,car,Outer,3.863840594133389
Tailgating,8869,3018,3031,car,Outer,3.902237611433756
Tailgating,8870,3031,2956,motorcycle,Outer,1.6896247044543378
Tailgating,8871,3031,2956,motorcycle,Outer,1.911116399110098
Tailgating,8872,3031,2956,motorcycle,Outer,2.0604672932380232
Tailgating,8873,3018,3031,car,Outer,3.363203560117752
Tailgating,8873,3031,2956,motorcycle,Outer,2.18119053132578
Tailgating,8874,3031,2956,motorcycle,Outer,2.2781671874028104
Tailgating,8875,3031,2956,motorcycle,Outer,2.324301814309978
Tailgating,8876,3031,2956,motorcycle,Outer,2.3920958109373665
Tailgating,8877,3031,2956,motorcycle,Outer,2.4853640423582446
Tailgating,8878,3018,3031,car,Outer,3.038296543143745
Tailgating,8878,3031,2956,motorcycle,Outer,2.584878913974979
Tailgating,8879,3031,2956,motorcycle,Outer,2.6586279525861136
Tailgating,8880,3031,2956,motorcycle,Outer,2.7045081368390353
Tailgating,8881,3031,2956,motorcycle,Outer,2.777773075181278
Tailgating,8882,3031,2956,motorcycle,Outer,2.8903981698787065
Tailgating,8883,3031,2956,motorcycle,Outer,2.966309111885981
Tailgating,8884,3018,3031,car,Outer,2.673935914311457
Tailgating,8884,3031,2956,motorcycle,Outer,3.0549139292556924
Tailgating,8885,3031,2956,motorcycle,Outer,3.127811215752615
Tailgating,8886,3031,2956,motorcycle,Outer,3.205323453841762
Tailgating,8887,3036,2694,car,Outer,1.015969415407244
Tailgating,8887,3031,2956,motorcycle,Outer,3.2884533019982825
Tailgating,8888,3036,2694,car,Outer,1.072404952128847
Tailgating,8888,3031,2956,motorcycle,Outer,3.3663828177063815
Tailgating,8889,3036,2694,car,Outer,1.1191053814974248
Tailgating,8889,3031,2956,motorcycle,Outer,3.4723021653610364
Tailgating,8890,3036,2694,car,Outer,1.1638961997116062
Tailgating,8890,3031,2956,motorcycle,Outer,3.538894493595134
Tailgating,8891,3036,2694,car,Outer,1.330496428825949
Tailgating,8891,2694,3039,car,Outer,0.6608122684523674
Tailgating,8891,3031,2956,motorcycle,Outer,3.6229813717906945
Tailgating,8892,3036,2694,car,Outer,1.4312549998086717
Tailgating,8892,2694,3039,car,Outer,0.5826658458540118
Tailgating,8892,3031,2956,motorcycle,Outer,3.673521367648121
Tailgating,8893,3036,2694,car,Outer,1.5165298630758064
Tailgating,8893,2694,3039,car,Outer,0.5371546078458933
Tailgating,8893,3031,2956,motorcycle,Outer,3.7780295290673003
Tailgating,8894,3036,2694,car,Outer,1.5939195632324865
Tailgating,8894,2694,3039,car,Outer,0.4994978293873224
Tailgating,8894,3031,2956,motorcycle,Outer,3.8721751988006035
Tailgating,8895,3036,2694,car,Outer,1.6674799395978308
Tailgating,8895,3031,2956,motorcycle,Outer,3.9443000528689742
Tailgating,8896,3036,2694,car,Outer,1.739548656617716
Tailgating,8897,3036,2694,car,Outer,1.7969843866654953
Tailgating,8898,3036,2694,car,Outer,1.8460366260125023
Tailgating,8899,3036,2880,car,Outer,0.01668978762209436
Tailgating,8900,3036,2880,car,Outer,0.06586442571043438
Tailgating,8901,3036,2880,car,Outer,0.11555325640844921
Tailgating,8902,3036,2880,car,Outer,0.17102469232402956
Tailgating,8903,3036,2880,car,Outer,0.2245852480225693
Tailgating,8904,3036,2880,car,Outer,0.2768223290147069
Tailgating,8905,3036,2880,car,Outer,0.33534604650888095
Tailgating,8906,3036,2880,car,Outer,0.3843294357003001
Tailgating,8943,3044,3018,person,Outer,0.42313789944224467
Tailgating,8944,2694,3039,car,Outer,0.5535926660758811
Tailgating,8945,2694,3039,car,Outer,0.6498188524329417
Tailgating,8946,2694,3039,car,Outer,0.6974904735349119
Tailgating,8950,2694,3039,car,Outer,0.6274303213072001
Tailgating,8951,2694,3039,car,Outer,0.5446061162518007
Tailgating,8952,2694,3039,car,Outer,0.49144175021022735
Tailgating,8953,2694,3039,car,Outer,0.45762897829643473
Tailgating,8953,3044,3018,person,Outer,0.6697167600769056
Tailgating,9023,3039,2693,car,Outer,0.15078894045502528
Tailgating,9027,3039,2693,car,Outer,0.13630735773923805
